username,followers_count,final_location,count,T1,T2,T3,T4,T5,T6,T7,T8,T9,T10,T11,T12,T13,T14,T15,T16,T17,T18,T19,T20
asmashirazi,3598003,Pakistan,1,0,0,0,0,0,0,0,0,0,0,0,0,0,0,0,0,0,1,0,0
zerohedge,3000585,United States,6,0,1,0,0,0,0,0,1,0,0,0,1,1,0,0,0,0,1,1,0
ShireenMazari1,2443982,Pakistan,4,0,0,0,0,0,1,0,1,0,0,0,0,0,0,0,0,1,0,0,1
suhasinih,1300724,India,1,0,0,0,0,0,1,0,0,0,0,0,0,0,0,0,0,0,0,0,0
shaunking,966771,United States,6,0,0,0,0,0,1,0,1,1,1,0,0,1,1,0,0,0,0,0,0
TamimBarghouti,861075,United Kingdom,1,0,0,0,0,0,0,0,1,0,0,0,0,0,0,0,0,0,0,0,0
financialjuice,807457,United Kingdom,3,0,0,0,0,1,0,0,0,1,1,0,0,0,0,0,0,0,0,0,0
PressTV,598867,Iran,1,0,0,0,0,0,0,0,0,0,1,0,0,0,0,0,0,0,0,0,0
s_m_marandi,562521,Starlink - Iran,17,1,0,1,0,1,1,1,1,1,1,1,1,1,1,0,1,1,1,1,1
alykhansatchu,552212,United Kingdom,2,0,0,0,0,0,0,0,0,1,0,0,0,0,0,0,0,0,1,0,0
BarakRavid,502840,United States,1,0,0,0,0,0,0,0,0,1,0,0,0,0,0,0,0,0,0,0,0
ali_naka,494114,Africa,1,0,0,0,0,0,0,0,0,0,1,0,0,0,0,0,0,0,0,0,0
Shahidmasooddr,475938,South Asia,1,0,0,0,0,0,0,0,0,0,1,0,0,0,0,0,0,0,0,0,0
carlquintanilla,470406,United States,1,0,0,0,0,0,0,0,0,1,0,0,0,0,0,0,0,0,0,0,0
REDBOXINDIA,432518,India,1,0,0,0,0,0,0,0,0,0,0,0,0,0,0,0,0,1,0,0,0
LiveSquawk,421927,United Kingdom,5,0,0,0,0,0,0,0,1,1,1,0,0,0,0,0,0,1,1,0,0
JavierBlas,392184,United Kingdom,4,0,0,0,0,0,0,0,1,0,1,0,1,1,0,0,0,0,0,0,0
NachoRgz,389601,Mexico,2,1,1,0,0,0,0,0,0,0,0,0,0,0,0,0,0,0,0,0,0
barnes_law,368114,United States,1,0,0,0,0,0,0,0,0,0,1,0,0,0,0,0,0,0,0,0,0
zei_squirrel,347220,North America,1,0,0,0,0,0,0,0,0,0,0,0,0,0,0,0,1,0,0,0,0
ShamaJunejo,337568,United Kingdom,8,0,0,1,1,0,0,1,1,0,0,0,0,0,0,1,0,1,0,1,1
GeromanAT,334973,Austria,6,0,0,1,0,0,0,0,0,0,1,0,0,1,1,1,0,1,0,0,0
fpleitgenCNN,334364,Germany,2,0,0,1,0,0,0,0,1,0,0,0,0,0,0,0,0,0,0,0,0
Sentletse,326031,South Africa,2,1,0,0,0,0,1,0,0,0,0,0,0,0,0,0,0,0,0,0,0
Meteo1970,286765,Italy,2,0,0,0,0,0,1,0,0,0,0,0,0,0,0,0,0,1,0,0,0
Zeinobia,285522,Egypt,2,0,0,0,0,0,0,1,0,1,0,0,0,0,0,0,0,0,0,0,0
Ayadjamaladdin,281629,United States,1,0,0,0,0,0,0,0,0,0,1,0,0,0,0,0,0,0,0,0,0
AliAbunimah,277249,United States,1,0,0,0,0,0,0,0,0,0,0,0,0,0,0,0,1,0,0,0,0
SaraMirGilgity,271480,Europe,6,0,0,0,0,0,0,0,0,0,0,0,1,0,0,0,1,1,1,1,1
RealPepeEscobar,259803,Thailand,3,0,0,0,0,0,0,0,0,0,0,0,0,1,0,0,0,0,1,0,1
timand2037,257731,Australia,1,0,0,0,0,0,1,0,0,0,0,0,0,0,0,0,0,0,0,0,0
lookner,250098,United States,1,0,0,0,0,0,1,0,0,0,0,0,0,0,0,0,0,0,0,0,0
M_Boynukalin,247794,Turkey,1,0,0,0,0,0,1,0,0,0,0,0,0,0,0,0,0,0,0,0,0
Abdlgni_AZubidi,239769,United States,1,0,0,0,0,0,0,0,0,0,0,0,0,0,0,0,0,1,0,0,0
upholdreality,231712,Puerto Rico,1,0,0,0,0,0,0,0,0,0,0,0,0,0,0,0,0,0,0,0,1
MenchOsint,225634,Europe,1,1,0,0,0,0,0,0,0,0,0,0,0,0,0,0,0,0,0,0,0
Bandarhetar,222629,Yemen,1,0,0,0,0,0,1,0,0,0,0,0,0,0,0,0,0,0,0,0,0
propandco,220700,Sweden,2,0,0,0,0,0,1,0,0,0,0,0,0,0,0,0,1,0,0,0,0
kamalsharf,219328,Yemen,1,0,0,0,0,0,1,0,0,0,0,0,0,0,0,0,0,0,0,0,0
fatih_yasli,216629,Turkey,1,0,0,0,0,0,0,0,0,0,0,0,1,0,0,0,0,0,0,0,0
omidmollaye_,215832,West Asia,1,0,0,0,0,0,0,0,1,0,0,0,0,0,0,0,0,0,0,0,0
IrnaEnglish,214360,Iran,6,0,0,0,0,0,0,0,1,1,1,0,0,0,0,0,0,1,0,1,1
ArmedForcesIR09,210237,South Asia,1,0,0,0,0,0,0,0,0,0,0,0,0,0,0,0,0,0,0,0,1
AHLULBAYT_TV,209055,Web VPN Iraq,8,0,0,0,0,0,0,0,1,1,1,0,0,1,1,0,0,1,0,1,1
TadhgHickey,203012,Ireland,1,0,0,0,0,0,0,1,0,0,0,0,0,0,0,0,0,0,0,0,0
EndGameWW3,202660,United States,1,0,0,0,0,0,0,0,0,0,0,0,0,0,0,0,0,1,0,0,0
ejmalrai,194257,Europe,1,0,0,0,0,0,0,0,0,0,0,0,0,0,0,0,1,0,0,0,0
PierreABISAAB,191393,Lebanon,1,0,0,0,0,0,0,0,1,0,0,0,0,0,0,0,0,0,0,0,0
IraninSA,184030,South Africa,1,0,0,0,0,0,0,0,0,0,0,0,0,0,0,0,0,0,0,1,0
mikelayestaran,181837,Spain,1,0,0,0,0,0,1,0,0,0,0,0,0,0,0,0,0,0,0,0,0
famil2r,175706,Iran,5,0,0,0,0,0,0,0,1,0,0,0,0,1,1,0,1,1,0,0,0
rockfish31,159947,Japan,2,0,0,0,0,0,0,0,0,0,0,0,0,1,1,0,0,0,0,0,0
NetworksManager,158100,United States,16,1,1,1,1,1,1,1,1,1,1,1,0,1,1,0,0,1,1,0,1
OkwasiaBiNti,157389,Ghana,1,0,0,0,0,0,0,0,0,0,0,0,0,0,0,0,0,0,0,0,1
MazMHussain,156018,United States,1,0,0,0,1,0,0,0,0,0,0,0,0,0,0,0,0,0,0,0,0
MonaTahini,152209,Lebanon,1,0,0,0,0,0,0,0,0,0,0,0,0,0,0,1,0,0,0,0,0
PravinSawhney,152047,India,1,0,0,0,0,0,0,0,0,0,0,0,0,0,0,0,0,0,0,0,1
saeedthabit,151459,West Asia,1,0,0,0,0,0,0,0,0,0,0,0,0,0,0,0,0,0,1,0,0
BusaidiNaser,148791,West Asia,1,0,0,0,0,0,0,0,0,0,0,0,0,0,0,0,0,1,0,0,0
SpecialSitsNews,144144,Europe,1,0,0,0,0,0,0,0,0,0,0,0,0,1,0,0,0,0,0,0,0
Aakar__Patel,144069,India,1,0,0,0,0,0,0,0,0,0,0,0,0,0,0,0,0,0,1,0,0
qcCultural,142830,Portugal,2,0,0,0,0,0,0,0,0,0,1,0,0,0,0,0,0,1,0,0,0
Zabayar,137723,Venezuela,2,0,0,0,0,0,0,0,1,1,0,0,0,0,0,0,0,0,0,0,0
hasanahmadian,133911,Qatar,1,0,0,0,0,0,0,0,0,0,0,0,0,0,0,1,0,0,0,0,0
dunya20101,133835,Turkey,1,0,0,0,0,0,0,0,1,0,0,0,0,0,0,0,0,0,0,0,0
Tasnimnews_EN,133573,Iran,1,0,0,0,0,0,0,0,1,0,0,0,0,0,0,0,0,0,0,0,0
BBCKasraNaji,132504,United Kingdom,5,0,0,0,1,1,1,0,0,0,1,0,0,0,0,0,0,0,1,0,0
2E+92,129011,North Africa,6,1,0,0,0,0,0,0,0,1,0,0,1,0,0,0,0,1,1,0,1
hussein_alamlhi,127647,Yemen,4,0,0,0,0,1,0,0,0,1,0,0,1,0,0,1,0,0,0,0,0
mmohammadii61,123519,Iran,4,0,0,0,0,0,0,0,0,1,0,0,1,1,0,0,0,0,1,0,0
h0d3r_fa,123273,United Kingdom,1,0,0,0,0,0,1,0,0,0,0,0,0,0,0,0,0,0,0,0,0
staunovo,120044,Switzerland,2,0,0,0,0,0,1,0,0,0,1,0,0,0,0,0,0,0,0,0,0
agha_mohamad1_,118296,Iran - VPN,1,0,0,0,0,0,0,0,0,0,0,0,0,1,0,0,0,0,0,0,0
alhasanitaleb,117562,Yemen,1,0,0,0,0,0,0,0,0,0,0,0,0,0,0,1,0,0,0,0,0
PaliNewsNetwork,111604,United States,1,0,0,0,0,0,0,0,0,1,0,0,0,0,0,0,0,0,0,0,0
sashna111,108695,United States,1,0,1,0,0,0,0,0,0,0,0,0,0,0,0,0,0,0,0,0,0
ALI_HASHIM_313A,104470,West Asia,18,0,1,1,1,1,1,1,1,0,1,1,1,1,1,1,1,1,1,1,1
TurgayEvren1,103986,Turkey,8,0,1,1,1,1,1,1,1,1,0,0,0,0,0,0,0,0,0,0,0
smahmoodrazavi,103364,Iran,17,0,1,1,1,1,1,1,1,1,1,1,1,1,1,1,0,1,1,1,0
WW3_Monitor,98187,United States,1,0,1,0,0,0,0,0,0,0,0,0,0,0,0,0,0,0,0,0,0
AlinaSalazarG,97259,Mexico,3,0,0,0,0,0,0,1,0,0,0,0,0,1,0,0,0,1,0,0,0
Mo_elmalik,95832,Sudan,1,0,0,0,0,0,0,0,0,0,0,0,0,0,0,1,0,0,0,0,0
RunnerXBT,94956,Europe,1,0,0,0,0,0,0,0,0,0,0,0,0,0,0,0,0,0,0,1,0
IRNA_1313,94566,Iran,7,0,1,1,0,0,1,0,0,0,0,1,1,1,1,0,0,0,0,0,0
HRA80,94376,Iran,3,0,0,0,0,0,0,1,0,0,0,0,0,0,0,0,0,0,0,1,1
dimitrilascaris,93186,Greece,1,0,0,0,0,0,0,0,0,0,0,0,0,0,0,0,0,1,0,0,0
apocalypseos,92735,North America,15,1,1,1,0,1,1,0,1,1,1,1,1,1,0,0,1,1,0,1,1
AlanEyre1,92359,United States,3,1,1,0,0,1,0,0,0,0,0,0,0,0,0,0,0,0,0,0,0
IranMilitaryEN,90842,Iran,2,0,0,0,0,0,0,0,0,1,0,0,0,0,0,0,0,0,0,0,1
Iran_in_India,90512,,2,1,0,0,0,0,0,0,0,1,0,0,0,0,0,0,0,0,0,0,0
hasanunal1920,88004,Turkey,1,0,0,0,0,0,0,0,0,0,0,0,0,0,0,0,0,0,0,0,1
21stcentury_ML,87034,North America,1,0,0,0,0,0,0,0,0,0,0,0,0,0,0,0,0,0,0,0,1
Khandoozi_se,86164,Iran,1,0,0,0,0,0,0,0,0,0,1,0,0,0,0,0,0,0,0,0,0
m_Khalili93,84707,Iran,2,0,0,0,0,0,0,0,1,1,0,0,0,0,0,0,0,0,0,0,0
Phastidio,84620,Italy,1,0,0,0,0,0,1,0,0,0,0,0,0,0,0,0,0,0,0,0,0
jalilmoheby,84150,West Asia,3,0,0,0,0,0,1,0,0,0,0,0,1,0,0,0,1,0,0,0,0
ItsTheEnforcer,78616,United States,4,0,0,0,0,0,0,0,0,0,1,0,0,1,0,0,0,1,1,0,0
HussainShafiei,78364,United Kingdom,2,0,0,0,0,0,0,0,0,0,1,0,0,0,0,0,0,0,1,0,0
JohnKicklighter,78103,Web VPN United States,1,0,0,0,0,0,0,0,0,0,0,0,0,1,0,0,0,0,0,0,0
LeonXXI_MX,77839,Mexico,1,0,0,0,0,0,1,0,0,0,0,0,0,0,0,0,0,0,0,0,0
Navsteva,77560,United States,8,0,0,0,0,1,1,1,1,0,0,1,0,1,1,0,0,1,0,0,0
sidraakuser,77416,Pakistan,17,0,0,0,1,1,1,1,1,1,1,1,1,1,1,1,1,1,1,1,1
Asamoh_,76889,Kenya,3,0,0,0,0,0,0,0,0,0,0,0,0,1,1,0,0,1,0,0,0
EnglishFars,76872,Iran,1,1,0,0,0,0,0,0,0,0,0,0,0,0,0,0,0,0,0,0,0
BrexitFx,76052,Africa,1,0,0,0,0,0,0,0,0,1,0,0,0,0,0,0,0,0,0,0,0
Smita_Sharma,75874,India,1,0,0,0,0,0,0,0,0,0,0,0,1,0,0,0,0,0,0,0,0
boubou_le_prof,75545,Turkey,1,0,0,0,0,0,0,0,0,0,0,0,0,0,0,0,0,1,0,0,0
ali_ahmadnia,74221,Australia,1,0,0,0,0,0,1,0,0,0,0,0,0,0,0,0,0,0,0,0,0
alihmourad,74199,Lebanon,1,0,0,0,0,0,0,0,0,0,0,0,0,0,0,0,0,0,0,0,1
Mobtala_n,74020,Iran,1,0,0,0,0,0,0,0,0,0,0,0,0,0,0,0,0,0,1,0,0
CallaWalsh,72989,North America,1,0,0,0,0,0,1,0,0,0,0,0,0,0,0,0,0,0,0,0,0
s_k_sh,72879,Iran,10,0,0,0,1,0,1,0,1,1,1,1,0,1,0,0,1,0,1,1,0
BalochNadir5,72117,Pakistan,1,0,0,0,0,0,0,0,0,0,0,0,0,0,0,0,0,0,0,0,1
DrAhmedKalebi,71343,Kenya,1,0,0,0,0,0,0,0,1,0,0,0,0,0,0,0,0,0,0,0,0
TheNavroopSingh,71146,India,8,0,0,1,0,1,0,0,1,0,1,0,0,0,0,0,1,1,0,1,1
Manal_Abdelaal,69704,Egypt,2,0,0,0,0,0,0,0,1,1,0,0,0,0,0,0,0,0,0,0,0
hoflolz,69442,United States,1,0,0,0,0,0,0,0,0,0,0,0,0,0,0,0,0,0,0,0,1
itxhamza480,69417,South Asia,1,0,0,0,0,0,0,0,0,0,0,0,0,0,0,0,0,0,1,0,0
AkimotoThn,69011,Japan,1,0,0,0,0,0,1,0,0,0,0,0,0,0,0,0,0,0,0,0,0
Shirvani_moh,68565,West Asia,3,0,0,0,1,0,0,0,0,0,0,1,0,1,0,0,0,0,0,0,0
crushtheracists,66610,Europe,1,0,0,1,0,0,0,0,0,0,0,0,0,0,0,0,0,0,0,0,0
malekshariati,66453,Iran,5,0,0,0,0,0,0,1,0,1,0,0,0,0,0,0,1,0,1,0,1
vahabzadeh_ali,65597,West Asia,2,0,0,0,0,0,0,0,0,0,0,1,1,0,0,0,0,0,0,0,0
iribnews_irib,64941,Iran,3,0,0,0,0,0,0,0,1,0,1,0,0,0,0,0,0,1,0,0,0
kanyicool,64772,Kenya,1,0,0,0,0,0,0,0,0,0,1,0,0,0,0,0,0,0,0,0,0
m_ghanavatii,64604,Iran,2,0,0,0,0,0,0,0,0,0,0,0,0,1,0,0,0,0,1,0,0
OndoboGreg,64501,Canada,1,0,0,0,0,0,0,0,0,0,0,0,0,1,0,0,0,0,0,0,0
drpezeshkian2,64354,VPN - Iran,11,1,0,0,0,1,1,0,0,1,1,0,1,1,0,0,0,1,1,1,1
ahmedyassine30,62480,Lebanon,1,0,0,0,0,0,0,0,0,0,0,0,0,0,0,0,0,1,0,0,0
Ollie_Vargas_,61484,China,1,0,0,0,0,0,0,0,0,0,0,0,0,0,0,0,0,1,0,0,0
dubalh,61090,Turkey,1,0,0,0,0,0,0,0,0,0,0,0,0,0,0,0,1,0,0,0,0
BangouraKhame,60675,Africa,2,0,0,0,0,0,1,0,0,0,0,0,0,0,0,0,0,1,0,0,0
anim3223,60070,VPN - Iran,3,0,0,0,0,0,0,1,0,0,0,0,0,0,0,0,1,0,0,0,1
Kathleen_Tyson_,59547,United Kingdom,1,0,0,0,0,0,1,0,0,0,0,0,0,0,0,0,0,0,0,0,0
A_Aljermozi0,59429,West Asia,6,0,0,0,0,0,0,1,0,1,1,0,1,0,0,1,1,0,0,0,0
alishamkhani_ir,58274,Iran,8,0,0,0,1,1,1,0,0,1,0,0,0,1,1,0,1,0,1,0,0
rifain_nouvelle,57439,Europe,1,1,0,0,0,0,0,0,0,0,0,0,0,0,0,0,0,0,0,0,0
RodriguezManuel,56782,Chile,1,0,1,0,0,0,0,0,0,0,0,0,0,0,0,0,0,0,0,0,0
BluesignV,56450,West Asia,1,0,0,0,0,0,0,0,0,0,0,0,0,0,0,0,0,1,0,0,0
EyesOnSouth1,56260,Lebanon,1,0,0,0,0,0,0,0,0,0,1,0,0,0,0,0,0,0,0,0,0
QuatrinaHosain,55811,Pakistan,1,0,0,0,0,0,0,0,1,0,0,0,0,0,0,0,0,0,0,0,0
ohmahahm,55760,Korea,1,0,0,0,0,0,0,0,0,0,0,0,1,0,0,0,0,0,0,0,0
WaelEssam77,55524,Europe,1,0,0,0,0,0,0,0,0,0,0,0,0,0,0,1,0,0,0,0,0
Maimonah_313,54894,West Asia,2,0,0,0,0,0,0,0,0,0,0,0,0,1,1,0,0,0,0,0,0
MalaikaSRaza,54442,Pakistan,1,0,0,0,0,0,0,0,1,0,0,0,0,0,0,0,0,0,0,0,0
artedaguerracnl,52782,Brazil,1,1,0,0,0,0,0,0,0,0,0,0,0,0,0,0,0,0,0,0,0
BiLLYKHAERUDIN,52501,Indonesia,3,0,0,0,0,0,0,0,0,0,0,0,0,1,0,0,1,1,0,0,0
MuhamadAfzalECP,52000,Pakistan,1,0,0,0,0,0,0,0,0,0,0,0,0,0,0,0,0,0,1,0,0
berningman16,51691,United States,2,0,0,0,0,1,1,0,0,0,0,0,0,0,0,0,0,0,0,0,0
will_pulido,51309,Spain,1,0,0,0,0,0,0,0,0,1,0,0,0,0,0,0,0,0,0,0,0
tleilax___,50846,Switzerland,1,0,0,0,0,0,0,0,0,1,0,0,0,0,0,0,0,0,0,0,0
HajAhmad128,50580,West Asia,3,0,0,0,0,0,1,0,0,0,0,0,0,1,0,0,0,0,0,1,0
themiamivoice,49673,United States,1,0,0,0,0,0,1,0,0,0,0,0,0,0,0,0,0,0,0,0,0
IraninJapan,49196,Japan,5,0,0,0,0,0,0,0,0,0,1,0,0,0,0,1,0,1,0,1,1
amalsaad_lb,48915,United Kingdom,2,0,0,0,0,0,0,0,0,0,0,0,0,0,0,0,0,1,1,0,0
HouseCracka,47813,United States,1,0,0,0,0,0,0,0,0,0,0,0,0,0,0,0,0,0,1,0,0
yas4748,47671,VPN - Iran,1,0,0,0,0,0,0,0,0,0,0,0,0,1,0,0,0,0,0,0,0
roqchams,47588,Lebanon,2,0,0,0,0,1,0,0,0,0,0,0,0,0,0,0,1,0,0,0,0
Minarashidi66,47539,Iran,4,0,1,0,0,0,0,0,0,1,0,0,0,1,0,0,0,0,1,0,0
PrepperCanadian,45985,Canada,1,0,0,0,0,0,0,0,0,1,0,0,0,0,0,0,0,0,0,0,0
safiALshami,45556,Yemen,4,0,0,0,0,0,0,0,0,0,0,0,0,0,0,1,0,1,1,0,1
AWSALZUBAIDI,45356,Iraq,2,0,0,0,0,0,0,0,0,0,0,0,0,0,0,1,1,0,0,0,0
OwaisTohid,45037,Pakistan,1,0,0,0,0,0,0,0,0,0,0,0,0,0,0,1,0,0,0,0,0
Abdul_Majid33,44858,West Asia,4,0,0,0,0,0,1,0,0,0,0,0,1,0,0,1,0,0,1,0,0
SAMOUSAVI9,44643,Iran,3,0,0,0,1,0,0,0,1,0,0,0,0,0,0,0,0,0,1,0,0
SurvivingMyWay,44476,United States,1,0,0,0,0,0,0,0,0,0,1,0,0,0,0,0,0,0,0,0,0
theskibeagle,44474,Ireland,1,0,0,0,0,0,0,0,0,0,0,0,0,0,0,0,0,1,0,0,0
aishamusic,44420,United States,1,0,0,0,0,0,0,0,0,0,0,0,0,0,0,0,0,1,0,0,0
sarnchos,44301,Nigeria,17,0,1,1,0,1,1,0,1,1,1,1,1,1,1,1,1,1,1,1,1
mahmuod313,43848,Iran,1,0,0,0,0,0,0,0,0,0,0,1,0,0,0,0,0,0,0,0,0
hahellyer,43825,Egypt,1,0,0,0,0,0,1,0,0,0,0,0,0,0,0,0,0,0,0,0,0
AnisSholehB,43256,Indonesia,3,0,0,0,0,0,0,0,0,0,1,0,0,1,0,0,0,0,0,0,1
ishakaa,43247,United States,1,0,0,0,0,0,0,0,0,1,0,0,0,0,0,0,0,0,0,0,0
jisatu01,43239,Indonesia,2,0,0,0,0,0,0,0,0,0,0,0,0,0,0,1,0,1,0,0,0
qaizimi,43143,Southeast Asia,1,0,0,0,0,0,0,0,0,0,0,0,0,0,0,0,0,1,0,0,0
hydrah1444,42918,Yemen,1,0,0,0,0,0,0,0,1,0,0,0,0,0,0,0,0,0,0,0,0
MomodouTaal,42316,North Africa,1,0,0,0,0,0,0,0,0,0,0,0,0,1,0,0,0,0,0,0,0
Ntsetsana,42284,South Africa,1,0,0,0,0,0,0,0,0,1,0,0,0,0,0,0,0,0,0,0,0
Persianserene1,42144,Iran,3,0,0,0,0,0,1,0,0,1,1,0,0,0,0,0,0,0,0,0,0
KimiaMozafarian,41755,West Asia,2,0,0,0,0,0,0,0,0,0,0,0,0,1,0,0,0,0,0,0,1
ComptonMadeMe,41617,United States,6,0,0,1,0,0,1,1,1,1,1,0,0,0,0,0,0,0,0,0,0
Vidyut,41226,India,2,0,0,0,0,0,0,0,0,0,0,0,0,1,0,0,1,0,0,0,0
karaokecomputer,40304,United States,4,0,0,0,0,1,0,0,0,1,0,0,0,0,0,0,0,1,0,1,0
jose04152,40212,South America,4,0,0,0,0,0,1,0,0,1,0,0,0,1,0,1,0,0,0,0,0
Nazmadiny_4988,39822,Iran,1,0,0,0,0,0,0,0,0,0,0,0,0,0,0,0,0,0,0,0,1
rawanenasser,39497,Lebanon,3,0,0,0,0,0,0,0,0,0,1,0,0,1,1,0,0,0,0,0,0
A7_Mirza,39449,West Asia,4,0,0,0,0,1,1,0,0,0,0,0,0,1,1,0,0,0,0,0,0
barbaraslavin1,39335,United States,2,0,0,1,0,0,1,0,0,0,0,0,0,0,0,0,0,0,0,0,0
nationaljuche,39054,Web VPN Hong Kong,1,0,0,0,0,0,0,0,0,0,0,0,0,0,0,0,0,0,0,0,1
IraninHyderabad,38998,,3,0,0,1,0,0,0,0,0,0,1,0,0,0,0,0,0,1,0,0,0
IranEmbassyLB,38763,Lebanon,1,0,0,0,0,0,0,0,0,0,0,0,0,0,0,0,1,0,0,0,0
SammerAbbas,38623,Pakistan,1,0,0,0,0,0,0,0,0,0,0,0,0,0,0,0,0,0,0,0,1
Fateme07005731,38560,Iran,3,0,0,0,0,1,0,0,0,0,0,0,1,0,0,0,1,0,0,0,0
BPSPro,38511,United States,6,0,0,0,0,0,1,0,0,1,1,0,0,0,0,0,0,1,0,1,1
Aly_jezzini,38495,Lebanon,3,0,0,0,0,0,0,0,0,0,0,0,0,0,0,1,1,0,0,0,1
JonesHowDareYou,38494,Australia,1,0,0,0,0,0,0,0,1,0,0,0,0,0,0,0,0,0,0,0,0
B_O_B_B_Y,38069,United States,5,0,0,0,0,0,0,0,0,1,1,0,1,1,0,0,0,1,0,0,0
vefaghemelli,37702,Iran,6,1,0,0,0,0,0,0,0,0,0,1,1,1,1,0,0,0,0,0,1
DarnelSugarfoo,37220,United States,2,0,0,0,0,0,0,0,0,0,0,0,0,0,0,1,0,1,0,0,0
MahdiFinizadeh,36949,VPN - Iran,1,1,0,0,0,0,0,0,0,0,0,0,0,0,0,0,0,0,0,0,0
xagreat,36784,Africa,1,0,0,0,0,0,0,0,0,0,0,0,0,0,0,0,0,1,0,0,0
validsource20,36748,VPN - Iran,2,0,0,0,0,0,0,1,0,0,0,0,0,1,0,0,0,0,0,0,0
AjAqrabawi,36564,West Asia,2,0,0,0,0,0,0,0,0,0,1,0,0,1,0,0,0,0,0,0,0
Armaiss,36448,West Asia,10,0,0,1,1,1,1,0,1,0,1,1,0,1,0,0,1,0,1,0,0
dina_sulaeman,36104,Indonesia,1,0,0,0,0,0,0,0,0,0,0,0,0,0,0,0,0,0,0,0,1
GeorgeCharamba2,35956,United Kingdom,1,0,0,0,0,0,0,0,0,1,0,0,0,0,0,0,0,0,0,0,0
MehdiKharratya,35681,Iran,2,0,0,1,0,0,0,0,0,0,0,0,0,0,0,0,0,0,1,0,0
MaloneySuzanne,35616,United States,1,0,0,0,0,0,0,0,0,0,0,0,0,0,0,0,0,0,1,0,0
lambahamra,35458,Lebanon,1,0,0,0,0,0,0,0,0,0,0,0,0,0,0,1,0,0,0,0,0
2B7C89526,35072,North America,6,0,0,0,0,0,1,0,0,1,1,0,0,1,0,1,0,1,0,0,0
TovarichDelSur,34963,Argentina,2,1,0,0,0,0,0,0,0,0,0,0,0,0,0,0,0,0,1,0,0
xysist,34913,Kenya,1,0,0,0,0,0,0,0,0,0,1,0,0,0,0,0,0,0,0,0,0
Dropz11,34797,United States,1,0,1,0,0,0,0,0,0,0,0,0,0,0,0,0,0,0,0,0,0
Ahmadnaderi_ir,34599,Iran,2,0,0,0,0,0,0,1,0,0,0,0,0,0,0,0,0,0,1,0,0
zburki,33945,Pakistan,1,0,0,0,0,0,0,0,0,0,1,0,0,0,0,0,0,0,0,0,0
franktianxie,33746,United States,1,0,0,0,0,0,0,0,0,0,0,0,0,0,0,0,1,0,0,0,0
salahbabgi,33516,Turkey,1,0,0,0,0,0,0,0,0,0,0,0,0,0,0,0,1,0,0,0,0
Admfdlwzer,32977,Yemen,1,0,0,0,0,0,0,0,0,0,0,0,0,0,0,0,0,0,0,1,0
JJKALE2,32623,Australia,1,0,0,0,0,0,0,0,0,0,0,0,0,0,0,0,0,0,0,0,1
SKhatibzadeh,32426,Iran,2,0,0,0,0,0,0,0,1,1,0,0,0,0,0,0,0,0,0,0,0
17jordani,32250,Spain,4,0,0,0,0,0,1,0,0,1,0,0,0,1,0,0,0,0,0,1,0
onthishillwedie,32200,United Kingdom,1,0,0,0,0,0,0,0,0,0,0,0,0,0,0,0,0,0,0,0,1
chronicalihere,32119,Canada,1,0,0,0,0,0,0,0,0,0,0,0,0,0,0,0,0,0,0,1,0
prolter995,31964,West Asia,1,0,1,0,0,0,0,0,0,0,0,0,0,0,0,0,0,0,0,0,0
raziakkhan,31847,United Kingdom,7,0,1,0,0,1,1,0,0,0,1,0,0,1,1,0,0,1,0,0,0
FrontierArt1,31706,United States,5,0,0,0,0,1,1,0,1,0,0,0,0,0,0,0,1,1,0,0,0
Whois_ImamMahdi,31688,Iran,1,0,0,0,1,0,0,0,0,0,0,0,0,0,0,0,0,0,0,0,0
MizanNewsAgency,31595,Iran,2,0,0,0,0,0,1,0,0,0,0,0,0,0,0,0,0,0,1,0,0
NadaAndersen,31556,Uganda,1,0,0,0,0,0,0,0,0,0,0,0,0,0,0,0,0,1,0,0,0
SyedRezaMehdi,31522,Pakistan,1,0,0,0,0,0,0,0,0,1,0,0,0,0,0,0,0,0,0,0,0
ensiehmosavi,31375,West Asia,1,0,0,0,0,0,0,0,0,0,0,0,0,1,0,0,0,0,0,0,0
38divan,31282,Turkey,2,0,0,0,0,0,0,1,1,0,0,0,0,0,0,0,0,0,0,0,0
eleconomics,31219,Japan,1,0,0,0,0,0,0,0,0,0,0,0,0,0,0,0,0,0,1,0,0
NicoleGrajewski,31189,United States,1,0,0,0,0,1,0,0,0,0,0,0,0,0,0,0,0,0,0,0,0
dana916,31170,United States,9,0,0,1,0,0,1,1,1,1,1,0,0,0,0,0,1,1,0,0,1
FaiziWithKhan,31147,South Asia,2,0,0,0,0,0,0,0,1,1,0,0,0,0,0,0,0,0,0,0,0
GhrftM95810,30981,West Asia,1,0,0,0,0,0,0,0,1,0,0,0,0,0,0,0,0,0,0,0,0
Meer_PPP_,30907,Pakistan,9,0,0,0,0,1,1,0,1,1,1,0,0,0,0,1,1,1,1,0,0
AuctionMirza570,30729,United States,1,0,0,0,0,0,0,0,0,0,0,0,0,0,0,0,0,1,0,0,0
IiZeina,30704,Lebanon,1,0,0,0,0,0,0,0,0,0,0,0,0,0,0,1,0,0,0,0,0
ObaiCJ,30661,West Asia,1,0,0,0,0,0,0,0,0,1,0,0,0,0,0,0,0,0,0,0,0
Inkosana_,30592,Mozambique,1,0,0,0,0,0,0,0,0,0,1,0,0,0,0,0,0,0,0,0,0
hubofintel,30551,South Asia,1,0,0,0,0,0,0,0,0,1,0,0,0,0,0,0,0,0,0,0,0
Ameen_media,30108,United States,3,0,0,0,0,0,0,0,0,0,0,0,0,0,0,1,0,0,0,1,1
DavidLe76335983,30071,United States,1,0,0,0,0,0,0,0,0,0,1,0,0,0,0,0,0,0,0,0,0
_haye_,30028,Indonesia,7,1,0,0,0,0,1,0,1,0,1,0,1,0,1,0,0,1,0,0,0
kochar_ir,29820,Iran,2,0,0,0,0,0,0,0,0,0,0,0,0,0,0,0,0,0,0,1,1
Morteza_Avini,29702,United Kingdom,1,0,0,0,0,0,0,0,0,0,1,0,0,0,0,0,0,0,0,0,0
CoteAndre2,29394,Canada,2,0,0,0,0,0,0,0,1,0,0,0,0,0,0,0,0,1,0,0,0
KLovesNature,29353,Canada,3,0,0,0,0,1,0,0,0,1,0,0,0,0,0,0,0,0,0,1,0
talaye73877,29337,Iran,5,0,0,0,0,0,0,0,0,0,0,0,0,1,1,0,1,1,1,0,0
bonzerbarry,29048,United States,1,0,0,0,0,1,0,0,0,0,0,0,0,0,0,0,0,0,0,0,0
johnhussainpres,28954,VPN - Iran,6,0,1,0,0,0,1,0,0,1,0,1,0,0,0,0,0,1,0,0,1
DmodosCutter,28877,United Kingdom,3,0,0,0,0,0,0,0,1,0,0,0,0,0,0,0,0,0,0,1,1
ScottishCommie,28854,Europe,1,0,0,0,0,0,0,0,0,0,0,0,0,0,0,0,0,1,0,0,0
vjeannek,28845,United States,1,0,0,0,0,0,1,0,0,0,0,0,0,0,0,0,0,0,0,0,0
imambakirukus,28704,Turkey,2,0,0,0,0,1,1,0,0,0,0,0,0,0,0,0,0,0,0,0,0
firasmodad,28686,United Kingdom,1,0,0,0,0,0,0,0,0,1,0,0,0,0,0,0,0,0,0,0,0
farbodebrahimi5,28674,VPN - Iran,8,0,1,0,0,1,1,0,1,0,0,0,1,1,0,0,1,1,0,0,0
SagalAshour,28602,Europe,1,0,0,0,0,0,0,0,0,0,1,0,0,0,0,0,0,0,0,0,0
DickTugging,28549,United Kingdom,1,0,0,0,0,0,0,0,0,0,0,0,1,0,0,0,0,0,0,0,0
ANDREW_FDWT,28521,China,2,0,0,1,0,0,0,0,0,0,0,0,0,0,0,0,0,0,0,0,1
Agyptensohn,28501,Egypt,1,0,1,0,0,0,0,0,0,0,0,0,0,0,0,0,0,0,0,0,0
MainlandAfrica,28405,Web VPN South Africa,1,0,0,0,0,0,0,0,0,0,1,0,0,0,0,0,0,0,0,0,0
alCamel77,28273,Europe,2,0,0,0,0,0,0,0,0,0,1,0,0,0,0,0,0,0,0,1,0
zainaconda,28206,Pakistan,12,0,1,0,1,0,0,1,1,1,1,1,0,1,0,0,1,1,1,1,0
Piyusaja2,27992,Indonesia,1,0,0,0,0,0,0,0,0,0,0,0,0,0,0,0,0,0,1,0,0
Ruhollahnejabat,27944,Iran,1,0,0,0,0,0,0,0,0,0,0,0,0,1,0,0,0,0,0,0,0
Bahar__Saadatt,27882,Iran,1,0,0,0,0,0,0,0,0,0,0,0,0,0,0,0,0,0,0,0,1
VigilantesV,27781,Mexico,2,0,0,0,0,0,0,0,0,0,0,0,0,0,0,0,1,0,1,0,0
mosbatboy,27610,Iran,1,0,0,0,0,0,0,0,0,0,0,0,0,0,0,0,0,0,0,0,1
shaabiranks,27449,United States,2,0,0,0,0,0,0,0,0,1,0,0,0,0,0,0,0,0,0,0,1
SomalisVoices,26930,Europe,2,0,0,0,0,0,0,0,0,0,0,0,0,0,0,1,0,0,0,1,0
DonTarantino_,26858,Sudan,1,0,0,0,0,0,0,0,0,1,0,0,0,0,0,0,0,0,0,0,0
yamahdy_ma,26809,Iran,1,0,0,0,0,0,0,0,0,0,0,0,0,0,0,0,0,0,1,0,0
TheMarketDog,26756,Netherlands,3,0,0,0,0,1,0,0,0,0,0,0,0,0,0,0,0,0,0,1,1
Rezhasan,26676,India,1,0,0,0,0,0,0,0,0,0,0,0,0,0,0,0,0,0,1,0,0
fahadq801,26657,North America,2,0,0,0,0,0,0,0,1,0,0,0,0,0,0,1,0,0,0,0,0
korkmaanlat,26498,Netherlands,1,0,0,0,0,0,0,0,0,0,0,0,0,0,0,0,0,0,0,0,1
Moslehi_m_m,26440,West Asia,10,0,0,0,0,1,1,1,0,1,1,1,1,1,0,0,0,0,1,0,1
sehsanhosseini,26290,Iran,1,0,0,0,0,0,0,0,0,0,0,0,1,0,0,0,0,0,0,0,0
AAlwishe,26237,North Africa,1,0,0,0,0,0,0,0,0,1,0,0,0,0,0,0,0,0,0,0,0
RameshPV2010,26194,South Asia,1,0,0,0,0,0,0,0,0,1,0,0,0,0,0,0,0,0,0,0,0
AmiinMosavii94,26135,VPN - Iran,3,0,0,0,0,0,0,0,0,0,0,0,0,0,0,0,1,0,1,0,1
IRANinMAZAR,26089,,1,0,0,0,0,1,0,0,0,0,0,0,0,0,0,0,0,0,0,0,0
Ya_Fatemeh_113,26008,Iran,9,0,0,0,0,0,1,0,1,1,1,0,0,1,0,1,0,0,1,1,1
karimshami1,25986,Yemen,4,0,0,0,0,0,0,0,1,0,1,0,0,0,0,0,0,1,0,0,1
spedroza_12,25830,Mexico,1,0,0,0,0,0,1,0,0,0,0,0,0,0,0,0,0,0,0,0,0
santosbyamu,25799,United States,1,0,0,0,0,0,0,0,0,0,1,0,0,0,0,0,0,0,0,0,0
A_moshlab,25631,West Asia,1,0,0,0,0,0,0,0,0,0,0,0,0,1,0,0,0,0,0,0,0
IranmissionEU,25451,,1,0,0,0,0,0,0,0,0,0,0,0,0,0,0,0,0,0,0,0,1
OPVoters,25436,Australia,2,0,0,0,0,0,1,0,0,0,0,0,0,0,0,0,0,0,0,1,0
Narjes_Rahmati,25420,United States,16,1,1,0,1,0,1,0,1,1,1,1,1,1,0,1,1,1,1,1,1
SIDRAIM42094220,25352,United Arab Emirates,2,1,0,0,0,0,0,1,0,0,0,0,0,0,0,0,0,0,0,0,0
yilmaz_mesut,25346,Turkey,5,0,0,0,0,0,0,0,0,0,0,0,0,0,0,1,0,1,1,1,1
SpanishDan1,25284,Spain,7,0,1,0,0,0,0,1,1,1,0,0,0,0,0,1,1,1,0,0,0
_cl59_P,25089,West Asia,2,0,0,0,0,0,1,0,0,0,0,0,0,0,0,1,0,0,0,0,0
hhundubey,25085,Kenya,1,0,0,0,0,0,0,0,0,0,0,0,0,0,0,0,0,1,0,0,0
nikhil_palsingh,25064,United States,1,0,0,0,0,0,0,0,0,1,0,0,0,0,0,0,0,0,0,0,0
DwrFamyl,24976,Iran,1,0,0,0,0,0,0,0,0,0,0,0,0,0,0,0,0,0,1,0,0
Crussian17,24894,United States,1,0,0,0,0,0,0,0,0,0,0,0,0,0,0,0,0,0,1,0,0
AmirT_HK,24772,Iran,2,0,0,0,0,1,0,0,0,0,0,0,0,0,0,0,0,0,1,0,0
FatemeMohebbi,24716,West Asia,8,0,1,0,1,0,0,1,1,0,1,1,0,1,0,1,0,0,0,0,0
Shinamuller,24513,Germany,1,0,0,0,0,0,0,0,0,0,0,0,0,0,0,0,0,0,0,0,1
OsamaYe21,24513,Yemen,1,0,0,0,0,0,0,0,0,0,1,0,0,0,0,0,0,0,0,0,0
MazenMahdi,24280,Bahrain,1,0,0,0,0,0,0,0,1,0,0,0,0,0,0,0,0,0,0,0,0
mali2335,24137,Turkey,1,0,0,0,0,0,0,0,0,0,0,0,0,0,0,0,0,1,0,0,0
frknasir,24036,Africa,2,0,0,0,0,0,0,0,1,1,0,0,0,0,0,0,0,0,0,0,0
MerciKhodaya,23896,Iran,4,0,0,0,0,0,0,0,0,0,0,0,1,1,0,0,0,0,1,1,0
FrameTheGlobe,23798,United States,1,0,0,0,0,0,0,0,0,0,0,0,0,0,0,0,0,0,0,0,1
political_aya__,23735,Lebanon,1,0,0,0,0,0,0,0,0,0,0,0,0,0,0,0,0,0,1,0,0
Doovare_Loor,23674,West Asia,4,1,0,0,0,1,0,0,0,0,0,0,0,1,1,0,0,0,0,0,0
edwardblk,23657,Maldives,3,0,0,0,0,0,0,0,0,1,0,0,0,0,0,0,0,1,0,0,1
manaamini1369,23589,West Asia,2,0,0,0,0,0,0,0,0,0,0,1,1,0,0,0,0,0,0,0,0
justinpodur,23426,Canada,5,0,1,0,0,0,1,0,0,0,0,0,0,1,0,0,0,1,1,0,0
moetkacik,23404,United States,1,0,0,0,0,0,0,0,0,0,0,0,0,0,0,0,0,0,0,1,0
EbrahimRezaei14,23312,Iran,1,0,0,0,0,0,0,0,0,0,0,0,0,0,0,0,0,0,1,0,0
Karanimutonga,23184,Kenya,1,0,0,0,0,0,0,0,0,1,0,0,0,0,0,0,0,0,0,0,0
NimaTavRood,23171,Sweden,3,0,0,0,0,1,0,0,0,0,0,0,0,0,0,0,0,0,0,1,1
mhcz128,23034,Iran,16,1,0,0,0,1,1,1,1,1,1,1,1,1,1,0,1,1,1,1,1
UrOrientalist,22910,Canada,2,0,0,0,0,0,0,0,0,0,0,0,0,0,0,0,0,0,1,0,1
fa_abv,22854,VPN - Iran,1,0,0,0,0,0,0,0,0,0,0,0,0,0,0,0,0,1,0,0,0
yazdanparast313,22769,VPN - Iran,3,0,0,0,0,0,0,0,0,0,1,0,0,0,0,0,1,0,0,0,1
_NOMICS,22716,United Kingdom,2,0,0,0,0,0,0,0,1,0,1,0,0,0,0,0,0,0,0,0,0
Gaamuk,22536,India,1,0,0,0,0,0,0,0,0,0,0,0,0,0,0,0,0,0,1,0,0
IzkMohbi,22535,Iran,4,0,0,0,0,0,1,0,1,0,0,0,1,1,0,0,0,0,0,0,0
decolonize_this,22437,United States,9,1,1,0,0,0,0,0,1,0,1,0,0,1,0,1,0,1,0,1,1
7sardar7,22377,Iran,1,0,0,0,0,0,0,0,0,0,0,0,0,0,0,0,0,0,0,1,0
rmslim,22340,North America,1,0,0,0,0,0,0,0,1,0,0,0,0,0,0,0,0,0,0,0,0
Bahaa_Karbala,22320,Iraq,2,0,0,0,0,0,0,0,0,0,0,0,0,0,0,1,0,0,0,0,1
BlackQueenLara,22263,Web VPN France,2,1,0,0,0,0,0,0,0,0,0,0,0,0,0,0,0,0,1,0,0
staffofmoses2,22205,West Asia,1,0,0,0,0,0,0,0,0,0,0,0,0,0,0,0,0,0,1,0,0
Bry_ant6,22171,Uganda,6,0,0,0,0,0,0,0,0,0,1,0,1,1,1,0,0,0,1,1,0
CeciliaRamirezH,22018,United States,6,0,1,0,0,1,0,1,0,1,0,0,0,0,0,0,0,1,0,0,1
akishojaee13,21948,VPN - Iran,1,0,0,0,0,0,0,0,0,0,0,0,0,0,0,0,0,0,1,0,0
saif_SH45,21634,North America,14,1,1,1,1,1,1,0,1,1,1,0,1,1,1,0,0,0,0,1,1
radiodaljir,21585,United States,4,0,0,0,0,0,0,0,1,1,1,0,0,0,0,0,0,0,0,0,1
JairoAHenadg,21378,Colombia,10,0,1,0,0,1,1,1,0,1,1,1,0,0,0,0,1,1,0,1,0
PaulSorrentino3,21348,United States,2,0,0,0,0,0,0,0,0,0,0,0,0,0,0,0,0,1,0,1,0
IraninSpain,21322,,5,0,0,0,0,0,0,0,0,1,1,0,0,0,0,1,0,1,0,0,1
Ufaq_RM,21137,Pakistan,1,0,0,0,0,0,0,0,1,0,0,0,0,0,0,0,0,0,0,0,0
TamanishaJohn,21094,Canada,3,0,0,0,0,0,1,0,0,0,0,0,0,0,0,0,0,0,1,0,1
sardare_delhaa,21007,VPN - Iran,1,0,0,0,0,0,0,0,0,0,0,1,0,0,0,0,0,0,0,0,0
kadijah214,20916,Iraq,1,0,0,0,0,0,0,0,0,0,0,0,0,0,0,0,0,1,0,0,0
sarrafteh,20900,VPN - Iran,1,0,0,0,0,0,0,0,0,0,0,0,0,0,0,0,0,0,1,0,0
tajudine2013gm2,20862,Nigeria,17,1,1,1,1,1,1,1,1,1,1,1,1,1,0,0,1,1,0,1,1
M7A7G7X,20815,Poland,2,0,0,0,0,0,0,0,0,0,0,0,0,1,1,0,0,0,0,0,0
DoodlesTrks,20651,United States,2,0,0,0,0,0,1,0,0,0,0,0,0,0,0,0,0,1,0,0,0
professor_Hasan,20580,Austria,1,0,0,0,0,0,0,0,0,0,0,0,0,0,0,0,1,0,0,0,0
hiep2016,20570,Viet Nam,1,0,0,0,0,0,1,0,0,0,0,0,0,0,0,0,0,0,0,0,0
Olang_Moses,20520,Kenya,3,0,0,0,0,0,0,0,0,1,0,0,1,1,0,0,0,0,0,0,0
WardaJaafar,20513,Lebanon,1,0,0,0,0,0,0,0,0,0,0,0,0,0,0,1,0,0,0,0,0
TaniaSaidWhat,20466,United States,3,0,0,0,0,0,0,0,0,1,1,0,0,0,0,0,0,0,0,0,1
olivenews,20293,Web VPN Japan,2,1,0,0,0,0,0,1,0,0,0,0,0,0,0,0,0,0,0,0,0
enfree1993,20175,Italy,1,0,0,0,0,0,0,0,0,0,1,0,0,0,0,0,0,0,0,0,0
GrantSmithEllis,20151,United States,9,0,0,0,0,0,1,0,0,1,1,0,0,1,1,1,0,1,0,1,1
EngineerNGR,20134,Nigeria,1,0,0,0,0,1,0,0,0,0,0,0,0,0,0,0,0,0,0,0,0
xahidcreator,20112,Malaysia,4,0,0,0,0,0,1,0,1,1,0,0,0,1,0,0,0,0,0,0,0
mcm_ct,20075,United States,3,0,0,0,0,1,1,0,1,0,0,0,0,0,0,0,0,0,0,0,0
IsuphJt,20051,Africa,11,1,1,1,0,1,0,0,0,1,1,1,1,1,0,0,0,0,1,0,1
TodoChiapas,20048,Mexico,2,0,0,0,0,0,0,0,0,1,1,0,0,0,0,0,0,0,0,0,0
itsalireza_akb,19993,Iran,4,0,0,0,0,0,0,0,1,1,0,0,0,0,0,0,0,0,1,0,1
fatima_nssr,19933,Lebanon,1,0,0,0,0,0,0,0,0,0,0,0,0,0,0,1,0,0,0,0,0
JICHOdaDOG,19921,Kenya,3,0,0,0,0,0,1,0,1,0,0,0,0,0,0,0,0,0,0,0,1
bob_vanderhoeve,19901,Belgium,1,0,1,0,0,0,0,0,0,0,0,0,0,0,0,0,0,0,0,0,0
Prroph,19828,Kenya,4,0,0,0,0,0,0,0,1,1,1,0,0,1,0,0,0,0,0,0,0
Hamidr1361,19742,Iran,8,0,1,1,1,0,0,0,0,0,0,1,1,1,1,0,0,0,1,0,0
alhosni44a,19707,Oman,1,0,0,0,0,0,0,0,0,0,0,0,0,0,0,1,0,0,0,0,0
stellarman22,19688,United States,1,0,0,0,0,0,0,0,0,1,0,0,0,0,0,0,0,0,0,0,0
GavMcCracken,19686,Canada,1,0,1,0,0,0,0,0,0,0,0,0,0,0,0,0,0,0,0,0,0
ninoqazi,19682,Pakistan,1,0,0,0,0,0,0,0,0,0,0,0,0,0,0,0,0,0,0,0,1
WarnockWarrior,19641,United States,2,0,1,0,0,0,0,0,0,0,0,0,0,0,0,0,0,1,0,0,0
moreproteinbars,19589,United States,1,0,0,0,0,0,0,0,1,0,0,0,0,0,0,0,0,0,0,0,0
warintelfeed,19526,South Asia,1,0,0,0,0,0,0,0,0,0,0,0,0,0,0,0,0,0,0,0,1
BandeKhuda,19354,Canada,1,0,0,0,0,0,1,0,0,0,0,0,0,0,0,0,0,0,0,0,0
AmmarKazmi,19278,United Kingdom,2,0,0,0,0,0,0,0,0,0,0,0,0,1,0,0,0,1,0,0,0
DPezeshkian1403,19085,Iran,6,0,1,1,1,0,0,0,0,0,0,0,1,0,0,1,1,0,0,0,0
BamaramSaeed,19047,Europe,1,0,0,0,0,0,0,0,0,0,0,0,0,0,0,0,0,0,0,0,1
les_politiques,18951,Canada,8,0,0,0,0,0,1,0,0,0,0,0,1,1,1,1,1,1,0,0,1
169Nomis,18882,United Kingdom,3,0,0,0,0,0,0,0,0,0,0,0,0,0,0,0,1,1,1,0,0
CheetahPlains,18801,South Africa,1,0,0,0,0,0,0,0,1,0,0,0,0,0,0,0,0,0,0,0,0
nargesi__63,18684,Iran,5,0,1,0,0,1,0,0,0,0,1,0,0,0,0,0,1,0,1,0,0
aliasghar_1999,18648,Iran,1,0,0,0,0,0,0,0,0,0,0,0,0,0,0,0,0,0,0,0,1
NotoriousBEG,18579,United States,1,0,0,0,0,0,0,0,0,0,0,0,0,0,0,0,1,0,0,0,0
SarbazRezvi,18562,Iran,4,0,0,1,0,1,0,0,0,1,0,0,1,0,0,0,0,0,0,0,0
Mutesimarion_,18508,Uganda,1,0,0,0,0,0,0,0,0,0,0,0,0,1,0,0,0,0,0,0,0
MusadiqZ,18482,Nigeria,2,0,0,0,0,0,0,0,0,0,1,0,0,0,0,0,0,1,0,0,0
snackvampire,18481,United States,5,0,0,0,0,0,1,0,0,1,0,0,0,0,0,1,0,0,0,1,1
0R5xaJ4TNlCMxJZ,18381,Yemen,1,0,0,0,0,0,0,0,0,0,0,0,0,0,0,1,0,0,0,0,0
DerekMeers,18379,United Kingdom,6,0,0,0,0,0,1,1,0,0,1,1,1,0,0,0,0,0,0,0,1
Mohadeseh1993,18337,West Asia,3,0,1,0,0,0,1,0,0,0,0,1,0,0,0,0,0,0,0,0,0
judeonzita,18278,Uganda,1,0,0,0,0,0,0,0,0,0,0,0,1,0,0,0,0,0,0,0,0
SocialRightsIRL,18195,Ireland,7,0,0,0,0,1,0,0,0,1,0,0,0,1,1,0,0,1,1,0,1
LalitaAM11,18161,Mexico,1,0,0,0,0,0,0,0,0,1,0,0,0,0,0,0,0,0,0,0,0
FelipeBeck,18159,Brazil,1,0,0,0,0,0,0,0,0,1,0,0,0,0,0,0,0,0,0,0,0
Almutawakkil560,18011,Yemen,1,0,0,0,0,0,0,0,0,1,0,0,0,0,0,0,0,0,0,0,0
n1988_nm,17957,Iran,5,0,0,0,0,1,0,0,0,0,0,0,1,0,0,0,1,1,1,0,0
nimabolhasanii,17797,Iran,2,0,0,0,0,0,1,0,0,0,0,0,0,0,0,0,1,0,0,0,0
DavudHossaini,17751,Sweden,1,0,0,0,0,1,0,0,0,0,0,0,0,0,0,0,0,0,0,0,0
abdolahzadeh_ir,17739,Iran,18,0,1,1,1,1,1,1,1,1,1,1,1,1,1,1,1,1,1,1,0
DrMohaqeqi,17541,VPN - Iran,2,0,1,0,0,0,0,0,0,0,0,0,0,0,0,0,0,0,1,0,0
PopescuCo,17502,Canada,1,0,0,0,0,0,1,0,0,0,0,0,0,0,0,0,0,0,0,0,0
journalist13655,17485,Iran,2,0,0,0,0,0,0,0,0,0,0,0,0,0,0,0,0,0,1,0,1
HasnainDreshak,17480,Pakistan,2,0,0,0,0,1,0,0,0,0,1,0,0,0,0,0,0,0,0,0,0
aqolizadeh,17473,VPN - Iran,16,0,0,1,1,0,1,1,1,1,1,1,1,1,1,1,1,1,1,1,0
IraninBerlin,17415,Germany,1,0,0,0,0,0,0,0,1,0,0,0,0,0,0,0,0,0,0,0,0
sara_kaaf,17354,Iran,1,0,0,0,0,0,0,0,0,0,0,0,1,0,0,0,0,0,0,0,0
FadiMansour77,17324,United States,1,0,0,0,0,0,0,0,0,1,0,0,0,0,0,0,0,0,0,0,0
e_manavi,17242,Iran,1,0,0,0,0,0,0,0,0,0,0,0,0,0,0,0,0,1,0,0,0
khodor_ad30,17153,Lebanon,1,0,0,0,0,0,0,0,0,0,0,0,0,0,0,1,0,0,0,0,0
iamykamal98,17148,Pakistan,1,1,0,0,0,0,0,0,0,0,0,0,0,0,0,0,0,0,0,0,0
abubakar_mnazif,17129,Nigeria,1,0,0,0,0,0,1,0,0,0,0,0,0,0,0,0,0,0,0,0,0
ImranistPK123,17127,North America,2,0,0,0,0,1,1,0,0,0,0,0,0,0,0,0,0,0,0,0,0
abaruah64,17050,India,1,0,0,0,0,0,1,0,0,0,0,0,0,0,0,0,0,0,0,0,0
JavadGheibi,17028,VPN - Iran,1,0,0,0,1,0,0,0,0,0,0,0,0,0,0,0,0,0,0,0,0
JustMeBeingMe4,16982,United Kingdom,8,0,0,0,1,0,0,0,0,0,1,1,1,1,1,0,1,1,0,0,0
kadileleD,16946,Namibia,2,0,0,0,0,0,0,0,0,0,0,0,0,1,0,0,0,1,0,0,0
MsJamshidi,16851,United States,6,0,0,0,0,0,1,0,1,0,1,0,0,1,1,0,0,0,0,0,1
mostafavosogh,16757,West Asia,1,0,0,0,0,0,0,0,0,0,0,0,0,0,0,0,0,0,1,0,0
_adultfeelings,16738,Africa,5,0,0,0,0,1,0,0,1,1,1,1,0,0,0,0,0,0,0,0,0
IRAN_GHANA,16728,Ghana,2,0,0,0,0,0,1,0,1,0,0,0,0,0,0,0,0,0,0,0,0
Sweeegu,16718,Nigeria,1,0,0,0,0,0,1,0,0,0,0,0,0,0,0,0,0,0,0,0,0
70sBachchan,16643,United States,2,1,0,0,0,0,0,0,0,0,0,0,0,0,0,0,0,0,0,0,1
CdeNMaswerasei,16585,Namibia,4,0,0,0,0,0,0,0,0,1,1,0,0,0,0,0,0,0,1,0,1
autumnshade,16512,India,1,0,0,0,0,0,0,0,0,0,0,0,0,0,0,0,0,0,0,0,1
IRAN_in_NL,16497,,1,0,0,0,0,0,0,0,0,0,0,0,0,0,0,0,0,0,0,0,1
IqrarAlee112,16493,Pakistan,2,1,0,0,0,0,0,0,1,0,0,0,0,0,0,0,0,0,0,0,0
laura8blum,16452,United Kingdom,1,0,0,0,0,0,0,0,0,0,0,0,0,1,0,0,0,0,0,0,0
sanjiva,16382,Sri Lanka,2,0,0,0,0,0,0,0,0,0,0,0,0,0,0,0,0,1,1,0,0
refigh_jalal,16330,Iran,3,0,0,0,0,0,0,0,0,0,1,1,0,1,0,0,0,0,0,0,0
NadeemRamAli,16301,India,3,0,0,0,0,0,0,0,1,1,0,0,0,0,0,0,1,0,0,0,0
oxfordgirl,16217,United Kingdom,2,0,0,0,0,0,0,0,0,0,1,0,0,0,0,0,0,0,1,0,0
hosini80,16205,Iran,5,0,0,0,0,0,1,0,0,0,1,0,1,1,0,0,0,1,0,0,0
Rabiul_Islam11,16129,India,2,0,0,1,0,0,0,0,0,0,0,0,0,0,0,0,0,0,0,1,0
ali__altunkaya,15946,Qatar,1,0,0,0,0,0,0,0,0,0,0,0,0,1,0,0,0,0,0,0,0
baran__wakilii,15919,VPN - Iran,5,0,1,0,0,0,0,1,1,1,0,1,0,0,0,0,0,0,0,0,0
theLemniscat,15860,South Africa,10,0,0,0,0,1,1,0,1,1,1,0,1,1,0,1,0,0,0,1,1
GndemAnalizi,15777,Turkey,1,0,0,0,0,0,0,0,0,0,0,0,0,0,0,0,0,0,0,0,1
RiazGilani,15760,Kenya,3,0,0,0,0,1,0,1,0,0,0,0,0,0,0,0,0,1,0,0,0
Ahmedalswarii,15756,West Asia,1,0,0,0,0,0,0,0,0,0,0,0,1,0,0,0,0,0,0,0,0
_Ain4SSw33ty_,15730,Indonesia,4,0,0,0,0,1,0,1,0,0,0,0,0,0,0,0,1,0,1,0,0
HS_Soleimani,15724,West Asia,6,0,0,0,0,1,1,0,0,1,1,0,0,1,0,0,1,0,0,0,0
Nayere_n_d_81,15683,VPN - Iran,2,0,1,1,0,0,0,0,0,0,0,0,0,0,0,0,0,0,0,0,0
Iftykhan15,15661,United Kingdom,16,1,0,1,1,1,1,1,1,1,1,1,1,1,0,1,1,1,0,1,0
MUHAMMADABUOUN,15646,Africa,2,0,0,0,0,0,0,0,0,0,1,1,0,0,0,0,0,0,0,0,0
hasanein_hadad,15628,Iran,1,0,0,0,0,1,0,0,0,0,0,0,0,0,0,0,0,0,0,0,0
PHREUTERS,15614,Turkey,1,0,0,0,0,0,0,0,0,1,0,0,0,0,0,0,0,0,0,0,0
IraninSerbia,15604,,3,0,0,0,1,1,0,0,0,1,0,0,0,0,0,0,0,0,0,0,0
osamabinjavaid,15547,Qatar,3,0,0,0,0,0,1,0,0,1,0,0,0,0,0,0,1,0,0,0,0
m_akbarzadeh5,15530,Iran,5,0,1,0,0,0,0,0,0,1,0,0,0,1,0,0,0,1,0,0,1
LarryBoorstein,15518,United States,3,0,0,0,0,0,0,0,0,0,1,0,0,0,0,0,0,0,1,1,0
MhmdRfdh,15468,Yemen,3,0,0,0,0,1,1,0,0,0,0,0,1,0,0,0,0,0,0,0,0
VviewSsonicMair,15457,United States,6,1,1,0,0,0,0,1,0,0,1,0,0,0,1,1,0,0,0,0,0
IRANinSWEDEN,15366,Sweden,5,0,0,0,0,0,0,0,1,1,1,0,0,0,0,0,0,0,0,1,1
DrAliMatar,15355,Lebanon,1,0,0,0,0,0,0,0,0,0,0,0,0,0,0,1,0,0,0,0,0
gndzongana,15333,South Africa,2,0,0,0,0,0,0,0,0,0,1,0,0,0,0,0,0,0,0,0,1
kenmiryam,15296,Indonesia,3,0,0,0,0,0,0,0,0,1,1,1,0,0,0,0,0,0,0,0,0
kadirakaras,15296,Turkey,1,0,0,0,0,0,1,0,0,0,0,0,0,0,0,0,0,0,0,0,0
dan_murphy,15265,United Arab Emirates,1,0,0,0,0,0,0,0,0,0,0,0,0,0,0,0,0,1,0,0,0
huseini221,15158,Iraq,1,0,0,0,0,0,0,0,1,0,0,0,0,0,0,0,0,0,0,0,0
Arsha45914097,15098,West Asia,11,1,1,0,1,1,1,1,1,0,0,0,1,1,0,0,0,0,0,1,1
jennessie7,14944,United States,1,0,0,0,0,0,1,0,0,0,0,0,0,0,0,0,0,0,0,0,0
RiaziZeinab,14932,Iran,1,0,0,0,0,0,0,0,0,0,0,0,0,0,0,0,0,1,0,0,0
KateEmersonBri,14927,Australia,1,0,0,0,0,0,1,0,0,0,0,0,0,0,0,0,0,0,0,0,0
MARCIELOARENAS,14903,Argentina,1,0,0,0,0,0,0,0,1,0,0,0,0,0,0,0,0,0,0,0,0
aghel_ir,14812,West Asia,10,0,0,0,0,1,1,0,0,1,1,0,1,1,0,0,1,1,1,0,1
jamesob,14785,United States,1,0,0,0,0,0,0,0,0,0,0,0,0,0,0,0,0,0,0,1,0
MBazmar1359,14748,West Asia,1,0,0,0,0,0,0,0,0,0,0,0,0,0,0,0,0,0,1,0,0
luigi_warren,14739,United States,1,0,0,0,0,0,0,0,0,0,0,0,0,0,0,0,0,0,1,0,0
inzyrashid,14724,United Arab Emirates,5,0,1,0,0,0,1,0,0,0,1,0,0,1,0,0,0,1,0,0,0
ramonlopez54,14682,United States,1,0,0,0,0,0,0,0,0,0,0,0,0,0,0,0,0,1,0,0,0
LoudL,14663,France,2,0,0,0,0,0,0,0,0,0,0,0,0,1,0,0,0,0,0,1,0
Vandal_pizzosta,14648,Ghana,11,0,0,0,0,0,1,1,0,1,1,1,1,0,0,1,1,1,1,0,1
drkamranlawyer,14644,Iran,10,1,1,0,1,1,0,0,1,1,1,1,0,0,0,0,0,0,1,0,1
ShreyaOpines,14602,India,1,0,0,0,0,0,0,0,0,1,0,0,0,0,0,0,0,0,0,0,0
salmanrood,14590,Iran,15,1,1,1,1,1,1,1,0,1,0,1,0,1,1,0,1,0,1,1,1
D_modaresian,14571,Iran,2,0,0,0,0,0,0,0,0,0,0,0,0,1,1,0,0,0,0,0,0
shameensuleman,14535,United Kingdom,10,0,1,1,0,0,1,1,0,1,1,1,1,1,0,0,0,1,0,0,0
MendesOnca,14506,Brazil,7,1,0,0,0,0,1,0,0,0,1,1,0,1,1,0,0,0,0,0,1
shangpal,14459,India,1,0,0,0,0,0,0,0,0,0,0,0,0,0,0,0,0,0,1,0,0
AlnsrRkn,14456,West Asia,1,0,0,0,0,0,0,0,0,0,0,0,0,0,0,1,0,0,0,0,0
kargadan,14453,North America,8,0,1,0,0,1,1,0,0,1,0,0,0,1,1,0,0,0,1,0,1
fer0314marq,14441,Colombia,3,0,0,0,0,0,0,0,0,0,0,0,1,1,0,0,1,0,0,0,0
A_MQQ_,14377,West Asia,1,0,0,0,0,0,0,0,1,0,0,0,0,0,0,0,0,0,0,0,0
rosendo_joe,14280,Canada,12,1,1,0,0,0,1,0,1,1,0,1,1,1,1,0,0,1,1,1,0
MumtazBhattiDin,14156,Pakistan,2,0,0,0,0,0,0,0,1,0,0,0,1,0,0,0,0,0,0,0,0
brookebay21,14103,United Kingdom,1,0,0,0,0,0,0,0,0,0,0,0,0,0,0,1,0,0,0,0,0
DrSakriKaia,14041,North America,3,0,0,0,0,1,0,0,0,0,0,0,0,0,0,0,1,0,1,0,0
Battersby1888,14035,United Kingdom,15,1,1,1,0,0,1,1,1,1,1,1,1,1,1,0,0,1,1,0,1
MorenaMariaPa,14001,United States,2,0,0,0,0,0,0,0,0,1,1,0,0,0,0,0,0,0,0,0,0
as2imi,13914,Yemen,4,0,0,0,0,0,0,0,0,0,0,0,1,1,1,1,0,0,0,0,0
IRANinSalone,13869,,2,0,0,0,0,0,0,0,0,0,1,0,0,0,0,0,0,1,0,0,0
hoora_Eghbalian,13865,Iran,12,0,0,0,1,1,1,1,1,1,0,0,1,1,1,0,1,1,0,1,0
kensuke_yaoi,13843,Japan,2,0,0,0,0,0,0,0,0,0,0,0,0,0,0,1,1,0,0,0,0
OneQuantumLeap,13843,Web VPN United Kingdom,4,0,0,1,0,0,0,0,0,0,0,0,0,1,1,0,0,0,0,0,1
Saeedrmz24,13793,VPN - Iran,13,0,0,1,1,1,0,1,1,1,1,0,1,1,1,0,1,1,1,0,0
Amina_Nur_005,13763,Pakistan,2,0,0,0,0,0,0,0,1,0,0,0,0,0,0,0,0,0,1,0,0
Pingachoo,13751,United Kingdom,1,0,0,0,0,0,0,0,0,0,0,0,0,0,0,0,0,1,0,0,0
egypttheBB2025,13701,North Africa,2,1,0,0,0,0,1,0,0,0,0,0,0,0,0,0,0,0,0,0,0
okkucrypto,13682,East Asia,3,0,0,0,0,0,0,0,1,0,0,0,0,1,0,0,0,0,1,0,0
Sazar57,13584,VPN - Iran,2,0,1,0,0,0,1,0,0,0,0,0,0,0,0,0,0,0,0,0,0
pyrmontvillage,13554,Australia,12,0,0,0,0,0,0,1,1,1,1,1,1,0,0,1,1,1,1,1,1
MsRonnyB,13551,Australia,1,0,0,0,0,0,0,0,0,0,0,0,0,0,0,0,0,1,0,0,0
Abdulherphyz,13548,Nigeria,10,0,0,1,0,0,0,1,1,1,1,1,0,0,0,1,1,0,1,0,1
Tayyebehmeshkia,13523,Iran,3,0,0,0,0,0,0,0,0,0,0,0,1,1,0,0,1,0,0,0,0
MehdiJami,13489,Georgia,1,0,0,0,0,0,0,0,0,0,0,0,0,1,0,0,0,0,0,0,0
ImReadinHere,13460,Europe,1,0,0,0,0,0,0,0,0,0,0,0,0,0,0,0,0,0,0,0,1
SaraNajmaii,13444,United States,1,0,0,0,0,0,0,0,0,0,0,0,0,0,0,0,0,0,0,0,1
kevinweke_,13426,Kenya,1,0,0,0,0,0,0,0,1,0,0,0,0,0,0,0,0,0,0,0,0
ajdemarang,13363,North America,2,0,0,0,0,0,0,0,0,0,0,0,0,0,0,0,0,1,1,0,0
nicci_eddy,13343,United States,3,0,0,0,0,0,0,0,1,0,0,0,0,1,1,0,0,0,0,0,0
Mukhtar_Jadban,13314,West Asia,4,0,0,0,0,0,1,0,1,1,1,0,0,0,0,0,0,0,0,0,0
MunibaKamal,13310,Pakistan,1,0,0,0,0,0,0,0,0,1,0,0,0,0,0,0,0,0,0,0,0
Zarkesh5,13295,VPN - Iran,4,0,0,0,1,1,1,0,0,1,0,0,0,0,0,0,0,0,0,0,0
florintruth,13274,United States,1,0,0,0,0,0,0,0,0,0,0,0,1,0,0,0,0,0,0,0,0
IRANinHUNGARY,13273,Hungary,6,0,0,1,1,0,0,1,0,0,0,0,1,1,0,0,0,1,0,0,0
Khushboosayys,13271,India,5,0,0,0,0,0,0,0,0,1,1,0,0,1,0,0,0,0,0,1,1
marcosvmf_,13266,Brazil,1,0,0,0,0,0,1,0,0,0,0,0,0,0,0,0,0,0,0,0,0
Keban_li_23,13234,Turkey,1,0,0,0,0,0,0,0,0,0,0,0,0,0,0,0,0,1,0,0,0
asmartbrunette1,13161,United States,12,1,1,1,0,1,1,0,1,1,1,0,0,1,0,0,0,1,1,1,0
fatemeh_sadat91,13160,Iran,2,0,0,0,0,1,1,0,0,0,0,0,0,0,0,0,0,0,0,0,0
baoshaoshan,13136,Australia,1,0,0,0,0,0,0,0,0,0,0,0,0,0,0,0,0,0,0,0,1
profsarahj,13132,Australia,1,0,0,0,0,0,0,0,1,0,0,0,0,0,0,0,0,0,0,0,0
TheBirmingham6,13121,United Kingdom,1,0,0,0,0,0,0,0,0,0,0,0,0,0,0,0,0,0,0,0,1
Lukyluke311,13102,Europe,14,1,1,0,0,1,0,0,1,1,1,1,1,1,1,0,0,1,1,1,1
mhmdhsyn__,13068,VPN - Iran,1,0,0,0,0,0,0,0,1,0,0,0,0,0,0,0,0,0,0,0,0
Bublee_gee,13031,Pakistan,2,1,0,0,0,0,0,0,0,0,0,0,0,0,0,0,1,0,0,0,0
OwaisCheema9,13011,United Kingdom,1,0,0,0,0,0,1,0,0,0,0,0,0,0,0,0,0,0,0,0,0
Gharibabadi,12965,Starlink - Iran,1,0,0,0,1,0,0,0,0,0,0,0,0,0,0,0,0,0,0,0,0
abdu,12959,West Asia,2,0,0,1,0,0,0,0,0,1,0,0,0,0,0,0,0,0,0,0,0
DrDadabhoy,12922,United States,4,0,0,0,0,0,1,0,0,0,0,0,0,1,0,0,1,1,0,0,0
fmahdipour,12904,Iran,6,0,0,0,0,0,0,0,0,1,0,0,1,1,1,0,0,1,1,0,0
LavasaniMalihe,12854,West Asia,6,0,1,1,1,1,1,1,0,0,0,0,0,0,0,0,0,0,0,0,0
ShabanaFaryal,12850,United States,1,0,0,0,0,0,0,0,0,0,0,0,0,0,0,0,0,0,0,0,1
emocionycambio,12831,Spain,2,0,0,0,0,0,0,0,0,0,0,0,0,0,0,1,0,1,0,0,0
HiyaleeM,12789,Maldives,6,0,0,0,0,0,0,0,0,1,1,0,0,0,0,1,1,1,0,0,1
martinez_j7902,12711,United Kingdom,2,0,0,0,0,0,0,0,0,0,0,0,0,0,0,0,0,0,1,0,1
RhondaGarad,12672,Australia,1,0,0,0,0,0,0,0,1,0,0,0,0,0,0,0,0,0,0,0,0
FGhoddoussi,12636,United States,3,0,0,1,0,0,0,0,0,0,0,0,0,0,0,0,0,0,1,1,0
hopeluta_,12610,Brazil,1,0,0,0,0,0,0,0,0,0,0,0,0,0,0,1,0,0,0,0,0
atorabi76_,12610,VPN - Iran,2,0,0,0,0,0,1,0,0,0,0,0,0,1,0,0,0,0,0,0,0
mortezagolpoor,12554,Iran,1,0,1,0,0,0,0,0,0,0,0,0,0,0,0,0,0,0,0,0,0
aa77xxss,12507,Yemen,12,1,0,1,0,1,1,0,1,0,1,1,1,1,1,1,0,1,0,0,0
kwakuasanteb,12459,Ghana,2,1,0,0,0,0,0,0,0,0,0,0,0,0,0,0,0,1,0,0,0
Fezhh_kh,12458,VPN - Iran,1,0,0,0,0,0,0,0,0,0,0,0,0,0,0,0,1,0,0,0,0
Alimokhtarzadeh,12446,Iran,7,0,0,0,0,0,1,0,1,0,0,1,1,1,0,0,1,1,0,0,0
hassanq2014,12411,Yemen,2,0,0,0,0,0,0,0,0,0,1,1,0,0,0,0,0,0,0,0,0
SicilianoSum,12386,Italy,1,0,0,0,0,0,0,0,0,0,0,0,0,0,0,0,0,0,1,0,0
Sh110Kn,12386,Pakistan,2,0,0,0,0,0,0,0,0,0,0,1,1,0,0,0,0,0,0,0,0
Mahmut_Ak47,12283,Turkey,2,0,0,0,0,1,1,0,0,0,0,0,0,0,0,0,0,0,0,0,0
Doc_m_7,12230,West Asia,1,0,0,0,0,0,0,0,0,0,0,0,0,1,0,0,0,0,0,0,0
MO21_ALI,12221,Iran,5,0,0,0,0,0,0,0,1,0,0,1,0,0,0,1,0,0,0,1,1
EliaBecks,12211,Afghanistan,1,0,0,0,0,0,0,0,0,0,0,0,0,0,0,0,0,1,0,0,0
Jangjouye,12199,East Asia,1,0,0,0,0,0,1,0,0,0,0,0,0,0,0,0,0,0,0,0,0
RealNickMugalli,12184,United States,3,0,0,0,0,0,1,0,1,0,0,0,0,0,0,0,0,0,0,1,0
zgdekli,12183,Turkey,8,0,0,0,0,1,1,0,1,0,1,1,0,1,1,0,0,0,0,0,1
giulianol,12178,Italy,2,0,0,0,0,0,0,0,0,0,0,0,0,0,0,0,0,1,0,1,0
midoo0,12153,United Kingdom,10,1,0,0,0,0,1,0,0,1,1,0,1,1,1,0,0,1,1,1,0
Abbas_Safari1,12145,Iran,1,0,0,0,0,0,0,0,0,0,0,0,0,0,0,0,0,0,0,1,0
Theignorantsoul,12141,India,1,0,0,0,0,0,1,0,0,0,0,0,0,0,0,0,0,0,0,0,0
kabulii,12133,United Kingdom,6,0,0,0,0,0,1,0,1,0,0,0,1,1,1,0,1,0,0,0,0
Elii9964,12130,VPN - Iran,5,0,0,0,0,1,1,0,0,0,0,1,1,0,0,0,0,0,1,0,0
wamsha92s,12110,Pakistan,1,0,0,0,0,0,0,0,0,0,1,0,0,0,0,0,0,0,0,0,0
IronLady0012,12058,North America,1,0,0,0,0,0,0,0,0,0,0,0,0,0,0,0,0,1,0,0,0
xerxesss,12053,Iran,2,0,0,0,0,0,0,0,1,0,0,0,0,0,0,0,0,0,0,0,1
sana_bano__313,12031,Iran,2,0,0,0,0,0,0,0,0,1,0,0,0,0,0,0,1,0,0,0,0
qa_kd7,12015,Yemen,1,0,0,0,0,0,0,0,0,0,0,0,0,0,0,1,0,0,0,0,0
eastnitty,11992,United Kingdom,1,0,0,0,0,0,0,0,0,0,0,0,0,1,0,0,0,0,0,0,0
GerardBondeau,11991,France,3,0,0,0,0,0,0,0,0,1,0,0,0,0,0,0,0,1,1,0,0
Ostureh313,11974,Iran,1,0,0,0,0,0,0,0,0,0,0,0,0,0,0,0,0,0,0,1,0
JoAnn_Marie,11891,Mexico,1,0,0,0,0,0,0,0,0,0,0,0,0,0,0,1,0,0,0,0,0
GuimaraesHelcio,11882,Brazil,3,1,0,0,0,0,1,0,0,0,0,0,0,0,0,0,0,0,0,0,1
rrghadi01,11845,Iran,8,0,0,0,0,1,0,0,0,0,1,1,0,1,1,0,0,0,1,1,1
sidduu96,11839,India,1,0,0,0,0,0,0,0,0,0,0,0,0,0,0,0,0,0,0,0,1
MerruX,11808,North America,2,0,0,0,0,0,1,0,0,0,0,0,0,0,0,0,0,1,0,0,0
Horaciorivashen,11806,Spain,1,0,0,0,0,0,0,0,0,0,0,0,0,0,0,0,0,0,0,1,0
JL_SR2024,11805,Spain,1,0,0,0,0,0,0,0,0,0,0,0,0,0,0,0,0,1,0,0,0
midoriSW19,11801,United Kingdom,1,0,0,0,0,0,0,0,0,0,0,0,0,0,0,0,0,0,0,0,1
sandra_miria,11764,Brazil,2,0,0,0,0,0,0,0,0,0,0,0,0,1,0,0,0,0,0,0,1
Enter1984Art,11757,Denmark,1,0,0,0,0,0,0,0,0,0,0,0,0,0,0,0,0,0,0,1,0
zahrahp_1,11739,West Asia,1,0,0,0,0,0,0,0,0,0,0,0,0,0,0,0,0,0,0,0,1
red_loeb,11702,United Kingdom,1,0,0,0,0,0,0,0,0,0,0,0,0,1,0,0,0,0,0,0,0
shamama_abbasi,11666,United Kingdom,1,0,0,0,0,0,0,0,0,0,1,0,0,0,0,0,0,0,0,0,0
mahtab_rasooli,11666,Iran,2,0,0,0,0,0,0,0,0,0,0,1,1,0,0,0,0,0,0,0,0
n_brti1984,11662,Iran,3,0,0,0,0,1,0,0,0,0,0,0,0,0,0,0,1,0,1,0,0
tacticalgrid,11658,Germany,2,1,0,0,0,0,0,0,0,0,1,0,0,0,0,0,0,0,0,0,0
NahidPoureisa,11655,Iran,1,0,0,0,0,0,0,0,0,0,0,0,0,0,0,0,0,0,0,0,1
nilofarabaszade,11654,West Asia,16,1,0,1,1,1,1,1,1,1,1,1,1,1,1,0,0,1,1,0,1
Vendra_Deje,11636,Indonesia,1,0,0,0,0,0,0,0,1,0,0,0,0,0,0,0,0,0,0,0,0
Michael_Wgd,11609,Europe,1,0,0,0,0,0,0,0,0,1,0,0,0,0,0,0,0,0,0,0,0
salcinz,11607,Italy,10,0,0,0,0,0,0,1,1,1,1,1,1,1,1,0,0,0,1,0,1
ArmyX313M,11601,Africa,5,0,0,0,0,0,0,0,0,0,0,0,0,1,1,0,1,1,0,0,1
HARJGTHEONEDBA,11575,Canada,1,0,0,0,0,0,0,0,0,0,0,0,0,0,0,0,0,0,1,0,0
AthousandBrains,11570,Africa,3,0,0,0,0,0,1,0,0,1,1,0,0,0,0,0,0,0,0,0,0
DM55283,11562,Eastern Europe (Non-EU),1,0,0,0,0,0,0,0,0,0,0,0,0,0,0,0,0,0,0,1,0
RTwassoli,11556,Indonesia,1,0,0,0,0,0,0,0,0,0,0,0,0,0,0,0,0,0,1,0,0
Timberwolf__,11516,United Arab Emirates,1,0,0,0,0,0,0,0,0,0,1,0,0,0,0,0,0,0,0,0,0
thuhthuna,11500,Maldives,1,0,0,0,0,0,0,0,0,0,0,0,0,0,0,0,0,1,0,0,0
Smkomeil,11489,West Asia,3,0,0,0,0,0,0,0,0,0,0,0,0,1,1,0,0,0,1,0,0
fateme_gh_m,11477,Iran,5,0,1,0,0,0,0,0,0,0,0,0,1,0,0,0,1,1,1,0,0
mojtaba_v6,11474,West Asia,2,0,0,0,1,0,1,0,0,0,0,0,0,0,0,0,0,0,0,0,0
Marvi_Economics,11429,VPN - Iran,2,0,0,0,0,0,1,0,0,0,0,0,0,0,0,0,0,0,1,0,0
SamTorabi72,11407,Iran,17,0,1,1,0,1,1,1,1,1,1,0,1,1,1,1,1,1,1,1,1
syed2000,11389,United States,8,1,1,0,0,0,0,0,1,1,0,1,0,0,0,0,0,0,1,1,1
carmenprs,11366,South America,1,0,0,0,0,0,0,0,0,0,0,0,0,0,0,0,0,0,1,0,0
Vpedrosa,11336,United Kingdom,1,0,0,0,0,0,1,0,0,0,0,0,0,0,0,0,0,0,0,0,0
resisres,11313,Mexico,1,1,0,0,0,0,0,0,0,0,0,0,0,0,0,0,0,0,0,0,0
GilaniTufail,11301,India,6,0,0,0,0,0,1,0,1,1,0,0,0,0,0,0,0,1,0,1,1
MCTothSTL,11289,United States,6,0,0,0,1,0,1,0,0,1,1,0,1,0,0,0,0,0,1,0,0
RanjhaHafeez,11286,South Asia,1,0,0,0,0,0,0,0,0,0,0,0,0,0,0,0,0,0,1,0,0
revayateman,11263,West Asia,8,0,0,0,0,0,1,0,0,1,0,0,0,1,0,0,1,1,1,1,1
izadgashb1,11253,Iran,1,0,0,0,0,0,0,0,0,0,0,0,0,0,0,0,0,0,1,0,0
Mohamadhossie15,11253,West Asia,3,0,0,0,0,0,0,0,0,0,0,0,0,0,0,1,1,0,1,0,0
ye02987,11248,Yemen,1,0,0,0,0,0,0,0,1,0,0,0,0,0,0,0,0,0,0,0,0
talia___100sun,11243,Iraq,1,0,0,0,0,0,0,0,0,0,0,0,0,0,0,1,0,0,0,0,0
jaraparilla,11239,Australia,1,1,0,0,0,0,0,0,0,0,0,0,0,0,0,0,0,0,0,0,0
zeinabshehab6,11197,Lebanon,1,0,0,0,0,0,0,0,0,0,0,0,0,0,0,1,0,0,0,0,0
Fatima_solymani,11157,Iran,13,0,0,1,1,0,1,1,0,1,1,0,1,1,1,0,0,1,1,1,1
marita_stappung,11147,Chile,17,0,1,1,1,1,1,1,1,1,1,1,1,0,0,1,1,1,1,1,1
AnonymousGlobal,11065,North America,4,0,0,0,0,0,0,0,0,0,0,0,1,1,0,1,0,0,0,1,0
tayebsaeidi,11063,Iran,1,0,0,0,0,1,0,0,0,0,0,0,0,0,0,0,0,0,0,0,0
Javan_4,11007,VPN - Iran,4,0,0,0,0,1,1,0,0,0,1,0,1,0,0,0,0,0,0,0,0
alishoieb1,10997,Lebanon,1,0,0,0,0,0,0,0,0,0,0,0,0,1,0,0,0,0,0,0,0
HashemiMarzi,10976,Iran,1,0,0,0,0,0,0,0,0,0,1,0,0,0,0,0,0,0,0,0,0
allidoismix,10960,United States,1,0,0,0,0,0,0,0,0,0,0,0,0,0,0,0,0,1,0,0,0
neghah13,10932,Iran,7,1,1,0,1,1,1,1,0,0,0,0,0,0,0,0,0,0,0,0,1
MahdiHajjar1,10917,VPN - Iran,1,0,0,0,0,0,0,0,0,0,0,0,0,0,0,0,0,0,1,0,0
hamed21224200,10912,VPN - Iran,12,1,1,0,1,1,1,0,1,1,0,1,1,1,0,1,1,0,0,0,0
5trategist,10876,VPN - Iran,4,0,0,0,0,0,1,0,0,1,0,1,0,1,0,0,0,0,0,0,0
saintgothic,10871,United States,1,0,0,0,0,0,0,0,1,0,0,0,0,0,0,0,0,0,0,0,0
elharafeesh,10869,Egypt,1,0,0,0,0,0,0,0,0,0,0,0,0,0,0,1,0,0,0,0,0
Sara_zs1,10865,Lebanon,2,0,0,0,0,0,0,0,0,0,0,0,0,0,0,1,1,0,0,0,0
_DilS3Rahul_,10828,Southeast Asia,2,0,0,0,0,0,1,0,0,0,0,1,0,0,0,0,0,0,0,0,0
jefff256,10821,Uganda,1,0,0,0,0,0,0,0,0,1,0,0,0,0,0,0,0,0,0,0,0
HUSSEINSROUR,10804,Lebanon,1,0,0,0,0,0,0,0,0,0,0,0,0,0,0,1,0,0,0,0,0
MZ0JNS9aLkjhtqx,10798,Sudan,1,0,0,0,0,0,0,0,0,0,0,0,0,0,0,1,0,0,0,0,0
riannuzziGPC,10778,Italy,2,0,0,0,0,0,1,0,0,0,0,0,0,1,0,0,0,0,0,0,0
pbkBMkmmkkwkpvg,10741,Yemen,1,0,0,0,0,0,0,0,0,0,0,0,0,0,0,1,0,0,0,0,0
TheMatundaMan,10724,Africa,1,0,0,0,0,0,0,0,1,0,0,0,0,0,0,0,0,0,0,0,0
ahadian_ir,10715,Iran,15,0,1,1,1,1,1,1,1,0,1,0,1,1,0,1,1,1,1,1,0
BlackMoth_313,10714,France,1,0,0,0,0,0,0,0,0,1,0,0,0,0,0,0,0,0,0,0,0
tawarayasotatsu,10707,Japan,1,0,0,0,0,0,0,0,0,0,0,0,0,0,0,0,1,0,0,0,0
teejay_132,10705,Nigeria,13,0,0,1,0,1,1,1,1,1,1,0,1,1,0,1,1,1,0,0,1
JustaCoinToss,10692,United States,1,0,0,0,0,0,0,0,0,0,0,0,0,0,0,0,0,1,0,0,0
BehnamBk,10689,VPN - Iran,1,0,0,0,0,1,0,0,0,0,0,0,0,0,0,0,0,0,0,0,0
ibrahim_alwaree,10661,Yemen,1,0,0,1,0,0,0,0,0,0,0,0,0,0,0,0,0,0,0,0,0
abbas_inc,10651,Bahrain,1,1,0,0,0,0,0,0,0,0,0,0,0,0,0,0,0,0,0,0,0
OlaIsrael01,10651,Africa,1,0,0,0,0,0,0,0,0,0,0,0,1,0,0,0,0,0,0,0,0
baqirululoom,10626,Pakistan,6,0,0,0,0,0,0,0,0,1,1,0,0,0,1,1,1,0,0,1,0
Forthleft2,10617,Australia,1,0,0,0,0,0,0,0,0,0,0,0,0,0,0,0,0,0,0,0,1
JustShemaBaby,10601,United States,1,0,0,0,0,0,0,0,0,0,0,0,0,0,0,0,0,1,0,0,0
ramedumar,10598,Venezuela,3,1,0,0,1,0,0,0,0,0,0,0,0,1,0,0,0,0,0,0,0
seyedmahdi11,10550,Iran,1,0,0,0,0,0,0,0,0,0,0,0,0,0,0,0,0,0,1,0,0
guevara_iria,10550,Cuba,1,0,0,0,0,0,0,0,0,0,0,0,0,0,0,0,0,1,0,0,0
finanzmarktwelt,10547,Germany,3,0,1,0,0,0,0,0,0,0,0,0,0,0,0,0,0,1,1,0,0
MiladSlimm,10522,Mauritania,3,0,0,0,0,0,0,1,0,0,0,0,0,0,0,1,0,0,0,0,1
MAHMOUD19005690,10515,Egypt,2,0,0,0,0,0,0,0,0,1,0,0,0,1,0,0,0,0,0,0,0
1RedRevolution,10490,Turkey,4,0,1,0,0,0,0,1,0,0,0,0,0,1,0,0,0,0,0,0,1
gashm1975,10473,Yemen,1,0,0,0,0,0,0,1,0,0,0,0,0,0,0,0,0,0,0,0,0
mustafa_alkhtib,10451,Yemen,4,0,0,0,0,0,0,0,0,0,0,0,0,0,0,1,1,0,1,0,1
darya_daar,10448,Iran,1,0,0,0,0,0,1,0,0,0,0,0,0,0,0,0,0,0,0,0,0
PabloMtzDelCam1,10432,Mexico,4,0,1,0,0,0,0,0,0,0,0,0,0,0,0,1,1,1,0,0,0
dayumaEc,10424,France,5,0,0,0,0,0,1,0,0,1,0,0,0,1,0,1,1,0,0,0,0
alihadi68,10421,United Kingdom,18,1,1,1,1,0,1,1,1,1,1,1,1,1,1,0,1,1,1,1,1
mikaeeldayani,10389,West Asia,2,0,0,0,1,0,0,0,0,0,0,0,0,1,0,0,0,0,0,0,0
ElrondBurrell,10368,Australasia,4,1,0,0,0,0,0,0,0,0,1,0,1,0,0,0,0,1,0,0,0
mtz_ir,10298,VPN - Iran,1,0,0,0,0,0,0,0,0,0,0,0,0,0,0,0,0,0,1,0,0
goleyasm313,10294,VPN - Iran,2,0,0,0,0,0,1,0,0,0,1,0,0,0,0,0,0,0,0,0,0
hannabaker13rw,10288,VPN - Iran,1,0,0,0,0,0,0,0,0,0,0,0,0,0,0,0,0,0,1,0,0
amirakbariorg,10269,Iran,9,0,0,1,0,1,1,0,0,1,0,0,0,0,0,0,1,1,1,1,1
Vaporous123,10262,Pakistan,1,0,0,0,0,0,0,0,0,0,0,0,0,0,0,0,0,0,0,0,1
Ozo__Ude,10252,Nigeria,1,0,0,0,0,0,0,0,0,0,1,0,0,0,0,0,0,0,0,0,0
Shinestar8517,10218,VPN - Iran,2,0,1,0,0,0,0,0,0,0,0,0,0,1,0,0,0,0,0,0,0
derakhshanmedia,10215,West Asia,7,0,0,0,1,0,1,0,1,0,1,1,0,0,0,0,0,1,0,0,1
jala_leb,10197,United States,4,0,0,0,0,1,0,0,1,0,0,0,1,1,0,0,0,0,0,0,0
nowtypiing,10181,West Asia,2,0,0,0,1,0,0,0,1,0,0,0,0,0,0,0,0,0,0,0,0
Sir_elmusty,10145,Nigeria,2,0,0,0,0,0,0,0,0,0,0,0,0,0,0,0,1,1,0,0,0
msolymani13,10118,Canada,12,0,0,1,1,1,1,1,0,1,0,0,0,0,0,1,1,1,1,1,1
Captain0TT,10093,United Kingdom,12,1,1,0,0,1,1,1,1,1,0,1,0,1,0,1,1,0,1,0,0
chimmychonngaa,10030,Ghana,3,0,0,0,0,0,0,0,0,1,0,0,0,1,1,0,0,0,0,0,0
gaza_son1,10017,Yemen,1,0,0,0,0,0,0,0,0,0,0,0,0,0,0,1,0,0,0,0,0
Soheil_1100,9994,,1,0,0,0,0,0,0,0,0,0,0,0,0,1,0,0,0,0,0,0,0
Moh_valibeigy,9986,,1,0,0,0,0,0,0,0,0,0,0,0,0,0,0,0,1,0,0,0,0
Jamils641,9962,,1,1,0,0,0,0,0,0,0,0,0,0,0,0,0,0,0,0,0,0,0
Amary22Mastfe,9961,,3,0,0,0,0,0,0,0,0,0,0,0,0,1,0,1,0,1,0,0,0
AKarklar2,9961,,5,0,0,1,1,0,0,1,1,1,0,0,0,0,0,0,0,0,0,0,0
shinbiganA,9946,,1,0,0,0,0,0,0,0,0,0,0,0,0,0,0,1,0,0,0,0,0
Ayei_Eloheichem,9901,,1,0,0,1,0,0,0,0,0,0,0,0,0,0,0,0,0,0,0,0,0
ghalibaffans,9896,,16,1,0,1,1,1,1,1,1,1,1,1,1,1,0,1,1,1,0,0,1
Ali_2023ak,9887,,1,0,0,0,0,0,0,0,0,0,0,0,0,0,0,0,1,0,0,0,0
Khaled_Nabil07,9879,,1,0,0,0,0,0,1,0,0,0,0,0,0,0,0,0,0,0,0,0,0
M_Jamshidi_,9866,,8,0,0,0,1,1,1,0,0,0,0,0,1,1,0,0,1,1,1,0,0
jumosa6,9825,,1,0,0,0,0,0,0,0,0,0,0,0,0,1,0,0,0,0,0,0,0
Mubaraqshehu_,9783,,2,0,0,0,0,0,0,0,0,0,0,0,0,0,0,1,0,1,0,0,0
atungisa_,9769,,1,0,1,0,0,0,0,0,0,0,0,0,0,0,0,0,0,0,0,0,0
xpresenterxeli,9761,,5,0,0,0,0,0,0,0,0,0,0,0,0,1,1,0,1,0,1,0,1
WAR527,9758,,2,0,0,0,0,0,1,0,0,1,0,0,0,0,0,0,0,0,0,0,0
hezardastan1981,9731,,6,0,0,0,1,0,1,0,0,1,0,0,1,0,0,1,0,0,1,0,0
NR_7755,9726,,1,0,0,0,0,0,0,0,0,0,1,0,0,0,0,0,0,0,0,0,0
Sara_sal222,9722,,1,0,0,0,0,0,0,0,0,1,0,0,0,0,0,0,0,0,0,0,0
mohamadmsb,9715,,1,0,0,0,0,1,0,0,0,0,0,0,0,0,0,0,0,0,0,0,0
ubmuiu,9700,,1,0,1,0,0,0,0,0,0,0,0,0,0,0,0,0,0,0,0,0,0
yavashuseyinn,9682,,2,0,0,0,0,0,1,0,0,1,0,0,0,0,0,0,0,0,0,0,0
Sweetbarbaralee,9680,,1,0,0,0,0,0,0,0,0,0,0,0,0,0,0,0,0,0,0,0,1
aghamoallem20,9676,,1,0,0,0,0,0,0,0,0,0,0,0,0,0,0,0,0,0,1,0,0
WaiTnaWaGatundu,9635,,1,0,0,0,0,0,0,0,0,0,1,0,0,0,0,0,0,0,0,0,0
NaomiBinyanAtid,9621,,1,0,1,0,0,0,0,0,0,0,0,0,0,0,0,0,0,0,0,0,0
reatlegetswe,9553,,1,1,0,0,0,0,0,0,0,0,0,0,0,0,0,0,0,0,0,0,0
Jalal_alansi,9551,,1,0,0,0,0,0,1,0,0,0,0,0,0,0,0,0,0,0,0,0,0
ZeeZag1,9519,,4,0,0,0,0,0,0,0,0,0,1,0,1,0,1,0,0,1,0,0,0
JamalKhanfer,9504,,1,0,0,0,0,0,0,0,0,0,0,0,0,0,0,0,0,0,0,0,1
Abo423Hager,9496,,13,1,1,0,1,0,0,1,0,1,1,1,1,1,0,1,0,1,0,1,1
Gorge_254,9475,,3,1,0,0,0,1,1,0,0,0,0,0,0,0,0,0,0,0,0,0,0
Ami_Snowleopard,9447,,1,0,0,0,0,0,0,1,0,0,0,0,0,0,0,0,0,0,0,0,0
meysam1irani,9423,,3,0,0,0,0,0,0,0,0,0,0,0,0,1,0,0,0,1,1,0,0
minooo_hastam,9421,,12,0,1,1,0,0,0,0,0,1,1,1,1,1,1,1,1,1,1,0,0
ghalbesalim,9410,,1,0,1,0,0,0,0,0,0,0,0,0,0,0,0,0,0,0,0,0,0
havayesf,9405,,2,0,0,0,0,0,0,0,0,0,0,0,0,0,0,0,1,0,1,0,0
OtigbaCrypto,9395,,2,0,0,0,0,0,0,0,0,0,0,0,0,1,0,0,0,0,1,0,0
HarrygPettit,9383,,1,0,0,0,0,0,0,0,0,1,0,0,0,0,0,0,0,0,0,0,0
sadiam110,9361,,1,0,0,0,0,1,0,0,0,0,0,0,0,0,0,0,0,0,0,0,0
hasan_m128,9348,,9,0,0,0,1,0,0,1,0,1,0,1,1,0,0,1,1,0,0,1,1
aa1ll2ii3aa11,9346,,5,0,0,0,0,1,1,0,1,0,1,0,0,0,0,0,0,1,0,0,0
HaidarAkarar,9304,,3,0,0,0,0,1,0,1,0,0,0,0,0,0,0,0,0,0,0,0,1
cherylbenson,9286,,1,0,0,0,0,0,0,0,0,0,0,1,0,0,0,0,0,0,0,0,0
PatriotSynergy,9283,,1,0,1,0,0,0,0,0,0,0,0,0,0,0,0,0,0,0,0,0,0
1366Hani,9273,,1,0,1,0,0,0,0,0,0,0,0,0,0,0,0,0,0,0,0,0,0
Kaali67800508,9262,,1,0,0,0,0,0,0,0,0,0,0,0,0,0,0,0,0,0,0,0,1
Kaybella_k,9253,,1,0,0,0,0,0,0,0,0,0,0,0,0,0,0,0,1,0,0,0,0
Zahraan___,9249,,1,0,0,0,0,0,0,0,1,0,0,0,0,0,0,0,0,0,0,0,0
thierry_bros,9238,,1,0,0,0,0,0,0,0,0,0,1,0,0,0,0,0,0,0,0,0,0
gan_dom_0631,9237,,3,0,0,0,0,1,0,0,0,0,0,0,0,1,1,0,0,0,0,0,0
alihadi_Ragnar,9234,,9,1,1,0,1,1,1,1,0,0,0,1,1,0,0,0,1,0,0,0,0
balenowatch,9226,,3,0,0,1,0,0,0,0,1,0,0,0,0,0,0,0,0,0,1,0,0
kill_biil,9217,,7,1,0,0,0,1,1,0,1,0,0,0,0,0,0,1,0,1,1,0,0
marielSiviglia,9151,,6,0,0,0,0,0,1,1,0,1,0,0,0,1,1,0,0,1,0,0,0
DedyNad_id,9142,,8,0,0,1,0,1,0,1,1,1,0,1,0,1,0,0,0,0,1,0,0
ApricotForever,9141,,1,0,0,0,0,0,0,1,0,0,0,0,0,0,0,0,0,0,0,0,0
JoannaTeglund,9140,,1,0,0,0,0,0,0,0,0,0,0,0,0,0,0,0,0,0,0,0,1
Yng_Habeeb,9112,,1,0,0,0,0,0,0,0,0,0,0,0,0,0,0,0,0,0,0,0,1
ali_chahkho,9109,,6,0,0,1,0,0,0,0,0,1,1,1,1,0,0,0,0,0,1,0,0
muntazireimam84,9096,,14,0,1,0,1,1,1,1,0,1,1,1,1,1,1,0,1,1,1,0,0
rociocangla,9094,,9,0,0,0,1,0,1,1,1,1,0,0,0,0,0,0,0,1,1,1,1
MashkurKabuli,9094,,4,0,0,0,0,0,0,0,1,0,0,0,0,0,0,0,1,0,1,1,0
Yahyasharaf10,9088,,1,0,0,0,0,0,0,0,0,0,0,0,0,0,0,0,0,0,0,1,0
pawelrakowski85,9085,,2,0,0,1,0,0,0,0,1,0,0,0,0,0,0,0,0,0,0,0,0
legibitiquas,9067,,3,0,0,0,0,1,1,0,0,0,0,0,0,0,0,0,0,0,1,0,0
ZAIDWASI,9067,,1,0,0,0,0,0,0,0,1,0,0,0,0,0,0,0,0,0,0,0,0
apls452,9065,,1,0,1,0,0,0,0,0,0,0,0,0,0,0,0,0,0,0,0,0,0
b4dchan,9061,,1,0,0,0,0,0,0,0,0,0,0,1,0,0,0,0,0,0,0,0,0
mou123144,9041,,1,0,0,0,0,0,0,0,0,0,0,0,0,0,0,0,0,1,0,0,0
donaldgorbachev,9029,,1,0,0,0,0,0,0,0,0,0,0,0,0,0,0,0,1,0,0,0,0
OfficialHFJ,9011,,1,0,0,0,0,0,0,1,0,0,0,0,0,0,0,0,0,0,0,0,0
Divya_M_P,9002,,1,0,0,0,0,0,0,0,0,0,0,0,0,0,0,1,0,0,0,0,0
CLIFHIGH3,8994,,2,0,0,0,0,0,0,0,1,0,0,0,0,0,0,0,0,1,0,0,0
f_safari_84,8931,,2,0,0,0,0,0,0,0,0,0,0,0,0,1,1,0,0,0,0,0,0
Amandasatiro07,8930,,1,0,0,0,0,0,0,0,0,0,0,0,0,0,0,0,0,1,0,0,0
GhamariVafa,8916,,8,0,1,0,0,1,1,0,0,1,1,0,0,1,0,0,0,0,1,1,0
mhmdiism,8882,,1,0,0,0,0,0,1,0,0,0,0,0,0,0,0,0,0,0,0,0,0
Iman_Momeni1,8869,,1,0,0,0,0,0,0,0,0,0,0,0,0,1,0,0,0,0,0,0,0
alidaneshmand_4,8855,,1,0,0,0,0,0,1,0,0,0,0,0,0,0,0,0,0,0,0,0,0
Hamid2w,8854,,1,0,0,0,0,0,0,0,0,0,0,0,0,0,0,0,0,1,0,0,0
FUTURENEWS2020,8792,,4,0,0,1,0,0,1,0,0,1,0,0,0,0,0,1,0,0,0,0,0
VanSulli,8790,,15,0,0,0,1,1,1,1,1,1,1,1,1,1,1,1,1,1,1,0,0
ArtCrunchy,8762,,1,0,0,0,0,0,1,0,0,0,0,0,0,0,0,0,0,0,0,0,0
OctarRuga,8750,,1,0,0,0,0,0,1,0,0,0,0,0,0,0,0,0,0,0,0,0,0
DCSWORLDPAK,8746,,1,0,0,0,0,0,0,0,0,0,1,0,0,0,0,0,0,0,0,0,0
JucheAffirmer,8737,,1,0,0,0,0,0,0,0,0,0,0,0,0,0,0,0,1,0,0,0,0
husseinb,8731,,3,0,0,1,0,0,0,0,1,1,0,0,0,0,0,0,0,0,0,0,0
Mohamme97589888,8724,,4,0,0,0,0,1,1,0,0,0,0,0,1,1,0,0,0,0,0,0,0
Sabamontazer,8720,,16,0,1,0,1,1,1,1,1,1,1,1,1,1,1,0,1,1,1,0,1
Jordigave,8712,,1,0,0,0,0,0,0,0,0,0,0,0,0,1,0,0,0,0,0,0,0
cie1947,8701,,2,0,0,0,0,0,0,0,0,0,0,0,0,0,0,0,0,0,0,1,1
saharenamdar,8680,,1,0,0,0,0,0,0,0,0,0,0,0,0,0,0,0,0,0,1,0,0
Limare64,8660,,3,0,0,0,0,0,0,1,1,1,0,0,0,0,0,0,0,0,0,0,0
BillowIsmail,8646,,5,0,0,1,0,0,0,0,0,0,0,0,0,1,0,0,0,0,1,1,1
rRealNeilNash,8631,,1,0,0,0,0,0,0,0,0,0,0,0,0,0,0,0,1,0,0,0,0
assem77129,8589,,4,0,0,0,0,1,0,0,0,1,0,0,0,1,1,0,0,0,0,0,0
MichiganNation2,8580,,2,0,0,0,0,0,0,0,0,1,0,0,0,1,0,0,0,0,0,0,0
PriyabrataT,8575,,1,0,0,0,0,0,0,0,0,0,0,0,0,0,0,0,0,1,0,0,0
Hasnat_A_Koot,8575,,2,0,0,1,0,1,0,0,0,0,0,0,0,0,0,0,0,0,0,0,0
SaurabhJoshi,8547,,3,0,0,0,0,0,0,0,1,1,1,0,0,0,0,0,0,0,0,0,0
rezamiri81,8538,,2,0,0,0,0,0,0,0,0,0,0,0,0,1,1,0,0,0,0,0,0
SENSIMILLIEA,8531,,1,0,0,0,0,0,0,0,0,0,0,0,0,0,0,0,0,0,0,0,1
Juan_RemolinaC,8528,,2,0,0,0,0,0,0,1,0,0,0,0,0,0,0,0,0,0,0,0,1
yucelbarakaz,8524,,5,0,0,0,0,0,0,0,0,0,1,0,0,0,0,0,1,1,1,1,0
LDelsoll,8523,,2,0,0,0,0,0,0,0,0,1,0,0,0,1,0,0,0,0,0,0,0
GMF_YEM_2025,8523,,2,0,0,0,0,0,0,0,0,0,0,0,0,0,0,1,1,0,0,0,0
FreeGeneraxion,8517,,1,0,0,0,0,0,0,0,0,0,0,0,0,0,0,0,0,1,0,0,0
VandanaHari_SG,8511,,2,0,0,0,0,0,0,0,1,0,0,0,0,0,0,0,0,0,1,0,0
parima19683,8507,,1,1,0,0,0,0,0,0,0,0,0,0,0,0,0,0,0,0,0,0,0
syfhosseini,8497,,2,1,0,0,0,0,1,0,0,0,0,0,0,0,0,0,0,0,0,0,0
OT__VIBES,8478,,1,0,0,0,0,0,0,0,0,0,0,0,0,0,0,0,0,0,0,0,1
mohmmed_allaw,8465,,2,0,0,0,0,0,0,0,0,0,0,0,0,0,0,1,1,0,0,0,0
IRANinFRANCE,8443,,1,0,0,0,0,0,0,0,0,0,0,0,0,0,0,0,0,0,0,0,1
AttyeLina,8435,,8,0,1,0,1,1,1,0,1,0,0,0,0,0,0,1,1,0,0,0,1
wawireCS,8429,,4,0,0,0,0,0,1,0,0,0,0,1,1,1,0,0,0,0,0,0,0
SabriaCBalland,8429,,2,0,0,0,0,0,0,0,0,0,1,0,0,0,0,0,0,0,0,0,1
moshetonychin,8385,,1,0,0,0,0,1,0,0,0,0,0,0,0,0,0,0,0,0,0,0,0
golzar63,8338,,1,0,0,0,0,0,0,0,0,0,0,0,0,1,0,0,0,0,0,0,0
dublinactivist,8335,,2,0,0,0,0,0,1,0,1,0,0,0,0,0,0,0,0,0,0,0,0
Afifehabedi,8331,,10,0,0,1,1,1,1,0,0,1,1,0,1,1,1,0,0,1,0,0,0
NassimNoUnoff,8303,,2,0,0,0,0,0,0,0,0,0,0,0,1,1,0,0,0,0,0,0,0
mysticaltech,8300,,2,0,0,0,0,0,1,0,0,0,0,0,0,0,0,0,0,0,0,0,1
rrschmocker54,8299,,2,0,0,0,0,0,0,0,1,0,1,0,0,0,0,0,0,0,0,0,0
morteza_pn,8299,,1,0,1,0,0,0,0,0,0,0,0,0,0,0,0,0,0,0,0,0,0
iFortknox,8275,,1,0,0,0,0,0,0,0,1,0,0,0,0,0,0,0,0,0,0,0,0
WithyGrove,8272,,1,0,0,0,0,0,0,0,0,1,0,0,0,0,0,0,0,0,0,0,0
OLUWA2M1,8265,,1,0,0,1,0,0,0,0,0,0,0,0,0,0,0,0,0,0,0,0,0
Tinkeringhalo2,8248,,2,0,0,0,0,0,0,0,0,0,1,0,0,0,0,0,0,0,0,1,0
m_noroozpoor,8245,,2,0,0,0,0,0,0,0,0,0,1,0,0,0,0,0,0,0,1,0,0
DuroBelinda,8244,,3,0,0,0,0,0,1,0,0,1,0,0,0,0,0,0,0,0,0,1,0
resistancestan,8225,,2,0,0,0,0,0,0,0,0,0,1,0,0,0,0,0,0,0,0,0,1
tinfoilhat79,8208,,1,0,0,0,0,0,0,0,0,0,0,0,0,0,0,0,0,0,0,0,1
sharen_mm,8189,,2,0,0,0,0,0,0,0,0,0,0,0,1,0,0,0,0,0,1,0,0
Beingkhanumar,8180,,13,0,1,0,1,0,1,1,1,0,1,1,1,1,0,0,1,1,0,1,1
carloslaconcha1,8166,,1,0,0,0,0,0,0,1,0,0,0,0,0,0,0,0,0,0,0,0,0
waweru,8163,,6,0,0,0,0,1,1,0,1,1,0,0,0,1,1,0,0,0,0,0,0
AllyReza14,8149,,11,0,1,1,0,0,1,1,1,1,0,0,1,0,0,1,0,0,1,1,1
jdamijan,8140,,2,0,0,0,0,0,0,0,0,0,0,0,0,0,0,0,0,1,1,0,0
Alhajrifatema,8139,,1,0,0,0,0,0,0,0,0,0,0,0,0,1,0,0,0,0,0,0,0
junaid_haido,8138,,5,1,1,0,0,1,1,0,0,0,1,0,0,0,0,0,0,0,0,0,0
crosslinkjapan,8129,,1,0,0,0,0,0,1,0,0,0,0,0,0,0,0,0,0,0,0,0,0
RogueKite,8121,,1,0,0,0,0,0,0,0,0,0,0,0,0,0,0,0,0,0,1,0,0
A_E_Rasooli,8120,,1,0,0,0,0,0,0,0,0,0,0,0,0,0,1,0,0,0,0,0,0
pilaraymara,8114,,3,0,0,0,0,0,0,0,0,0,0,0,0,1,0,0,0,0,0,1,1
asinosvay,8109,,1,0,0,0,0,0,1,0,0,0,0,0,0,0,0,0,0,0,0,0,0
BenjiSeitlhamo,8100,,4,0,0,0,0,0,1,0,0,0,0,0,0,0,0,0,0,0,1,1,1
dimitri_kenya,8088,,2,0,0,0,0,0,0,0,0,1,1,0,0,0,0,0,0,0,0,0,0
TheLevantineMan,8076,,2,0,0,0,0,0,0,0,1,0,1,0,0,0,0,0,0,0,0,0,0
Shahaab92,8076,,5,0,0,0,1,1,1,1,0,0,0,1,0,0,0,0,0,0,0,0,0
burujlaptop,8073,,1,0,0,0,0,0,1,0,0,0,0,0,0,0,0,0,0,0,0,0,0
neuro_words,8051,,1,0,0,0,0,0,0,0,0,0,1,0,0,0,0,0,0,0,0,0,0
AljnwbA711,8048,,3,0,1,0,0,0,0,0,0,1,0,0,0,1,0,0,0,0,0,0,0
Pakniyat__,8041,,10,1,1,0,1,1,1,0,1,0,0,0,1,1,0,0,0,1,1,0,0
noora_257,8021,,14,0,0,0,0,1,1,0,0,1,1,1,1,1,1,1,1,1,1,1,1
morteza_kaka313,7992,,13,1,1,1,1,1,0,1,1,0,1,1,1,1,0,0,1,0,1,0,0
1foreverseeking,7990,,3,0,0,0,0,0,0,0,0,0,0,0,0,0,0,0,1,0,1,1,0
biteme_suckas,7974,,2,0,0,0,0,0,1,0,0,1,0,0,0,0,0,0,0,0,0,0,0
Plz_Relax_,7969,,1,0,0,0,0,0,0,0,0,0,1,0,0,0,0,0,0,0,0,0,0
raniaa1289045,7959,,1,0,0,0,0,0,0,0,0,0,0,0,0,0,0,1,0,0,0,0,0
JA00963,7959,,1,0,0,0,0,0,0,0,0,0,0,0,0,0,0,0,0,1,0,0,0
theAghaMostafa,7942,,1,0,0,0,0,0,0,0,0,0,0,0,0,1,0,0,0,0,0,0,0
malk21_9,7941,,1,0,0,0,0,0,0,0,0,0,0,0,1,0,0,0,0,0,0,0,0
BrendanPeberdy,7896,,1,0,0,0,0,0,0,0,0,0,0,0,0,0,0,0,1,0,0,0,0
m_rahimi_72,7862,,1,0,0,0,0,0,0,0,0,0,0,0,0,0,0,0,0,0,0,0,1
Sansirated,7858,,2,0,1,0,0,0,0,0,0,0,0,0,0,0,0,0,1,0,0,0,0
ITANDEHUI1801,7847,,1,0,0,0,0,0,0,0,0,0,0,0,0,0,0,0,0,0,1,0,0
agha_bakeri,7846,,1,0,0,0,0,0,0,0,0,0,0,0,0,0,0,0,0,0,0,1,0
1NuevoOrden,7843,,1,0,0,0,0,1,0,0,0,0,0,0,0,0,0,0,0,0,0,0,0
afrilivesmatter,7827,,5,0,0,0,1,0,0,1,0,1,1,0,0,0,0,0,0,0,0,1,0
_Popins,7819,,3,0,0,0,0,0,1,0,0,0,0,0,1,1,0,0,0,0,0,0,0
andrepaltry,7795,,2,0,0,0,0,0,0,0,0,0,0,0,0,0,0,0,0,1,1,0,0
Orthodoxe,7795,,1,0,0,0,0,0,0,0,0,0,0,0,0,0,0,0,0,0,0,0,1
aghaye_chaei,7791,,10,0,0,0,0,0,1,1,1,1,0,1,1,1,1,0,0,0,1,1,0
f_mustafavi,7784,,1,0,0,0,0,0,0,0,0,0,0,0,0,1,0,0,0,0,0,0,0
zarebin0,7782,,2,0,0,0,0,0,1,0,0,0,0,0,0,0,0,1,0,0,0,0,0
UdsiAsli,7767,,2,0,0,0,0,0,1,0,0,0,0,0,0,0,1,0,0,0,0,0,0
jong_slow,7760,,1,0,0,0,0,0,0,0,0,0,0,0,0,0,0,0,0,1,0,0,0
luxeprogressive,7756,,2,0,1,0,0,0,1,0,0,0,0,0,0,0,0,0,0,0,0,0,0
abdulla_faraz,7743,,5,0,0,0,0,1,1,0,0,1,1,0,0,0,0,0,0,0,1,0,0
PAOLANURNBERG,7738,,4,0,0,0,0,0,1,0,0,1,1,0,0,0,0,1,0,0,0,0,0
TxWidiwidi,7731,,1,0,0,0,0,0,0,0,0,0,0,0,0,0,0,0,0,0,0,0,1
TalentCoop,7731,,1,0,0,0,0,0,0,1,0,0,0,0,0,0,0,0,0,0,0,0,0
SamiRamadani1,7706,,1,0,0,0,0,0,0,0,0,0,0,0,0,0,0,0,0,0,0,0,1
palm_phattanan,7654,,2,1,0,0,1,0,0,0,0,0,0,0,0,0,0,0,0,0,0,0,0
SusanSmithAus,7651,,1,0,0,0,0,0,1,0,0,0,0,0,0,0,0,0,0,0,0,0,0
emilcyc,7643,,6,1,0,0,0,0,1,1,0,0,0,1,1,1,0,0,0,0,0,0,0
masaf_foods,7635,,1,0,0,0,0,0,0,0,0,0,0,0,0,0,0,0,0,0,1,0,0
shehzadhqazi,7633,,1,0,0,0,0,0,0,0,1,0,0,0,0,0,0,0,0,0,0,0,0
mizukamistaff,7609,,1,0,0,0,0,0,0,0,0,0,0,0,0,0,0,0,0,1,0,0,0
N_Rahimi_107,7604,,4,0,0,0,0,0,0,1,0,0,0,0,0,1,0,0,1,0,1,0,0
emanuelpietrob1,7598,,2,0,0,0,0,0,1,0,0,0,1,0,0,0,0,0,0,0,0,0,0
fazle_alam,7595,,2,0,0,0,0,1,1,0,0,0,0,0,0,0,0,0,0,0,0,0,0
AfgFactChecks,7591,,2,0,0,0,0,0,1,0,0,1,0,0,0,0,0,0,0,0,0,0,0
laili_dideban63,7558,,1,0,0,0,0,0,1,0,0,0,0,0,0,0,0,0,0,0,0,0,0
thrsts_,7525,,8,0,0,0,0,1,0,0,1,1,0,0,0,0,1,1,0,1,1,1,0
iranembassy_nz,7518,,5,0,0,0,0,0,0,0,0,0,1,0,0,1,0,0,0,0,1,1,1
A_R_Aliyani,7510,,1,0,0,0,0,0,1,0,0,0,0,0,0,0,0,0,0,0,0,0,0
realazadeh,7508,,1,0,0,0,0,0,0,0,0,0,0,0,0,0,0,0,1,0,0,0,0
anniefofani,7489,,9,0,0,0,1,1,1,1,0,1,1,0,0,0,0,0,1,0,0,1,1
HammerstoneMar3,7479,,1,0,0,0,0,0,0,0,0,1,0,0,0,0,0,0,0,0,0,0,0
Maenyria_M,7472,,4,0,0,0,0,0,1,0,1,0,0,0,0,1,0,0,0,0,1,0,0
charlie_marema,7471,,10,0,0,1,1,0,0,0,0,1,1,1,1,1,0,1,0,1,0,0,1
IRANinFINLAND,7471,,13,0,0,0,0,0,0,1,1,1,1,1,1,1,1,0,1,1,1,1,1
GrownRoom,7467,,4,0,1,0,0,1,0,0,0,0,0,0,0,0,0,0,0,1,0,0,1
zahra_hp79,7461,,1,0,0,0,0,1,0,0,0,0,0,0,0,0,0,0,0,0,0,0,0
Filomen03258997,7449,,19,1,1,1,1,1,1,1,1,1,1,1,1,1,1,0,1,1,1,1,1
CHItrader,7445,,1,0,0,0,0,0,1,0,0,0,0,0,0,0,0,0,0,0,0,0,0
Saeidi_Saeid3,7425,,1,0,0,0,0,0,0,0,0,0,0,0,0,0,0,0,0,0,0,0,1
saeedha85,7423,,2,0,0,0,0,0,0,0,0,0,0,0,1,0,0,0,0,0,0,1,0
tdirurupsp5e88t,7408,,1,0,0,0,0,0,0,0,0,0,0,0,1,0,0,0,0,0,0,0,0
MushtaQ_Q_,7408,,1,0,0,0,0,0,0,0,0,0,0,0,0,0,0,1,0,0,0,0,0
Vital_aH,7399,,8,0,0,0,1,1,1,0,0,0,0,1,0,1,0,0,1,1,1,0,0
thisismoh265,7391,,5,0,1,0,0,0,0,0,0,0,1,0,0,0,0,1,0,1,0,0,1
jafari000000,7375,,1,0,0,0,0,0,0,0,0,0,0,1,0,0,0,0,0,0,0,0,0
Razaazaidi,7368,,4,0,0,0,0,0,0,0,1,0,1,0,0,0,0,0,0,1,0,0,1
Minaei_izad,7363,,6,0,0,0,1,1,1,1,1,0,0,0,0,0,0,0,0,0,1,0,0
TheActor_movie,7342,,1,0,0,0,0,0,0,0,0,1,0,0,0,0,0,0,0,0,0,0,0
jay_onemoney,7327,,1,0,0,0,0,0,0,0,0,0,1,0,0,0,0,0,0,0,0,0,0
FlashWireNews,7299,,7,0,0,0,1,1,1,0,1,1,0,0,0,1,0,0,0,1,0,0,0
dart_jan,7297,,1,0,1,0,0,0,0,0,0,0,0,0,0,0,0,0,0,0,0,0,0
Asad6579,7289,,3,0,0,0,1,1,1,0,0,0,0,0,0,0,0,0,0,0,0,0,0
raihan__2,7274,,1,0,0,0,0,0,0,0,0,0,0,0,0,1,0,0,0,0,0,0,0
HipsterUnionRep,7271,,2,0,0,0,0,0,0,0,0,0,0,0,0,0,0,1,0,1,0,0,0
3Gaddar,7250,,1,0,0,0,0,0,0,0,0,0,0,0,0,0,0,1,0,0,0,0,0
ahmadkhaniiii,7236,,2,0,0,0,1,0,0,0,0,1,0,0,0,0,0,0,0,0,0,0,0
BigChiefDamian,7219,,3,0,0,0,0,0,0,0,0,0,0,0,0,1,1,0,0,0,1,0,0
aminifar1365,7202,,1,0,0,0,0,0,0,0,0,0,0,0,0,0,0,0,0,1,0,0,0
NewsInSmol,7197,,1,0,0,0,0,0,0,0,0,0,0,0,0,0,0,0,0,1,0,0,0
andytuit,7192,,1,0,0,0,0,0,0,0,0,0,1,0,0,0,0,0,0,0,0,0,0
Ash_Prashar,7186,,2,0,0,0,0,0,0,0,0,0,0,0,0,1,0,0,0,0,0,1,0
Gerrrty,7157,,2,0,0,0,0,0,0,0,0,1,1,0,0,0,0,0,0,0,0,0,0
denomeme,7156,,1,0,0,0,0,0,0,0,0,0,0,0,0,0,0,0,0,1,0,0,0
MamaNoelles,7155,,2,0,0,0,0,0,0,0,0,0,0,0,1,0,1,0,0,0,0,0,0
JartoYa,7151,,1,0,0,0,0,0,0,0,0,0,1,0,0,0,0,0,0,0,0,0,0
iraninitaly,7149,,2,0,0,0,0,0,0,0,0,1,1,0,0,0,0,0,0,0,0,0,0
DrBMcDH,7099,,1,0,0,0,0,0,0,0,0,0,0,0,0,0,0,0,0,0,0,0,1
RyanHatari,7096,,1,0,0,0,0,0,0,0,0,0,1,0,0,0,0,0,0,0,0,0,0
stumbue,7082,,2,1,0,0,0,0,0,0,1,0,0,0,0,0,0,0,0,0,0,0,0
matt7gh,7066,,1,0,0,0,0,0,0,0,0,0,0,0,0,0,0,0,0,0,1,0,0
ykarimi_,7062,,5,0,0,0,0,0,1,1,0,0,0,0,1,0,0,1,0,0,1,0,0
helenmcollins1,7061,,1,0,0,0,0,0,0,0,0,0,0,0,0,0,0,0,0,1,0,0,0
IBuzgan,7057,,4,0,0,0,0,0,1,0,0,1,0,0,0,0,0,0,0,0,0,1,1
isaacjdotcom,7054,,1,0,0,0,0,0,0,0,0,0,0,0,0,1,0,0,0,0,0,0,0
TomBaller1975,7051,,1,0,0,0,0,0,0,0,0,0,0,0,0,0,0,0,0,0,1,0,0
carlworker,7042,,3,0,0,1,0,0,0,0,0,0,0,0,0,1,0,1,0,0,0,0,0
angelgooner,7031,,2,0,0,0,0,0,1,0,0,0,0,0,0,0,0,0,1,0,0,0,0
0mhp037,7024,,1,0,0,0,0,0,0,0,0,0,0,0,0,1,0,0,0,0,0,0,0
HwgYjyLACO5XW9S,7011,,14,0,0,0,1,0,1,0,1,1,0,1,1,1,1,1,1,1,1,1,1
VsFatemeh,7010,,1,0,0,0,0,0,1,0,0,0,0,0,0,0,0,0,0,0,0,0,0
Simon_A_Wood,6991,,3,0,0,0,0,0,0,0,0,0,0,0,0,0,0,0,0,0,1,1,1
Ad_Tel_210168,6988,,1,0,0,0,0,0,0,0,0,0,0,0,0,0,0,0,0,0,0,0,1
J_Jazim,6958,,4,0,0,0,0,1,0,0,1,1,0,0,0,0,0,0,0,1,0,0,0
Che_guevara_in_,6945,,1,1,0,0,0,0,0,0,0,0,0,0,0,0,0,0,0,0,0,0,0
MartynNamorong,6937,,9,0,1,0,0,0,1,0,0,1,1,1,1,0,0,0,1,0,0,1,1
mishi_mishi75,6928,,1,0,0,0,0,0,0,0,0,1,0,0,0,0,0,0,0,0,0,0,0
whoisbobbparris,6902,,2,0,0,0,0,0,1,0,0,0,1,0,0,0,0,0,0,0,0,0,0
_soomayeh__,6900,,1,0,0,0,0,0,0,0,0,1,0,0,0,0,0,0,0,0,0,0,0
Ziyad_F_I,6891,,1,0,0,0,0,0,1,0,0,0,0,0,0,0,0,0,0,0,0,0,0
stickwithchick,6873,,2,0,0,0,0,0,0,0,0,1,0,0,0,0,0,0,0,0,0,0,1
acmnepal,6871,,1,0,0,0,0,0,0,0,0,0,0,0,0,0,0,1,0,0,0,0,0
Rre_shima,6866,,2,1,0,0,1,0,0,0,0,0,0,0,0,0,0,0,0,0,0,0,0
tomalallave,6841,,3,0,0,0,0,0,0,0,1,1,1,0,0,0,0,0,0,0,0,0,0
jjwhitlaw,6840,,4,0,0,0,0,0,0,0,0,0,1,1,0,0,1,1,0,0,0,0,0
ghaderi62,6838,,1,0,0,0,0,0,0,0,0,1,0,0,0,0,0,0,0,0,0,0,0
JanJak_AMC,6834,,5,0,1,0,0,0,0,0,1,0,1,0,1,0,0,0,1,0,0,0,0
anoo_ell,6827,,2,0,0,0,0,0,0,0,0,0,0,0,0,0,0,1,1,0,0,0,0
zahrarezaee1992,6824,,4,0,0,0,1,0,0,1,1,1,0,0,0,0,0,0,0,0,0,0,0
ZahraKhalili_TV,6809,,2,0,0,0,0,0,1,0,0,0,0,0,1,0,0,0,0,0,0,0,0
Noodoggy,6800,,1,0,0,0,0,0,0,0,0,0,0,0,0,0,0,0,0,0,0,1,0
MasroorAnsari,6800,,1,0,0,0,0,0,0,0,0,0,0,0,0,0,0,0,0,1,0,0,0
aleksandraopal2,6770,,1,0,0,0,0,0,0,0,0,0,0,0,0,0,0,0,0,0,0,0,1
rocinante2d,6748,,3,0,0,0,0,0,1,1,0,0,0,0,0,1,0,0,0,0,0,0,0
sadeghnikoo,6741,,8,0,0,0,0,0,1,0,0,1,1,0,0,0,0,1,1,1,1,1,0
Bayanov74,6732,,1,0,0,0,0,0,1,0,0,0,0,0,0,0,0,0,0,0,0,0,0
gulabaton_22,6728,,1,0,0,0,0,0,0,0,0,0,0,0,0,0,0,0,0,0,1,0,0
b95326567,6726,,2,0,0,0,0,0,0,0,0,0,1,0,0,1,0,0,0,0,0,0,0
WhirlwindWisdom,6726,,3,0,0,1,0,1,0,0,0,0,0,0,0,0,0,0,0,0,0,0,1
jocakim_de,6724,,1,0,0,0,0,0,0,0,1,0,0,0,0,0,0,0,0,0,0,0,0
MKjrstad,6722,,6,0,1,1,0,1,0,0,1,0,1,0,0,0,0,0,0,1,0,0,0
AllawiSsemanda,6701,,1,0,0,0,0,0,0,0,1,0,0,0,0,0,0,0,0,0,0,0,0
pathrs,6673,,1,0,0,0,0,0,0,0,0,0,1,0,0,0,0,0,0,0,0,0,0
CeltiCRab19671,6657,,2,0,0,1,0,0,0,0,0,0,0,0,0,0,0,0,0,1,0,0,0
AndreaT2303,6657,,1,0,0,0,0,0,0,0,0,0,0,0,0,0,0,0,0,1,0,0,0
aga1nsta11oddz,6643,,1,0,0,0,0,0,0,0,0,0,0,0,0,0,0,0,0,0,0,0,1
ramana1729,6641,,1,0,1,0,0,0,0,0,0,0,0,0,0,0,0,0,0,0,0,0,0
KanyindaPat,6610,,1,0,0,0,0,0,0,0,0,0,0,0,0,0,0,0,0,0,0,0,1
HamjaAhsan,6609,,4,1,0,0,0,0,0,1,0,0,1,1,0,0,0,0,0,0,0,0,0
MadMax62309410,6607,,1,0,0,0,0,0,0,0,0,0,0,0,0,0,0,0,0,0,0,1,0
Makintamie,6603,,7,1,0,1,0,1,0,0,0,1,1,0,0,1,1,0,0,0,0,0,0
_Aldawlah,6598,,1,0,0,0,0,0,0,0,0,0,0,0,0,0,0,1,0,0,0,0,0
bil1gets,6585,,1,0,0,0,0,0,1,0,0,0,0,0,0,0,0,0,0,0,0,0,0
_checkings,6581,,1,0,0,0,0,0,0,0,0,0,0,0,0,0,0,0,0,1,0,0,0
fouad_jm2,6571,,11,0,1,1,1,0,1,0,0,1,0,0,0,1,1,0,1,0,1,1,1
RoisinQuinn79,6570,,1,0,0,0,0,0,0,0,0,0,0,0,0,0,0,0,0,0,0,0,1
JohnHuddyTV,6555,,1,0,1,0,0,0,0,0,0,0,0,0,0,0,0,0,0,0,0,0,0
PalomaGablice,6554,,1,0,0,0,0,1,0,0,0,0,0,0,0,0,0,0,0,0,0,0,0
AhmedQuraishiAR,6545,,1,0,0,0,0,0,0,0,0,0,0,0,0,0,0,1,0,0,0,0,0
EnsiyehKhazali,6542,,3,0,0,0,0,0,0,0,0,0,0,0,0,0,0,1,0,1,1,0,0
SMCADMAN,6541,,2,0,0,0,0,0,0,1,1,0,0,0,0,0,0,0,0,0,0,0,0
AmrAdelFahmy,6538,,6,0,0,0,0,0,0,1,0,1,1,0,0,0,0,1,0,1,0,0,1
roohollaah313,6535,,1,0,0,0,0,0,0,0,0,0,0,0,0,0,0,0,0,0,1,0,0
mjacksonrm51,6527,,1,0,0,0,0,0,0,0,0,0,0,0,0,0,0,0,0,1,0,0,0
Ussignur_,6520,,10,0,0,0,0,1,1,1,0,1,1,0,1,1,0,0,1,1,1,0,0
Ojayy031,6505,,3,1,0,0,0,0,0,0,0,0,0,0,1,1,0,0,0,0,0,0,0
IsmailEctasie,6503,,2,0,0,0,0,0,0,0,0,0,0,0,0,0,0,0,0,0,1,1,0
onpoint_co_ke,6495,,1,0,0,0,0,0,0,0,0,0,1,0,0,0,0,0,0,0,0,0,0
AcylManany,6484,,1,0,0,0,0,0,1,0,0,0,0,0,0,0,0,0,0,0,0,0,0
nanda_pradeip,6468,,1,0,0,0,0,0,0,0,0,0,0,0,0,0,0,0,0,0,0,0,1
KingTherapy,6466,,11,0,0,0,0,0,1,0,1,1,1,0,0,1,1,1,1,0,1,1,1
254Stevie,6464,,3,0,0,0,0,0,0,1,0,1,1,0,0,0,0,0,0,0,0,0,0
DisputingSunnah,6452,,2,0,0,0,0,0,0,0,0,0,0,0,0,0,0,0,1,1,0,0,0
superbranch,6447,,1,0,0,0,0,0,0,0,0,0,0,0,0,0,0,0,0,1,0,0,0
EhsanNikna52158,6442,,2,0,0,0,0,0,0,0,0,0,0,0,0,0,0,0,1,0,1,0,0
eightynines,6440,,1,0,0,1,0,0,0,0,0,0,0,0,0,0,0,0,0,0,0,0,0
HajjiSyd,6431,,1,0,0,0,0,0,0,0,0,0,1,0,0,0,0,0,0,0,0,0,0
shahidhemmat1,6430,,1,0,0,0,0,0,0,0,0,0,0,0,0,0,0,0,0,0,0,0,1
Sana_aniyah711,6423,,2,0,0,0,0,0,0,0,1,1,0,0,0,0,0,0,0,0,0,0,0
zumalt_barbara,6420,,2,0,0,0,0,0,0,0,0,0,0,0,0,0,0,0,0,1,1,0,0
Abdolreza_ya_ir,6416,,7,0,0,0,1,0,1,1,0,0,0,0,0,1,0,0,1,1,0,0,1
DrMohdTariq,6407,,1,0,0,0,0,0,0,0,0,1,0,0,0,0,0,0,0,0,0,0,0
alishbanaeem2,6402,,1,0,0,0,0,0,0,0,0,0,0,0,0,1,0,0,0,0,0,0,0
e_winzar,6401,,1,0,0,0,0,0,0,0,0,0,0,0,0,0,0,0,0,0,0,0,1
proudUGn1,6400,,5,0,0,0,0,1,0,0,1,1,1,1,0,0,0,0,0,0,0,0,0
sherifhany,6392,,1,0,0,0,0,0,0,0,1,0,0,0,0,0,0,0,0,0,0,0,0
i_5_6,6380,,1,0,0,0,0,0,0,0,0,0,0,0,0,0,0,1,0,0,0,0,0
JobeerB,6359,,16,0,1,0,1,1,1,1,1,1,1,1,1,1,0,1,1,1,0,1,1
ShKa4kh,6342,,2,0,0,0,0,0,0,0,0,0,0,0,0,1,0,0,0,0,0,0,1
skandariamir1,6337,,2,0,0,0,0,0,1,0,0,0,0,1,0,0,0,0,0,0,0,0,0
SEYEDREZA138,6326,,5,0,0,0,0,0,1,0,0,0,0,0,1,0,0,0,1,0,1,0,1
javadaghaei2002,6297,,12,1,0,0,0,0,1,1,1,1,0,0,1,1,0,0,1,1,1,1,1
TriciaNC1,6286,,1,0,0,0,0,0,0,0,0,1,0,0,0,0,0,0,0,0,0,0,0
Logos_Freedom,6276,,3,0,0,0,0,1,0,0,0,0,0,0,0,1,0,0,0,0,1,0,0
BorderReiverReb,6252,,1,0,0,0,0,0,0,0,0,0,0,0,0,0,0,0,0,0,1,0,0
DaaniPooh,6238,,1,0,0,0,0,0,0,0,1,0,0,0,0,0,0,0,0,0,0,0,0
Khnoom_shin,6209,,2,0,0,0,0,0,1,1,0,0,0,0,0,0,0,0,0,0,0,0,0
rosa_rior,6191,,4,0,0,0,0,0,0,0,0,0,0,1,1,0,0,0,0,0,1,0,1
gggg45466,6168,,1,0,0,0,0,0,1,0,0,0,0,0,0,0,0,0,0,0,0,0,0
Moohammadd,6156,,5,0,0,0,0,1,0,1,1,0,1,1,0,0,0,0,0,0,0,0,0
RealJohnGaltFla,6155,,1,0,0,0,0,0,0,0,0,0,0,0,0,1,0,0,0,0,0,0,0
kamoh_james,6151,,1,0,0,0,0,0,0,0,1,0,0,0,0,0,0,0,0,0,0,0,0
suareicolliepro,6123,,2,0,0,0,0,0,0,0,0,0,1,0,0,1,0,0,0,0,0,0,0
jrs_x_,6122,,4,0,1,0,0,0,0,0,0,0,0,0,0,0,0,0,1,1,1,0,0
ShaBbarAli51565,6074,,1,0,0,0,0,0,0,0,0,1,0,0,0,0,0,0,0,0,0,0,0
PromoterBoxing,6074,,3,0,0,0,0,1,0,0,0,0,0,0,0,0,0,0,0,1,0,1,0
MajidN88,6060,,3,0,0,0,0,0,0,1,1,0,0,0,0,0,0,0,0,0,0,0,1
elchamocandanga,6052,,1,0,0,0,0,0,0,1,0,0,0,0,0,0,0,0,0,0,0,0,0
atalayha,6048,,1,0,0,0,0,0,0,0,0,0,0,0,0,0,0,0,0,1,0,0,0
EspartacoSoy,6039,,3,0,0,0,0,0,0,0,0,0,0,0,0,1,1,0,0,0,1,0,0
Silent_Laila,6038,,3,0,0,1,0,0,0,0,0,0,1,0,0,0,0,0,0,0,0,0,1
NaqviMA,6037,,1,0,0,0,0,0,0,0,0,0,0,1,0,0,0,0,0,0,0,0,0
Digi_Cult_Mood,6034,,2,0,0,0,0,0,0,0,0,0,0,0,0,0,0,0,0,1,0,0,1
f_rassta,6024,,1,0,0,0,0,0,0,0,0,0,0,0,0,0,0,1,0,0,0,0,0
madiiiiyee,6016,,4,0,0,0,1,0,0,0,0,0,1,1,0,0,0,0,0,0,1,0,0
shibby3235,6010,,7,1,0,0,0,0,0,1,0,0,1,0,0,1,1,0,0,0,1,0,1
mohammad_abkati,6006,,1,0,0,0,1,0,0,0,0,0,0,0,0,0,0,0,0,0,0,0,0
lukelockwood6,5992,,1,0,0,0,0,0,0,0,0,0,0,0,0,0,0,0,0,1,0,0,0
S_Mahendrarajah,5977,,10,0,0,1,0,1,1,0,1,1,1,0,0,1,1,0,0,1,0,0,1
dewTwt,5969,,1,0,0,0,0,0,0,0,0,0,0,0,0,0,0,0,0,0,1,0,0
arsenal_25,5961,,2,0,0,0,0,0,0,0,0,0,0,0,0,0,0,0,0,1,1,0,0
tarakangarlou,5958,,3,0,0,0,0,0,0,0,1,1,1,0,0,0,0,0,0,0,0,0,0
ashraphkatso,5947,,1,0,0,0,0,0,0,0,1,0,0,0,0,0,0,0,0,0,0,0,0
Meysame_tamaarr,5918,,4,0,0,0,0,0,1,0,0,0,1,1,0,0,0,0,0,0,0,0,1
zulfikar_1923,5915,,1,0,0,0,1,0,0,0,0,0,0,0,0,0,0,0,0,0,0,0,0
alozaib,5905,,1,0,1,0,0,0,0,0,0,0,0,0,0,0,0,0,0,0,0,0,0
nr_afzali,5890,,3,0,0,0,0,0,0,0,0,0,0,0,1,1,0,0,1,0,0,0,0
m_rezaei1988,5889,,17,1,1,1,1,1,1,1,1,1,0,1,1,1,0,0,1,1,1,1,1
SidySissokho,5879,,1,0,0,0,0,0,0,0,0,0,0,0,0,0,0,0,0,0,1,0,0
iam_bams,5873,,1,0,0,1,0,0,0,0,0,0,0,0,0,0,0,0,0,0,0,0,0
Mancenido_MaR,5869,,1,0,0,0,0,0,0,0,0,0,0,0,0,0,0,0,0,0,1,0,0
QudsiyaMashhadi,5868,,1,0,0,0,0,0,0,0,0,0,0,0,0,0,0,0,0,0,0,0,1
aldo_chavez,5861,,1,0,0,0,0,0,0,0,0,0,0,0,0,0,0,0,0,0,0,1,0
Hawkeye1745,5853,,5,0,0,1,0,0,0,0,1,0,0,0,0,0,0,0,0,1,0,1,1
beebah5,5848,,3,0,0,0,0,0,0,0,0,0,1,0,1,0,0,0,0,1,0,0,0
shy_kh_gheyr_ba,5843,,4,0,0,0,0,0,0,0,0,0,0,1,1,0,0,0,1,0,0,0,1
NajafEkram,5832,,12,0,0,0,1,1,0,1,1,1,1,1,0,1,0,0,1,1,1,0,1
fa3eel5yr,5830,,1,0,0,0,0,0,0,0,0,0,0,0,0,0,0,0,0,1,0,0,0
fhipos,5820,,2,0,0,0,0,0,0,0,0,0,0,0,0,0,0,0,0,1,1,0,0
Agha_mbz2,5819,,1,0,0,0,0,0,0,0,0,1,0,0,0,0,0,0,0,0,0,0,0
DiveBomb321,5816,,10,0,0,1,0,0,0,0,1,0,1,0,1,1,0,0,1,1,1,1,1
AllOddsmobile,5812,,2,0,0,0,0,0,0,0,0,0,0,0,0,1,0,0,0,0,1,0,0
qualann,5811,,1,0,0,0,0,0,0,0,0,0,0,0,0,0,0,0,1,0,0,0,0
CCKKI,5804,,3,1,1,0,0,0,0,0,0,0,0,0,1,0,0,0,0,0,0,0,0
drbehrozmohebbi,5773,,1,0,0,0,0,0,0,0,0,0,0,0,0,0,1,0,0,0,0,0,0
hotcitiesworld,5765,,2,0,0,0,0,0,0,0,0,0,0,0,0,0,0,0,0,1,0,0,1
Marzban_313,5759,,9,0,0,0,1,1,0,0,1,0,1,1,1,1,0,0,1,0,1,0,0
lueyee,5757,,1,0,1,0,0,0,0,0,0,0,0,0,0,0,0,0,0,0,0,0,0
QayoumHaider,5757,,2,0,0,0,0,0,0,0,0,1,0,0,0,0,0,0,0,1,0,0,0
mehrakiiiii,5733,,7,0,0,0,0,1,1,0,0,1,1,1,1,0,0,0,0,0,0,0,1
StarveYourEgo,5706,,1,0,0,1,0,0,0,0,0,0,0,0,0,0,0,0,0,0,0,0,0
AliJafri,5691,,2,0,1,0,0,0,0,0,0,0,0,0,0,0,0,0,0,0,0,0,1
mhrezaa2,5681,,1,0,1,0,0,0,0,0,0,0,0,0,0,0,0,0,0,0,0,0,0
Dr_fathi_davood,5676,,2,0,0,0,0,0,0,0,0,1,0,0,0,0,0,0,0,0,1,0,0
r_zabib,5671,,1,0,0,0,0,0,0,0,1,0,0,0,0,0,0,0,0,0,0,0,0
MofthelA,5669,,2,0,0,0,0,0,0,0,0,0,0,0,0,0,0,1,0,0,0,0,1
sareh_dehnabi,5666,,1,0,0,0,0,0,0,0,0,0,0,0,0,0,0,0,0,0,1,0,0
Mvhm00d,5660,,2,1,0,0,0,0,0,0,0,0,0,0,0,0,0,0,0,0,0,0,1
vixflatline,5655,,2,0,0,0,0,0,1,0,0,0,1,0,0,0,0,0,0,0,0,0,0
ganeshmahnar,5641,,1,0,0,0,0,0,1,0,0,0,0,0,0,0,0,0,0,0,0,0,0
nailatrahman,5637,,17,0,1,1,1,1,1,1,1,1,1,0,1,1,1,1,0,1,1,1,1
aprajitanefes,5619,,13,0,1,1,1,1,1,0,1,1,1,1,1,1,0,0,0,1,0,0,1
fahimeh_chh,5617,,2,0,0,0,1,0,0,0,0,0,0,0,0,0,0,0,0,0,1,0,0
taseenb,5603,,2,0,0,0,0,0,0,0,0,0,0,0,0,0,0,0,0,1,0,0,1
hussain_rehber,5601,,7,0,0,1,0,0,1,1,1,1,0,0,0,1,0,0,0,1,0,0,0
ShabazzArts,5597,,3,0,0,0,0,0,0,0,1,1,1,0,0,0,0,0,0,0,0,0,0
sardar_e_eshgh,5593,,1,0,0,0,0,0,0,1,0,0,0,0,0,0,0,0,0,0,0,0,0
arfh_hshmi,5586,,1,0,1,0,0,0,0,0,0,0,0,0,0,0,0,0,0,0,0,0,0
EzatollahAkbari,5580,,18,1,1,1,1,1,1,1,1,1,1,1,1,1,0,0,1,1,1,1,1
m_zeinaly,5557,,6,0,0,0,1,0,0,0,0,0,0,1,0,1,0,0,0,0,1,1,1
s_p_hossini,5549,,9,0,0,0,0,0,0,0,1,1,1,1,0,0,0,0,1,1,1,1,1
Chioxini,5534,,3,0,1,1,0,0,0,1,0,0,0,0,0,0,0,0,0,0,0,0,0
analuna74,5530,,1,0,0,0,0,0,0,0,0,0,0,0,0,0,0,0,0,0,0,0,1
BosCityFAN,5530,,3,0,0,0,0,0,1,0,1,0,1,0,0,0,0,0,0,0,0,0,0
Organoponico1,5527,,1,0,0,0,0,0,0,0,0,0,0,0,0,0,0,0,0,0,0,0,1
VoxUmmah,5522,,1,0,0,0,0,0,0,0,0,0,0,0,0,0,0,0,0,0,0,0,1
abdolreza1108,5520,,2,0,0,0,0,0,0,0,1,0,0,0,0,0,0,0,1,0,0,0,0
olamaei313,5515,,1,0,1,0,0,0,0,0,0,0,0,0,0,0,0,0,0,0,0,0,0
tasmime_kobra,5510,,5,0,0,1,0,0,0,0,1,0,0,0,0,0,0,1,0,1,0,0,1
ShehnazB2IK92,5499,,1,1,0,0,0,0,0,0,0,0,0,0,0,0,0,0,0,0,0,0,0
m_dehgannejad,5487,,1,0,0,0,0,0,0,0,0,0,0,0,0,1,0,0,0,0,0,0,0
Mott_Mason,5486,,8,1,0,0,0,0,0,0,1,0,1,0,1,1,1,0,0,1,0,0,1
RiseUpAbove,5476,,1,0,0,0,0,0,1,0,0,0,0,0,0,0,0,0,0,0,0,0,0
iran_uzbekistan,5472,,1,0,0,0,0,0,0,1,0,0,0,0,0,0,0,0,0,0,0,0,0
Ebrahim_Zolfgri,5463,,1,0,0,0,0,0,0,0,0,0,1,0,0,0,0,0,0,0,0,0,0
zarinnam,5460,,14,0,0,1,0,0,1,0,0,1,1,1,1,1,1,1,1,1,1,1,1
GordonCarrico,5460,,1,0,1,0,0,0,0,0,0,0,0,0,0,0,0,0,0,0,0,0,0
JeihaniEsf,5443,,1,0,0,0,0,0,0,0,0,0,0,0,0,0,0,0,0,0,1,0,0
fridaygirl13,5441,,2,0,0,0,0,0,0,0,0,0,0,0,0,0,0,0,1,1,0,0,0
GaonaArnaldo,5427,,1,0,0,0,0,0,0,0,0,0,0,0,0,0,0,0,0,1,0,0,0
MaryCar73085656,5420,,1,0,0,0,0,0,0,0,0,0,0,0,0,0,0,1,0,0,0,0,0
narjes_31180,5418,,2,0,0,0,0,0,1,0,0,0,0,0,0,0,0,0,0,0,1,0,0
Azeem_Sabzvari,5415,,1,0,0,0,0,0,0,0,0,0,0,0,0,0,0,0,0,0,0,0,1
sweetbrunet1,5411,,1,0,1,0,0,0,0,0,0,0,0,0,0,0,0,0,0,0,0,0,0
lalitapetila,5402,,1,0,0,0,0,0,1,0,0,0,0,0,0,0,0,0,0,0,0,0,0
BellaMagnani,5400,,1,0,0,0,0,0,0,0,0,1,0,0,0,0,0,0,0,0,0,0,0
stephen_moatshe,5391,,1,0,0,0,0,0,0,0,1,0,0,0,0,0,0,0,0,0,0,0,0
Ni_ibro,5380,,4,0,1,0,0,0,1,0,0,0,1,1,0,0,0,0,0,0,0,0,0
IRANinNorway,5378,,6,0,0,0,1,1,1,0,0,0,0,0,1,0,0,0,0,0,1,1,0
joaogerardobr,5372,,6,0,0,0,0,0,0,0,0,0,0,0,0,0,0,1,1,1,1,1,1
history_seeker,5368,,1,0,0,0,0,0,0,0,0,0,0,0,0,0,0,0,0,0,0,0,1
seyedmomeni1362,5363,,6,0,1,0,1,0,0,0,0,0,0,1,0,0,0,0,1,0,1,0,1
sarjoiee,5362,,2,0,1,0,0,1,0,0,0,0,0,0,0,0,0,0,0,0,0,0,0
BrianCountryma4,5352,,1,0,0,0,0,0,0,0,0,0,0,0,0,0,0,0,0,1,0,0,0
Taylor_Luck,5350,,1,0,0,0,0,0,1,0,0,0,0,0,0,0,0,0,0,0,0,0,0
_last_born___,5346,,1,0,0,0,0,0,0,0,0,1,0,0,0,0,0,0,0,0,0,0,0
MryPakty95055,5346,,4,0,0,0,0,1,0,0,0,0,0,0,0,0,0,0,0,1,1,0,1
Turbulence_pod,5345,,1,0,0,0,0,0,0,0,0,0,0,0,0,0,0,0,0,0,0,0,1
mohajer_shirazi,5335,,4,0,0,0,0,0,0,0,0,0,0,0,0,1,1,0,1,1,0,0,0
difc_dubai,5332,,1,0,0,0,0,0,0,0,0,1,0,0,0,0,0,0,0,0,0,0,0
gk_goran,5327,,3,0,0,0,0,0,1,0,0,0,0,0,0,0,0,0,0,0,1,0,1
ZHoseine,5325,,1,0,0,0,0,0,0,0,0,0,0,0,0,0,0,1,0,0,0,0,0
toller_1,5324,,2,0,0,0,0,0,0,0,0,1,0,0,0,0,0,0,0,0,1,0,0
Botshelo_SA,5319,,4,0,0,0,0,0,1,0,0,0,0,0,1,1,1,0,0,0,0,0,0
al_emami,5317,,2,0,0,0,0,0,0,0,0,1,0,0,0,1,0,0,0,0,0,0,0
Mahdiar2982,5313,,9,0,1,0,1,1,0,1,1,0,1,1,1,1,0,0,0,0,0,0,0
zeynab_safari61,5311,,6,0,0,0,1,1,0,0,0,0,0,1,0,1,0,0,1,0,1,0,0
LawSha2,5310,,2,0,0,0,0,0,0,0,1,0,0,0,0,0,0,0,0,0,0,0,1
morteza_hajiani,5305,,1,0,0,0,0,1,0,0,0,0,0,0,0,0,0,0,0,0,0,0,0
CamaradaVan,5305,,1,0,0,0,0,0,0,0,0,0,0,0,0,0,0,0,1,0,0,0,0
ReclutadoraVic,5294,,1,0,0,0,0,0,0,0,0,0,1,0,0,0,0,0,0,0,0,0,0
maraag22,5292,,1,0,0,0,0,0,0,0,0,1,0,0,0,0,0,0,0,0,0,0,0
TheSportProhet,5277,,1,0,0,0,0,0,1,0,0,0,0,0,0,0,0,0,0,0,0,0,0
ASK7799,5270,,19,1,1,1,1,1,1,1,1,1,1,1,1,1,0,1,1,1,1,1,1
ardashir_313,5259,,3,0,0,0,0,0,0,0,0,1,1,0,0,0,0,1,0,0,0,0,0
jalalrashidi404,5255,,11,0,1,1,1,1,1,1,0,1,1,0,0,0,0,0,0,1,1,1,0
AboAlsofi92443,5253,,1,0,0,0,0,0,0,0,0,0,0,0,1,0,0,0,0,0,0,0,0
mustafaniaz_din,5224,,1,0,0,0,0,0,0,0,0,0,0,0,0,0,0,1,0,0,0,0,0
AliHuss14369664,5223,,6,0,0,0,0,0,0,0,0,1,1,0,1,1,0,0,0,0,1,1,0
M__Sabah,5220,,2,0,0,0,0,1,1,0,0,0,0,0,0,0,0,0,0,0,0,0,0
JarritaLT,5220,,1,0,0,0,0,0,0,0,0,0,0,0,0,0,0,0,0,1,0,0,0
BobInPascoFl,5215,,1,0,0,0,0,0,0,0,0,1,0,0,0,0,0,0,0,0,0,0,0
RandomnesInnate,5210,,1,0,0,0,0,0,1,0,0,0,0,0,0,0,0,0,0,0,0,0,0
Hamed57030573,5208,,4,0,0,0,0,0,0,1,0,1,0,1,0,0,0,0,0,1,0,0,0
RamiHas84107388,5204,,1,0,0,0,0,0,0,0,0,0,0,0,0,0,0,1,0,0,0,0,0
ms_rhymy,5197,,2,0,0,0,0,0,0,0,0,1,0,0,0,1,0,0,0,0,0,0,0
EllyRostoum,5195,,9,1,1,1,1,1,1,0,1,0,1,0,0,0,0,0,0,0,0,0,1
Orangeman1992,5186,,3,0,0,1,0,0,0,0,0,0,0,0,0,0,0,0,0,1,0,0,1
belorusskiypatr,5182,,1,0,0,0,0,0,0,0,0,0,0,0,0,0,0,0,0,0,1,0,0
diamondrapids,5180,,1,0,0,0,0,0,0,0,0,0,0,0,0,0,0,0,0,0,1,0,0
LaDjazairiya,5180,,1,0,0,0,0,0,0,0,0,0,0,0,0,0,0,0,0,1,0,0,0
hamidrezaya,5172,,9,0,0,0,0,1,0,0,0,0,1,1,0,1,1,1,1,0,1,0,1
MechaOrvo,5170,,2,0,0,0,0,0,1,0,0,0,0,0,0,1,0,0,0,0,0,0,0
Muller141,5169,,1,0,0,0,0,0,0,0,0,0,1,0,0,0,0,0,0,0,0,0,0
A_Sharifan,5169,,4,0,0,0,0,1,0,0,0,1,1,0,1,0,0,0,0,0,0,0,0
HamzaCh27,5168,,14,1,1,0,0,1,1,1,1,1,0,0,1,0,0,1,1,1,1,1,1
Avadnanulutas,5167,,2,0,0,0,0,0,0,1,0,0,0,0,1,0,0,0,0,0,0,0,0
Rogerskamujuri,5165,,1,0,0,0,1,0,0,0,0,0,0,0,0,0,0,0,0,0,0,0,0
FancyandTheCity,5164,,5,1,0,0,0,0,0,0,0,0,0,0,0,0,0,0,1,0,1,1,1
Kuroageha7,5158,,2,0,0,0,0,0,0,0,0,0,0,0,0,1,0,0,0,0,1,0,0
heinah__a,5147,,3,0,0,0,0,0,1,0,0,0,0,0,0,0,0,1,1,0,0,0,0
AboAlshahli,5146,,1,0,0,0,0,0,0,0,0,0,0,0,0,0,0,0,0,0,1,0,0
GideonNgumbau,5144,,3,1,0,0,0,0,0,1,0,0,0,1,0,0,0,0,0,0,0,0,0
s_total_s2,5139,,7,0,0,1,0,0,1,0,0,0,1,0,0,1,1,1,0,0,1,0,0
SidneyJunqueir6,5136,,3,0,0,0,0,0,0,0,0,0,0,0,0,0,0,1,1,1,0,0,0
Mohammad_kam786,5136,,5,0,0,1,1,1,1,1,0,0,0,0,0,0,0,0,0,0,0,0,0
Iran_NewsRoom,5133,,1,0,0,0,0,0,0,0,0,0,0,0,0,0,0,0,0,0,0,1,0
AbwaslamAlsrwry,5126,,1,0,0,0,0,0,0,0,1,0,0,0,0,0,0,0,0,0,0,0,0
almotawkil,5119,,1,0,0,0,0,0,1,0,0,0,0,0,0,0,0,0,0,0,0,0,0
FahdSheikh3,5115,,7,0,0,0,0,0,0,0,0,0,1,0,1,1,0,0,1,1,1,0,1
Tijgernest,5107,,1,0,0,0,0,0,0,1,0,0,0,0,0,0,0,0,0,0,0,0,0
sebahattin_aks,5106,,5,0,0,0,0,0,0,1,0,0,0,0,0,0,0,1,1,1,1,0,0
Raajkml1,5096,,1,0,0,0,0,0,0,0,0,0,0,0,0,0,0,0,0,0,0,0,1
nishant10a,5094,,1,0,0,0,0,0,0,0,0,0,0,0,0,0,0,0,0,0,1,0,0
KevinHemphill7,5085,,1,0,0,0,0,0,0,0,0,0,0,0,0,0,0,0,0,0,1,0,0
maurlind,5083,,1,0,0,0,0,0,0,0,0,0,1,0,0,0,0,0,0,0,0,0,0
Libertarian196,5081,,1,0,0,0,0,0,0,0,0,0,0,0,0,0,0,0,0,0,1,0,0
S92__n,5075,,4,0,0,0,0,0,0,0,0,0,1,0,0,0,0,0,1,0,1,0,1
LOC_bbk,5067,,6,0,0,0,0,0,1,1,0,0,1,0,0,1,0,0,0,1,1,0,0
ABALFAZLLL,5065,,1,0,0,0,0,0,0,0,0,0,0,1,0,0,0,0,0,0,0,0,0
LineGoesDown,5057,,1,0,0,0,0,0,0,0,0,0,0,0,0,0,0,0,0,0,0,0,1
RobinSneed5,5043,,2,0,0,0,0,0,1,0,1,0,0,0,0,0,0,0,0,0,0,0,0
alexagacebo,5037,,11,0,0,1,1,1,1,0,1,0,1,1,1,1,0,0,0,1,0,0,1
Nadwi_Yusuf,5036,,6,0,0,1,0,0,0,1,1,1,1,0,0,0,0,0,0,0,1,0,0
The_Fazul,5027,,1,0,0,0,0,0,0,0,0,0,1,0,0,0,0,0,0,0,0,0,0
kudasith,5025,,13,1,1,1,0,0,1,0,0,1,1,1,0,1,0,0,1,1,1,1,1
wanjeka29,5024,,2,0,0,0,0,0,0,0,0,0,1,0,0,0,0,0,0,1,0,0,0
nkamlo06,5024,,13,0,1,0,0,1,1,1,1,1,1,1,0,1,0,0,1,0,1,1,1
mahdi___1406,5018,,3,0,0,0,0,0,1,0,0,0,0,0,0,0,0,0,1,0,1,0,0
parastooki,5015,,3,0,0,0,0,0,0,0,0,0,0,1,0,1,0,0,1,0,0,0,0
KamandMs6562,5013,,6,0,0,0,0,0,0,1,0,0,0,0,0,0,0,1,0,1,1,1,1
littlemeanj9,4997,,1,0,0,0,0,0,0,1,0,0,0,0,0,0,0,0,0,0,0,0,0
uzairsdad,4992,,3,0,0,1,0,0,0,0,0,0,0,0,0,0,0,0,0,0,1,0,1
hafez_hakami,4987,,1,0,0,0,1,0,0,0,0,0,0,0,0,0,0,0,0,0,0,0,0
ghademoon_158,4985,,1,0,1,0,0,0,0,0,0,0,0,0,0,0,0,0,0,0,0,0,0
abo_amer111,4985,,13,0,0,1,0,0,1,1,1,1,1,1,0,1,1,1,0,1,0,1,1
JeddNews,4982,,1,0,0,0,0,0,0,0,0,0,1,0,0,0,0,0,0,0,0,0,0
hosna_76,4975,,2,0,1,0,0,0,0,0,0,0,0,0,1,0,0,0,0,0,0,0,0
yarubibnqahtan,4969,,3,0,0,0,0,0,0,0,0,1,0,1,0,1,0,0,0,0,0,0,0
Ananse99,4967,,6,0,0,0,0,0,0,0,0,1,1,0,1,1,0,1,0,1,0,0,0
Amirzalll,4965,,3,0,0,0,0,0,0,1,0,0,0,0,0,0,0,0,0,1,0,0,1
HaiderAli099,4964,,5,0,1,1,0,0,0,0,0,0,1,0,0,1,0,0,0,1,0,0,0
Maryamsinapour,4958,,1,0,0,0,0,0,0,0,0,0,0,0,0,0,0,0,0,0,0,0,1
leftist_sam,4957,,3,0,0,0,0,0,1,0,1,1,0,0,0,0,0,0,0,0,0,0,0
SchrodingersAlt,4956,,1,0,0,0,0,0,0,0,0,0,0,0,0,1,0,0,0,0,0,0,0
ali_s1352,4951,,11,1,1,0,1,0,1,1,1,1,1,1,0,1,1,0,0,0,0,0,0
a_l_i1364_1366,4949,,2,0,0,0,0,0,0,0,0,0,0,1,0,0,0,0,0,0,1,0,0
angelacorrias,4944,,3,0,1,0,0,0,0,0,0,1,0,0,0,0,0,0,0,0,0,1,0
Corvidelle,4944,,1,0,0,0,0,0,1,0,0,0,0,0,0,0,0,0,0,0,0,0,0
Im_hillarious,4942,,1,0,0,0,0,0,0,0,0,0,0,0,0,0,0,0,0,0,0,0,1
IGSerbetci,4931,,1,0,0,0,0,0,0,0,0,0,0,0,0,0,0,0,0,0,0,0,1
Motaherghafary,4929,,3,0,0,0,0,0,0,0,0,0,0,0,1,0,0,1,0,0,0,0,1
minorites,4927,,1,0,0,0,0,0,1,0,0,0,0,0,0,0,0,0,0,0,0,0,0
27Par27,4926,,1,0,0,0,0,0,0,0,0,0,0,0,0,0,0,0,0,0,1,0,0
IRANinGREECE,4908,,3,0,0,1,0,0,0,0,1,0,1,0,0,0,0,0,0,0,0,0,0
Sbu_Fo,4906,,4,0,0,0,0,0,0,0,0,0,0,0,1,0,0,0,0,1,0,1,1
Avin__1368,4897,,1,1,0,0,0,0,0,0,0,0,0,0,0,0,0,0,0,0,0,0,0
HusseinBrasil,4888,,1,0,0,1,0,0,0,0,0,0,0,0,0,0,0,0,0,0,0,0,0
ZaraketH,4883,,1,0,0,0,0,0,0,0,0,0,0,0,0,1,0,0,0,0,0,0,0
preueth,4875,,2,0,0,0,0,0,0,0,0,0,0,0,0,0,0,0,0,0,0,1,1
grosherz,4868,,1,0,0,0,0,0,0,0,0,0,0,0,0,0,0,0,0,0,0,0,1
LungeloN_Zulu,4868,,1,0,0,0,0,0,0,0,1,0,0,0,0,0,0,0,0,0,0,0,0
feizimedia,4861,,3,0,0,0,1,0,0,0,0,0,0,0,1,1,0,0,0,0,0,0,0
mohamad_barani,4853,,1,0,0,0,0,0,0,0,0,0,0,0,0,0,0,0,0,0,1,0,0
benjiejabo1990,4852,,1,0,0,0,0,0,0,0,0,0,0,0,0,0,0,0,0,0,0,0,1
GMSBaghdadi,4851,,2,0,0,0,0,1,0,0,0,1,0,0,0,0,0,0,0,0,0,0,0
UndercoverMoth9,4848,,3,0,0,0,0,0,1,0,0,0,0,0,0,0,0,0,0,0,1,1,0
HdhMoadu,4838,,2,0,0,0,0,0,0,0,0,1,0,0,0,1,0,0,0,0,0,0,0
Ammarirani1,4837,,1,0,0,0,0,0,0,0,0,0,0,0,0,0,0,0,0,0,1,0,0
roozshah,4835,,3,1,1,0,0,0,0,0,0,1,0,0,0,0,0,0,0,0,0,0,0
rofasanten,4831,,9,0,0,1,1,1,0,1,0,0,0,0,0,1,1,0,0,1,1,1,0
afsoon_04,4831,,8,0,0,0,1,1,1,0,0,0,0,1,1,1,0,0,1,0,1,0,0
istade_313,4827,,1,0,0,0,0,0,1,0,0,0,0,0,0,0,0,0,0,0,0,0,0
kavarama1,4820,,1,0,0,0,0,0,0,0,0,1,0,0,0,0,0,0,0,0,0,0,0
gvenugopalan,4815,,5,0,0,0,0,0,0,0,0,0,1,0,0,1,0,0,0,1,1,1,0
Brother_mostafa,4813,,1,0,0,0,0,0,0,0,0,1,0,0,0,0,0,0,0,0,0,0,0
Marzieh_SadatAs,4810,,8,0,0,0,0,0,0,1,1,0,0,1,1,0,0,0,1,1,1,0,1
TheGreekUSA,4807,,1,0,0,0,0,0,0,0,0,0,0,0,0,0,0,0,0,0,0,0,1
wettanaam,4799,,2,0,0,0,0,0,0,0,0,0,0,0,0,1,0,0,0,0,0,0,1
Final__battle,4792,,4,0,0,0,0,0,0,0,0,0,0,0,0,1,0,0,1,0,1,1,0
BinazirJ,4792,,1,1,0,0,0,0,0,0,0,0,0,0,0,0,0,0,0,0,0,0,0
khalifa_ih,4787,,1,0,0,0,0,0,0,0,0,0,1,0,0,0,0,0,0,0,0,0,0
Inspiring_mind1,4785,,1,0,0,0,0,0,0,0,1,0,0,0,0,0,0,0,0,0,0,0,0
amahmoudi1363,4780,,1,0,0,0,0,0,0,0,0,0,0,0,0,0,0,0,0,0,1,0,0
E_s_f_a_h_a_n,4775,,1,0,0,0,0,0,0,0,0,0,0,0,0,0,0,0,0,0,1,0,0
jamaan78,4768,,1,0,0,0,0,0,1,0,0,0,0,0,0,0,0,0,0,0,0,0,0
MidhatZ,4765,,3,0,0,0,0,0,0,0,0,0,0,0,1,0,0,0,0,0,0,1,1
PH_HERMS,4763,,1,0,0,0,0,0,0,0,0,1,0,0,0,0,0,0,0,0,0,0,0
DavidBo03050197,4761,,1,0,0,0,0,0,0,0,0,0,0,0,0,0,0,0,0,1,0,0,0
ukatcher,4749,,11,0,1,0,1,1,0,0,1,1,1,1,1,0,0,0,0,0,1,1,1
Georgiemutt,4749,,2,0,0,0,0,0,0,0,0,1,0,0,0,0,0,0,0,0,0,0,1
sharif_zamani,4744,,1,0,0,0,0,0,0,0,0,0,0,0,0,0,0,0,0,0,1,0,0
farahadams,4738,,8,0,0,0,0,0,1,1,1,1,1,0,1,0,0,1,0,0,0,0,1
OttenbergEve,4730,,1,0,0,0,0,0,0,1,0,0,0,0,0,0,0,0,0,0,0,0,0
Alawi_Jahaf,4712,,2,0,0,0,0,0,0,0,0,0,0,0,0,0,0,0,1,0,0,1,0
Mesali666802ak,4704,,1,0,0,0,1,0,0,0,0,0,0,0,0,0,0,0,0,0,0,0,0
RSA_Observer,4702,,1,0,0,0,0,0,0,0,0,0,0,0,0,0,0,0,0,0,1,0,0
fsanleec,4701,,2,1,0,0,0,0,0,0,0,0,0,0,0,0,0,0,1,0,0,0,0
edisonburbanoOK,4701,,1,0,0,0,0,0,1,0,0,0,0,0,0,0,0,0,0,0,0,0,0
abbashajhashemy,4701,,4,0,0,0,0,0,0,0,0,0,0,0,0,0,0,1,1,1,1,0,0
seraj220,4694,,1,0,0,0,0,0,0,0,0,0,0,0,0,0,0,1,0,0,0,0,0
Savitri4Ever,4688,,1,0,0,0,0,0,0,0,0,0,0,0,0,0,0,0,0,0,0,1,0
Mose_s9,4686,,2,0,1,0,0,0,0,0,0,1,0,0,0,0,0,0,0,0,0,0,0
SyedAounMehdi1,4680,,1,0,0,0,0,0,0,0,1,0,0,0,0,0,0,0,0,0,0,0,0
m4h007,4673,,1,0,0,0,0,0,0,0,0,0,0,0,0,0,0,0,0,1,0,0,0
PilardelaMaza1,4669,,3,0,0,0,0,0,0,0,0,0,0,0,0,0,0,1,1,1,0,0,0
desempleado666,4665,,2,0,0,0,0,0,1,0,0,0,0,0,0,0,0,0,0,0,1,0,0
web3navalguy,4660,,1,1,0,0,0,0,0,0,0,0,0,0,0,0,0,0,0,0,0,0,0
kittyhundal,4660,,5,0,0,0,0,0,0,1,1,0,0,0,0,1,0,0,0,1,1,0,0
KATELYNisViolet,4660,,1,1,0,0,0,0,0,0,0,0,0,0,0,0,0,0,0,0,0,0,0
BehrouzNiko,4657,,2,0,0,0,0,0,0,0,0,0,1,0,1,0,0,0,0,0,0,0,0
QuiteBH,4655,,11,0,0,1,1,1,1,1,0,1,1,1,0,0,0,1,1,1,0,0,0
MonophonicTokyo,4654,,2,0,0,0,0,0,0,0,0,0,0,0,0,0,0,1,0,0,1,0,0
AHFarooqui,4652,,1,0,0,0,0,0,0,0,0,0,0,0,0,0,0,0,0,1,0,0,0
sadoz13,4645,,2,0,0,0,0,0,0,0,0,0,1,0,0,0,0,1,0,0,0,0,0
amsaifullah6070,4640,,3,1,1,0,0,0,0,0,0,0,0,0,0,0,0,0,0,0,1,0,0
demirmadeni,4639,,1,0,0,0,0,1,0,0,0,0,0,0,0,0,0,0,0,0,0,0,0
vahid_taghavii,4634,,3,0,1,0,0,0,0,0,0,0,0,0,0,0,0,1,0,0,1,0,0
MO30_so,4633,,5,0,0,1,1,1,0,1,1,0,0,0,0,0,0,0,0,0,0,0,0
MoonRos,4631,,4,0,0,1,1,0,1,1,0,0,0,0,0,0,0,0,0,0,0,0,0
2019Blueboy,4627,,1,0,0,0,0,0,0,0,0,0,0,1,0,0,0,0,0,0,0,0,0
Excuminicato,4621,,4,0,0,0,0,1,0,0,0,1,1,0,1,0,0,0,0,0,0,0,0
EEbadi313,4621,,3,0,0,0,0,0,1,1,0,0,0,0,0,0,0,0,0,0,1,0,0
jalilyonline,4609,,2,0,0,0,0,0,0,0,0,0,0,0,0,1,0,0,0,0,1,0,0
Revolution93843,4609,,3,0,0,0,0,0,0,1,0,0,0,0,0,0,0,0,0,1,0,0,1
KachhawaGayatri,4608,,1,0,0,0,0,0,0,0,0,0,0,0,0,0,0,0,0,0,1,0,0
Yolanda32129812,4599,,1,0,0,0,0,0,1,0,0,0,0,0,0,0,0,0,0,0,0,0,0
albanuskyalo20,4596,,3,0,0,0,0,0,0,0,1,1,1,0,0,0,0,0,0,0,0,0,0
ixadilx,4593,,4,0,0,0,0,0,0,1,1,1,1,0,0,0,0,0,0,0,0,0,0
Kaptan_IK,4593,,6,0,0,1,1,0,1,0,0,1,0,0,1,0,0,0,0,0,0,0,1
Biblititute,4591,,2,0,0,0,0,0,1,0,0,0,0,0,0,0,0,0,0,1,0,0,0
maracana1950,4585,,1,0,0,0,0,0,0,0,0,0,0,0,0,1,0,0,0,0,0,0,0
MAbadullah,4579,,10,0,1,1,0,1,1,1,0,1,1,0,0,1,1,0,0,1,0,0,0
komail19081,4576,,1,0,0,0,0,0,0,0,0,0,0,1,0,0,0,0,0,0,0,0,0
ArshadbalochPTI,4576,,2,0,0,0,0,0,0,0,0,0,0,0,0,0,0,0,0,0,0,1,1
JihadHamzi,4574,,2,0,0,0,0,0,0,0,1,0,0,0,0,0,0,0,0,0,0,0,1
M_Makusidi,4572,,10,0,0,0,0,1,1,1,1,1,1,1,0,0,0,0,1,1,1,0,0
Assab_Eritrea,4570,,8,0,1,0,0,0,1,1,1,1,0,0,0,1,0,0,1,0,0,0,1
IzeteAnaalves,4566,,1,0,0,0,0,0,0,0,0,0,0,0,0,0,0,0,1,0,0,0,0
jean_maqdisi,4551,,4,1,1,0,0,0,1,1,0,0,0,0,0,0,0,0,0,0,0,0,0
MariaTAlves,4551,,1,0,0,0,0,0,0,0,0,1,0,0,0,0,0,0,0,0,0,0,0
Ali2musa,4549,,19,0,1,1,1,1,1,1,1,1,1,1,1,1,1,1,1,1,1,1,1
josemunar1,4548,,1,0,0,0,0,0,0,0,0,0,0,0,0,0,0,0,0,0,1,0,0
z_rouzpaikar,4546,,2,0,0,0,0,0,0,0,0,0,0,0,0,0,0,0,0,0,1,0,1
helena_1372,4546,,1,0,0,0,0,0,1,0,0,0,0,0,0,0,0,0,0,0,0,0,0
DrNamdar,4546,,1,0,0,0,0,0,0,0,0,1,0,0,0,0,0,0,0,0,0,0,0
USFamilyMan,4544,,3,0,0,0,0,0,1,0,0,0,1,0,0,0,0,0,0,1,0,0,0
NjorowaNjoroge,4541,,10,0,0,0,1,0,1,1,1,1,1,1,0,1,0,0,0,1,0,0,1
Hamza_Ameer8,4532,,2,0,1,0,0,0,0,0,0,0,0,0,1,0,0,0,0,0,0,0,0
JohnHol32019188,4524,,5,0,0,0,0,0,0,0,0,1,0,0,1,0,0,1,0,1,0,0,1
delhi_dave,4521,,3,0,0,0,0,0,0,0,0,1,0,0,0,0,1,0,0,1,0,0,0
hajjd26,4514,,1,0,0,0,0,0,0,0,0,0,0,0,0,0,0,0,0,0,0,0,1
HadiHamze6,4513,,7,0,0,0,0,0,0,0,0,1,1,0,0,1,0,1,1,1,1,0,0
MelgerTina,4506,,2,0,0,0,0,0,0,0,0,0,0,1,0,1,0,0,0,0,0,0,0
horrenghelabi1,4484,,1,0,0,0,0,0,0,0,0,0,0,0,0,1,0,0,0,0,0,0,0
victoriadonnac1,4481,,1,0,0,0,0,0,0,0,0,0,0,0,0,0,0,0,0,1,0,0,0
EllisonNoko,4474,,1,0,0,0,0,0,0,0,1,0,0,0,0,0,0,0,0,0,0,0,0
seyd_mahdi1386n,4466,,7,0,0,0,0,0,0,0,0,0,1,1,0,1,1,1,0,0,0,1,1
AlmostfShurief,4464,,6,0,1,0,0,0,0,0,1,0,0,0,1,1,1,0,1,0,0,0,0
barbara21174049,4460,,1,0,0,0,0,0,0,0,0,0,0,0,0,0,0,0,0,1,0,0,0
Nath67Lic,4454,,1,1,0,0,0,0,0,0,0,0,0,0,0,0,0,0,0,0,0,0,0
h_gandomkar,4453,,18,0,1,1,1,1,1,1,1,1,1,1,1,1,0,1,1,1,1,1,1
XaviPortales,4452,,3,0,0,0,0,0,0,0,0,0,0,0,0,0,0,0,0,0,1,1,1
MaxKingsleyEh,4452,,2,1,1,0,0,0,0,0,0,0,0,0,0,0,0,0,0,0,0,0,0
dokhte_irane57,4444,,1,0,0,0,0,0,0,0,0,0,0,0,0,0,0,0,0,0,1,0,0
Dr_MM_Tadayon,4443,,9,0,1,0,0,1,1,0,1,1,0,1,0,0,0,0,1,1,1,0,0
nkwyy49813,4431,,6,0,0,0,0,0,1,0,0,0,1,0,0,1,0,0,1,1,1,0,0
susanabotar,4429,,9,1,1,0,0,1,1,1,1,1,0,0,0,1,0,0,0,0,0,0,1
rorofofo151,4424,,1,0,0,0,0,0,0,0,0,0,0,0,0,0,0,1,0,0,0,0,0
Armvguedon,4422,,9,0,0,0,0,0,0,1,0,1,1,0,1,0,0,1,1,1,0,1,1
NarinderBassi3,4414,,2,0,0,1,0,0,0,0,0,0,0,0,0,1,0,0,0,0,0,0,0
mattdberk,4413,,1,0,0,0,0,0,0,0,0,0,0,0,0,0,0,0,0,0,1,0,0
artavil110,4411,,5,0,0,0,0,0,1,0,0,0,1,0,0,0,0,0,1,1,1,0,0
aboo_abes,4411,,1,0,0,0,0,0,0,0,0,0,0,0,0,0,0,0,0,0,1,0,0
Prakash_Dassc,4407,,4,0,0,0,0,0,0,1,0,0,0,0,0,0,0,0,0,1,0,1,1
MOKONETOPOLA,4402,,2,0,0,0,0,0,0,0,0,0,0,0,0,0,0,0,0,1,0,0,1
JustAJerseyGir2,4397,,1,0,0,0,0,0,0,0,0,0,1,0,0,0,0,0,0,0,0,0,0
Citizen_IQ,4394,,6,0,1,1,0,0,1,0,0,1,1,0,0,0,0,0,0,1,0,0,0
CommentsOnly,4390,,2,0,0,0,0,0,0,0,0,1,0,0,0,0,0,0,0,0,0,0,1
Aboammar20204,4386,,16,0,1,1,0,1,1,1,1,1,1,1,1,1,0,1,0,1,1,1,1
rnamdari,4384,,3,0,0,0,1,0,0,0,0,0,0,0,0,0,0,0,0,0,0,1,1
CG6300161976744,4377,,1,0,0,0,0,0,0,0,0,0,1,0,0,0,0,0,0,0,0,0,0
gianluca826,4374,,3,0,0,0,1,0,0,0,0,1,0,0,0,0,0,0,0,0,0,1,0
heismakeba,4371,,1,0,0,0,0,0,0,0,0,0,1,0,0,0,0,0,0,0,0,0,0
IsraelNews23,4367,,7,0,0,0,0,1,1,0,0,1,1,0,1,1,1,0,0,0,0,0,0
joerobertson,4364,,2,1,0,0,0,0,0,0,0,0,0,0,0,0,0,0,0,0,1,0,0
MotimeleThabo,4362,,6,1,1,0,1,0,0,0,0,0,0,0,0,1,0,0,0,1,0,0,1
Arcndege,4361,,1,0,0,0,0,0,0,0,0,0,1,0,0,0,0,0,0,0,0,0,0
gVLY0Q148Nsmh84,4353,,5,0,0,1,0,0,0,0,0,1,1,1,0,0,0,0,0,0,0,0,1
saeednoormoham2,4351,,1,0,0,0,0,0,0,0,1,0,0,0,0,0,0,0,0,0,0,0,0
JohnRad15,4349,,1,0,0,0,0,0,0,0,0,0,0,0,0,0,0,0,0,1,0,0,0
0xY10_,4347,,1,0,0,0,0,0,0,0,0,0,0,0,1,0,0,0,0,0,0,0,0
shaistasalam1,4344,,11,0,0,0,1,1,0,1,1,0,1,1,1,1,1,0,0,1,1,0,0
farhadbakhtiary,4344,,1,0,0,0,0,0,0,1,0,0,0,0,0,0,0,0,0,0,0,0,0
IraninLahore,4343,,14,0,0,1,0,1,1,0,1,1,1,1,1,1,1,0,0,1,1,1,1
steveirons,4340,,2,0,0,0,0,0,0,0,0,0,0,0,0,0,0,1,0,1,0,0,0
sleekzin,4329,,2,0,0,0,0,0,0,0,0,1,0,0,0,0,0,0,0,1,0,0,0
HoseinNateghi24,4320,,1,0,0,0,0,0,0,0,0,0,0,0,0,1,0,0,0,0,0,0,0
_Aminga,4309,,1,0,0,0,0,0,0,0,0,0,0,0,0,0,0,0,0,1,0,0,0
SEKoohzad,4306,,13,1,0,0,1,0,0,1,1,1,0,1,1,1,1,0,1,1,1,1,0
MAGAGrandm95633,4306,,2,0,0,0,0,1,0,0,1,0,0,0,0,0,0,0,0,0,0,0,0
faizaumar,4302,,3,0,0,0,0,0,0,0,0,1,1,0,0,0,0,0,1,0,0,0,0
AmirChizari,4298,,6,1,1,0,1,0,0,0,0,1,0,1,0,0,0,0,0,0,0,1,0
sarapezeshki62,4294,,2,0,0,0,0,0,0,1,0,0,0,1,0,0,0,0,0,0,0,0,0
Mosthafavi,4294,,1,0,0,0,0,0,0,0,0,0,0,0,0,0,0,0,0,0,0,0,1
sangdovini_ir,4292,,12,1,0,1,1,0,0,1,1,1,1,0,0,1,1,0,1,0,1,0,1
H_kebsi1,4290,,2,0,0,0,0,0,1,0,0,1,0,0,0,0,0,0,0,0,0,0,0
LJLMD,4287,,1,0,0,0,0,0,0,0,0,1,0,0,0,0,0,0,0,0,0,0,0
mortazavi,4286,,18,0,1,1,1,1,1,1,1,1,1,1,1,1,1,1,0,1,1,1,1
DVanHook822,4285,,1,0,0,0,0,0,0,0,0,0,1,0,0,0,0,0,0,0,0,0,0
ramsthoughts,4278,,1,0,0,0,0,0,0,0,0,0,0,0,0,1,0,0,0,0,0,0,0
cocchi2a,4275,,1,0,1,0,0,0,0,0,0,0,0,0,0,0,0,0,0,0,0,0,0
BethCharleston,4271,,1,1,0,0,0,0,0,0,0,0,0,0,0,0,0,0,0,0,0,0,0
syed2404,4269,,1,0,0,0,0,0,0,0,0,0,0,0,0,0,0,0,0,0,0,1,0
Roellchen2011,4262,,1,0,0,0,0,0,0,0,0,0,0,0,0,0,0,0,0,1,0,0,0
bolandnazar333,4260,,1,0,1,0,0,0,0,0,0,0,0,0,0,0,0,0,0,0,0,0,0
maryam_rezaeiii,4258,,3,0,0,0,0,0,0,1,0,0,0,0,0,1,1,0,0,0,0,0,0
faezeh_salimi80,4256,,1,0,0,0,0,0,1,0,0,0,0,0,0,0,0,0,0,0,0,0,0
PazhuhandeErfan,4256,,9,0,0,1,0,1,1,1,0,0,0,0,1,1,0,0,1,0,1,0,1
yanvonzeebroeck,4255,,11,0,0,0,0,0,0,1,0,1,0,1,1,1,1,1,1,1,1,1,0
shahedbaniasadi,4246,,1,1,0,0,0,0,0,0,0,0,0,0,0,0,0,0,0,0,0,0,0
zeinabm62,4239,,5,0,0,0,1,1,0,0,0,0,1,0,0,0,0,0,1,0,0,0,1
6xcigsw3oaNe3Dy,4239,,1,0,0,0,0,0,1,0,0,0,0,0,0,0,0,0,0,0,0,0,0
fatima_zarei1,4235,,1,1,0,0,0,0,0,0,0,0,0,0,0,0,0,0,0,0,0,0,0
montse_villoldo,4231,,1,0,0,0,0,0,1,0,0,0,0,0,0,0,0,0,0,0,0,0,0
JoeyGomezSantos,4228,,12,0,0,0,0,0,1,1,1,1,1,0,0,1,0,1,1,1,1,1,1
Lycurgus65,4226,,9,0,1,0,0,1,1,0,1,1,1,1,0,1,0,0,0,0,0,1,0
SerefTrk58,4222,,6,0,0,0,0,0,0,0,0,0,0,0,0,0,0,1,1,1,1,1,1
UnplugTheEmpire,4217,,3,0,0,1,0,0,0,1,1,0,0,0,0,0,0,0,0,0,0,0,0
saouatt,4215,,1,0,0,1,0,0,0,0,0,0,0,0,0,0,0,0,0,0,0,0,0
amyd872001,4215,,4,0,1,0,0,0,0,0,0,0,1,1,0,1,0,0,0,0,0,0,0
SerbezV,4214,,2,0,0,0,0,0,0,0,0,0,0,0,0,1,1,0,0,0,0,0,0
mosemogeni,4211,,2,0,0,0,1,0,0,0,1,0,0,0,0,0,0,0,0,0,0,0,0
SHBokhari13,4209,,1,0,0,0,0,0,0,0,0,0,1,0,0,0,0,0,0,0,0,0,0
Charles68431225,4209,,2,0,0,0,0,0,0,0,0,0,0,0,0,0,0,0,1,0,0,0,1
PMLNStrategist,4208,,1,1,0,0,0,0,0,0,0,0,0,0,0,0,0,0,0,0,0,0,0
IRANinBiH,4199,,7,0,0,0,0,0,1,0,1,1,1,0,0,0,0,0,0,1,1,1,0
BiGpUssssY,4199,,10,1,0,0,0,0,1,1,1,0,1,0,1,0,0,1,0,1,1,0,1
notronmexicuh,4194,,2,0,0,0,0,0,0,0,0,0,1,0,0,0,0,0,0,1,0,0,0
_simplyoasis,4168,,2,0,0,0,0,0,0,0,0,0,0,0,0,0,0,0,1,1,0,0,0
illi4141,4167,,10,1,0,1,0,1,1,1,0,0,1,1,0,1,0,0,1,0,0,1,0
urdanetazulmag1,4165,,1,0,0,0,0,0,1,0,0,0,0,0,0,0,0,0,0,0,0,0,0
New_ManNow,4161,,7,0,1,0,0,0,1,1,0,0,1,1,1,1,0,0,0,0,0,0,0
mrr_koko,4159,,1,0,0,0,0,0,0,0,0,0,0,0,0,0,0,0,0,0,0,0,1
ELKAMEL_,4156,,1,0,0,0,0,0,0,0,0,0,0,0,0,0,0,0,0,0,0,1,0
gregalmonte_,4152,,1,0,0,0,0,0,0,0,0,0,1,0,0,0,0,0,0,0,0,0,0
Taltool11,4152,,1,0,0,0,0,0,0,0,0,0,0,0,0,0,0,1,0,0,0,0,0
Lajbaz2233,4149,,1,0,0,0,0,0,0,0,0,0,0,0,0,0,0,0,0,1,0,0,0
sara_yazdy,4147,,1,0,0,0,0,0,0,0,0,0,0,0,0,1,0,0,0,0,0,0,0
Heshambasuoni,4144,,1,0,0,0,0,0,0,1,0,0,0,0,0,0,0,0,0,0,0,0,0
Dr_KayvanSaedy,4135,,18,1,1,1,1,1,1,1,1,1,1,1,1,1,0,1,1,0,1,1,1
experimentalis,4133,,2,0,0,1,0,0,0,0,0,0,0,0,0,0,0,0,0,1,0,0,0
MohebAli632,4131,,1,0,0,0,0,0,0,0,0,0,0,0,0,0,0,0,0,0,0,0,1
farzandekaaveh,4130,,7,0,0,0,0,0,0,0,0,0,1,0,0,1,1,0,1,1,1,0,1
gandombanoooo,4127,,2,0,0,0,0,0,1,0,0,0,1,0,0,0,0,0,0,0,0,0,0
JW_Shaikh,4127,,1,0,0,0,0,0,0,0,0,1,0,0,0,0,0,0,0,0,0,0,0
BamwineAmon,4116,,5,0,0,0,0,1,0,1,1,1,1,0,0,0,0,0,0,0,0,0,0
ochreblue,4110,,1,0,0,0,0,0,0,0,0,0,0,0,0,0,0,0,0,0,0,0,1
IRANinBRUNEI,4108,,8,0,0,0,0,0,0,0,1,1,1,0,0,0,0,0,1,1,1,1,1
mahya_a17,4098,,3,0,0,0,1,0,1,0,0,0,0,0,0,0,0,0,0,0,1,0,0
Wendy94669657,4098,,7,0,1,1,0,0,1,0,0,1,1,0,0,0,0,1,0,0,0,0,1
CDjerbal,4098,,5,0,0,0,0,0,0,0,0,1,0,0,0,1,1,0,1,1,0,0,0
ho_jafarzadeh,4093,,3,0,0,0,0,0,1,0,0,0,1,0,0,0,0,0,0,0,1,0,0
ElinaOliva,4091,,14,1,0,0,0,0,0,1,1,1,1,1,1,1,1,1,0,1,1,1,1
hk_nik,4088,,1,0,0,0,0,0,1,0,0,0,0,0,0,0,0,0,0,0,0,0,0
KurumiSensei_Jp,4086,,1,0,0,0,0,0,0,0,0,0,0,0,0,0,0,0,0,0,1,0,0
malihe_rose,4084,,1,0,0,0,0,0,0,0,0,0,1,0,0,0,0,0,0,0,0,0,0
Frearca,4080,,1,0,1,0,0,0,0,0,0,0,0,0,0,0,0,0,0,0,0,0,0
THEGENESISTUBE,4079,,5,0,0,0,0,0,0,1,0,0,1,0,1,0,0,0,1,0,0,0,1
oralardan,4077,,2,0,0,0,0,1,0,0,0,1,0,0,0,0,0,0,0,0,0,0,0
sadat_as1,4076,,8,0,0,1,0,0,1,1,0,1,1,1,1,0,0,0,0,0,1,0,0
don_vulpine,4075,,4,0,0,0,0,1,0,0,0,1,0,0,0,0,0,0,0,0,0,1,1
tailssouth,4074,,1,0,0,0,0,0,0,0,0,0,0,0,0,1,0,0,0,0,0,0,0
hoseinrafieii,4074,,5,0,0,0,1,0,1,0,0,0,0,1,1,0,0,0,0,0,1,0,0
emmoshah,4074,,1,0,0,0,0,0,1,0,0,0,0,0,0,0,0,0,0,0,0,0,0
hassanabdirahm8,4071,,1,0,0,0,0,0,0,0,0,1,0,0,0,0,0,0,0,0,0,0,0
c7jil,4067,,2,0,0,0,0,0,0,0,0,1,0,0,0,1,0,0,0,0,0,0,0
krause53391,4066,,5,0,0,0,0,0,0,0,1,1,0,0,0,0,0,0,0,1,1,1,0
ShafiqueQasim,4065,,12,1,1,1,1,0,1,0,0,1,0,0,1,0,0,0,1,1,1,1,1
AKAMUSHAMBA,4054,,4,0,0,0,0,0,1,0,1,0,0,1,0,1,0,0,0,0,0,0,0
HSamawat,4052,,2,1,0,0,0,0,0,1,0,0,0,0,0,0,0,0,0,0,0,0,0
Bunyaemin,4050,,3,0,0,0,0,0,0,0,0,0,1,0,0,1,0,0,1,0,0,0,0
Bentolhoda6150,4050,,12,0,1,0,1,0,1,1,1,1,0,0,1,1,0,0,1,1,1,0,1
JuAntonioOK,4049,,1,0,0,0,0,0,0,0,0,0,0,0,0,0,0,0,0,0,1,0,0
Tubi_81,4048,,2,0,0,0,0,0,0,0,0,0,1,0,0,1,0,0,0,0,0,0,0
eobrucee,4040,,1,0,0,0,0,0,0,0,0,1,0,0,0,0,0,0,0,0,0,0,0
ellen_coyle,4039,,1,0,0,0,0,0,0,0,0,0,0,0,0,0,0,1,0,0,0,0,0
SnoopyLima13,4031,,5,1,1,0,1,0,1,0,0,0,0,0,0,0,0,0,0,1,0,0,0
SASHAVGBOT3,4027,,1,0,0,0,0,0,0,0,0,0,0,0,0,0,0,0,0,0,1,0,0
hassanatashafr3,4023,,1,0,0,0,1,0,0,0,0,0,0,0,0,0,0,0,0,0,0,0,0
MirraSara1,4019,,4,0,0,1,1,0,0,1,0,0,1,0,0,0,0,0,0,0,0,0,0
srk908,4018,,1,0,0,0,0,0,0,0,1,0,0,0,0,0,0,0,0,0,0,0,0
ganiyumar,4016,,1,0,0,0,0,0,0,0,0,0,0,0,0,0,0,1,0,0,0,0,0
IvanBuchanJanus,4013,,1,0,0,0,0,0,0,0,0,0,0,0,0,0,0,0,0,0,0,0,1
khoshnevisan20,4010,,1,0,0,0,0,0,0,0,0,0,0,0,0,0,0,0,0,1,0,0,0
REDDEAD_uzi,4010,,1,0,0,0,1,0,0,0,0,0,0,0,0,0,0,0,0,0,0,0,0
RajaArsalanKhan,4007,,3,0,0,0,0,0,0,0,0,1,1,0,0,0,0,0,0,0,0,0,1
danesh_morteza,4005,,1,0,0,0,0,0,1,0,0,0,0,0,0,0,0,0,0,0,0,0,0
MashhadiMiss,4002,,1,0,0,0,0,0,1,0,0,0,0,0,0,0,0,0,0,0,0,0,0
Mr_Mohajerr,4001,,3,0,0,0,0,0,0,0,1,0,0,0,0,1,1,0,0,0,0,0,0
KwekuAdoboli,3988,,1,0,0,0,0,0,0,0,0,0,0,0,0,0,0,0,0,1,0,0,0
hazrate_kia,3984,,1,0,0,0,0,1,0,0,0,0,0,0,0,0,0,0,0,0,0,0,0
GulrizSen,3981,,3,0,0,0,0,0,0,0,1,1,0,0,0,0,0,0,0,1,0,0,0
ArianParsIrani,3978,,2,0,0,0,0,0,0,1,0,0,0,0,0,0,1,0,0,0,0,0,0
alive1313,3976,,1,0,0,0,0,0,0,0,0,0,0,0,0,0,0,0,0,1,0,0,0
Ikissdalife,3974,,4,0,0,1,0,0,1,0,0,1,0,0,0,1,0,0,0,0,0,0,0
MarwaNasha99112,3968,,3,0,0,0,0,0,0,1,0,0,0,0,0,0,0,0,0,1,0,0,1
kipkoech_R,3967,,4,0,0,0,0,0,0,0,0,1,1,0,1,0,0,0,0,0,1,0,0
raymonddelauney,3966,,10,0,1,0,0,0,1,1,0,0,0,1,1,0,0,0,1,1,1,1,1
del_neviss,3959,,1,0,0,0,0,0,0,0,0,0,0,0,0,0,0,0,0,0,1,0,0
astronglady,3955,,1,0,0,0,0,0,0,0,0,0,0,0,1,0,0,0,0,0,0,0,0
Shahzadslem,3948,,1,0,0,0,0,0,0,0,0,0,0,0,0,0,0,0,0,1,0,0,0
CraigJo37661463,3940,,3,0,0,0,0,0,0,0,0,1,0,0,0,0,0,0,0,0,1,0,1
Shaha_Alom_MH,3937,,3,0,0,0,0,0,0,0,0,1,0,0,0,0,0,0,1,0,0,0,1
tylermacro10,3935,,1,0,0,0,0,0,0,0,0,0,0,0,0,0,0,0,0,1,0,0,0
amitabhprevi,3935,,6,1,0,1,0,0,1,0,1,1,0,0,0,0,0,0,0,0,1,0,0
AkimAlo101,3935,,1,0,0,0,0,0,0,0,0,0,0,0,0,0,0,0,0,0,1,0,0
big_klaw,3934,,2,0,0,0,0,0,0,0,0,0,1,0,0,0,0,0,0,0,0,0,1
Ryan_Bohl,3933,,3,0,0,0,0,0,1,0,1,0,0,0,0,0,0,0,0,1,0,0,0
I_M_A_Trader,3932,,1,0,0,0,0,0,0,0,0,1,0,0,0,0,0,0,0,0,0,0,0
edris_vahdat666,3926,,13,1,1,1,1,0,1,0,1,1,0,1,0,0,0,1,0,1,1,1,1
IMgoodyz,3926,,1,0,0,0,0,0,1,0,0,0,0,0,0,0,0,0,0,0,0,0,0
h_a_sn,3921,,1,1,0,0,0,0,0,0,0,0,0,0,0,0,0,0,0,0,0,0,0
Iam_VillageBoy,3921,,4,0,0,1,0,0,0,0,0,0,0,0,0,0,0,1,0,1,0,0,1
SondossAlAsaad,3916,,1,0,0,0,0,0,0,0,0,0,0,0,0,0,0,0,0,1,0,0,0
SKDitta,3914,,1,0,0,0,0,0,0,0,0,0,0,0,1,0,0,0,0,0,0,0,0
Fauter7,3908,,4,0,0,0,0,0,1,0,0,0,0,0,0,0,0,1,0,1,1,0,0
Atlas_Times,3900,,2,0,0,0,0,0,0,0,1,0,1,0,0,0,0,0,0,0,0,0,0
yarraaa37,3899,,1,0,0,0,0,0,0,0,0,1,0,0,0,0,0,0,0,0,0,0,0
angiebabie2009,3898,,1,0,0,0,0,0,0,1,0,0,0,0,0,0,0,0,0,0,0,0,0
masoumeh1991gh,3895,,1,0,0,0,0,0,0,0,0,0,0,0,0,0,0,0,0,0,1,0,0
MaryHamdy71,3893,,1,0,0,0,0,0,1,0,0,0,0,0,0,0,0,0,0,0,0,0,0
houthi_h_i_h_,3892,,2,0,0,0,0,0,0,0,1,1,0,0,0,0,0,0,0,0,0,0,0
whereangelsdare,3891,,4,0,0,0,0,0,1,0,0,0,0,0,0,0,0,0,0,1,0,1,1
MacJuanma,3890,,8,0,0,0,0,1,1,0,0,0,1,0,0,1,1,0,0,1,1,1,0
Rx_Amad,3888,,1,0,1,0,0,0,0,0,0,0,0,0,0,0,0,0,0,0,0,0,0
MuratYoldas666,3862,,1,0,0,0,0,0,1,0,0,0,0,0,0,0,0,0,0,0,0,0,0
ALIYUMJAJERE,3862,,4,0,0,0,0,0,0,0,1,0,0,0,0,1,0,0,0,0,1,0,1
kitsuchitsuchi,3859,,3,0,0,0,0,0,0,0,0,0,0,0,0,0,0,0,1,1,0,0,1
HarunaNAbdullah,3847,,5,0,0,0,0,0,0,1,0,0,0,1,0,1,0,1,1,0,0,0,0
Kimia451513,3844,,13,0,1,0,1,1,1,1,0,1,0,1,0,1,0,1,1,0,1,1,1
Absalom421,3844,,5,0,0,0,1,0,1,0,0,0,0,0,1,0,0,0,0,0,1,0,1
tchemtcem,3842,,17,1,1,1,1,1,1,0,0,1,1,1,1,1,1,0,1,1,1,1,1
globalstockflsh,3839,,3,0,0,0,0,0,0,0,0,0,1,0,0,1,0,0,0,0,1,0,0
LatinReporters,3837,,11,0,1,0,1,0,1,1,0,0,1,0,0,1,1,1,0,1,1,0,1
larryhilz,3829,,3,0,0,0,0,0,0,0,0,1,1,0,0,0,0,0,0,0,1,0,0
iamOlyfred,3829,,2,0,0,0,0,1,0,0,0,0,0,1,0,0,0,0,0,0,0,0,0
omeiza90,3828,,10,0,1,0,1,0,1,0,1,1,1,0,1,0,0,0,0,1,1,0,1
Msh1301151,3826,,1,0,1,0,0,0,0,0,0,0,0,0,0,0,0,0,0,0,0,0,0
Itskiptoro,3826,,2,0,0,0,0,0,1,0,0,0,1,0,0,0,0,0,0,0,0,0,0
janethomson1952,3823,,1,0,0,0,0,0,0,0,0,0,0,0,0,0,0,0,0,1,0,0,0
hosseintazeh,3817,,1,0,0,0,0,0,0,0,0,0,0,0,0,0,0,0,1,0,0,0,0
resistance7771,3814,,17,0,1,1,1,1,1,1,1,1,1,1,1,1,1,0,0,1,1,1,1
Katerina112,3814,,6,0,0,0,1,0,1,0,1,0,1,0,0,0,0,1,0,1,0,0,0
neutrondust_,3812,,1,1,0,0,0,0,0,0,0,0,0,0,0,0,0,0,0,0,0,0,0
wembe_sita,3808,,2,0,0,0,0,0,0,0,0,1,0,0,0,0,0,0,0,0,0,0,1
KanwalZaidi,3807,,1,0,0,0,1,0,0,0,0,0,0,0,0,0,0,0,0,0,0,0,0
S_U_Dikko,3805,,2,0,0,0,0,0,1,0,0,0,0,0,0,0,0,0,0,0,0,1,0
1070Bir,3805,,1,0,0,0,0,0,0,0,0,0,1,0,0,0,0,0,0,0,0,0,0
reg_wds,3804,,1,0,0,0,0,0,0,0,0,0,0,0,0,0,0,0,0,0,0,0,1
bjovan3,3799,,1,0,0,0,0,0,0,0,0,0,0,0,0,1,0,0,0,0,0,0,0
GreenPaul58,3797,,1,0,0,0,0,0,0,0,0,0,0,0,0,0,0,0,0,1,0,0,0
haque_shahidul,3796,,1,0,0,0,0,0,0,0,0,0,0,0,0,0,0,0,0,0,0,0,1
AlabbasM2222,3789,,4,0,0,0,0,0,0,0,0,0,0,1,0,1,1,0,0,0,1,0,0
nilofar_kaviyan,3781,,1,0,0,0,0,0,0,0,0,0,0,0,1,0,0,0,0,0,0,0,0
DiplomaticIns,3773,,1,0,0,0,0,0,0,0,0,0,0,0,0,0,0,0,0,0,1,0,0
LegalEzra,3772,,2,0,0,1,0,0,0,0,0,0,1,0,0,0,0,0,0,0,0,0,0
nyakahuma8,3768,,1,0,0,0,0,0,0,0,1,0,0,0,0,0,0,0,0,0,0,0,0
mdmdn49015232,3768,,4,0,0,0,0,0,1,0,1,0,0,0,0,0,0,0,0,0,0,1,1
KingRetweetsL,3765,,2,0,0,0,0,0,0,0,0,0,1,0,0,0,1,0,0,0,0,0,0
Anonylyzer13,3764,,7,0,0,0,0,0,0,0,1,1,1,0,1,1,1,0,0,1,0,0,0
austexwoman,3762,,1,0,0,0,0,0,1,0,0,0,0,0,0,0,0,0,0,0,0,0,0
bevmolx,3752,,4,1,0,0,0,0,0,1,0,1,0,0,0,0,0,0,0,1,0,0,0
fly_dog_Andy,3750,,1,0,0,0,0,0,0,0,0,0,0,0,0,1,0,0,0,0,0,0,0
Guice54907918,3748,,2,0,0,0,0,0,1,0,0,0,0,0,0,0,0,0,0,1,0,0,0
realjahromi,3744,,4,1,0,0,1,0,0,0,0,0,0,1,0,0,0,0,0,0,1,0,0
amasood22,3743,,2,0,0,0,0,0,0,0,1,0,0,0,0,0,0,0,0,0,0,0,1
AliDezhpour,3742,,5,0,0,0,0,0,1,0,0,0,0,1,1,0,0,0,0,0,1,0,1
Abdullahpashte1,3742,,1,0,0,0,0,0,0,0,0,0,0,0,0,1,0,0,0,0,0,0,0
NachoValle21,3737,,2,1,0,0,0,0,0,0,0,0,0,0,0,0,0,0,0,1,0,0,0
shima84m,3735,,2,0,0,0,0,1,0,0,0,0,0,0,0,0,0,0,1,0,0,0,0
alirezapashapo3,3735,,3,0,0,0,0,0,0,1,0,0,0,1,0,0,0,0,0,0,1,0,0
Moradian_ir,3727,,11,1,0,1,0,0,1,1,1,1,0,1,1,1,0,0,0,1,0,1,0
VickiewWest,3724,,1,0,0,0,0,0,0,0,0,0,0,0,0,0,0,0,0,0,0,1,0
FAI_analisis,3721,,2,0,0,0,0,0,0,0,0,0,0,0,0,0,0,0,0,0,1,0,1
AhmadReza1417,3721,,3,0,0,0,0,0,1,0,0,0,0,0,0,0,0,0,0,1,1,0,0
hamedanian_m,3720,,1,0,0,0,0,0,0,0,0,0,0,0,0,1,0,0,0,0,0,0,0
Moh4mmd,3713,,13,0,1,1,1,1,0,0,1,1,1,0,0,1,0,0,1,1,1,1,1
Ahmad_khanifar_,3713,,5,0,0,0,0,0,0,0,0,0,0,0,1,1,0,1,1,0,1,0,0
zeeshan_shah_dc,3712,,2,0,0,0,0,1,0,0,0,0,1,0,0,0,0,0,0,0,0,0,0
mahya56,3707,,1,0,0,0,0,0,0,0,0,0,0,1,0,0,0,0,0,0,0,0,0
elvis_minera,3706,,3,0,1,1,0,1,0,0,0,0,0,0,0,0,0,0,0,0,0,0,0
vivekdbg2,3705,,1,0,0,0,0,0,0,0,0,0,0,0,0,0,0,0,0,0,0,0,1
sultan02011972s,3703,,1,0,0,0,0,0,0,0,0,0,0,0,1,0,0,0,0,0,0,0,0
hh__dd40,3702,,13,1,0,1,1,1,0,1,1,1,1,1,1,1,0,0,0,0,0,1,1
mis_SUFi_8,3700,,2,0,1,0,0,0,0,0,0,0,0,0,0,0,0,0,0,0,1,0,0
GonabadiH,3698,,4,0,0,0,0,1,1,1,1,0,0,0,0,0,0,0,0,0,0,0,0
Arianrhod11,3697,,7,0,0,0,0,0,0,0,1,1,0,1,1,1,1,0,0,0,1,0,0
Mh8_1384,3694,,2,0,0,0,0,0,1,0,0,0,0,0,0,0,0,0,0,0,0,0,1
AhoFrank,3693,,1,0,0,0,0,0,1,0,0,0,0,0,0,0,0,0,0,0,0,0,0
salahqashah,3689,,1,0,0,1,0,0,0,0,0,0,0,0,0,0,0,0,0,0,0,0,0
FaribaMoradi16,3687,,1,1,0,0,0,0,0,0,0,0,0,0,0,0,0,0,0,0,0,0,0
DaniMet1,3686,,3,0,0,0,0,0,0,0,0,0,0,0,1,1,1,0,0,0,0,0,0
MichaelPBryant2,3683,,1,0,1,0,0,0,0,0,0,0,0,0,0,0,0,0,0,0,0,0,0
Em_BaTsari,3682,,7,1,0,0,0,0,0,1,1,1,1,0,0,1,0,0,0,1,0,0,0
51Raha,3681,,2,0,0,0,1,0,0,1,0,0,0,0,0,0,0,0,0,0,0,0,0
roohallahj,3679,,2,0,0,0,0,1,0,0,0,0,0,1,0,0,0,0,0,0,0,0,0
AZPerspectives,3677,,1,0,1,0,0,0,0,0,0,0,0,0,0,0,0,0,0,0,0,0,0
AMMARRezaFati,3676,,7,0,1,0,0,0,1,0,0,0,0,1,1,1,0,0,0,0,1,0,1
cjeewa,3671,,12,1,1,1,1,1,1,0,0,0,1,1,0,0,0,1,1,0,0,1,1
MarleneFlorkow,3671,,1,0,0,0,0,0,0,0,0,0,0,0,0,0,0,0,0,1,0,0,0
aldyn_wjyt,3670,,1,0,0,0,0,0,1,0,0,0,0,0,0,0,0,0,0,0,0,0,0
gianlucac1bis,3668,,3,0,0,0,0,1,1,0,0,0,0,0,0,1,0,0,0,0,0,0,0
eskandar_Baghbn,3668,,5,0,0,0,0,0,0,1,0,0,0,1,0,0,0,0,1,1,1,0,0
bilalmonzer,3668,,2,0,0,0,0,0,0,0,1,1,0,0,0,0,0,0,0,0,0,0,0
Electroboy313,3667,,1,0,0,0,0,0,0,0,0,0,0,0,1,0,0,0,0,0,0,0,0
unitedguy9,3653,,1,0,0,0,0,0,0,0,0,0,1,0,0,0,0,0,0,0,0,0,0
anoncitizenhere,3651,,1,0,0,0,0,0,0,0,0,0,0,0,0,0,0,0,0,0,0,0,1
AhmadHusainWar2,3648,,5,0,0,0,1,0,1,0,0,0,0,0,1,1,1,0,0,0,0,0,0
SelbagD,3646,,5,0,0,0,0,1,0,0,0,0,1,0,0,0,1,0,0,1,0,1,0
saniyatisa,3642,,1,0,0,0,0,0,0,0,0,0,0,0,0,0,0,0,0,0,1,0,0
AniR113,3642,,4,0,0,1,1,0,1,0,0,0,0,0,0,0,0,0,0,1,0,0,0
scoutstandup,3641,,2,0,0,0,0,0,0,0,0,0,0,0,0,0,0,0,1,1,0,0,0
jHoutait,3637,,1,0,0,0,0,0,0,0,0,0,0,0,0,0,0,1,0,0,0,0,0
bas_wzyr76,3636,,1,0,0,0,0,0,0,0,0,0,0,0,0,0,0,1,0,0,0,0,0
shahendahawary,3631,,9,0,1,0,0,0,1,0,0,0,0,0,1,1,1,0,1,1,1,1,0
mhaiderimtiaz,3627,,3,0,0,0,0,0,1,1,0,0,1,0,0,0,0,0,0,0,0,0,0
Thanos3421,3627,,1,0,0,0,0,0,0,0,0,0,0,0,0,1,0,0,0,0,0,0,0
IsaacMongi,3627,,1,0,0,0,0,0,0,0,0,0,1,0,0,0,0,0,0,0,0,0,0
raiya_zak,3625,,1,0,0,0,0,0,0,0,0,0,0,0,0,0,1,0,0,0,0,0,0
johnnybridge2,3625,,1,0,0,0,0,0,0,0,0,0,0,0,0,0,0,0,0,0,0,0,1
AnnaCCallahan,3625,,7,0,0,0,0,1,0,0,0,0,0,0,0,0,0,1,1,1,1,1,1
jack_sprat74,3623,,1,0,0,0,0,0,1,0,0,0,0,0,0,0,0,0,0,0,0,0,0
Jhohel1,3623,,3,0,0,0,0,0,1,0,0,1,0,0,0,0,0,0,0,1,0,0,0
HugoSenart,3621,,17,1,1,0,1,1,1,1,1,1,1,1,1,1,1,1,1,1,1,0,0
BBC_WorId,3619,,8,0,0,0,1,0,0,0,0,1,1,1,1,1,0,0,0,0,0,1,1
alexabreo22,3617,,1,0,0,0,0,0,0,1,0,0,0,0,0,0,0,0,0,0,0,0,0
MitraJelodari1,3616,,1,0,0,0,0,0,0,1,0,0,0,0,0,0,0,0,0,0,0,0,0
AlecsGlez,3614,,5,0,1,0,1,1,0,0,0,0,0,0,0,0,0,0,0,0,0,1,1
Chickenpe11ets,3612,,2,0,0,0,0,0,0,0,0,0,0,1,0,0,0,0,0,0,0,0,1
SunilKumarAus,3611,,8,0,0,0,0,0,0,0,0,1,1,1,1,0,0,0,1,1,0,1,1
real_ag7,3603,,2,0,0,0,0,0,0,0,0,1,1,0,0,0,0,0,0,0,0,0,0
notintrestedb,3599,,14,0,1,0,1,1,0,1,1,0,1,1,0,1,0,1,1,1,1,1,1
halehesmaili,3596,,4,0,1,0,0,1,1,1,0,0,0,0,0,0,0,0,0,0,0,0,0
MuhammadAalija1,3595,,1,0,0,0,0,0,0,0,0,0,0,0,0,0,0,0,0,1,0,0,0
Ya_zahra90,3592,,4,0,0,0,0,0,0,0,0,0,0,1,1,0,0,0,0,0,0,1,1
melanie_needham,3589,,1,0,0,0,0,0,0,0,0,0,0,0,0,0,0,0,0,0,0,0,1
BulletBear13,3577,,2,0,0,0,0,0,0,0,0,0,0,0,0,1,1,0,0,0,0,0,0
h_alaswad1,3574,,1,0,0,0,0,0,0,0,1,0,0,0,0,0,0,0,0,0,0,0,0
ArnoutPauwels,3571,,1,0,0,0,0,0,1,0,0,0,0,0,0,0,0,0,0,0,0,0,0
Jrao95,3570,,1,0,0,0,0,0,0,0,0,0,0,0,0,0,0,0,0,0,1,0,0
SerendipitySays,3569,,1,0,0,0,0,0,0,0,0,1,0,0,0,0,0,0,0,0,0,0,0
Manishmenna,3564,,1,0,0,0,0,0,0,0,0,0,0,0,0,0,0,0,0,1,0,0,0
sabengel4,3561,,9,0,0,1,1,0,0,1,1,1,0,1,0,1,1,0,0,0,0,0,1
SChenHayes,3561,,14,1,0,0,0,1,1,1,1,1,1,1,1,1,1,0,1,0,1,1,0
Cangrejito72,3559,,3,0,1,0,0,0,0,1,0,0,0,1,0,0,0,0,0,0,0,0,0
akhtar978,3552,,4,0,0,0,0,0,1,0,0,1,0,0,0,1,0,0,0,1,0,0,0
cruzhq058,3550,,2,0,0,0,0,0,0,0,0,0,1,0,0,1,0,0,0,0,0,0,0
mashroteh_khah,3545,,10,0,1,1,1,0,0,1,1,1,0,0,0,1,0,0,0,0,1,1,1
isam989,3545,,3,0,0,0,0,0,1,0,0,0,0,0,1,0,0,0,1,0,0,0,0
BellaFalasteen,3543,,2,0,0,0,0,0,0,0,0,0,0,0,0,0,0,0,0,1,0,0,1
YaotlAltan,3539,,1,0,0,0,0,0,0,0,0,0,0,0,0,0,0,0,0,0,1,0,0
Miladbagheri_ir,3538,,1,0,0,0,0,0,0,0,0,0,0,0,0,0,0,0,1,0,0,0,0
DNArigged,3536,,2,0,0,0,0,0,0,0,0,1,1,0,0,0,0,0,0,0,0,0,0
CamposIco,3532,,1,0,0,0,0,0,0,0,0,0,0,0,0,0,0,0,0,1,0,0,0
eminisym,3530,,1,0,0,0,0,0,0,0,1,0,0,0,0,0,0,0,0,0,0,0,0
IBRAHIM39574256,3530,,1,0,0,0,0,0,0,0,0,1,0,0,0,0,0,0,0,0,0,0,0
Byron__3,3528,,3,0,0,1,0,0,0,0,0,0,1,0,0,0,0,0,0,1,0,0,0
mydy_ahmd,3524,,1,0,0,0,0,0,0,0,0,0,0,0,0,0,0,1,0,0,0,0,0
Swarthy_Bastard,3523,,1,0,0,0,0,0,0,0,0,1,0,0,0,0,0,0,0,0,0,0,0
nadia_hamdan64,3512,,3,0,0,0,0,0,0,0,0,1,0,0,0,1,0,1,0,0,0,0,0
LACryptoDoctor,3505,,11,0,0,0,0,1,1,1,1,1,1,1,1,1,0,0,0,0,0,1,1
simbalkh,3504,,8,0,1,0,0,0,0,0,0,0,1,0,1,1,1,0,0,1,0,1,1
anthonygrogers,3504,,1,0,0,0,0,0,0,0,0,0,0,1,0,0,0,0,0,0,0,0,0
amb_k221,3504,,1,0,0,0,0,0,0,0,0,0,0,0,0,1,0,0,0,0,0,0,0
sangarban_m,3503,,4,0,1,0,0,1,0,0,1,0,0,0,0,1,0,0,0,0,0,0,0
LorraineHarvey_,3494,,2,0,0,0,0,0,1,0,1,0,0,0,0,0,0,0,0,0,0,0,0
ShreoshiB,3488,,8,0,0,0,0,0,1,1,1,1,1,1,0,0,0,0,0,0,0,1,1
Irandost8,3487,,5,0,1,0,0,0,1,1,0,0,0,1,0,1,0,0,0,0,0,0,0
oyuncak_dunya_,3486,,1,0,0,0,0,0,0,1,0,0,0,0,0,0,0,0,0,0,0,0,0
filizka4,3486,,18,1,1,1,1,1,1,1,1,1,1,1,1,1,1,0,1,1,1,0,1
brownpundit,3486,,1,0,0,0,0,0,0,1,0,0,0,0,0,0,0,0,0,0,0,0,0
MimiNiMwafrika,3485,,1,0,0,0,0,0,0,0,0,0,0,0,0,0,0,0,0,0,1,0,0
Jbp55638373,3485,,1,0,0,0,0,0,0,1,0,0,0,0,0,0,0,0,0,0,0,0,0
heydari1398,3484,,5,0,0,0,0,0,0,0,1,0,0,1,0,1,0,0,1,1,0,0,0
97yvrkTdXM5RblF,3484,,1,0,0,0,0,0,0,0,0,0,0,0,0,0,0,0,0,1,0,0,0
lorcaat,3483,,3,1,0,0,0,0,0,0,0,0,0,0,1,1,0,0,0,0,0,0,0
Vendetta_110,3480,,1,0,0,0,0,0,0,0,0,0,0,0,0,0,0,0,0,0,0,1,0
ShamaAh88661370,3477,,1,0,0,0,0,0,0,0,0,0,0,0,0,0,0,0,0,0,0,0,1
haseebrzv,3475,,2,0,1,0,0,0,0,0,0,0,0,0,0,0,0,0,0,0,0,0,1
vraiRwandais,3473,,11,0,0,1,0,0,1,0,1,1,1,1,1,1,0,0,1,1,1,0,0
AdrianNCF,3473,,1,0,0,0,0,0,1,0,0,0,0,0,0,0,0,0,0,0,0,0,0
jad_bitar64,3472,,2,0,0,0,0,0,0,0,0,0,0,0,0,0,0,1,0,0,0,1,0
ciscozappa,3472,,3,0,0,0,0,0,1,0,0,0,0,0,0,1,0,0,0,0,1,0,0
ziasayzz,3468,,1,0,0,0,0,0,0,0,0,0,0,0,0,0,0,0,0,1,0,0,0
Kh9syl,3465,,2,0,0,0,0,0,1,0,0,0,1,0,0,0,0,0,0,0,0,0,0
IranCroatia,3465,,5,0,0,0,0,0,0,0,1,1,1,0,0,0,0,0,0,1,0,0,1
hommeebene1998,3464,,1,0,0,0,0,0,0,0,0,0,0,0,0,0,0,0,0,0,0,0,1
SubhasSadhu4,3459,,1,0,0,0,0,0,0,0,0,0,0,0,0,0,0,0,0,1,0,0,0
usmanzafar58,3453,,1,0,0,0,0,1,0,0,0,0,0,0,0,0,0,0,0,0,0,0,0
Mina2067,3453,,2,0,1,0,0,0,1,0,0,0,0,0,0,0,0,0,0,0,0,0,0
Paul33946932645,3451,,14,1,0,0,0,1,1,0,1,1,1,1,1,1,0,1,1,1,1,0,1
RosanneMil3145,3449,,13,1,0,0,0,1,0,1,1,1,1,1,1,1,0,1,1,0,0,1,1
jmrioboiler,3448,,1,0,1,0,0,0,0,0,0,0,0,0,0,0,0,0,0,0,0,0,0
salarii70,3446,,5,0,1,0,0,0,0,0,0,1,0,0,0,0,0,0,1,0,1,0,1
Majed10001011,3445,,4,0,0,0,0,0,1,0,0,1,0,0,0,1,1,0,0,0,0,0,0
ChubbyRoots,3444,,7,0,0,0,0,0,0,0,0,1,1,0,0,1,0,1,0,1,0,1,1
el_abejita,3443,,1,0,0,0,0,0,0,0,0,1,0,0,0,0,0,0,0,0,0,0,0
TheTribeOfTruth,3441,,4,0,0,0,0,0,0,0,0,1,1,0,0,0,0,0,1,1,0,0,0
h_ghaempanah_ir,3439,,4,1,1,0,1,0,0,0,0,0,0,0,0,1,0,0,0,0,0,0,0
beman__baman,3439,,2,0,0,0,0,1,0,0,0,0,0,0,0,1,0,0,0,0,0,0,0
aam9294402,3439,,3,0,0,0,0,0,1,0,0,0,0,0,0,0,0,0,1,0,0,0,1
6140POEM,3439,,14,1,1,0,1,0,1,1,1,1,1,1,0,1,1,0,0,0,1,1,1
Amirkurd1386,3438,,8,0,0,0,0,1,1,0,0,0,0,0,1,1,1,0,0,1,1,1,0
AhmaadMakama,3438,,18,0,1,1,1,1,1,1,1,1,1,1,1,1,1,1,1,1,1,1,0
AliRazaSays_,3429,,3,0,0,0,0,0,0,0,0,0,1,0,0,1,0,0,0,0,0,1,0
myyyraa,3427,,1,0,0,0,0,0,1,0,0,0,0,0,0,0,0,0,0,0,0,0,0
david_fairn,3427,,1,0,0,0,0,0,0,0,0,0,0,0,0,0,0,0,0,0,0,1,0
omwonyole,3425,,1,0,0,0,0,0,0,0,0,0,1,0,0,0,0,0,0,0,0,0,0
outtatime200028,3422,,3,1,0,0,0,0,0,0,0,1,0,0,0,0,0,0,0,1,0,0,0
SaeedEN02,3420,,2,0,0,0,1,1,0,0,0,0,0,0,0,0,0,0,0,0,0,0,0
manullinas,3418,,3,0,0,0,0,0,0,0,1,0,1,0,0,1,0,0,0,0,0,0,0
dkhtrgil,3416,,2,0,0,0,0,0,1,0,1,0,0,0,0,0,0,0,0,0,0,0,0
TheFlying_Goat,3409,,2,0,0,0,0,0,0,0,0,0,0,0,0,0,0,0,0,0,1,1,0
Petanicacing,3407,,6,0,0,0,0,1,1,0,0,1,0,0,0,1,0,0,0,1,1,0,0
OL_Spirit,3404,,2,0,0,0,0,0,1,0,0,0,0,0,0,0,0,0,0,0,1,0,0
HusainAliDawood,3403,,2,0,0,0,0,0,0,0,0,0,1,0,0,0,0,0,1,0,0,0,0
Darker_air,3402,,1,0,0,0,0,0,0,0,0,0,1,0,0,0,0,0,0,0,0,0,0
CanadianMuslims,3402,,2,0,0,0,0,0,0,1,0,0,1,0,0,0,0,0,0,0,0,0,0
Talib_voice,3399,,2,0,0,0,0,0,0,0,0,0,0,0,1,1,0,0,0,0,0,0,0
rsdaroga,3397,,1,0,0,0,0,0,0,0,0,0,0,0,0,0,0,0,0,0,1,0,0
ArcherHarper6,3396,,2,1,1,0,0,0,0,0,0,0,0,0,0,0,0,0,0,0,0,0,0
noiranwarorg,3392,,1,0,0,0,0,0,0,0,0,0,0,0,0,0,0,0,0,1,0,0,0
shana2727,3390,,2,0,0,0,0,0,0,0,0,1,0,0,1,0,0,0,0,0,0,0,0
JoyceOnstad,3390,,2,0,0,0,0,0,0,0,0,0,1,0,0,0,0,0,0,0,0,0,1
munenemberia,3389,,1,0,0,0,0,0,0,0,0,0,1,0,0,0,0,0,0,0,0,0,0
alsino_,3389,,1,0,0,0,0,0,0,0,0,0,0,0,0,0,1,0,0,0,0,0,0
TonyMar68854421,3386,,1,0,0,0,0,0,0,0,0,0,0,0,0,0,0,0,0,0,1,0,0
iboadel,3384,,3,0,0,0,0,0,0,0,0,0,0,0,1,1,1,0,0,0,0,0,0
Cosmonautzzzx,3384,,1,0,0,0,0,0,0,0,0,1,0,0,0,0,0,0,0,0,0,0,0
syd_aby,3383,,1,0,0,0,0,0,0,0,0,1,0,0,0,0,0,0,0,0,0,0,0
GeorgievSony,3383,,3,0,0,0,0,0,0,0,0,1,0,0,0,0,0,0,0,1,1,0,0
Thercy_,3377,,1,0,0,0,0,0,0,0,0,0,0,0,0,0,0,0,0,1,0,0,0
AliKa_213,3377,,1,0,0,0,0,0,0,0,0,0,0,0,0,0,0,0,0,0,0,0,1
urbinaoscar,3375,,2,0,0,0,0,0,0,0,0,0,0,0,0,1,1,0,0,0,0,0,0
agha_sadegh_110,3375,,2,0,0,0,0,0,0,0,0,0,0,0,1,0,0,0,0,0,0,0,1
DuraMauricia,3374,,1,0,0,0,0,0,0,0,0,1,0,0,0,0,0,0,0,0,0,0,0
hanzalabeirut,3367,,1,0,0,0,0,0,0,0,0,0,0,0,0,0,0,1,0,0,0,0,0
alireza_r315,3367,,4,0,0,0,0,0,0,0,0,0,0,0,0,0,0,0,0,1,1,1,1
davidwjohns1111,3366,,3,0,0,0,0,0,1,0,0,0,0,0,1,0,0,1,0,0,0,0,0
shcutter,3365,,1,0,0,0,0,0,0,0,0,0,0,0,0,0,0,0,1,0,0,0,0
glyphodend,3361,,5,0,0,0,0,0,0,0,0,1,1,1,0,0,0,0,1,0,0,0,1
Henrysimonumar,3358,,1,0,0,0,0,0,0,0,0,0,0,0,0,0,0,0,0,0,0,0,1
sukaina_ali,3356,,1,0,0,0,0,0,0,1,0,0,0,0,0,0,0,0,0,0,0,0,0
Lonlyblue0813,3356,,1,0,0,0,0,0,0,0,0,1,0,0,0,0,0,0,0,0,0,0,0
ayat530,3349,,1,0,0,0,1,0,0,0,0,0,0,0,0,0,0,0,0,0,0,0,0
SarahhFadel18,3349,,1,0,0,0,0,0,0,0,0,0,0,0,0,0,0,0,0,0,0,1,0
ChericHaji,3346,,1,0,0,0,0,0,0,0,0,0,0,0,0,0,0,0,0,0,0,0,1
caciquecaonao,3345,,1,0,0,0,0,1,0,0,0,0,0,0,0,0,0,0,0,0,0,0,0
AhmadJaafaru,3345,,6,0,0,0,0,1,0,0,1,1,0,1,1,0,0,0,0,0,0,0,1
marinavanzyl,3342,,1,0,1,0,0,0,0,0,0,0,0,0,0,0,0,0,0,0,0,0,0
wendzedin,3340,,3,0,0,0,0,0,0,0,0,0,1,0,0,0,0,0,1,1,0,0,0
MansourNmi,3338,,1,0,0,0,0,0,0,0,0,0,0,0,0,0,0,0,1,0,0,0,0
saeede_nia,3336,,1,0,0,0,0,0,1,0,0,0,0,0,0,0,0,0,0,0,0,0,0
rizikaoikonomik,3334,,4,0,0,0,0,0,0,0,1,1,1,0,0,0,0,0,0,1,0,0,0
___Noah_F,3334,,1,0,0,0,0,0,0,0,0,0,0,0,0,0,0,0,0,1,0,0,0
ToobaOkhravi,3334,,11,0,0,0,0,0,0,1,0,1,0,1,1,1,1,1,1,0,1,1,1
Q1rewq,3332,,1,0,0,0,0,0,0,0,0,0,0,0,0,0,0,0,1,0,0,0,0
RFetrati,3329,,2,0,0,0,0,0,0,0,0,0,0,0,0,0,0,0,0,1,1,0,0
JeSuis4Peace,3329,,4,0,1,1,0,0,0,0,0,0,1,0,0,0,0,0,0,0,0,0,1
bigboy_63,3326,,2,0,0,0,0,0,0,0,1,0,1,0,0,0,0,0,0,0,0,0,0
jahangiri56,3324,,2,0,0,0,0,0,0,0,0,0,0,0,1,1,0,0,0,0,0,0,0
mrsgolbano,3316,,1,0,0,0,0,0,0,0,0,0,0,0,0,1,0,0,0,0,0,0,0
Farqinhr,3313,,9,0,1,0,0,1,0,1,0,1,1,0,0,1,1,0,0,0,1,0,1
LexieVillanelle,3312,,1,0,0,0,0,0,0,0,0,0,0,0,0,0,0,0,0,1,0,0,0
zvir14,3304,,1,0,0,0,0,0,0,0,0,0,1,0,0,0,0,0,0,0,0,0,0
mohamadzade1995,3300,,1,0,0,0,0,0,0,0,0,0,0,0,0,0,0,0,0,0,0,0,1
mhelena1313,3295,,1,0,0,0,0,0,0,0,0,0,0,0,0,0,0,0,0,0,1,0,0
longitude0,3294,,1,0,0,0,0,0,1,0,0,0,0,0,0,0,0,0,0,0,0,0,0
im_mahbobeh,3293,,2,0,0,0,0,0,0,0,0,0,0,0,0,1,0,0,1,0,0,0,0
EDF48857369,3292,,1,0,0,0,0,0,0,0,0,0,0,0,0,1,0,0,0,0,0,0,0
GeorgeLuvala,3290,,1,0,0,0,0,0,0,0,0,0,0,0,0,0,0,0,0,1,0,0,0
riyazulkhaliq,3289,,1,0,0,0,0,0,0,0,0,0,0,0,0,0,0,0,0,0,0,0,1
SouzaBenedict,3288,,2,0,0,0,0,0,1,0,0,0,0,0,0,0,0,0,0,1,0,0,0
YUSUF_OLATUNJI7,3286,,1,0,0,0,0,0,0,0,0,0,1,0,0,0,0,0,0,0,0,0,0
MaryMil62180561,3286,,1,0,0,0,0,0,0,0,0,0,0,0,0,1,0,0,0,0,0,0,0
Hieremias25,3283,,2,0,0,0,0,0,0,0,0,0,0,0,1,0,0,0,0,0,1,0,0
hasan_s29,3282,,2,0,0,0,0,0,0,0,0,1,0,1,0,0,0,0,0,0,0,0,0
enio_mori,3280,,1,0,0,0,0,0,0,0,0,0,0,0,0,0,0,0,0,0,0,1,0
ahmD1ALAMaM,3280,,1,0,0,0,0,0,0,0,0,1,0,0,0,0,0,0,0,0,0,0,0
Left_Indy,3280,,1,0,0,0,0,0,0,0,1,0,0,0,0,0,0,0,0,0,0,0,0
faxire,3278,,1,0,0,0,0,0,0,0,0,0,0,0,0,0,0,0,0,0,0,0,1
BarbaraMayabc,3278,,1,0,0,0,0,0,0,0,0,0,0,0,0,0,0,0,1,0,0,0,0
Farouk_FaroukD,3276,,9,1,0,1,0,0,1,1,0,0,1,0,0,1,1,0,0,1,0,0,1
free0xSage,3274,,2,0,0,0,0,0,0,0,0,1,0,0,0,1,0,0,0,0,0,0,0
PointsNorthe,3270,,1,0,0,0,0,0,0,0,0,0,0,0,0,1,0,0,0,0,0,0,0
Khan786Rish,3270,,4,0,0,0,0,0,0,0,0,0,0,0,0,0,0,0,1,0,1,1,1
kourouklides,3268,,1,0,0,0,0,0,0,0,0,0,0,0,0,0,0,0,0,0,1,0,0
CasaChichi,3266,,6,0,1,0,0,0,1,0,0,1,0,1,0,0,0,0,0,1,0,1,0
neric16,3264,,2,0,0,0,0,0,0,0,0,0,0,0,0,0,0,0,1,0,0,0,1
TheEvilGenius3,3262,,1,0,0,0,0,0,0,0,0,0,0,0,0,0,0,0,0,0,0,1,0
Laughterrr_,3261,,1,0,0,0,0,0,0,0,0,0,0,0,0,0,0,0,0,0,0,0,1
Catherine022877,3259,,3,0,0,0,0,0,0,0,0,0,0,0,0,0,0,0,0,1,0,1,1
abhic4ever,3258,,1,0,0,0,1,0,0,0,0,0,0,0,0,0,0,0,0,0,0,0,0
TheRealTci,3258,,1,0,0,0,0,0,0,0,0,0,1,0,0,0,0,0,0,0,0,0,0
dominicxowino,3257,,3,0,0,0,0,0,0,0,0,1,0,0,1,0,0,0,0,1,0,0,0
GregLBean,3256,,1,0,0,0,0,0,0,0,0,0,0,0,0,0,0,0,0,1,0,0,0
Hussainpk15,3254,,1,0,0,0,0,0,0,0,0,0,0,0,0,1,0,0,0,0,0,0,0
hajiaba_,3253,,2,0,0,0,0,0,0,0,0,0,1,0,0,1,0,0,0,0,0,0,0
Qatab10,3253,,2,0,0,0,0,0,0,0,0,0,1,0,0,1,0,0,0,0,0,0,0
azade_mardanii,3251,,1,0,0,0,0,0,0,0,0,0,0,0,1,0,0,0,0,0,0,0,0
michelle_ogno,3250,,3,0,1,0,0,0,0,0,0,1,1,0,0,0,0,0,0,0,0,0,0
Florantine11,3250,,1,0,0,0,0,0,0,0,0,0,0,0,0,0,0,0,0,0,0,0,1
BilalHashmig125,3246,,11,1,0,0,1,1,1,1,1,1,1,0,1,0,1,0,0,1,0,0,0
cd4_hr,3244,,3,0,0,0,0,0,1,1,0,0,1,0,0,0,0,0,0,0,0,0,0
American4plstin,3242,,1,0,0,0,0,0,0,0,0,0,0,0,0,0,0,0,1,0,0,0,0
Fateme_srb,3239,,1,0,0,0,0,0,0,0,0,1,0,0,0,0,0,0,0,0,0,0,0
McIslamofobia,3238,,8,0,0,0,0,1,0,0,0,0,0,1,1,1,0,0,1,1,0,1,1
r_e_m1,3235,,3,0,0,0,0,0,0,1,0,1,0,0,0,0,0,0,0,0,0,0,1
l_taghipour,3235,,2,0,0,1,0,0,1,0,0,0,0,0,0,0,0,0,0,0,0,0,0
xenosstinkriti2,3233,,10,1,0,0,0,0,1,0,0,0,1,1,1,1,1,1,0,0,1,0,1
SahrukQURESHI14,3232,,2,0,0,0,0,1,1,0,0,0,0,0,0,0,0,0,0,0,0,0,0
MahmoodyAli,3228,,1,0,0,0,0,0,0,0,0,1,0,0,0,0,0,0,0,0,0,0,0
onderaslan38,3227,,1,0,0,0,0,0,0,0,0,0,0,0,0,0,0,0,0,0,1,0,0
OpenlyClassist,3227,,1,0,0,0,0,0,0,0,0,0,0,0,0,0,0,0,0,1,0,0,0
InfoKatsaros,3225,,4,0,0,0,0,0,0,0,0,0,0,0,1,1,0,0,0,1,0,0,1
_Indus_,3224,,2,0,0,0,0,0,1,0,0,0,0,0,0,0,0,0,0,1,0,0,0
mostafahamedi_y,3223,,4,0,0,0,0,1,1,0,1,0,0,0,0,0,0,0,0,0,0,1,0
Sadalmelik19,3223,,1,0,0,0,0,0,0,0,0,0,0,0,0,0,0,0,0,0,0,0,1
abdallhgcz307,3222,,1,0,0,0,0,0,0,0,0,0,0,0,0,0,0,1,0,0,0,0,0
VermilViathan,3220,,3,0,0,0,0,0,1,0,0,0,0,0,1,0,0,0,0,1,0,0,0
mllsos7,3217,,1,0,0,0,0,0,0,0,0,1,0,0,0,0,0,0,0,0,0,0,0
dadgahemonafegh,3217,,2,0,0,0,1,0,0,0,0,0,0,0,0,0,0,0,0,1,0,0,0
rainebyoona1,3216,,1,0,0,0,0,0,0,0,0,0,0,0,0,0,0,0,0,0,1,0,0
afropessimistic,3211,,1,0,0,0,0,0,0,0,0,0,0,0,0,0,0,0,0,0,0,1,0
DavidRobie,3211,,1,0,0,0,0,0,0,0,0,0,0,0,0,0,0,0,0,1,0,0,0
DonMichael13_,3209,,1,0,0,0,0,0,1,0,0,0,0,0,0,0,0,0,0,0,0,0,0
o7NmSCkvBBmGLKm,3205,,1,0,0,0,0,0,0,0,0,0,0,0,0,1,0,0,0,0,0,0,0
lokiloptr154668,3199,,1,0,0,0,0,0,0,0,0,0,0,1,0,0,0,0,0,0,0,0,0
T3chniq_,3196,,6,0,1,0,0,0,0,0,0,0,0,1,0,0,0,1,1,1,1,0,0
CountLuchino,3194,,1,0,0,0,0,0,0,0,0,0,1,0,0,0,0,0,0,0,0,0,0
imelda_mairead,3193,,1,0,0,0,0,0,0,1,0,0,0,0,0,0,0,0,0,0,0,0,0
DrIftilharR,3193,,8,1,0,0,0,1,0,1,1,0,0,0,0,0,0,1,0,1,1,1,0
Horn_Esquire,3189,,2,0,0,0,0,0,0,0,1,1,0,0,0,0,0,0,0,0,0,0,0
marypgkeating,3186,,2,0,0,0,0,0,0,0,0,0,0,0,0,0,0,0,0,0,0,1,1
fizzymo_,3186,,5,0,0,0,0,0,1,0,0,1,1,0,0,0,0,1,0,0,1,0,0
DallasLeftie,3183,,1,0,0,0,0,0,0,0,0,0,0,0,0,0,0,0,0,0,0,0,1
DASKAVI,3183,,10,0,0,1,0,1,1,0,1,1,1,0,1,1,0,0,1,1,0,0,0
_guilleonidas,3181,,2,0,0,0,0,0,1,0,0,0,1,0,0,0,0,0,0,0,0,0,0
JusticeAb24,3177,,4,0,0,0,0,0,0,0,1,1,0,0,0,1,0,0,0,0,0,0,1
151515icigo,3174,,8,0,1,0,0,0,0,0,1,0,0,1,0,1,0,1,1,1,1,0,0
5C5CX,3168,,1,0,0,0,0,0,0,0,0,0,0,0,0,0,0,0,0,0,1,0,0
gavev,3165,,1,0,0,0,0,0,0,0,0,0,0,0,0,0,0,0,0,1,0,0,0
adlyzulkefly,3163,,1,1,0,0,0,0,0,0,0,0,0,0,0,0,0,0,0,0,0,0,0
shamxeed05,3161,,3,0,0,0,0,0,1,0,0,0,0,1,1,0,0,0,0,0,0,0,0
bioAitech,3161,,1,0,0,0,0,1,0,0,0,0,0,0,0,0,0,0,0,0,0,0,0
gnitnaZ,3158,,2,0,0,0,0,0,0,0,0,0,1,0,0,1,0,0,0,0,0,0,0
Heathersh1Bruce,3155,,1,0,0,0,0,0,0,0,0,0,0,0,0,0,0,0,0,1,0,0,0
lorestani_mo,3153,,1,0,0,0,0,0,0,0,0,0,1,0,0,0,0,0,0,0,0,0,0
AseelAlFakhry,3150,,2,1,0,0,0,0,0,0,0,0,0,0,0,0,0,0,0,0,0,0,1
siKeTv_,3146,,1,0,0,0,0,0,0,0,0,0,1,0,0,0,0,0,0,0,0,0,0
earthygirl011,3137,,7,0,0,0,0,0,1,0,0,1,1,0,0,1,1,0,0,1,1,0,0
molesteeth,3134,,1,0,0,0,0,0,0,0,0,0,0,0,1,0,0,0,0,0,0,0,0
alarzprince,3134,,1,0,0,0,0,0,0,0,0,0,0,0,0,0,0,1,0,0,0,0,0
Chris_P_GR,3134,,1,0,0,0,0,0,0,0,0,0,1,0,0,0,0,0,0,0,0,0,0
ghadamyari_ir,3132,,1,0,0,0,0,0,0,0,0,0,0,0,0,1,0,0,0,0,0,0,0
rojoChilean,3130,,1,0,0,0,0,0,0,0,0,0,0,0,0,0,0,0,0,0,1,0,0
Sir_Benzene,3127,,1,0,0,0,0,0,0,0,0,0,1,0,0,0,0,0,0,0,0,0,0
Mss__Raiyah,3125,,2,0,0,0,0,0,0,0,0,0,0,0,0,0,0,0,0,1,0,0,1
chavoshan_ir,3123,,6,0,0,0,0,1,0,0,1,0,0,1,1,1,0,0,0,0,1,0,0
abegabe701,3123,,1,0,0,0,0,0,0,0,0,0,0,0,0,0,0,0,0,0,0,0,1
Syedtarananaqvi,3112,,1,0,0,0,0,0,0,0,0,0,0,0,0,0,0,0,0,1,0,0,0
MehrdadChegin,3112,,1,0,0,0,0,0,0,0,0,0,0,1,0,0,0,0,0,0,0,0,0
AlharebDr,3108,,2,0,0,0,0,0,1,0,0,0,0,0,0,0,0,1,0,0,0,0,0
Aida2791,3107,,2,0,0,0,0,0,0,0,0,0,0,0,0,0,0,0,0,0,1,0,1
WQAORiYm9oBw5vR,3106,,1,0,0,0,0,0,0,0,0,0,0,0,0,0,0,0,0,0,0,0,1
TrainWreck1766,3103,,1,0,0,0,0,0,0,1,0,0,0,0,0,0,0,0,0,0,0,0,0
227Juliana,3102,,2,0,1,1,0,0,0,0,0,0,0,0,0,0,0,0,0,0,0,0,0
MaraHelenaAssi1,3101,,1,0,0,0,0,0,1,0,0,0,0,0,0,0,0,0,0,0,0,0,0
allanfold,3099,,4,0,0,0,0,0,1,0,0,0,0,0,1,1,1,0,0,0,0,0,0
omargdraws,3096,,2,0,0,0,0,0,1,0,0,0,0,0,0,1,0,0,0,0,0,0,0
bothrapawan53,3096,,1,0,0,0,0,0,1,0,0,0,0,0,0,0,0,0,0,0,0,0,0
120WeirdAvenue,3096,,1,0,0,0,0,0,1,0,0,0,0,0,0,0,0,0,0,0,0,0,0
J_Rezazadeh,3092,,5,0,0,0,0,0,0,0,0,0,0,1,0,1,1,1,0,1,0,0,0
arcdini,3091,,1,0,0,0,0,0,0,0,0,0,0,0,0,0,0,0,0,1,0,0,0
A_A_j313,3090,,1,0,1,0,0,0,0,0,0,0,0,0,0,0,0,0,0,0,0,0,0
THAT_resistGUY,3087,,1,0,0,0,0,0,0,0,0,0,1,0,0,0,0,0,0,0,0,0,0
professor_766,3084,,9,0,0,0,0,0,1,1,0,0,0,1,0,1,1,1,1,0,1,0,1
wiesiede,3083,,2,0,0,0,0,0,0,0,0,0,0,0,0,0,0,0,0,1,1,0,0
msianputeri,3083,,4,0,0,0,0,0,0,1,0,1,0,0,0,0,0,0,0,0,0,1,1
FereshtehSaemi,3083,,1,0,0,0,0,0,0,0,0,0,0,0,0,0,0,0,0,0,1,0,0
CeReKala,3082,,1,0,0,0,0,0,0,0,0,0,0,0,0,0,0,0,0,0,0,0,1
iknowWassup,3081,,1,0,0,0,0,0,0,0,0,1,0,0,0,0,0,0,0,0,0,0,0
Yasthetwit,3081,,1,0,0,0,0,0,0,0,0,0,0,0,0,0,0,0,0,1,0,0,0
Shelomohkeita,3081,,2,0,0,0,0,0,0,0,0,0,0,0,0,0,0,0,0,1,0,0,1
GASirianni,3077,,11,1,0,0,0,1,0,0,1,1,1,1,1,0,0,0,1,1,1,0,1
abuishak991,3076,,1,0,0,0,0,0,0,0,0,0,0,0,0,0,0,1,0,0,0,0,0
txemasg,3075,,6,0,1,0,0,1,1,0,1,0,0,1,0,0,0,0,1,0,0,0,0
smzamie,3073,,1,0,0,0,0,0,0,0,0,1,0,0,0,0,0,0,0,0,0,0,0
hoda_b_z,3071,,1,0,0,0,1,0,0,0,0,0,0,0,0,0,0,0,0,0,0,0,0
Lehlohonolo_13,3071,,2,0,0,0,0,0,0,0,0,0,0,0,0,0,0,0,0,1,0,0,1
sajadkhadem1,3069,,2,0,0,0,0,1,1,0,0,0,0,0,0,0,0,0,0,0,0,0,0
zeynabazari,3067,,1,0,0,0,0,1,0,0,0,0,0,0,0,0,0,0,0,0,0,0,0
asraaddvuux,3065,,1,0,0,0,0,0,0,0,0,0,0,0,0,0,0,0,0,0,0,1,0
amou_h2,3065,,1,0,1,0,0,0,0,0,0,0,0,0,0,0,0,0,0,0,0,0,0
IntropaJacques,3065,,1,0,0,0,0,0,0,0,0,0,0,0,0,0,0,0,0,0,1,0,0
txuriya,3064,,1,0,0,0,0,0,0,0,0,0,1,0,0,0,0,0,0,0,0,0,0
AlfakihMotea,3063,,1,0,0,0,0,0,0,0,0,0,0,0,0,0,0,1,0,0,0,0,0
MweneMuganga,3061,,1,0,0,0,0,1,0,0,0,0,0,0,0,0,0,0,0,0,0,0,0
abu__moataz,3058,,11,0,0,1,0,0,1,0,0,1,1,1,1,1,1,1,1,0,1,0,0
luiscarlosrl,3056,,3,1,0,0,0,0,0,0,0,0,0,0,0,1,0,0,0,0,1,0,0
Caspian713,3055,,1,0,0,0,0,0,0,0,1,0,0,0,0,0,0,0,0,0,0,0,0
DanFmTo,3051,,1,0,0,0,0,0,0,0,0,0,0,0,0,0,0,0,0,1,0,0,0
floskinborkkum1,3047,,1,0,0,0,0,0,0,0,0,0,0,0,0,0,0,0,0,1,0,0,0
Maxy_Plato,3042,,1,0,0,0,0,0,0,0,0,0,0,0,0,0,0,0,0,0,0,0,1
CuriumGray,3040,,13,1,1,0,0,0,1,1,1,1,1,1,1,0,0,1,1,1,0,0,1
hanifleylabi,3037,,2,0,0,0,0,0,1,0,0,0,0,0,0,0,0,0,0,0,1,0,0
NicolasMalavida,3033,,3,0,0,0,1,0,0,1,0,1,0,0,0,0,0,0,0,0,0,0,0
rtebizo,3032,,1,0,0,0,0,0,0,0,0,1,0,0,0,0,0,0,0,0,0,0,0
dmatkins137,3032,,1,0,0,0,0,0,0,0,0,0,0,0,0,0,0,0,1,0,0,0,0
bamwine_adams,3028,,1,0,0,1,0,0,0,0,0,0,0,0,0,0,0,0,0,0,0,0,0
Ron_Da_Don_II,3028,,1,0,0,0,0,0,0,0,0,0,1,0,0,0,0,0,0,0,0,0,0
Moh_ALazi,3028,,1,1,0,0,0,0,0,0,0,0,0,0,0,0,0,0,0,0,0,0,0
McArthurhustle,3028,,5,0,1,1,0,0,1,1,0,1,0,0,0,0,0,0,0,0,0,0,0
AL_HASANi4,3028,,3,0,1,0,0,0,0,0,0,1,0,0,0,0,0,0,1,0,0,0,0
soltaninezhad20,3027,,3,0,1,0,0,1,0,0,0,0,0,0,0,0,0,0,1,0,0,0,0
ll_Mersad_ll,3026,,1,0,0,0,0,0,0,0,0,1,0,0,0,0,0,0,0,0,0,0,0
Pollydoodle1,3026,,1,0,0,0,0,0,0,0,0,0,0,0,0,0,0,0,0,1,0,0,0
Manjina_Hani,3026,,1,0,0,0,0,0,0,0,0,1,0,0,0,0,0,0,0,0,0,0,0
_zulfukar_2,3025,,1,0,0,0,0,0,0,0,0,0,0,0,0,0,0,0,0,0,0,0,1
AliRamji2,3025,,2,0,0,0,0,0,0,0,0,1,0,0,0,0,0,0,0,0,0,1,0
EbruBasa,3023,,1,0,0,0,0,0,1,0,0,0,0,0,0,0,0,0,0,0,0,0,0
djsmallchange,3018,,1,0,0,0,0,0,1,0,0,0,0,0,0,0,0,0,0,0,0,0,0
RH19962,3016,,1,0,0,0,0,0,0,0,0,0,0,0,0,0,0,1,0,0,0,0,0
Mehdi_56m,3016,,6,0,0,0,0,0,0,0,0,1,0,1,1,1,1,0,0,0,1,0,0
World_War718,3015,,4,0,0,0,0,0,0,0,0,0,1,1,1,0,0,0,0,0,1,0,0
jo_nordic,3013,,2,0,0,0,0,0,1,0,0,0,0,0,0,0,0,0,1,0,0,0,0
a_mitgrover,3012,,1,0,0,0,0,0,0,0,0,0,0,0,0,0,0,0,0,1,0,0,0
fcabravo,3011,,3,0,0,0,0,0,0,0,0,0,0,0,0,0,0,1,0,1,0,0,1
Sam45moh,3009,,1,0,0,0,0,0,0,0,0,0,0,0,0,0,0,0,0,0,0,0,1
ziazamany,3007,,3,0,0,0,1,1,0,1,0,0,0,0,0,0,0,0,0,0,0,0,0
chuckcorbin,3005,,1,0,0,0,0,0,0,0,0,0,0,0,0,0,0,0,0,0,0,0,1
RahaDarSokoot,3004,,6,0,0,0,1,1,1,0,1,1,1,0,0,0,0,0,0,0,0,0,0
funkywitch1982,3002,,1,0,0,0,0,0,0,0,0,0,0,0,0,0,0,0,0,1,0,0,0
Male2026,3001,,1,0,0,0,0,0,1,0,0,0,0,0,0,0,0,0,0,0,0,0,0
Lastfaul,3000,,8,0,0,0,0,0,1,0,1,0,1,0,1,1,0,0,1,1,1,0,0
RahehalTV,2998,,1,0,0,0,0,0,0,1,0,0,0,0,0,0,0,0,0,0,0,0,0
hectoralvareza1,2995,,2,0,0,0,0,0,0,0,0,0,0,0,0,0,0,1,1,0,0,0,0
baranbahari3254,2995,,3,0,0,0,0,0,0,0,0,0,0,1,0,1,0,0,0,0,1,0,0
lvictorfaulkner,2993,,1,0,0,0,0,0,0,0,0,0,0,0,0,0,1,0,0,0,0,0,0
seyyed_relax,2990,,8,0,0,0,0,0,0,0,0,0,1,1,0,0,0,1,1,1,1,1,1
leftfielder,2986,,1,0,0,0,0,0,0,0,0,0,0,0,0,0,0,0,0,0,0,0,1
GiusAcconcia,2985,,4,0,0,1,0,0,1,0,0,0,0,0,0,0,0,0,0,1,1,0,0
ahmad_sayeem,2982,,2,0,0,0,0,0,0,0,0,0,0,0,0,0,0,0,0,0,0,1,1
Marpassion,2981,,1,0,0,0,0,0,0,0,0,0,0,0,1,0,0,0,0,0,0,0,0
renewableworks,2979,,4,0,0,0,0,0,0,0,0,0,0,0,0,0,0,0,1,1,1,0,1
mutugikaburu93,2979,,1,0,0,0,0,0,0,0,1,0,0,0,0,0,0,0,0,0,0,0,0
Vadebaggers,2976,,4,0,0,0,0,0,1,0,1,1,0,0,1,0,0,0,0,0,0,0,0
JamalGurhan,2976,,1,0,0,0,0,0,0,0,0,0,0,0,0,0,0,0,0,0,0,0,1
tabish_abass,2973,,2,0,0,0,0,0,0,0,0,0,0,0,0,0,0,1,1,0,0,0,0
ninatankina,2970,,1,0,0,0,0,0,0,0,1,0,0,0,0,0,0,0,0,0,0,0,0
Ali_N_12313,2966,,1,0,0,0,0,0,1,0,0,0,0,0,0,0,0,0,0,0,0,0,0
nishant_nihar,2960,,2,0,0,0,0,0,0,0,1,0,0,0,0,0,0,0,0,0,0,0,1
fatemekhanoom12,2960,,2,0,0,0,0,0,1,0,0,0,0,0,1,0,0,0,0,0,0,0,0
HalFurman,2960,,1,0,1,0,0,0,0,0,0,0,0,0,0,0,0,0,0,0,0,0,0
your_bhupesh,2959,,1,0,0,0,0,0,0,0,0,0,0,0,0,0,0,0,0,0,0,0,1
lulua_b,2957,,1,0,0,0,0,0,0,0,0,0,1,0,0,0,0,0,0,0,0,0,0
PoirotKr,2955,,1,1,0,0,0,0,0,0,0,0,0,0,0,0,0,0,0,0,0,0,0
DestiGrace1,2954,,1,0,0,0,0,0,0,0,0,0,0,0,0,0,0,0,0,0,0,0,1
MHDR_1,2953,,2,0,0,0,0,0,1,0,0,0,0,0,0,0,0,0,0,0,1,0,0
IraninAlgeria,2953,,1,0,0,0,0,0,0,0,0,0,1,0,0,0,0,0,0,0,0,0,0
Mma3h1bMoo5T9Lk,2952,,1,0,0,0,0,0,0,0,0,0,0,0,0,0,0,0,0,0,1,0,0
sajediRonak,2950,,6,0,1,0,0,1,0,1,0,0,0,1,1,1,0,0,0,0,0,0,0
zahra2533,2946,,1,0,1,0,0,0,0,0,0,0,0,0,0,0,0,0,0,0,0,0,0
savas_k14,2946,,1,0,0,0,0,0,0,0,0,0,0,0,0,0,0,0,1,0,0,0,0
Rahil__68,2946,,1,0,0,0,0,0,0,0,0,0,0,0,0,0,0,0,0,1,0,0,0
AhmadAhmadi1997,2946,,1,0,0,0,0,0,0,0,0,0,0,0,1,0,0,0,0,0,0,0,0
AtefehKhanoom,2943,,17,1,0,1,0,1,0,1,1,1,1,1,1,1,1,1,1,1,1,1,1
kenan101138,2942,,4,0,0,0,0,0,0,0,0,0,0,0,0,0,0,1,1,1,0,0,1
Long_Archer,2941,,2,0,0,0,0,0,0,0,0,0,0,0,0,0,0,0,1,1,0,0,0
AdnanhussainAD,2941,,1,0,0,0,0,0,0,0,0,1,0,0,0,0,0,0,0,0,0,0,0
MMursalin11,2939,,1,0,0,0,0,0,0,0,0,0,0,0,0,0,0,0,0,1,0,0,0
ishaq15075,2936,,1,0,0,0,0,0,0,0,0,0,0,0,0,0,0,0,0,1,0,0,0
gauagg,2932,,1,0,0,0,0,1,0,0,0,0,0,0,0,0,0,0,0,0,0,0,0
studio_1357,2931,,1,0,0,0,0,0,0,0,0,0,0,0,1,0,0,0,0,0,0,0,0
Mobin3232,2929,,19,1,1,1,1,1,1,1,1,0,1,1,1,1,1,1,1,1,1,1,1
reihane_asgari,2928,,6,0,0,0,1,0,0,0,0,0,0,1,0,1,0,0,1,1,0,0,1
LeylaNarimani,2922,,3,0,0,0,1,0,1,0,0,0,0,0,0,0,0,0,1,0,0,0,0
JessesLaw,2922,,1,0,0,0,0,0,0,0,0,0,0,0,0,0,0,0,1,0,0,0,0
MuhammadDehdari,2919,,12,0,1,1,0,1,1,1,1,1,1,1,1,1,0,0,0,0,0,0,1
Farz_Zaad,2918,,11,0,0,0,0,0,0,0,0,1,0,1,1,1,1,1,1,1,1,1,1
mhsn_hooshmand,2915,,2,0,0,0,0,0,0,0,1,1,0,0,0,0,0,0,0,0,0,0,0
NBI2345,2915,,3,0,0,0,0,0,0,0,0,0,1,0,0,0,0,0,0,0,0,1,1
pinkpaisley3,2914,,1,0,0,0,0,0,0,0,0,0,1,0,0,0,0,0,0,0,0,0,0
majorBILLYB,2914,,7,0,0,0,0,0,0,0,0,0,1,0,0,1,1,1,1,1,1,0,0
daoudmiakhel,2913,,1,0,0,0,0,0,0,0,0,0,0,0,0,1,0,0,0,0,0,0,0
Zakieabdolahi44,2913,,1,0,0,0,0,0,0,1,0,0,0,0,0,0,0,0,0,0,0,0,0
Mzee_kubwa,2909,,1,0,0,0,0,0,0,0,0,1,0,0,0,0,0,0,0,0,0,0,0
mosisyellow,2908,,3,0,0,0,0,0,1,0,0,0,0,0,0,1,0,1,0,0,0,0,0
RangaSiyaar1,2908,,7,0,0,0,0,1,1,0,0,0,0,0,0,1,0,0,1,1,1,1,0
PerseusAryamehr,2907,,1,0,0,0,0,0,0,0,0,0,0,0,0,0,0,0,0,0,1,0,0
Msee_flaniKe,2907,,9,0,0,0,0,1,1,0,1,1,0,1,1,1,0,1,0,0,0,0,1
IRANinERBIL,2905,,1,0,0,0,0,0,0,0,0,0,0,0,0,0,0,0,0,0,1,0,0
EBRAHIM_KHOOBAN,2904,,3,0,0,0,0,0,0,0,0,0,0,1,0,1,1,0,0,0,0,0,0
NanoSpacecrafts,2903,,1,0,0,0,0,0,0,0,0,0,0,0,0,0,0,0,0,0,1,0,0
H_adi998,2903,,1,0,0,0,0,0,0,0,0,0,0,0,0,0,0,1,0,0,0,0,0
Samira27040081,2902,,8,1,0,0,0,0,0,1,1,1,1,0,0,0,0,0,0,1,0,1,1
MeetJoeBlack63,2902,,1,0,0,0,0,0,0,0,0,0,0,0,0,0,0,0,0,0,0,0,1
PapiiKennyy7,2901,,1,0,0,0,0,0,0,0,0,0,1,0,0,0,0,0,0,0,0,0,0
elijah_abebe,2899,,4,0,0,0,0,0,0,1,1,1,1,0,0,0,0,0,0,0,0,0,0
BjGilger,2897,,1,0,0,0,0,0,0,0,0,0,0,0,0,0,0,0,0,0,1,0,0
Newrawriot,2894,,1,0,0,0,0,0,0,0,0,0,0,0,0,0,0,0,0,0,0,0,1
Javed09628124,2891,,2,0,0,0,0,0,0,0,0,0,0,0,0,0,0,0,0,0,0,1,1
iamBarnet,2888,,5,0,0,1,0,0,1,0,1,1,0,1,0,0,0,0,0,0,0,0,0
SA3EEDnet,2887,,1,0,0,0,0,0,0,0,0,0,0,0,0,0,0,0,0,1,0,0,0
polarbear_2017,2884,,4,0,0,0,1,0,1,0,1,0,0,0,0,0,0,1,0,0,0,0,0
dhalfgar,2884,,1,0,0,0,0,0,0,0,0,0,0,0,0,0,0,1,0,0,0,0,0
harsh8848,2882,,1,0,0,0,0,0,0,0,0,0,0,0,0,0,0,0,0,1,0,0,0
dawven_145,2879,,1,0,0,0,0,0,0,0,0,0,0,0,0,0,0,0,1,0,0,0,0
MataHarikka,2876,,5,0,0,1,0,1,1,0,0,1,0,0,0,0,0,0,0,0,0,1,0
PauletteAlt,2875,,1,0,0,0,0,0,0,0,0,0,0,0,0,0,0,0,0,0,0,1,0
elzebrauu,2874,,1,0,0,0,0,0,0,0,0,0,0,0,0,0,0,0,0,0,1,0,0
AjitNagrgoje,2874,,6,0,0,0,0,0,0,0,1,1,0,0,0,1,0,0,0,1,1,1,0
Abo_Amaar17,2873,,1,0,0,0,0,0,0,0,0,0,0,0,0,1,0,0,0,0,0,0,0
BissaneTarraf,2871,,1,0,0,0,0,0,0,0,0,0,0,0,0,0,0,1,0,0,0,0,0
abooqanas,2868,,1,0,0,0,0,0,1,0,0,0,0,0,0,0,0,0,0,0,0,0,0
alhakem2000999,2866,,1,0,0,0,0,0,0,0,0,0,0,0,0,0,0,0,0,0,1,0,0
ProfessorDNA,2866,,1,0,0,0,0,0,0,0,0,0,0,0,0,0,0,0,0,0,0,1,0
RezaSoleimany75,2865,,19,0,1,1,1,1,1,1,1,1,1,1,1,1,1,1,1,1,1,1,1
cmohamadou1,2863,,1,0,0,0,0,0,0,0,0,0,0,0,0,1,0,0,0,0,0,0,0
etoileluna77,2862,,1,0,0,0,0,0,0,0,0,1,0,0,0,0,0,0,0,0,0,0,0
elchusdegranada,2862,,2,0,0,0,0,0,0,0,0,0,0,0,0,0,0,0,0,0,0,1,1
NdSolanki,2861,,1,0,0,0,0,0,0,0,1,0,0,0,0,0,0,0,0,0,0,0,0
shipa123,2859,,17,0,1,0,1,0,1,1,1,1,1,1,1,1,1,1,1,1,1,1,1
noir_rex,2859,,1,0,0,0,0,0,0,0,0,0,1,0,0,0,0,0,0,0,0,0,0
deepmpolar,2858,,14,0,0,1,0,0,1,0,1,1,1,1,1,1,1,1,1,1,1,0,1
Magnificent_98,2858,,2,0,0,0,0,0,0,0,1,0,1,0,0,0,0,0,0,0,0,0,0
Psalmuel220,2857,,16,0,1,1,1,1,1,0,0,1,1,1,0,1,1,1,1,1,1,1,1
bdyl3938,2856,,2,0,0,0,0,1,1,0,0,0,0,0,0,0,0,0,0,0,0,0,0
Jeremymari36773,2855,,2,0,1,0,0,0,0,0,0,0,0,0,0,0,0,0,0,0,1,0,0
mazd34772,2851,,1,0,0,0,0,0,1,0,0,0,0,0,0,0,0,0,0,0,0,0,0
shaylin1400,2850,,1,0,0,0,0,0,0,0,0,0,0,0,0,0,0,0,0,0,1,0,0
chdkidaizy,2849,,1,0,0,0,0,0,0,0,0,0,1,0,0,0,0,0,0,0,0,0,0
rougarouaroo,2846,,3,0,0,0,0,0,0,1,0,0,0,0,0,0,0,0,1,1,0,0,0
AsclepiasSyrica,2846,,3,0,0,0,0,1,1,0,0,1,0,0,0,0,0,0,0,0,0,0,0
DublinIran,2845,,2,0,0,0,0,0,0,0,0,0,0,0,0,0,0,0,0,1,0,0,1
ConflictW95,2843,,1,0,0,0,0,0,0,0,0,0,0,0,0,0,0,0,1,0,0,0,0
phelanm,2841,,1,0,0,0,0,0,0,0,0,0,0,0,0,0,0,0,0,0,0,0,1
Zahra_18_shz,2841,,1,0,0,0,0,0,1,0,0,0,0,0,0,0,0,0,0,0,0,0,0
mohammad1078614,2840,,9,0,0,0,0,1,1,0,0,1,1,0,1,0,0,1,0,0,1,1,1
WhoIsMahdi51214,2840,,3,0,0,0,0,1,1,0,0,1,0,0,0,0,0,0,0,0,0,0,0
AvandBabak,2834,,2,1,1,0,0,0,0,0,0,0,0,0,0,0,0,0,0,0,0,0,0
fta_aljwf,2833,,4,0,0,0,0,0,0,0,1,1,0,0,1,0,0,1,0,0,0,0,0
cherry_c_c_c_,2833,,10,0,1,0,0,0,0,0,1,1,0,0,1,1,0,1,0,1,1,1,1
Sefuelix,2832,,1,0,0,0,0,0,0,0,0,1,0,0,0,0,0,0,0,0,0,0,0
jeremiah5244,2830,,1,0,0,0,0,0,0,0,0,0,0,0,0,0,0,0,0,1,0,0,0
InterstellarG0,2828,,3,0,0,0,0,0,0,0,0,1,0,0,0,0,0,1,1,0,0,0,0
Jeszczebardziej,2827,,7,0,0,0,0,1,1,0,1,1,0,0,0,0,0,0,0,0,1,1,1
hossein77dev,2826,,7,0,0,0,0,0,0,1,1,1,1,1,0,0,0,0,1,0,1,0,0
eta_habyb,2826,,2,0,0,0,0,0,1,0,1,0,0,0,0,0,0,0,0,0,0,0,0
haydaroruc,2825,,1,0,0,0,0,0,0,0,0,1,0,0,0,0,0,0,0,0,0,0,0
zahrae12016,2824,,2,0,0,0,0,1,0,0,0,0,0,0,0,0,0,1,0,0,0,0,0
horiguchikesazo,2823,,5,1,0,0,0,0,0,0,0,0,1,0,1,0,0,0,0,0,1,0,1
LunaBot1,2821,,1,0,0,0,0,0,0,0,0,0,0,0,0,0,0,0,0,0,0,0,1
Dappy_52,2820,,1,0,0,0,0,0,0,0,0,0,1,0,0,0,0,0,0,0,0,0,0
ibnyahya43,2819,,6,0,0,0,0,1,0,0,1,0,0,0,0,0,0,1,1,0,0,1,1
amirmahdi_ms,2816,,1,0,0,0,0,0,0,0,0,0,0,0,0,0,0,0,1,0,0,0,0
MinenhleMlambo7,2814,,11,0,0,0,1,0,1,1,1,1,1,0,1,1,1,0,1,1,0,0,0
JibMonkey,2814,,1,0,0,0,0,0,0,0,0,0,0,0,0,0,0,1,0,0,0,0,0
teh_mahdiyeh,2813,,3,0,0,0,0,1,1,0,0,1,0,0,0,0,0,0,0,0,0,0,0
Mohamma14289992,2813,,1,0,0,0,0,0,0,0,0,0,0,0,0,0,0,0,0,0,0,0,1
SallyMo70506324,2809,,5,0,0,0,0,0,0,1,0,1,1,1,0,1,0,0,0,0,0,0,0
justicieropopul,2801,,2,0,0,0,0,0,0,0,0,0,0,0,0,0,0,0,0,0,1,0,1
Masekela38,2799,,2,1,0,1,0,0,0,0,0,0,0,0,0,0,0,0,0,0,0,0,0
abdul1685,2798,,6,0,0,0,0,1,1,0,1,1,0,0,0,0,0,0,0,1,0,0,1
_mastito,2798,,3,0,1,0,0,0,0,0,0,0,0,0,0,1,0,0,0,1,0,0,0
Beanz_on_Taoist,2796,,3,0,0,0,0,0,1,0,0,0,1,0,1,0,0,0,0,0,0,0,0
BadaliSabi6872,2791,,7,0,0,0,0,0,1,0,0,0,1,1,0,1,0,0,0,1,1,1,0
fatmh05777226,2790,,1,0,0,0,0,0,0,0,0,0,0,0,0,1,0,0,0,0,0,0,0
DarkCigars,2790,,1,0,0,0,0,0,1,0,0,0,0,0,0,0,0,0,0,0,0,0,0
thembile_hlati,2789,,1,0,0,0,0,0,0,0,0,0,0,0,0,0,0,0,0,0,0,0,1
militarymf420,2789,,1,0,0,0,0,0,0,0,0,0,1,0,0,0,0,0,0,0,0,0,0
evilfarmer_,2788,,1,0,0,0,0,0,0,0,0,0,1,0,0,0,0,0,0,0,0,0,0
leon_ulises,2785,,1,0,0,0,0,0,0,0,0,0,0,0,0,0,0,0,0,0,0,0,1
wtk0315,2783,,1,0,0,0,0,0,0,0,0,0,0,0,0,0,0,0,0,1,0,0,0
Simacoder,2782,,2,0,0,0,0,0,0,0,0,0,1,0,0,0,0,0,0,0,0,0,1
m_shad55_4,2780,,1,0,0,0,0,0,0,1,0,0,0,0,0,0,0,0,0,0,0,0,0
yellowbeppe,2779,,3,0,0,0,0,0,1,0,0,1,0,0,0,0,0,0,0,0,0,1,0
meAboiii,2779,,2,0,0,0,0,0,0,0,1,0,0,0,0,0,0,0,1,0,0,0,0
Nima12121,2778,,1,0,0,0,0,1,0,0,0,0,0,0,0,0,0,0,0,0,0,0,0
khorshide_s,2776,,1,0,0,0,0,0,0,0,0,0,0,0,0,1,0,0,0,0,0,0,0
Spread_Bet,2775,,1,0,0,0,0,0,0,0,1,0,0,0,0,0,0,0,0,0,0,0,0
gordonschuecker,2772,,1,0,0,0,0,0,0,0,0,1,0,0,0,0,0,0,0,0,0,0,0
ark_610,2768,,1,0,0,0,0,0,1,0,0,0,0,0,0,0,0,0,0,0,0,0,0
Thokoza88288017,2768,,1,0,0,0,0,0,0,0,1,0,0,0,0,0,0,0,0,0,0,0,0
MurattSaribas,2768,,1,0,0,0,0,0,1,0,0,0,0,0,0,0,0,0,0,0,0,0,0
nazilafathi,2766,,1,0,0,0,0,0,0,0,0,0,1,0,0,0,0,0,0,0,0,0,0
mhmohtasham,2766,,4,0,0,0,1,0,1,1,1,0,0,0,0,0,0,0,0,0,0,0,0
khatere5353,2766,,2,0,0,0,0,0,0,0,1,0,1,0,0,0,0,0,0,0,0,0,0
BeautyvogueWBg,2761,,1,0,0,0,0,0,0,0,0,0,0,0,0,1,0,0,0,0,0,0,0
lizzetlis,2760,,1,0,0,0,0,0,0,0,0,1,0,0,0,0,0,0,0,0,0,0,0
karimmyles,2758,,1,0,0,0,0,0,0,0,0,1,0,0,0,0,0,0,0,0,0,0,0
mah242456,2757,,2,0,0,0,1,0,0,0,0,0,0,0,0,0,0,0,0,0,1,0,0
bmolinaicortes,2751,,1,0,0,0,0,0,1,0,0,0,0,0,0,0,0,0,0,0,0,0,0
mamal38764890,2749,,1,0,0,0,0,0,0,0,0,0,0,1,0,0,0,0,0,0,0,0,0
TommyMofo19,2748,,1,0,0,0,0,0,0,0,0,0,0,0,0,0,0,0,0,1,0,0,0
nnnn78656,2746,,2,0,0,0,0,0,0,0,1,0,0,0,0,0,0,0,0,0,0,0,1
IsidroRodes,2746,,1,0,0,0,0,0,0,0,0,0,0,0,0,0,0,0,0,1,0,0,0
HopeBegley,2746,,1,0,0,0,0,0,0,0,0,0,1,0,0,0,0,0,0,0,0,0,0
vafaesfahani,2745,,3,0,0,0,1,0,0,0,0,0,0,1,1,0,0,0,0,0,0,0,0
thefishermon,2741,,1,0,0,0,0,0,0,0,0,0,0,0,0,0,0,0,0,0,0,0,1
SimoneR88717010,2741,,1,0,1,0,0,0,0,0,0,0,0,0,0,0,0,0,0,0,0,0,0
blckminos,2739,,1,0,0,0,0,0,0,0,0,0,0,0,0,0,0,0,0,0,0,0,1
smith6times,2737,,1,0,0,0,0,0,0,0,0,0,0,0,0,0,0,0,0,0,0,0,1
Fawad__Ahmed,2734,,1,0,0,0,0,0,0,0,0,0,0,0,0,0,0,0,0,0,0,0,1
zeynab_banoo313,2733,,12,0,1,1,0,0,1,0,1,1,1,1,0,1,0,0,0,1,1,1,1
mars_mad69,2729,,1,0,0,0,0,0,0,0,0,0,0,0,0,0,0,0,0,0,0,1,0
ZydLky,2720,,1,0,0,0,0,1,0,0,0,0,0,0,0,0,0,0,0,0,0,0,0
EMBIRAN_ECUADOR,2718,,1,0,0,0,0,0,0,0,0,1,0,0,0,0,0,0,0,0,0,0,0
LaurenceMoussi3,2713,,3,0,0,0,0,1,1,0,0,0,0,0,0,1,0,0,0,0,0,0,0
Lydia_Canaan,2710,,2,1,0,0,0,0,0,0,0,0,0,0,0,0,0,0,0,0,0,0,1
Fzsmhhag10,2707,,1,0,0,0,0,0,0,0,0,0,0,0,0,0,0,0,1,0,0,0,0
MaywaMontenegro,2706,,5,0,0,0,0,0,0,0,1,0,0,0,0,1,0,0,1,1,0,1,0
WordofthePlay,2705,,1,0,0,0,0,0,0,0,1,0,0,0,0,0,0,0,0,0,0,0,0
hannahumming,2704,,1,0,0,0,0,0,0,0,0,0,0,0,0,0,0,1,0,0,0,0,0
haidarbcr,2702,,1,0,0,0,0,0,0,0,0,1,0,0,0,0,0,0,0,0,0,0,0
Ih8imperialism,2702,,19,1,1,1,1,1,1,1,1,1,1,1,1,1,1,0,1,1,1,1,1
mayasdreams,2701,,4,0,0,0,1,0,1,0,0,0,0,0,0,1,0,0,0,0,0,0,1
cv148,2700,,7,0,0,1,0,0,0,0,0,1,0,1,0,0,0,0,0,1,1,1,1
jad_ramadan2099,2698,,1,0,0,0,0,0,0,0,0,0,0,0,0,0,0,1,0,0,0,0,0
ARetardation99,2698,,8,1,0,0,1,1,1,0,0,0,0,0,1,1,0,0,0,1,1,0,0
IamMayaSharma,2697,,5,0,0,0,0,0,0,0,0,1,0,0,0,1,1,0,0,1,1,0,0
ciao8eIIa,2696,,1,0,0,0,0,0,1,0,0,0,0,0,0,0,0,0,0,0,0,0,0
Pinkman3119711,2696,,4,0,0,0,1,1,0,0,1,0,0,1,0,0,0,0,0,0,0,0,0
dennis_chris6,2695,,3,0,0,0,0,0,0,0,0,0,1,0,1,0,0,0,0,0,1,0,0
HumanSelection,2695,,1,0,0,0,0,0,1,0,0,0,0,0,0,0,0,0,0,0,0,0,0
Non_of_Sense,2691,,1,0,0,0,0,0,0,0,0,0,0,0,0,0,0,0,0,0,0,0,1
smelmi,2690,,5,0,0,0,1,0,0,1,0,0,0,1,0,0,0,0,1,0,1,0,0
SelinaGreaves21,2690,,17,1,1,0,1,1,1,1,1,1,1,1,1,1,0,1,0,1,1,1,1
bitlissli,2689,,6,0,0,1,0,1,1,1,1,1,0,0,0,0,0,0,0,0,0,0,0
HsamyNrgs55470,2689,,1,0,0,0,0,0,0,0,0,0,0,0,0,0,0,0,0,0,1,0,0
MhmdHolmes,2686,,2,0,0,0,0,0,0,0,0,0,0,0,0,1,0,0,1,0,0,0,0
AztecPride__,2685,,5,0,1,0,0,1,0,1,1,0,0,0,0,0,0,0,1,0,0,0,0
Canadian_OSINT,2684,,5,0,0,0,0,0,0,0,1,0,0,0,0,1,1,1,0,1,0,0,0
Iran_hashtags,2679,,1,0,0,0,0,0,0,0,0,0,0,0,0,0,0,0,1,0,0,0,0
EshaghiFarideh,2679,,3,0,1,0,0,0,1,0,0,0,0,0,1,0,0,0,0,0,0,0,0
DFBbear,2679,,8,0,0,0,0,0,1,1,0,1,0,0,0,1,0,0,1,0,1,1,1
rynh245752,2672,,1,0,0,0,1,0,0,0,0,0,0,0,0,0,0,0,0,0,0,0,0
RujaalCitizen,2672,,1,0,0,0,0,0,0,0,0,0,1,0,0,0,0,0,0,0,0,0,0
moy20230,2669,,2,1,0,0,0,0,0,0,0,0,0,0,0,0,0,0,1,0,0,0,0
alirezakey1,2669,,2,0,1,0,0,0,0,1,0,0,0,0,0,0,0,0,0,0,0,0,0
VazquezSonne4,2664,,3,0,0,0,0,0,0,0,0,0,1,0,0,0,0,0,0,1,0,1,0
MsMartha15,2664,,1,0,0,0,0,0,0,0,0,0,0,0,0,0,0,0,1,0,0,0,0
najla_babaei,2661,,1,0,1,0,0,0,0,0,0,0,0,0,0,0,0,0,0,0,0,0,0
KCastigada,2661,,2,0,0,0,0,0,0,0,0,0,0,1,0,0,0,0,0,0,0,0,1
iamtoptee,2660,,1,0,0,0,0,0,0,0,0,0,0,0,0,0,0,0,0,0,1,0,0
wardiamonds,2659,,1,0,0,1,0,0,0,0,0,0,0,0,0,0,0,0,0,0,0,0,0
P0liticalscienc,2659,,8,0,0,0,1,0,0,1,0,0,0,0,1,1,1,1,1,0,1,0,0
GordonDalgleish,2658,,8,1,0,0,0,0,1,1,1,0,1,1,1,1,0,0,0,0,0,0,0
cartermillz,2655,,2,1,0,0,0,0,0,0,1,0,0,0,0,0,0,0,0,0,0,0,0
_Ian__Brown_,2655,,1,0,0,0,0,0,0,0,0,0,0,0,0,0,0,0,0,0,0,0,1
Tech_Baddo,2652,,2,0,0,0,0,0,1,0,0,1,0,0,0,0,0,0,0,0,0,0,0
senior_panahi,2651,,1,0,0,0,0,0,0,0,0,0,0,0,0,0,0,0,0,0,1,0,0
julesbeton,2650,,1,0,0,0,0,0,0,0,0,0,0,0,0,0,0,0,0,0,1,0,0
joybarmarefat,2650,,1,0,0,0,0,0,0,0,0,0,0,0,1,0,0,0,0,0,0,0,0
caroleevans,2650,,1,0,0,0,0,0,1,0,0,0,0,0,0,0,0,0,0,0,0,0,0
PaulaHemlock,2649,,4,1,0,0,0,0,1,1,0,0,1,0,0,0,0,0,0,0,0,0,0
frzaneh_a,2648,,3,0,0,0,0,0,1,0,0,0,0,0,0,1,0,0,1,0,0,0,0
PanicoEspectral,2645,,4,0,0,0,0,0,1,0,0,0,1,0,1,1,0,0,0,0,0,0,0
Siyasi01,2644,,11,0,0,1,0,1,0,0,1,1,0,1,0,1,0,0,1,1,1,1,1
sblack505,2643,,1,0,0,0,0,0,0,0,1,0,0,0,0,0,0,0,0,0,0,0,0
AROLE_PeterObi,2643,,2,0,0,0,0,0,0,0,1,0,0,0,0,0,0,0,1,0,0,0,0
emina_c,2639,,6,0,0,1,0,0,1,1,0,1,1,0,0,0,0,0,0,0,0,0,1
BaselArafa27506,2639,,1,0,0,0,0,0,0,0,0,0,0,0,0,0,0,0,0,0,0,0,1
A_shahsavar1369,2638,,1,0,0,0,0,1,0,0,0,0,0,0,0,0,0,0,0,0,0,0,0
zeynabbahmani,2636,,5,0,1,0,0,1,1,1,0,0,0,1,0,0,0,0,0,0,0,0,0
ZahraShams38434,2636,,10,0,1,1,1,1,1,0,0,0,0,1,1,0,0,0,1,1,1,0,0
Skyebright8,2636,,5,1,0,0,0,0,0,0,0,0,0,0,1,0,0,1,0,1,0,1,0
AhmedYaminn,2631,,1,0,0,0,0,0,0,0,0,0,1,0,0,0,0,0,0,0,0,0,0
richard9841,2628,,1,0,0,0,0,0,0,0,0,0,0,0,0,0,0,0,0,0,0,0,1
mrzshokouhifard,2627,,3,1,0,0,0,0,1,0,0,1,0,0,0,0,0,0,0,0,0,0,0
igbomalam,2625,,1,0,0,0,0,0,0,0,0,1,0,0,0,0,0,0,0,0,0,0,0
saadiali62,2618,,1,0,0,0,0,0,0,0,0,0,1,0,0,0,0,0,0,0,0,0,0
naa_omid,2616,,6,0,0,0,0,0,1,0,1,0,0,1,0,1,0,0,0,1,0,0,1
PabloEustaquio,2616,,16,0,0,1,0,1,1,1,1,1,1,1,1,1,1,1,0,1,1,1,1
wwishuwerehere,2614,,10,0,0,0,1,0,1,0,1,1,1,1,0,1,1,0,0,0,0,1,1
show_pappy,2614,,11,0,0,0,0,1,1,1,1,1,1,0,0,0,0,1,1,1,0,1,1
Omani70s,2612,,2,0,0,0,0,0,0,0,0,0,0,0,0,0,0,0,0,0,0,1,1
DasDaTruth,2608,,4,0,0,0,0,0,0,0,0,0,0,0,0,0,0,1,1,1,0,0,1
SimonFromFlori2,2604,,2,0,0,0,0,1,0,0,0,0,0,0,0,0,0,0,0,0,0,0,1
tomaruseiya,2603,,2,1,0,0,0,0,1,0,0,0,0,0,0,0,0,0,0,0,0,0,0
Dzokavaac,2603,,1,0,0,1,0,0,0,0,0,0,0,0,0,0,0,0,0,0,0,0,0
aboahmed735733,2602,,8,0,0,0,0,0,0,1,0,1,1,0,1,0,0,1,1,0,1,0,1
danmike1,2601,,2,0,0,0,0,0,0,1,0,1,0,0,0,0,0,0,0,0,0,0,0
info_kvaluation,2600,,2,0,0,0,0,0,0,0,0,0,0,0,0,0,0,1,0,0,1,0,0
muzeyyennbyk,2598,,3,0,0,0,0,0,1,0,1,0,0,0,0,0,0,0,0,0,1,0,0
BILLIE_ISIOLO,2598,,1,0,0,0,0,0,0,0,0,0,0,0,0,0,0,0,0,0,0,0,1
Collinskemey,2596,,1,0,0,0,0,0,0,0,0,0,0,0,0,0,0,0,0,1,0,0,0
fulplan,2595,,1,0,0,0,0,0,0,0,0,0,0,0,0,0,0,0,0,0,0,0,1
pipp100,2594,,1,0,0,1,0,0,0,0,0,0,0,0,0,0,0,0,0,0,0,0,0
ElstonGunn87,2594,,1,0,0,0,0,0,0,0,0,0,0,0,0,0,0,0,0,1,0,0,0
patrioticjamal,2593,,5,0,0,0,0,0,1,0,0,1,1,0,1,0,0,0,1,0,0,0,0
kedabakis,2593,,3,0,1,0,0,0,0,0,0,0,0,0,0,0,0,0,0,0,0,1,1
chaseawinter,2591,,2,0,0,0,0,0,0,0,0,0,1,0,0,0,0,0,0,1,0,0,0
smerkinkones,2589,,3,0,0,0,0,0,0,0,0,1,0,0,0,0,0,0,0,0,0,1,1
UbuntuForever,2587,,1,0,0,0,0,0,0,0,0,0,0,0,0,0,0,0,0,0,0,0,1
mahsaabano,2586,,1,0,0,0,0,0,0,0,0,0,0,0,0,0,0,0,0,0,1,0,0
AashishpAtyaL,2583,,1,0,0,0,0,0,1,0,0,0,0,0,0,0,0,0,0,0,0,0,0
IWantToBeSam2,2582,,1,0,0,0,0,0,0,0,0,0,0,0,0,0,0,0,0,0,0,1,0
adh_wdh45598,2580,,2,0,0,0,0,0,0,0,0,0,0,0,0,0,0,1,1,0,0,0,0
M_ghanbariha,2580,,6,0,0,0,0,1,1,1,0,0,0,1,1,1,0,0,0,0,0,0,0
aniscinerd,2578,,7,0,0,0,1,0,0,1,1,1,1,0,0,1,0,0,0,0,0,0,1
ChristinaSFLaw,2572,,2,0,0,0,0,0,0,0,0,0,0,0,0,0,0,0,0,0,1,0,1
wilding_gyres,2571,,1,0,0,0,0,0,0,0,0,0,0,0,0,0,0,0,0,1,0,0,0
logmein22,2571,,1,0,0,0,0,0,0,0,0,0,0,0,0,0,0,0,0,1,0,0,0
pmbiran,2569,,1,0,0,0,0,0,0,0,0,0,0,0,1,0,0,0,0,0,0,0,0
SaveUK25,2569,,1,0,1,0,0,0,0,0,0,0,0,0,0,0,0,0,0,0,0,0,0
BonieGee,2568,,5,0,0,0,0,0,1,1,1,0,1,1,0,0,0,0,0,0,0,0,0
car16794,2566,,1,0,0,0,0,0,0,0,0,0,0,0,0,0,0,0,0,0,0,0,1
JohnMcC61971366,2566,,1,0,0,0,0,0,0,0,0,0,0,0,0,0,0,0,0,0,0,0,1
majidkhanbakhsh,2563,,1,0,1,0,0,0,0,0,0,0,0,0,0,0,0,0,0,0,0,0,0
mayerdebra13,2562,,1,0,0,0,0,0,0,0,0,0,0,0,0,0,0,1,0,0,0,0,0
mobeenshafaat,2561,,1,0,0,0,0,0,0,0,0,0,0,0,0,0,0,0,0,0,0,1,0
IamMoone94,2560,,1,0,0,0,0,0,1,0,0,0,0,0,0,0,0,0,0,0,0,0,0
hamidr2122,2559,,3,0,1,0,0,0,0,1,0,0,0,0,0,1,0,0,0,0,0,0,0
TraceyW1970,2559,,1,0,0,0,0,0,0,0,0,0,0,0,0,0,0,0,0,0,1,0,0
Nina46079517,2559,,1,0,0,0,0,0,0,0,0,0,0,0,0,0,0,1,0,0,0,0,0
ayejackaye,2558,,2,0,0,0,0,0,1,1,0,0,0,0,0,0,0,0,0,0,0,0,0
mikky7212,2556,,2,0,0,0,0,0,0,0,0,1,1,0,0,0,0,0,0,0,0,0,0
Delara1969292,2556,,7,1,1,1,1,0,0,0,0,0,0,0,1,0,0,0,0,0,1,1,0
AdversusJudaeos,2556,,2,0,0,0,0,0,1,0,0,0,0,0,0,0,0,0,0,1,0,0,0
RrRjrobinson9,2554,,1,0,0,0,0,0,0,1,0,0,0,0,0,0,0,0,0,0,0,0,0
Zakhmeh12,2551,,1,0,0,0,0,0,0,0,0,0,0,0,0,0,0,0,0,0,0,1,0
ShattaRonaldo,2551,,4,0,1,0,0,0,0,0,0,1,1,0,0,0,0,1,0,0,0,0,0
MasumiT17,2551,,3,0,0,0,0,0,0,1,0,0,0,1,1,0,0,0,0,0,0,0,0
AnrFernandom,2548,,7,1,1,1,1,0,1,1,0,0,1,0,0,0,0,0,0,0,0,0,0
Paul_Exotics,2547,,2,0,0,0,0,0,0,0,0,1,0,0,0,1,0,0,0,0,0,0,0
nayebsadegh,2544,,8,0,0,1,1,0,0,0,1,0,0,1,1,1,0,1,0,0,1,0,0
azamofu1230,2544,,15,0,1,1,1,1,1,0,1,1,1,1,1,1,0,0,0,1,1,1,1
davedurringo22,2543,,1,0,0,0,0,0,0,0,0,0,0,0,0,0,0,0,0,0,0,1,0
76ozturk,2540,,3,0,0,0,1,0,0,1,0,1,0,0,0,0,0,0,0,0,0,0,0
Mahdibagheri63,2539,,2,0,0,0,0,0,0,0,0,1,1,0,0,0,0,0,0,0,0,0,0
mothDOOMtongue,2538,,2,0,0,0,0,0,0,0,0,0,1,0,0,0,0,0,0,1,0,0,0
curiositymata,2538,,1,0,0,0,0,0,0,0,0,0,0,0,0,0,0,0,1,0,0,0,0
HudaAlazawi4,2538,,1,0,0,0,0,0,0,0,0,0,0,0,0,0,0,0,0,1,0,0,0
hashd202,2537,,1,0,0,0,0,0,0,0,0,0,0,0,0,0,1,0,0,0,0,0,0
__R2R2__,2537,,3,0,0,0,0,0,1,0,0,0,0,0,0,0,0,0,0,1,1,0,0
juanfel5585,2536,,2,0,0,0,0,0,0,0,0,0,0,0,0,0,0,0,1,0,1,0,0
RHJOfficial,2533,,1,0,0,0,0,0,0,0,0,0,1,0,0,0,0,0,0,0,0,0,0
bn_yhy55715,2531,,1,0,0,0,0,0,0,0,0,0,0,0,0,0,0,0,1,0,0,0,0
Sonofearthhh,2530,,4,1,0,0,0,0,0,0,0,1,0,0,0,0,0,0,0,0,0,1,1
SkinnyJagger,2530,,1,0,0,0,0,0,0,0,0,0,1,0,0,0,0,0,0,0,0,0,0
extremadamenteR,2529,,1,0,0,0,0,0,0,0,0,0,0,0,0,0,0,0,0,1,0,0,0
EnviroFra,2527,,2,0,0,0,0,1,0,0,0,0,0,1,0,0,0,0,0,0,0,0,0
zaibeeeeeeeee,2526,,1,0,0,0,0,0,0,0,0,0,0,0,0,0,0,0,0,0,1,0,0
arwithutarid,2522,,1,1,0,0,0,0,0,0,0,0,0,0,0,0,0,0,0,0,0,0,0
1453RecepDnm,2520,,5,0,0,0,0,1,1,0,0,0,0,0,0,0,0,1,1,0,1,0,0
window_wor43053,2518,,2,0,0,0,0,0,0,1,0,0,0,0,0,0,0,0,0,0,0,0,1
realmubashirOFC,2515,,1,0,0,0,0,0,0,0,0,1,0,0,0,0,0,0,0,0,0,0,0
Albkry12948,2515,,1,0,0,0,0,0,0,0,0,0,0,1,0,0,0,0,0,0,0,0,0
BNdechez,2512,,1,0,0,0,0,0,0,0,0,0,1,0,0,0,0,0,0,0,0,0,0
pickledog47,2511,,1,0,0,0,0,0,0,0,0,0,0,0,0,0,0,0,0,1,0,0,0
Hitarth1987,2511,,1,0,0,0,0,0,0,0,0,0,0,0,0,0,0,0,0,0,0,0,1
variance_swap,2509,,2,0,0,0,0,0,0,0,0,0,0,0,0,1,0,0,0,0,1,0,0
Rebecca21951651,2509,,1,0,0,0,0,0,0,0,0,0,0,0,0,0,0,0,0,0,0,1,0
MNaveedahmedd,2508,,1,0,0,0,0,0,0,0,0,0,0,0,0,0,0,0,1,0,0,0,0
Nedaye_Iran_,2507,,2,0,0,0,0,0,0,0,0,0,0,0,0,1,0,0,0,0,1,0,0
HaiderHaid1428,2507,,5,0,0,0,0,0,1,1,0,0,0,0,0,1,0,1,0,1,0,0,0
clanofAlph,2506,,1,0,0,0,0,0,0,0,0,0,1,0,0,0,0,0,0,0,0,0,0
DavisKamukyere1,2506,,2,0,0,0,0,0,1,0,1,0,0,0,0,0,0,0,0,0,0,0,0
GoVladymir,2505,,6,0,0,0,0,0,0,0,0,1,1,1,1,1,0,0,0,0,1,0,0
khokhar_m,2503,,1,0,0,0,0,0,0,0,0,0,0,0,0,0,0,0,1,0,0,0,0
cavalierepadano,2503,,1,0,0,0,0,0,0,0,0,0,0,0,0,0,0,0,0,1,0,0,0
architect_d,2503,,1,0,0,0,0,0,0,0,0,0,0,0,0,0,0,0,0,0,0,0,1
MoeAliN,2502,,2,0,0,0,0,0,0,0,0,0,0,0,0,0,0,0,0,1,0,0,1
afkaarsaanj,2498,,1,0,0,0,0,0,0,1,0,0,0,0,0,0,0,0,0,0,0,0,0
GeorgeGuyboyd77,2497,,3,0,1,0,0,0,0,0,0,1,1,0,0,0,0,0,0,0,0,0,0
sistani_negar,2496,,4,0,0,0,1,1,0,1,0,0,0,0,0,1,0,0,0,0,0,0,0
ClarizzJaGa,2496,,1,0,0,0,0,0,0,0,0,0,1,0,0,0,0,0,0,0,0,0,0
osvaldohiramoto,2495,,7,1,0,0,0,1,1,1,1,0,0,0,0,0,0,0,0,1,0,0,1
akhavan_rabbe,2495,,6,0,1,0,0,1,0,0,0,0,0,1,1,1,0,0,0,0,1,0,0
Solosoyotrxtu,2495,,1,0,0,0,0,0,0,0,0,0,0,0,1,0,0,0,0,0,0,0,0
not___a__bot,2494,,1,0,0,0,0,0,0,0,0,0,0,0,0,0,0,0,0,0,1,0,0
RevMaher,2492,,8,0,1,0,0,1,0,0,0,1,1,1,1,1,1,0,0,0,0,0,0
DG21or5,2492,,10,0,1,0,0,0,1,0,1,1,0,0,0,1,1,0,1,1,1,1,0
batool736478316,2491,,1,0,0,0,0,0,0,0,0,0,0,0,0,1,0,0,0,0,0,0,0
Tesler914,2487,,1,0,0,0,0,0,0,0,0,0,0,0,0,0,0,0,0,0,0,1,0
Y8Fwdg,2486,,13,1,1,0,1,0,1,1,1,0,1,0,1,0,0,1,1,1,0,1,1
ker_ottis,2478,,1,0,0,0,0,0,0,0,0,0,0,0,0,0,0,0,0,1,0,0,0
Themba373,2478,,1,0,0,0,0,0,0,0,0,0,0,0,0,0,0,0,0,1,0,0,0
Eglantine99,2477,,1,0,0,0,0,0,0,0,0,0,0,0,0,0,0,0,0,1,0,0,0
IRANinDUBAI,2475,,2,0,0,0,0,0,0,0,1,0,0,0,0,0,0,0,0,0,0,1,0
Anira_61,2475,,1,0,0,0,0,0,0,0,0,0,0,0,0,0,0,0,0,0,0,0,1
repeatwatch,2474,,1,0,0,0,0,0,0,0,0,0,1,0,0,0,0,0,0,0,0,0,0
ClemFandango987,2474,,2,0,0,0,0,0,0,0,0,0,0,0,0,0,0,0,0,0,0,1,1
MdTaghi,2469,,2,0,0,0,0,0,0,0,0,0,1,0,0,0,0,0,0,0,1,0,0
IranView24_Fa,2468,,5,0,0,0,0,1,1,0,0,0,0,0,0,1,1,0,0,0,1,0,0
Sticklloyds2,2465,,1,0,0,0,0,0,0,0,0,0,1,0,0,0,0,0,0,0,0,0,0
sanjuan2023,2462,,1,0,0,0,0,0,0,0,0,0,0,0,0,0,0,0,0,1,0,0,0
raji9919206,2462,,1,0,0,0,0,0,0,0,0,0,0,0,0,0,0,1,0,0,0,0,0
maechael1916,2462,,3,0,0,0,0,0,1,0,0,1,0,0,0,0,0,0,0,1,0,0,0
mastershah313,2461,,1,0,0,0,0,0,0,0,0,0,0,0,0,1,0,0,0,0,0,0,0
TaylorS11264605,2459,,1,0,0,0,0,0,1,0,0,0,0,0,0,0,0,0,0,0,0,0,0
MondoARG,2459,,1,0,0,0,0,0,0,0,0,0,0,0,0,0,0,0,0,0,0,1,0
Son_of_Swalehe,2457,,1,0,0,0,0,0,0,0,0,0,1,0,0,0,0,0,0,0,0,0,0
Act4PalGlobal,2455,,1,0,0,0,0,0,0,1,0,0,0,0,0,0,0,0,0,0,0,0,0
AM_LGH,2455,,1,0,0,0,0,0,0,0,0,0,0,0,0,0,0,0,0,1,0,0,0
Dr_m_kafi,2453,,1,0,0,0,0,0,0,0,0,0,0,0,0,0,0,0,0,0,1,0,0
montazergraph,2451,,1,0,0,0,0,0,0,0,0,0,0,0,0,0,0,0,0,0,1,0,0
FatimaMaqdisi,2450,,1,0,0,0,0,0,0,1,0,0,0,0,0,0,0,0,0,0,0,0,0
condemntheusa,2449,,1,0,0,0,0,0,0,0,0,0,0,0,0,0,0,0,0,0,0,0,1
jlopezbauza,2447,,1,0,0,0,0,0,1,0,0,0,0,0,0,0,0,0,0,0,0,0,0
fa_____ni,2447,,1,0,0,0,0,0,0,0,0,0,0,0,0,0,0,0,0,1,0,0,0
Sseeji,2446,,8,0,1,1,0,0,1,0,0,0,1,0,0,0,0,0,1,1,1,1,0
smartthumb,2445,,1,0,0,0,0,0,0,0,0,0,0,0,0,1,0,0,0,0,0,0,0
seyedmahdi13714,2443,,2,0,0,0,0,0,0,0,0,0,0,0,0,1,1,0,0,0,0,0,0
arshm90,2443,,14,0,0,0,1,1,1,0,1,1,1,1,1,1,1,0,0,1,1,1,1
toadbaiter,2442,,7,0,0,0,0,0,0,0,0,1,1,0,1,0,0,0,1,1,1,1,0
Meidas_Steve,2441,,3,0,0,0,0,0,0,0,0,0,0,0,0,1,1,0,0,0,1,0,0
M_Fathollahi14,2438,,5,0,0,1,0,0,0,0,0,0,1,0,0,0,0,0,0,1,1,0,1
zhrddn,2436,,1,0,0,0,0,0,0,0,0,0,1,0,0,0,0,0,0,0,0,0,0
oscar197828,2432,,1,0,0,0,0,0,1,0,0,0,0,0,0,0,0,0,0,0,0,0,0
RendleRachael,2432,,6,0,0,1,0,1,1,1,0,0,0,0,0,0,0,0,0,1,0,0,1
CrankyReb,2432,,1,0,0,0,0,0,0,0,0,0,0,0,0,0,0,1,0,0,0,0,0
chronononono,2431,,1,0,0,0,0,0,0,0,0,0,0,0,0,0,0,0,0,0,0,0,1
YellowWaitRed,2430,,3,0,0,1,0,0,0,0,0,0,0,0,0,1,1,0,0,0,0,0,0
yildizsml,2427,,1,0,0,0,0,0,1,0,0,0,0,0,0,0,0,0,0,0,0,0,0
kassim_98,2427,,1,0,0,0,0,0,0,1,0,0,0,0,0,0,0,0,0,0,0,0,0
asemanbarany,2426,,1,0,0,0,0,0,0,0,0,0,0,0,0,0,0,0,0,0,1,0,0
GSouverein,2425,,3,0,0,0,0,0,0,0,0,1,1,0,0,0,0,0,0,0,0,0,1
PatyMezaC,2424,,1,0,0,0,0,1,0,0,0,0,0,0,0,0,0,0,0,0,0,0,0
EriqNyamweya,2424,,1,0,0,0,0,0,0,0,0,0,0,0,0,0,0,0,0,0,1,0,0
Abdull_alhamli,2424,,4,0,1,0,0,0,1,0,0,1,0,0,0,0,0,0,1,0,0,0,0
AG_Daki,2423,,1,0,0,0,0,0,0,0,0,0,1,0,0,0,0,0,0,0,0,0,0
adriana_rojas5,2422,,2,0,0,0,0,1,1,0,0,0,0,0,0,0,0,0,0,0,0,0,0
tamene_samuel,2419,,1,0,0,1,0,0,0,0,0,0,0,0,0,0,0,0,0,0,0,0,0
Chris_Madome,2419,,1,0,0,0,0,0,0,0,0,0,0,0,0,0,0,0,0,0,1,0,0
manchan_free,2417,,5,0,0,0,0,0,0,0,0,0,1,0,0,0,0,1,0,1,0,1,1
reza16ra,2415,,2,0,0,0,0,1,0,0,1,0,0,0,0,0,0,0,0,0,0,0,0
Godless_Primate,2415,,2,0,0,0,0,0,0,0,0,0,1,1,0,0,0,0,0,0,0,0,0
JoeHorton314390,2414,,1,0,0,0,0,0,0,0,0,0,1,0,0,0,0,0,0,0,0,0,0
SnBulent,2413,,1,0,0,0,0,1,0,0,0,0,0,0,0,0,0,0,0,0,0,0,0
FreeJacobZuma79,2410,,1,0,0,0,0,0,0,0,0,0,0,0,0,0,0,0,0,0,0,1,0
ThorstenHild,2407,,6,0,0,1,0,1,1,0,0,0,0,0,1,1,0,1,0,0,0,0,0
thegodfatherr01,2406,,1,0,0,0,0,0,0,0,0,0,0,0,1,0,0,0,0,0,0,0,0
darabism,2406,,3,0,0,0,0,0,0,0,0,1,0,1,1,0,0,0,0,0,0,0,0
Mirooooook,2405,,1,0,0,0,0,0,0,0,0,0,0,0,0,0,0,0,0,0,1,0,0
kingbeverly20,2402,,1,0,0,0,0,0,0,0,0,0,0,0,0,0,0,0,0,0,0,0,1
artsnoise_,2402,,8,0,0,0,0,0,1,1,0,0,1,0,1,1,0,0,0,1,1,0,1
ZeiadAljradey,2402,,3,0,1,0,0,1,0,0,0,1,0,0,0,0,0,0,0,0,0,0,0
YasinMowlid,2402,,1,0,0,1,0,0,0,0,0,0,0,0,0,0,0,0,0,0,0,0,0
62Romman,2401,,1,0,0,0,0,0,1,0,0,0,0,0,0,0,0,0,0,0,0,0,0
DronesMichoacan,2399,,1,0,0,0,0,0,1,0,0,0,0,0,0,0,0,0,0,0,0,0,0
thisrosycandy,2398,,1,0,0,0,0,0,0,0,0,0,0,0,0,0,0,0,0,1,0,0,0
mirlohi_ir,2398,,1,0,0,0,0,0,0,0,0,0,0,0,1,0,0,0,0,0,0,0,0
eeyoresmother,2397,,1,0,0,0,0,0,0,1,0,0,0,0,0,0,0,0,0,0,0,0,0
mrahznarges1357,2392,,1,0,0,0,0,0,1,0,0,0,0,0,0,0,0,0,0,0,0,0,0
Some_guy342,2392,,2,1,0,0,0,0,0,0,0,0,0,0,0,0,0,0,1,0,0,0,0
PratapShishu,2392,,1,0,0,0,0,0,0,0,1,0,0,0,0,0,0,0,0,0,0,0,0
timeofaquarius,2391,,1,0,0,0,0,0,0,0,0,0,0,0,0,0,0,0,1,0,0,0,0
khksrpr,2389,,1,0,0,0,0,0,0,0,0,0,0,0,0,0,0,0,0,0,1,0,0
ahmadsabet6551,2389,,1,0,0,0,0,0,0,0,0,0,0,0,0,0,0,0,0,0,0,1,0
zwergie1,2387,,1,0,0,0,0,0,0,0,0,0,0,0,0,0,0,0,1,0,0,0,0
Firdausi_Fauzi,2386,,2,0,0,1,0,0,0,0,0,0,0,0,0,0,0,0,1,0,0,0,0
Fire_740,2385,,5,0,0,0,0,0,0,0,1,1,0,1,1,1,0,0,0,0,0,0,0
Don_Angelo_,2385,,2,0,0,0,0,0,0,0,0,0,0,0,0,0,0,0,0,0,1,0,1
tammym2005,2384,,3,0,0,0,0,0,1,1,0,0,0,0,0,0,0,0,0,0,0,0,1
VidShankarAiyar,2384,,9,0,0,0,0,0,0,0,0,1,0,1,0,1,1,1,1,1,0,1,1
IngJoseAlvarez,2383,,1,0,0,0,0,0,0,0,0,0,0,0,0,0,0,0,0,0,0,0,1
AsiimweDicta,2382,,1,0,0,0,0,0,0,0,0,0,0,0,0,0,0,0,0,1,0,0,0
hex_init,2381,,3,0,0,0,0,0,0,0,0,0,0,0,0,0,0,0,1,1,0,0,1
mjavadbabaee,2379,,1,0,0,0,0,0,1,0,0,0,0,0,0,0,0,0,0,0,0,0,0
AlshzbyMnswr,2379,,1,0,0,0,0,0,0,0,0,0,0,0,0,0,0,0,0,0,0,0,1
siriavasca,2374,,3,0,0,0,0,0,0,0,1,1,0,0,0,0,0,1,0,0,0,0,0
Seyedesadatt2,2374,,1,0,0,0,0,0,0,0,0,0,0,0,0,1,0,0,0,0,0,0,0
Atillayy,2372,,1,0,0,0,0,0,0,0,0,0,0,0,0,0,0,0,1,0,0,0,0
Ariful08674940,2372,,3,0,0,1,0,0,0,0,1,1,0,0,0,0,0,0,0,0,0,0,0
s___m___a___d,2371,,4,0,0,0,0,0,0,0,1,1,0,0,0,0,0,1,0,1,0,0,0
NikdelZahr95001,2371,,3,0,0,0,0,0,0,0,0,0,0,0,0,0,0,0,1,1,0,1,0
MajeedAlrikabi,2370,,1,0,0,0,0,0,0,0,0,0,0,0,0,0,0,1,0,0,0,0,0
IamSamAbraham,2369,,1,0,0,0,0,0,0,0,0,0,0,0,0,0,0,0,0,0,0,0,1
NassarNassar75,2368,,1,0,0,0,0,0,0,0,0,0,0,0,0,1,0,0,0,0,0,0,0
AskWasimQureshi,2368,,2,0,0,0,0,0,0,0,0,0,0,1,0,0,0,0,0,1,0,0,0
MK_srkian,2367,,1,0,0,0,0,0,0,0,0,0,0,0,0,0,0,0,0,0,0,1,0
ChinaStocksNews,2365,,1,0,0,0,0,0,0,0,0,0,0,0,0,0,0,0,0,0,0,1,0
Nwj__e,2364,,5,0,0,1,0,0,0,0,0,1,0,0,0,0,0,0,0,0,1,1,1
Chaudhary_Kausr,2363,,2,0,0,0,0,0,0,0,0,0,0,0,0,0,0,0,1,1,0,0,0
MashhadRida,2362,,16,0,1,0,0,1,1,0,1,1,1,1,1,1,1,1,1,1,1,1,1
mohdashoor,2360,,2,0,0,0,0,0,0,0,0,0,0,0,0,0,0,0,0,0,1,1,0
archimags,2360,,10,0,1,0,0,0,1,0,1,1,1,0,0,1,1,0,0,1,0,1,1
tashreef736,2359,,2,0,0,0,0,0,0,0,0,0,0,0,0,0,0,1,0,0,1,0,0
westasiapost,2358,,2,0,0,0,0,0,1,0,0,0,0,0,0,0,0,0,0,0,0,1,0
hussein_kuhi,2358,,1,0,0,0,0,0,0,0,0,1,0,0,0,0,0,0,0,0,0,0,0
gp8yLlddyNykClt,2358,,1,0,0,0,0,0,0,0,0,0,0,0,0,0,0,1,0,0,0,0,0
VitaFrancis6,2358,,3,0,0,0,0,0,0,0,0,0,0,0,0,1,1,0,0,1,0,0,0
itz_raksy_Mo,2356,,2,0,0,0,0,0,0,0,0,0,0,0,0,1,0,0,1,0,0,0,0
googlexrp,2355,,1,0,0,0,0,0,0,0,0,0,0,0,0,0,0,0,0,0,1,0,0
BeyazVahdettin,2355,,4,0,0,0,0,0,1,1,0,0,0,0,0,1,0,0,0,1,0,0,0
eshraghyazar,2352,,5,1,0,0,1,0,0,1,0,1,0,0,0,0,0,0,0,0,1,0,0
KBiocosmetica,2352,,8,0,0,0,0,1,1,0,0,0,1,0,1,0,0,1,1,1,0,0,1
Aliikhalil10,2352,,4,1,0,0,0,0,0,0,0,0,1,0,0,0,0,0,1,1,0,0,0
waqarwatoo,2351,,8,1,0,0,0,1,1,0,0,0,1,0,1,1,0,0,1,1,0,0,0
fatima96256544,2351,,1,0,0,0,0,0,0,0,0,0,0,0,0,0,0,1,0,0,0,0,0
fairyofbloom,2351,,1,0,0,0,0,0,0,0,0,0,0,0,0,0,0,0,0,0,0,0,1
Zaniar07,2351,,3,0,0,0,0,0,1,0,0,1,1,0,0,0,0,0,0,0,0,0,0
hatreake,2350,,3,0,0,0,0,0,0,0,1,0,0,0,0,0,0,0,0,1,0,0,1
gokyuzununevi,2347,,1,0,0,0,0,0,0,1,0,0,0,0,0,0,0,0,0,0,0,0,0
Fariba_lady,2347,,1,0,0,0,0,0,1,0,0,0,0,0,0,0,0,0,0,0,0,0,0
Patritrizia,2344,,1,0,0,0,0,0,1,0,0,0,0,0,0,0,0,0,0,0,0,0,0
iukhalil1,2343,,1,0,0,0,0,0,0,0,0,0,0,0,0,0,0,0,0,1,0,0,0
TravisJovin,2342,,2,0,0,0,0,0,1,0,1,0,0,0,0,0,0,0,0,0,0,0,0
PatrickOppongg1,2341,,7,1,0,0,1,1,1,0,0,1,0,1,1,0,0,0,0,0,0,0,0
stopchemtrails,2334,,1,0,0,0,0,0,0,0,0,0,1,0,0,0,0,0,0,0,0,0,0
Samane_khojaste,2332,,1,0,0,0,0,0,0,0,0,0,0,0,0,0,0,0,0,0,1,0,0
sarahyrrc,2331,,1,0,0,0,0,0,0,0,0,0,0,0,0,0,0,1,0,0,0,0,0
iMRNM92,2331,,2,0,0,0,0,0,0,0,1,0,0,0,0,0,0,0,0,0,0,0,1
Mashalona22,2331,,1,0,0,0,0,0,0,0,0,0,0,1,0,0,0,0,0,0,0,0,0
bader_7740,2328,,2,0,0,0,0,0,0,1,0,0,0,0,0,0,0,0,1,0,0,0,0
dr_cusemakyahud,2326,,1,0,0,0,0,0,0,0,0,0,0,0,0,0,0,0,0,0,0,0,1
waliiiid341,2324,,4,1,0,0,0,1,0,0,0,0,0,1,0,0,0,1,0,0,0,0,0
m_alierdogan,2323,,2,0,0,0,0,0,0,0,0,1,0,0,0,0,0,0,0,0,0,0,1
EdwinWycliff,2321,,2,0,0,0,0,0,0,0,0,1,1,0,0,0,0,0,0,0,0,0,0
Elhammh1979,2320,,15,0,0,1,1,1,1,1,1,1,1,1,0,1,1,1,1,1,1,0,0
CookStevenD,2319,,3,0,0,0,0,0,1,0,0,0,0,0,0,0,0,0,0,0,1,1,0
Bas642654743206,2316,,2,0,0,0,0,0,0,0,0,1,0,0,0,0,0,0,0,0,0,0,1
hamidnamati,2315,,9,0,0,1,1,0,1,1,0,0,0,0,0,1,0,1,0,1,1,0,1
ateia5,2315,,1,0,0,0,0,0,1,0,0,0,0,0,0,0,0,0,0,0,0,0,0
AdemolaHOA,2314,,1,0,0,0,0,0,0,0,0,0,0,0,0,1,0,0,0,0,0,0,0
zainabsadat_m,2313,,1,0,1,0,0,0,0,0,0,0,0,0,0,0,0,0,0,0,0,0,0
higasetsuko,2313,,1,0,1,0,0,0,0,0,0,0,0,0,0,0,0,0,0,0,0,0,0
October23G,2313,,6,0,0,0,0,0,0,1,1,0,0,0,0,0,0,1,0,1,1,1,0
Ghazi_Tabatabai,2312,,7,0,0,0,0,1,1,1,0,1,1,1,0,0,0,0,1,0,0,0,0
Salim00112255,2311,,1,0,0,0,0,0,0,0,0,1,0,0,0,0,0,0,0,0,0,0,0
Mehdijahandar52,2310,,1,0,1,0,0,0,0,0,0,0,0,0,0,0,0,0,0,0,0,0,0
HereForPrabhas_,2310,,1,0,0,0,0,0,0,0,0,1,0,0,0,0,0,0,0,0,0,0,0
SaalisuAhmad,2309,,3,0,0,0,0,1,0,0,1,1,0,0,0,0,0,0,0,0,0,0,0
SetsunaFSeiei89,2308,,4,1,0,0,0,1,0,0,0,1,0,0,0,0,0,0,0,0,0,0,1
ameershahul,2305,,2,0,0,0,0,0,0,0,1,0,0,0,0,0,0,0,0,0,0,0,1
Penforjustice,2305,,3,0,0,0,0,0,1,0,1,0,0,0,0,0,0,0,0,1,0,0,0
Hjavid99,2305,,3,0,0,0,0,0,0,1,0,0,0,0,0,0,1,0,0,1,0,0,0
EzzedineAlNajar,2305,,1,0,0,0,0,0,0,0,0,0,0,0,0,0,0,1,0,0,0,0,0
demicker,2299,,3,0,0,0,0,0,0,0,1,0,0,0,0,0,0,0,1,0,0,0,1
arthurjerome247,2299,,10,0,0,1,1,1,1,0,1,1,1,1,1,0,0,0,0,0,0,0,1
ASGgars,2297,,1,0,0,0,0,0,1,0,0,0,0,0,0,0,0,0,0,0,0,0,0
JorgeMo80252863,2296,,2,0,0,0,0,0,0,0,0,0,1,0,0,0,0,0,0,1,0,0,0
sandeepbaliga,2295,,3,0,0,0,0,0,0,0,1,1,0,0,0,0,0,0,1,0,0,0,0
AbdulHakam307,2295,,1,0,0,0,0,0,0,0,0,0,1,0,0,0,0,0,0,0,0,0,0
Mw2gR,2294,,3,0,0,0,0,0,0,1,0,1,0,0,0,0,0,0,0,0,0,1,0
ROsariban44817,2292,,3,0,0,0,0,0,0,0,0,0,1,0,0,0,0,0,0,1,1,0,0
Fans_Pak1,2288,,1,0,0,0,0,0,0,0,0,0,1,0,0,0,0,0,0,0,0,0,0
elimoman,2287,,1,0,0,0,0,0,0,0,0,0,1,0,0,0,0,0,0,0,0,0,0
I_AM_TABREZz,2287,,1,0,0,0,0,0,0,0,0,1,0,0,0,0,0,0,0,0,0,0,0
pablohramos13,2285,,2,0,0,0,0,0,0,0,0,0,0,0,0,1,0,1,0,0,0,0,0
tarunynorzo,2284,,1,0,0,0,0,0,0,0,0,0,0,0,0,0,0,1,0,0,0,0,0
nickyfromcasino,2284,,19,1,1,1,1,1,0,1,1,1,1,1,1,1,1,1,1,1,1,1,1
BAlhmzy12303,2284,,1,0,0,0,0,0,0,0,1,0,0,0,0,0,0,0,0,0,0,0,0
SOY_UN_CLASICO,2282,,1,0,0,0,0,0,1,0,0,0,0,0,0,0,0,0,0,0,0,0,0
farschideh,2281,,3,0,0,0,0,0,0,0,1,0,0,1,0,0,0,0,0,1,0,0,0
Mn738299Nn,2279,,4,0,0,0,1,0,0,0,0,0,0,1,0,1,1,0,0,0,0,0,0
rafighegomnam0,2277,,2,0,0,0,0,0,0,1,0,0,0,0,0,0,0,0,0,0,1,0,0
ArielJaren9821,2277,,5,0,0,0,0,0,0,0,1,1,1,0,0,0,0,1,0,0,1,0,0
TomLinn14,2276,,5,0,1,0,0,0,0,0,0,0,0,0,1,1,0,0,0,0,1,1,0
JomoRbg,2276,,1,0,0,0,0,0,0,0,0,0,0,0,0,0,0,0,0,0,0,0,1
MOrtizBui,2274,,2,0,0,0,0,1,1,0,0,0,0,0,0,0,0,0,0,0,0,0,0
Zhre_1221,2273,,1,0,0,0,0,0,0,0,0,0,0,0,0,0,0,0,0,0,1,0,0
Raz638303,2273,,2,0,0,0,0,0,1,0,0,0,0,0,0,0,0,0,0,0,1,0,0
StefanoAndriano,2272,,1,1,0,0,0,0,0,0,0,0,0,0,0,0,0,0,0,0,0,0,0
AliDTwitt,2272,,5,1,1,0,0,1,1,0,0,0,1,0,0,0,0,0,0,0,0,0,0
EvaleticiaD,2271,,3,0,0,0,0,0,1,0,0,0,1,0,0,0,0,0,0,0,0,0,1
alikaramali110,2269,,12,1,1,0,0,1,1,0,1,1,1,0,1,1,1,0,1,0,1,0,0
MirMAli,2269,,1,0,0,0,0,0,1,0,0,0,0,0,0,0,0,0,0,0,0,0,0
Khalifah_313,2269,,2,1,0,0,0,0,0,0,0,0,0,0,0,0,0,1,0,0,0,0,0
jazzband1179,2268,,6,0,0,0,0,1,1,0,0,0,0,0,1,0,0,0,1,0,1,0,1
SGolkari,2266,,1,0,0,0,0,0,0,0,0,0,0,0,0,0,0,0,0,0,0,1,0
ivona0007,2265,,3,0,0,0,0,0,0,0,0,0,0,0,0,0,0,0,1,1,1,0,0
TunggalWar51509,2263,,1,0,0,0,0,0,0,0,0,0,1,0,0,0,0,0,0,0,0,0,0
Protostatis,2263,,1,0,0,0,0,0,1,0,0,0,0,0,0,0,0,0,0,0,0,0,0
bahman79271782,2261,,15,1,1,1,1,1,1,1,1,0,0,0,1,1,1,1,1,1,1,0,0
ROYAL_ALWARI,2261,,10,1,1,1,0,0,0,0,0,0,0,1,1,0,0,0,1,1,1,1,1
a_collinson8,2260,,1,0,0,0,0,0,0,0,0,0,0,0,0,1,0,0,0,0,0,0,0
AhmadMfaisal4,2260,,1,0,0,0,0,0,0,0,0,1,0,0,0,0,0,0,0,0,0,0,0
were_first,2259,,1,0,0,0,0,0,0,0,0,0,0,0,0,0,0,0,0,0,0,0,1
percaleyes,2256,,2,0,0,0,0,0,0,0,0,0,0,0,0,1,1,0,0,0,0,0,0
LouiseLee157850,2255,,1,0,0,0,0,0,0,1,0,0,0,0,0,0,0,0,0,0,0,0,0
Imaravaldiviaok,2255,,1,0,1,0,0,0,0,0,0,0,0,0,0,0,0,0,0,0,0,0,0
Elkana_kip,2255,,1,0,0,0,0,0,0,0,0,0,0,0,0,0,0,0,0,1,0,0,0
Dale94550,2255,,2,0,0,0,0,0,0,0,0,0,0,0,0,1,1,0,0,0,0,0,0
Age_of_Deceit,2255,,1,0,0,0,0,0,0,0,1,0,0,0,0,0,0,0,0,0,0,0,0
samad_khaledi,2253,,1,0,0,0,0,0,0,0,0,0,0,0,0,0,0,0,0,0,0,0,1
khavari_4511,2251,,4,0,0,0,0,0,0,0,0,0,0,0,0,1,1,0,0,1,0,0,1
Francois_libre,2251,,2,0,0,0,0,0,0,0,0,0,0,0,0,1,1,0,0,0,0,0,0
Iran_Tigerll,2250,,1,0,0,0,0,0,0,0,0,0,0,0,0,0,0,0,0,0,0,1,0
Anishjacky,2249,,2,0,1,0,0,0,1,0,0,0,0,0,0,0,0,0,0,0,0,0,0
asosolbap,2248,,1,0,0,0,0,0,0,0,0,0,0,0,0,0,0,0,0,0,1,0,0
soltysik_rob,2247,,2,0,0,0,0,0,0,0,0,0,0,0,0,0,0,0,0,1,0,1,0
FlorindosHDP,2247,,2,0,0,0,0,0,0,0,0,0,0,0,0,0,0,0,1,0,1,0,0
interist81,2245,,1,0,0,0,0,0,0,0,0,0,0,0,0,0,0,1,0,0,0,0,0
alireza_zand_ir,2244,,1,0,0,0,0,0,0,0,0,0,0,0,0,0,0,0,0,0,1,0,0
reiwakunichan,2243,,1,0,0,0,0,0,0,0,0,0,0,0,0,0,0,0,0,1,0,0,0
Danyorewala,2242,,4,0,0,0,0,0,1,0,0,1,1,0,1,0,0,0,0,0,0,0,0
abashamdan26,2240,,2,0,0,0,0,0,0,0,0,0,0,0,0,1,1,0,0,0,0,0,0
schroeder_mary7,2239,,1,0,0,0,1,0,0,0,0,0,0,0,0,0,0,0,0,0,0,0,0
HuaisiCen,2238,,2,0,0,1,0,0,0,0,0,0,0,0,0,0,0,0,0,1,0,0,0
sahragraph65hm,2236,,7,0,1,0,0,0,1,0,1,0,0,0,0,1,0,0,1,0,0,1,1
3nkaboot,2236,,3,0,1,0,0,0,1,0,0,0,0,0,0,0,0,0,0,1,0,0,0
mitzi4r,2235,,3,0,0,1,0,0,0,0,0,0,0,0,0,0,0,1,1,0,0,0,0
mohammadamin63,2234,,5,0,0,0,0,1,1,0,0,0,0,0,0,1,1,0,0,1,0,0,0
BanwyF89585,2232,,1,0,0,0,0,0,0,0,0,0,0,1,0,0,0,0,0,0,0,0,0
luizsperry,2231,,1,0,0,0,0,0,1,0,0,0,0,0,0,0,0,0,0,0,0,0,0
isseJabuute,2231,,2,0,0,0,0,0,0,0,0,0,0,0,0,0,0,0,0,0,1,0,1
FabioA,2231,,3,0,0,0,0,0,1,0,0,1,0,0,0,0,0,0,0,0,0,0,1
SoroushTams,2230,,4,0,0,0,0,0,1,0,0,0,0,1,0,0,0,0,0,0,1,1,0
lindaj5567,2229,,1,0,1,0,0,0,0,0,0,0,0,0,0,0,0,0,0,0,0,0,0
ilyesDK13,2229,,20,1,1,1,1,1,1,1,1,1,1,1,1,1,1,1,1,1,1,1,1
erfaniiom,2229,,3,0,0,0,0,0,1,0,0,0,0,1,1,0,0,0,0,0,0,0,0
_freshB,2229,,1,0,0,0,0,0,0,0,0,0,0,0,0,0,0,0,0,1,0,0,0
sikandar_ofc,2227,,1,0,0,0,0,0,0,0,0,0,1,0,0,0,0,0,0,0,0,0,0
MOYOUSOP,2227,,1,0,0,0,0,0,0,0,0,0,0,0,0,1,0,0,0,0,0,0,0
Saberniko,2226,,2,0,0,0,0,1,0,0,0,1,0,0,0,0,0,0,0,0,0,0,0
Norah____h15,2225,,1,0,0,0,0,0,0,0,0,0,0,0,0,0,0,0,0,0,1,0,0
toastedavocado2,2223,,9,1,0,0,0,0,0,0,0,0,1,0,0,1,1,0,1,1,1,1,1
ShafeeuAli,2223,,1,0,0,0,0,0,0,0,0,0,0,0,0,0,0,0,0,1,0,0,0
AlhassnMer,2222,,11,1,0,0,0,1,1,0,0,0,0,0,1,1,1,1,1,1,1,1,0
yaraabbass,2221,,1,0,0,0,0,1,0,0,0,0,0,0,0,0,0,0,0,0,0,0,0
SkepticScope,2219,,2,0,0,0,0,0,0,0,0,1,1,0,0,0,0,0,0,0,0,0,0
vaquerodepapel,2217,,3,0,0,0,0,0,0,0,0,0,0,0,0,0,0,0,0,1,0,1,1
lyubimyj_kavkaz,2216,,1,0,0,0,0,0,1,0,0,0,0,0,0,0,0,0,0,0,0,0,0
DKLarge2,2215,,2,0,0,0,0,0,0,0,0,0,0,0,1,0,0,0,0,0,0,0,1
annette_watson_,2213,,1,0,0,0,0,0,0,0,0,0,0,0,0,0,0,0,0,0,0,0,1
kamalhasani5,2212,,2,0,0,0,0,0,0,0,0,0,0,0,1,1,0,0,0,0,0,0,0
rzk_ali,2210,,14,0,1,0,1,0,1,0,1,1,1,1,0,1,0,1,1,1,1,1,1
basiratammar,2209,,2,0,0,0,0,0,0,0,0,0,0,0,0,0,0,0,1,1,0,0,0
williej97827231,2208,,1,0,0,0,0,0,0,0,0,0,1,0,0,0,0,0,0,0,0,0,0
moha_amor,2207,,2,0,0,0,0,0,0,0,0,0,0,0,1,0,1,0,0,0,0,0,0
fukuda_k23568,2206,,1,0,0,0,0,0,0,1,0,0,0,0,0,0,0,0,0,0,0,0,0
Blacklight_21,2206,,1,1,0,0,0,0,0,0,0,0,0,0,0,0,0,0,0,0,0,0,0
Ayezee11,2204,,1,0,0,0,0,0,1,0,0,0,0,0,0,0,0,0,0,0,0,0,0
RichlyNhaked,2202,,1,0,0,0,0,0,0,0,0,0,0,0,0,0,0,0,0,0,0,0,1
hopelessxentric,2201,,1,0,0,0,0,0,0,0,0,0,0,0,0,0,0,0,0,0,0,0,1
RobertF23004448,2200,,5,0,0,0,0,0,1,1,1,0,0,0,0,0,0,1,1,0,0,0,0
smbeheshtian,2199,,1,0,0,0,0,0,0,0,0,0,0,0,0,0,0,0,0,0,1,0,0
S_Padival,2198,,2,0,0,0,0,0,1,0,0,0,0,0,0,0,0,0,0,0,0,0,1
zeerowbadman,2195,,1,0,0,0,0,0,0,0,0,0,0,0,0,0,0,0,0,0,0,0,1
BeateLandefeld,2194,,1,0,0,0,0,0,0,0,0,0,0,0,0,0,0,0,0,1,0,0,0
chaplinscourage,2193,,16,0,0,1,0,0,1,1,1,1,1,1,1,1,1,1,1,1,1,1,1
McewenIsabelle,2193,,1,0,0,0,0,0,0,0,0,0,0,0,0,0,0,0,0,0,0,0,1
whited_79,2191,,1,0,0,0,0,0,0,0,0,0,0,0,0,0,0,0,0,0,0,1,0
rb202220,2191,,1,0,0,0,0,1,0,0,0,0,0,0,0,0,0,0,0,0,0,0,0
SpiderTrades,2191,,2,0,0,0,0,0,0,0,1,1,0,0,0,0,0,0,0,0,0,0,0
_thisismeeenah,2190,,2,0,0,0,0,0,0,0,0,1,0,1,0,0,0,0,0,0,0,0,0
alibeyrani,2189,,3,0,0,0,1,1,0,0,0,0,0,0,0,0,0,0,0,0,1,0,0
NawabNiyayesh,2188,,1,0,0,0,0,0,0,1,0,0,0,0,0,0,0,0,0,0,0,0,0
Trenter_SKA,2187,,1,0,0,0,0,0,0,0,0,0,0,0,0,0,0,0,0,1,0,0,0
MmunirZaman,2187,,1,0,0,0,0,0,1,0,0,0,0,0,0,0,0,0,0,0,0,0,0
damisi_kv,2186,,1,0,0,0,0,0,0,0,0,0,0,0,0,0,0,0,0,0,0,0,1
ShamsByranvand,2185,,1,0,0,0,0,0,0,0,0,0,0,0,0,1,0,0,0,0,0,0,0
Abdulla73064640,2185,,4,0,0,0,0,0,0,0,0,0,0,0,0,0,0,1,1,1,1,0,0
Sunnyfunny786,2184,,2,0,0,0,0,0,0,0,0,1,0,0,0,0,0,0,0,0,1,0,0
gatewood__,2178,,1,0,0,0,0,0,0,0,0,0,0,0,0,0,0,0,0,0,0,1,0
engelmart23,2175,,2,0,0,0,0,1,0,0,0,0,0,0,0,0,0,1,0,0,0,0,0
IhoPwaitress74,2175,,1,0,0,0,0,0,0,0,1,0,0,0,0,0,0,0,0,0,0,0,0
CintraDora,2174,,3,0,0,0,0,0,0,0,0,0,1,0,1,0,1,0,0,0,0,0,0
htomi2009,2173,,1,0,0,0,0,0,0,1,0,0,0,0,0,0,0,0,0,0,0,0,0
DaniDebatte,2173,,1,0,0,1,0,0,0,0,0,0,0,0,0,0,0,0,0,0,0,0,0
1988Uni,2173,,2,0,0,0,0,1,1,0,0,0,0,0,0,0,0,0,0,0,0,0,0
ExtraLabel,2172,,1,0,0,0,0,0,0,0,0,0,0,0,0,0,0,0,0,0,0,1,0
abunana007,2169,,1,0,0,0,0,0,0,0,0,0,0,0,0,1,0,0,0,0,0,0,0
Gurillaz_313,2167,,4,0,0,0,0,0,0,0,0,1,0,0,0,0,0,1,0,1,0,0,1
legendyabour2,2164,,8,0,1,0,0,0,0,0,1,1,1,0,1,0,0,0,1,0,1,0,1
wassmrs,2163,,1,0,0,0,0,0,0,0,0,0,1,0,0,0,0,0,0,0,0,0,0
hayatbhalwana,2162,,1,0,0,0,0,0,0,0,0,0,0,0,0,0,0,0,0,0,0,0,1
khalifaoyin,2161,,2,0,1,0,0,0,0,0,0,0,0,0,0,0,0,0,0,0,1,0,0
Pianist_ir,2161,,1,0,0,0,0,0,0,0,0,0,0,0,0,0,0,0,0,0,1,0,0
DrSalehQerban,2158,,1,0,0,0,0,0,0,0,0,0,0,0,0,0,0,0,1,0,0,0,0
KooroshMorvarid,2157,,3,0,0,0,0,0,0,1,0,0,0,0,0,1,0,0,0,0,1,0,0
JBrowsing2023,2156,,1,0,0,0,0,0,0,0,0,0,0,0,0,0,1,0,0,0,0,0,0
AsgharKhosravi3,2156,,3,0,0,0,0,1,0,0,0,1,1,0,0,0,0,0,0,0,0,0,0
Dadmehr_rezaei,2155,,1,0,0,0,0,0,1,0,0,0,0,0,0,0,0,0,0,0,0,0,0
RazzilDarkbrew5,2153,,12,1,1,1,0,1,1,1,0,0,0,0,0,1,0,0,1,1,1,1,1
MahdiGarba,2153,,1,0,0,0,0,0,0,0,1,0,0,0,0,0,0,0,0,0,0,0,0
Dystopiantics,2152,,1,0,0,0,0,0,0,0,0,0,0,0,0,0,0,0,0,1,0,0,0
AzamShaghaghi,2152,,1,0,0,0,0,0,0,0,0,0,0,0,0,0,0,0,0,1,0,0,0
passenger2019,2151,,4,0,0,1,0,1,0,0,0,0,0,0,1,0,0,0,1,0,0,0,0
alaabdeen_32758,2150,,1,0,0,0,0,0,0,0,0,0,0,0,0,0,0,1,0,0,0,0,0
zaibx,2149,,4,0,0,0,0,0,0,0,0,0,0,0,0,0,0,1,0,1,0,1,1
fightBackAnon,2148,,14,1,1,0,0,1,1,0,1,1,1,1,1,1,1,0,1,1,1,0,0
JawadAbu29,2148,,1,0,0,0,0,0,0,0,0,0,0,0,0,0,0,0,0,1,0,0,0
LegalHermit,2146,,16,0,0,0,1,1,1,1,1,1,1,1,1,1,1,0,1,1,1,1,1
fghaffarii,2143,,1,0,0,0,0,0,0,0,0,0,0,0,0,0,0,0,0,0,1,0,0
SecondbloodH,2143,,1,0,0,0,0,0,0,0,1,0,0,0,0,0,0,0,0,0,0,0,0
L_Gale517,2143,,4,0,0,0,0,0,0,0,0,0,1,0,0,0,0,0,1,1,0,0,1
FreePalest95214,2143,,1,0,0,0,0,0,0,0,0,0,0,0,0,0,0,0,0,0,0,0,1
ghaseda82044726,2141,,1,0,0,0,0,0,0,0,0,0,1,0,0,0,0,0,0,0,0,0,0
MansaOfAllGold,2141,,1,0,0,0,0,0,0,0,0,0,1,0,0,0,0,0,0,0,0,0,0
mohamed_hany87,2140,,1,0,0,0,0,0,0,0,1,0,0,0,0,0,0,0,0,0,0,0,0
Irani22417441,2140,,1,0,0,0,0,0,0,0,0,0,0,0,0,0,0,0,0,0,0,1,0
Kwabs72,2138,,12,0,0,1,0,1,1,1,1,1,1,0,1,1,0,0,0,1,0,1,1
Amir0sharifi,2132,,15,1,1,1,0,1,1,0,1,1,1,1,0,0,1,1,1,1,1,1,0
qSNO4_Samir,2128,,2,0,0,0,0,0,0,0,0,0,0,0,1,0,0,1,0,0,0,0,0
cH4T_qU1_V0m1T,2127,,4,0,0,0,0,0,0,0,0,0,0,0,1,1,1,0,0,1,0,0,0
amirrazdh,2127,,1,0,0,0,1,0,0,0,0,0,0,0,0,0,0,0,0,0,0,0,0
Assoiffe,2127,,5,0,0,0,0,0,0,1,0,1,0,0,0,1,0,1,1,0,0,0,0
ilimlevebilimle,2125,,3,0,0,0,0,1,1,1,0,0,0,0,0,0,0,0,0,0,0,0,0
charrz__,2125,,2,0,0,0,0,0,1,0,0,0,1,0,0,0,0,0,0,0,0,0,0
baranhajbagher,2125,,1,0,0,0,1,0,0,0,0,0,0,0,0,0,0,0,0,0,0,0,0
OrwellsRevenge,2125,,1,0,1,0,0,0,0,0,0,0,0,0,0,0,0,0,0,0,0,0,0
DIYA_OMAN,2125,,1,0,0,0,0,0,0,0,0,0,0,0,0,0,0,1,0,0,0,0,0
nohaSradwan,2124,,7,0,0,0,0,1,1,0,1,0,1,0,0,0,0,1,1,0,0,0,1
HrbAbw63486,2123,,1,0,1,0,0,0,0,0,0,0,0,0,0,0,0,0,0,0,0,0,0
1976observer,2123,,6,0,0,0,0,0,1,0,1,1,0,0,1,1,0,0,0,0,1,0,0
ALI_KHOSH_SIMA,2122,,4,0,0,0,0,0,0,0,0,1,1,0,0,0,0,0,0,1,1,0,0
Iamdotun4,2121,,13,1,1,1,0,0,1,1,1,1,1,1,1,1,0,0,0,1,0,0,1
babak_negahdari,2116,,1,0,0,0,0,0,0,0,0,0,0,0,0,0,0,0,0,0,1,0,0
CanDivine,2116,,2,0,0,0,0,0,0,0,0,0,0,0,0,1,1,0,0,0,0,0,0
ali_lotfinia,2115,,1,0,0,0,0,0,0,0,0,0,0,0,0,0,0,0,1,0,0,0,0
maryj59,2114,,1,0,0,0,0,0,1,0,0,0,0,0,0,0,0,0,0,0,0,0,0
PaleoAutist,2111,,1,0,0,0,0,0,0,0,0,0,0,0,0,0,0,0,0,0,1,0,0
Juju_FruitJr71,2111,,3,0,1,0,0,0,1,1,0,0,0,0,0,0,0,0,0,0,0,0,0
EngrMSherazi,2111,,2,0,0,0,0,0,0,0,0,0,1,1,0,0,0,0,0,0,0,0,0
sumidatomohisa,2110,,1,0,0,0,0,0,0,0,0,0,1,0,0,0,0,0,0,0,0,0,0
TaqiSayz,2107,,8,0,0,0,0,1,1,0,1,1,1,0,0,1,0,0,0,0,1,0,1
rohankazmi,2106,,1,0,0,0,0,1,0,0,0,0,0,0,0,0,0,0,0,0,0,0,0
MushyMelbowHead,2106,,1,0,0,0,0,0,1,0,0,0,0,0,0,0,0,0,0,0,0,0,0
mellow_elephant,2105,,2,0,0,0,0,0,0,0,0,0,0,0,0,0,0,0,1,1,0,0,0
jbyrneirl,2104,,2,0,0,0,0,0,0,0,0,1,0,0,0,0,0,0,0,1,0,0,0
im_Mogambo,2104,,2,0,0,0,0,0,1,0,0,0,1,0,0,0,0,0,0,0,0,0,0
Morena_Steppa,2103,,1,0,0,0,0,0,0,0,0,0,0,0,0,0,0,0,0,0,1,0,0
sovereignsats,2100,,1,0,0,0,0,0,0,0,0,0,0,0,0,1,0,0,0,0,0,0,0
Alberto17837795,2099,,1,0,0,0,0,0,1,0,0,0,0,0,0,0,0,0,0,0,0,0,0
sswazi1,2098,,1,0,0,0,0,1,0,0,0,0,0,0,0,0,0,0,0,0,0,0,0
andywartrol,2097,,1,0,0,0,0,0,0,0,0,0,0,0,0,0,0,1,0,0,0,0,0
roxuzoma,2096,,1,0,0,0,0,0,0,0,0,0,1,0,0,0,0,0,0,0,0,0,0
Tyb_dsht1979,2096,,1,0,0,0,1,0,0,0,0,0,0,0,0,0,0,0,0,0,0,0,0
iamshk92110,2095,,3,1,0,0,0,0,0,0,1,0,0,0,0,0,0,0,0,0,0,0,1
Mr_Mavuso,2095,,4,0,0,0,0,0,0,0,1,0,1,0,0,0,0,0,0,1,0,0,1
fhafeez64,2091,,3,0,0,0,0,0,0,0,1,1,0,0,0,0,0,0,0,0,0,0,1
badpressrules,2090,,1,0,0,0,0,0,0,0,0,0,0,0,0,0,0,0,0,0,0,0,1
Edubudaboss,2090,,1,0,0,0,0,0,0,0,1,0,0,0,0,0,0,0,0,0,0,0,0
yalda_12031,2089,,1,0,0,0,0,0,0,0,0,0,0,0,0,0,0,0,0,0,1,0,0
phase_3_dream,2089,,1,0,0,0,0,0,0,0,0,0,0,0,0,0,0,0,0,1,0,0,0
Hany69462,2089,,5,0,0,0,1,1,0,0,0,0,1,1,0,0,0,1,0,0,0,0,0
andrew_deborah8,2088,,1,0,0,0,0,0,0,0,0,0,0,0,0,0,0,1,0,0,0,0,0
MullinCorinna,2088,,1,0,0,0,0,0,0,0,0,0,0,0,0,1,0,0,0,0,0,0,0
bluecanoelove,2086,,6,0,0,0,0,0,0,0,1,0,1,0,1,0,1,0,0,1,0,0,1
hamedthk72,2085,,9,0,0,0,0,0,0,1,1,0,0,0,1,1,1,1,0,0,1,1,1
NazifSyed95,2085,,1,0,0,0,0,0,0,0,0,0,0,0,0,0,0,0,0,1,0,0,0
MalkAljlal133,2083,,1,0,0,0,0,1,0,0,0,0,0,0,0,0,0,0,0,0,0,0,0
robertadam19,2082,,4,0,0,0,1,0,0,0,0,1,0,0,0,0,0,0,1,1,0,0,0
Mis_zhr,2082,,1,0,0,0,0,0,0,0,0,0,0,0,1,0,0,0,0,0,0,0,0
BobMlazzow,2082,,1,0,0,1,0,0,0,0,0,0,0,0,0,0,0,0,0,0,0,0,0
saeedwattoo,2078,,3,0,0,0,0,0,1,0,0,0,0,0,0,0,0,0,1,0,1,0,0
malicemagic,2077,,11,1,0,0,0,1,1,1,0,1,1,1,0,1,1,0,0,0,0,1,1
JohnLee865658,2076,,2,0,0,0,0,0,0,0,0,0,0,0,0,0,0,0,0,1,1,0,0
AngryNana4,2076,,4,0,0,0,0,0,1,0,0,0,1,0,1,0,0,0,0,1,0,0,0
BilllHickey,2074,,1,0,0,1,0,0,0,0,0,0,0,0,0,0,0,0,0,0,0,0,0
nurtenkurnaz,2073,,1,0,0,0,1,0,0,0,0,0,0,0,0,0,0,0,0,0,0,0,0
malikzeeshan896,2073,,16,0,1,1,1,1,1,1,1,1,1,1,1,0,0,1,1,1,1,1,0
DeanRichards909,2070,,1,0,0,0,0,0,0,0,0,0,0,0,0,0,0,0,0,1,0,0,0
ChilloutVille,2070,,9,0,0,0,0,1,1,1,1,1,0,0,1,1,0,0,0,0,0,1,1
ZSAbrahm,2068,,1,0,0,0,0,0,0,1,0,0,0,0,0,0,0,0,0,0,0,0,0
lolams768,2063,,1,0,0,0,0,0,0,0,1,0,0,0,0,0,0,0,0,0,0,0,0
Satanis43352136,2063,,1,0,1,0,0,0,0,0,0,0,0,0,0,0,0,0,0,0,0,0,0
fuad_wasik,2061,,1,0,0,0,0,0,0,0,0,0,0,0,0,0,0,0,0,0,0,0,1
1Raynfall,2061,,11,0,0,0,0,1,1,1,1,1,0,1,1,0,0,0,1,1,1,1,0
mahinnurabadi,2057,,10,1,0,1,1,1,1,0,1,0,1,1,0,0,0,0,1,1,0,0,0
AliRizvi313,2056,,5,0,0,0,0,0,1,0,0,0,0,1,0,1,0,0,1,0,1,0,0
supply_facts,2054,,1,0,0,0,0,0,1,0,0,0,0,0,0,0,0,0,0,0,0,0,0
AabishAli16,2053,,2,1,0,0,0,0,0,0,0,0,0,0,0,1,0,0,0,0,0,0,0
rahimlue_ali,2051,,16,0,1,1,1,1,1,1,1,1,0,1,1,1,0,0,1,1,1,1,1
noraabril666,2051,,1,0,0,0,0,0,0,0,0,0,0,0,0,0,0,0,0,1,0,0,0
HistoryHoax,2051,,7,0,0,0,0,0,0,0,0,1,1,1,1,1,0,0,0,1,1,0,0
TimBurk89339590,2050,,4,0,0,0,0,0,1,0,0,0,1,0,1,0,0,0,0,0,1,0,0
hayormikun3,2049,,3,0,0,0,0,0,0,0,0,0,0,0,0,0,0,0,0,1,1,0,1
mrally,2048,,6,0,1,0,0,1,0,0,0,1,0,0,0,0,0,1,1,1,0,0,0
abdulljalo,2048,,7,1,0,0,1,1,0,0,1,0,1,0,0,1,0,0,0,0,0,1,0
M13sheikh,2047,,1,0,0,0,0,0,0,0,0,0,0,0,1,0,0,0,0,0,0,0,0
ArsalanH_Khan,2047,,17,0,1,1,1,1,1,1,1,1,1,1,1,1,0,1,1,1,1,1,0
this_user15,2046,,1,0,0,0,0,0,0,0,0,0,1,0,0,0,0,0,0,0,0,0,0
mary32valdez,2045,,1,0,1,0,0,0,0,0,0,0,0,0,0,0,0,0,0,0,0,0,0
Tnvlk,2045,,2,0,0,0,0,0,0,1,0,0,0,0,0,0,0,0,0,1,0,0,0
GraArmenia1958,2043,,1,0,0,0,0,0,0,0,0,0,0,0,0,0,0,0,1,0,0,0,0
caoimhin28,2042,,3,0,0,0,0,0,1,1,1,0,0,0,0,0,0,0,0,0,0,0,0
covid_engineer,2041,,4,0,0,0,0,0,1,0,1,1,0,0,0,0,0,0,0,1,0,0,0
abbasasgari27,2040,,2,0,0,0,0,0,0,0,0,0,0,0,0,0,0,0,0,0,1,0,1
Noone1119822,2039,,4,0,0,0,0,0,0,1,1,1,0,0,0,0,0,0,0,1,0,0,0
93Judge,2035,,4,0,0,0,0,0,0,0,0,0,0,0,0,0,0,0,0,1,1,1,1
PAVELZU1,2034,,3,0,0,0,0,0,1,0,0,0,0,0,0,0,0,0,1,0,0,0,1
m_jahedbozorgan,2032,,12,0,0,0,0,0,1,0,0,1,1,0,1,1,1,1,1,1,1,1,1
InsideChinaView,2032,,1,0,0,0,0,0,0,0,0,0,0,0,0,0,0,0,0,0,0,0,1
aOnA9Xraspmpb3j,2031,,8,0,1,0,0,1,0,0,0,0,0,1,0,1,1,1,1,0,1,0,0
AlexMalejewicz,2030,,6,0,0,0,0,0,1,0,0,1,0,0,1,0,0,1,0,1,0,0,1
schewra,2029,,2,0,0,1,0,0,0,0,0,0,0,0,0,1,0,0,0,0,0,0,0
DavariZah,2028,,1,0,0,0,0,1,0,0,0,0,0,0,0,0,0,0,0,0,0,0,0
A_t_i__e,2028,,1,0,0,0,0,0,0,0,0,0,0,0,0,1,0,0,0,0,0,0,0
syryn716420,2026,,2,0,0,0,0,0,0,0,0,0,0,1,0,0,0,0,0,0,1,0,0
oddlots,2026,,2,0,0,0,0,0,0,0,0,0,0,0,0,0,0,0,1,0,1,0,0
Mattyfeb37,2023,,4,0,0,1,0,0,0,1,0,0,0,0,0,0,0,0,0,1,0,1,0
moh2000md,2021,,2,0,0,0,0,0,0,0,1,0,0,0,0,0,0,1,0,0,0,0,0
NewsNetNews,2021,,1,0,0,0,0,0,0,0,0,0,0,0,0,0,0,0,0,0,1,0,0
gbgb1214,2019,,1,0,0,0,0,0,0,1,0,0,0,0,0,0,0,0,0,0,0,0,0
Realsonu_095,2019,,1,0,0,0,0,0,0,0,0,0,0,0,0,0,0,1,0,0,0,0,0
TerryGiant97,2017,,2,0,0,0,0,0,0,0,0,0,0,0,0,0,0,0,0,1,1,0,0
alle_me_myself,2016,,7,0,0,0,0,0,1,0,0,0,1,0,1,1,0,1,0,1,1,0,0
patty71brooks,2013,,1,0,0,0,0,0,0,0,0,0,0,0,0,0,0,0,0,0,0,0,1
AngelaMilanese,2013,,2,1,0,0,0,0,0,0,0,0,0,0,0,0,0,0,0,1,0,0,0
khawajayy,2012,,1,0,0,0,0,0,0,0,0,0,1,0,0,0,0,0,0,0,0,0,0
comments_007,2012,,2,0,0,0,0,0,0,0,0,1,0,0,1,0,0,0,0,0,0,0,0
ToluhadeH,2011,,1,0,0,0,0,0,0,0,0,0,0,0,0,0,0,0,0,0,0,0,1
zezo961,2009,,1,0,0,0,0,0,0,0,0,0,0,0,0,0,0,0,0,1,0,0,0
siobh_99,2008,,1,0,0,0,0,0,0,0,0,0,0,0,0,0,0,0,0,0,0,0,1
r136061,2008,,6,0,0,0,1,0,0,0,0,0,0,0,1,1,1,0,1,0,1,0,0
mytruth1_0,2006,,1,0,0,0,0,0,0,0,0,0,0,0,0,0,0,1,0,0,0,0,0
WPipperger,2004,,2,0,0,0,0,0,0,0,0,1,0,0,0,1,0,0,0,0,0,0,0
farahhossein75,2002,,5,0,0,0,0,0,0,1,1,0,1,0,1,0,0,0,0,0,0,0,1
chak_gaav,2001,,8,0,0,0,0,0,0,0,0,0,1,0,1,1,1,0,0,1,1,1,1
TABACS9,2001,,2,1,0,1,0,0,0,0,0,0,0,0,0,0,0,0,0,0,0,0,0
adeelizm,1999,,10,0,0,0,0,0,0,0,1,1,1,1,1,1,0,1,1,0,1,0,1
I_aint_doit,1999,,6,0,0,0,0,0,1,0,1,1,0,1,0,1,0,0,0,0,0,1,0
ACSpinner,1998,,2,0,0,0,0,0,0,0,0,0,0,0,0,0,0,0,0,1,0,0,1
DebolaAlaka_,1996,,1,0,0,0,0,0,0,0,0,0,0,0,0,0,0,0,1,0,0,0,0
AcencionPined,1995,,2,0,1,1,0,0,0,0,0,0,0,0,0,0,0,0,0,0,0,0,0
MarkA79275,1994,,1,0,0,0,0,0,0,0,0,0,0,0,0,0,0,0,0,1,0,0,0
Akhoondi_ir,1994,,1,0,0,0,0,0,0,0,0,0,0,0,1,0,0,0,0,0,0,0,0
Hadi31694821,1992,,1,0,0,0,0,1,0,0,0,0,0,0,0,0,0,0,0,0,0,0,0
luzesperanzay,1991,,8,0,1,0,0,0,1,0,1,1,0,0,1,0,0,1,0,1,1,0,0
UsodoWiro,1989,,3,0,0,0,0,0,0,0,0,0,0,0,0,1,0,1,0,1,0,0,0
kvshspliff,1988,,2,0,0,0,0,0,0,0,0,1,1,0,0,0,0,0,0,0,0,0,0
mohd_nazar1,1986,,1,0,0,0,1,0,0,0,0,0,0,0,0,0,0,0,0,0,0,0,0
ZillRehmanS,1986,,1,0,0,0,0,0,0,0,0,0,0,0,0,0,0,0,0,1,0,0,0
lylywsfy219081,1984,,12,0,1,0,1,1,1,1,1,1,1,0,1,0,0,1,1,0,1,0,0
JanSherKhanPTI,1984,,3,0,0,0,0,0,1,0,0,1,0,0,0,0,1,0,0,0,0,0,0
NeoDinero,1983,,1,0,0,0,0,0,0,0,0,0,1,0,0,0,0,0,0,0,0,0,0
zkria1010,1982,,3,0,0,0,0,1,1,0,1,0,0,0,0,0,0,0,0,0,0,0,0
Raoul_NL_,1982,,1,0,1,0,0,0,0,0,0,0,0,0,0,0,0,0,0,0,0,0,0
ghampazir,1980,,1,0,0,0,0,0,1,0,0,0,0,0,0,0,0,0,0,0,0,0,0
Jude_boudib,1975,,10,0,1,0,0,0,0,0,1,1,1,0,1,1,0,1,0,1,1,0,1
ahmed739a,1973,,1,0,0,0,0,0,0,0,0,0,0,1,0,0,0,0,0,0,0,0,0
linco10,1970,,2,0,0,0,0,0,1,0,0,0,0,0,0,0,0,0,1,0,0,0,0
Sh1451977,1969,,1,0,0,0,0,0,0,0,0,0,0,0,0,1,0,0,0,0,0,0,0
anarmodios,1968,,1,0,0,0,0,0,0,0,0,0,0,0,0,1,0,0,0,0,0,0,0
AliYaghobi1,1968,,2,0,0,0,0,1,1,0,0,0,0,0,0,0,0,0,0,0,0,0,0
Ziton_99,1967,,2,0,0,0,0,0,0,0,0,0,0,0,0,1,1,0,0,0,0,0,0
Sh_Mosavi313,1966,,9,0,0,0,1,1,1,1,0,0,1,0,0,0,1,0,0,1,1,1,0
CarrieM00721701,1965,,1,0,1,0,0,0,0,0,0,0,0,0,0,0,0,0,0,0,0,0,0
DikmenMec,1963,,5,0,0,0,1,0,1,0,1,0,1,0,0,0,0,0,0,0,0,1,0
alhndy_samy,1962,,8,1,0,0,0,0,1,0,1,1,1,0,0,1,1,0,0,0,0,1,0
SakinaBH29,1961,,1,0,0,0,0,0,0,0,1,0,0,0,0,0,0,0,0,0,0,0,0
Giggle_Pufff,1960,,1,0,0,0,0,0,0,0,0,0,0,0,0,0,0,0,0,0,1,0,0
Xahibhai,1959,,6,0,0,0,0,0,0,1,1,1,1,0,0,1,0,0,0,0,0,0,1
Danrim84,1958,,1,0,0,0,0,0,0,0,0,0,0,1,0,0,0,0,0,0,0,0,0
nyambane05brian,1957,,1,0,0,0,0,0,1,0,0,0,0,0,0,0,0,0,0,0,0,0,0
mstfsaeedi,1957,,1,0,0,0,0,0,0,0,0,0,0,0,0,0,0,0,0,0,1,0,0
MdSakir_,1956,,16,0,1,1,1,1,1,1,1,1,1,1,1,1,0,1,1,1,0,1,0
harshcritic1985,1955,,3,0,0,0,0,0,0,0,1,0,0,0,0,0,0,0,1,1,0,0,0
NationalReilly,1955,,1,0,0,0,0,0,0,0,0,0,0,1,0,0,0,0,0,0,0,0,0
drizzie,1950,,2,0,0,0,0,0,0,0,0,0,1,0,0,0,0,0,0,0,0,1,0
mareevento,1949,,1,0,0,0,0,1,0,0,0,0,0,0,0,0,0,0,0,0,0,0,0
AnnieLaline,1948,,1,0,0,0,0,0,0,0,0,0,0,0,0,0,0,0,0,1,0,0,0
Mojalili900,1947,,1,0,0,0,0,0,0,1,0,0,0,0,0,0,0,0,0,0,0,0,0
ArleteKozak,1947,,5,0,0,0,0,0,1,0,0,1,1,0,0,0,0,0,0,1,0,0,1
jbryl_7,1946,,2,0,0,0,0,1,0,0,0,0,0,1,0,0,0,0,0,0,0,0,0
dal0028751,1944,,6,0,0,0,0,1,1,0,0,0,1,0,1,0,0,0,0,0,1,0,1
WWIID7,1944,,2,0,0,0,0,0,0,0,0,0,0,0,0,1,0,0,1,0,0,0,0
DissidentScot,1943,,4,0,0,0,0,1,0,0,0,0,0,0,0,1,1,0,0,1,0,0,0
molfian13,1942,,3,0,0,0,1,0,1,0,0,0,0,1,0,0,0,0,0,0,0,0,0
mesbah135,1942,,3,0,0,0,0,0,0,0,0,0,0,1,0,0,0,0,1,0,0,1,0
_o_james_,1942,,1,0,0,0,0,0,0,0,1,0,0,0,0,0,0,0,0,0,0,0,0
H_DThaStar,1942,,1,1,0,0,0,0,0,0,0,0,0,0,0,0,0,0,0,0,0,0,0
Ali_Abdi_72,1942,,1,0,0,0,0,0,0,0,0,0,0,0,0,0,0,0,0,1,0,0,0
moayyedjafri,1941,,1,0,0,0,0,0,0,0,0,0,0,1,0,0,0,0,0,0,0,0,0
SelloSaul,1941,,7,0,0,0,0,0,0,0,0,1,1,1,1,0,0,0,0,0,1,1,1
kipropkvictor,1940,,1,0,0,0,0,0,0,0,0,1,0,0,0,0,0,0,0,0,0,0,0
YAGHI1N,1940,,1,0,0,0,0,0,0,0,0,0,0,0,0,0,0,0,0,0,1,0,0
misskhan,1938,,3,0,1,0,0,0,0,0,0,1,1,0,0,0,0,0,0,0,0,0,0
Start_WithG,1938,,1,0,0,0,0,0,0,0,0,0,0,0,0,0,0,0,0,0,0,0,1
mohmmeddowas,1937,,2,0,1,0,0,0,0,0,0,0,0,0,0,0,0,0,1,0,0,0,0
Mohamed96275443,1937,,3,0,0,0,0,0,0,0,0,1,0,0,0,0,0,0,0,0,0,1,1
lic09u,1936,,1,0,0,0,0,0,0,0,0,0,0,0,0,0,0,0,0,0,0,1,0
PlacideDouam,1936,,2,0,0,0,0,0,0,0,0,0,0,0,0,0,0,0,0,0,0,1,1
NikkySo,1936,,4,0,0,0,0,0,1,0,0,0,1,1,0,0,0,1,0,0,0,0,0
Seddighehghh1,1934,,1,0,0,0,1,0,0,0,0,0,0,0,0,0,0,0,0,0,0,0,0
ricercata1,1932,,1,0,0,0,0,0,0,0,0,0,0,0,0,0,0,0,0,0,0,0,1
pattys0033,1932,,2,0,0,0,0,0,0,0,0,0,0,0,1,0,0,0,0,1,0,0,0
adityanag2002,1932,,1,0,0,0,0,0,0,0,0,0,0,0,0,0,0,0,0,1,0,0,0
adamcchang,1932,,1,0,0,0,0,0,0,0,0,1,0,0,0,0,0,0,0,0,0,0,0
Stephen67843639,1931,,1,0,0,0,0,0,0,0,0,0,0,0,0,0,0,0,0,0,0,1,0
peaceworld27,1930,,1,0,0,0,0,0,0,0,0,0,0,0,0,0,0,0,0,0,0,0,1
lord_curzon,1930,,3,0,0,0,0,0,0,0,0,1,0,0,0,0,0,0,0,1,0,1,0
kaisoKG,1930,,2,0,0,0,0,0,0,0,0,0,0,0,0,0,0,0,0,0,1,0,1
mansor_1381,1929,,1,0,0,0,0,0,0,0,0,0,0,0,0,0,0,0,1,0,0,0,0
ISMAELSAHARA,1928,,3,0,0,0,1,0,1,1,0,0,0,0,0,0,0,0,0,0,0,0,0
3milioG,1928,,1,0,0,0,0,0,0,0,0,0,0,0,0,1,0,0,0,0,0,0,0
hashim203040,1927,,3,0,0,0,0,0,1,0,0,0,0,1,0,0,0,0,0,0,1,0,0
Dash_Mehti,1926,,2,0,0,0,0,1,0,0,0,1,0,0,0,0,0,0,0,0,0,0,0
Noyboo1,1924,,1,0,0,0,0,0,1,0,0,0,0,0,0,0,0,0,0,0,0,0,0
kkvrindhavan,1923,,2,0,0,0,0,0,0,0,0,0,0,0,0,0,0,0,0,0,0,1,1
ManuelFafian,1923,,2,0,0,0,0,1,0,0,0,0,0,0,0,0,0,0,0,0,1,0,0
iloveparadise_,1922,,2,0,0,0,0,0,0,0,0,0,0,0,1,1,0,0,0,0,0,0,0
AliSame145,1922,,2,0,0,0,0,0,0,0,0,0,0,0,0,1,1,0,0,0,0,0,0
_ajit8_,1921,,1,0,0,0,0,0,0,0,0,0,1,0,0,0,0,0,0,0,0,0,0
WaleedTariq89,1921,,1,0,0,0,0,0,0,0,0,0,0,0,0,0,0,1,0,0,0,0,0
collinsMANGO,1919,,1,0,0,0,0,0,0,0,0,0,1,0,0,0,0,0,0,0,0,0,0
z_akcess1,1918,,2,1,0,0,0,0,0,0,0,0,0,0,0,0,0,0,0,0,1,0,0
Mohamme62720195,1918,,1,0,0,0,0,0,0,0,0,0,0,0,0,0,0,1,0,0,0,0,0
Littlesparrow9,1918,,1,0,0,0,0,0,0,0,0,0,0,0,0,0,0,0,0,0,0,0,1
Bert_HappyDog,1918,,1,0,0,0,0,0,0,0,0,0,0,0,0,0,0,0,0,0,0,0,1
abbasmirshkari,1917,,1,0,0,0,0,0,0,0,0,0,0,0,0,0,0,0,0,0,1,0,0
AhmedAddawlah,1917,,1,0,0,0,0,0,0,0,0,0,0,0,0,0,0,1,0,0,0,0,0
sajjad_porse,1916,,1,0,0,0,0,0,0,0,0,0,0,0,0,0,0,0,0,1,0,0,0
yafunyafun,1914,,1,0,0,0,0,0,0,0,0,0,0,0,0,0,0,0,0,0,1,0,0
twitrsukzbigly,1914,,1,0,0,0,0,0,0,0,0,0,0,0,0,1,0,0,0,0,0,0,0
djtomhanks,1914,,1,0,0,0,0,0,0,0,0,0,1,0,0,0,0,0,0,0,0,0,0
maryanadiab_,1913,,1,0,0,0,0,0,0,0,0,0,0,0,0,0,0,1,0,0,0,0,0
Tinemar4,1913,,1,0,0,0,0,0,0,0,0,0,0,0,0,0,0,1,0,0,0,0,0
nzarei72,1911,,4,0,0,0,1,1,0,1,0,0,0,0,1,0,0,0,0,0,0,0,0
Momudin_Popuut,1911,,1,0,0,0,0,0,0,0,1,0,0,0,0,0,0,0,0,0,0,0,0
unique_fella,1910,,1,0,0,0,0,0,0,0,0,0,0,0,0,0,0,0,0,0,1,0,0
Anonymostw,1910,,5,0,0,0,0,0,0,0,1,0,0,0,0,1,0,1,0,1,0,0,1
EduSVQ1917,1909,,2,0,0,0,0,0,1,0,0,0,0,0,0,0,0,1,0,0,0,0,0
47whitebuffalo,1909,,2,1,0,0,0,0,0,0,0,0,0,0,0,0,0,0,0,1,0,0,0
Adan06773354,1908,,1,0,0,0,0,0,0,0,0,0,0,0,0,0,0,0,0,0,0,0,1
Ya_Mahdi_313A,1907,,1,0,1,0,0,0,0,0,0,0,0,0,0,0,0,0,0,0,0,0,0
JaguarOfficial1,1907,,1,0,0,0,0,0,0,0,0,0,0,0,0,1,0,0,0,0,0,0,0
ibarracynthia6,1906,,1,0,1,0,0,0,0,0,0,0,0,0,0,0,0,0,0,0,0,0,0
bakhtiarmuhamm,1906,,4,0,0,0,0,0,0,0,0,0,0,0,0,0,0,0,1,1,1,0,1
agtprpnabsrdty,1905,,4,0,0,0,0,0,1,0,0,0,1,0,1,0,0,0,0,0,0,0,1
Every_TechTrend,1905,,1,0,0,0,0,0,0,0,0,0,1,0,0,0,0,0,0,0,0,0,0
VonLudowika,1903,,5,0,0,0,1,1,0,1,0,0,0,0,0,1,0,0,0,1,0,0,0
KadarDabeco,1903,,1,0,0,0,0,0,0,0,0,0,0,0,0,0,0,0,0,1,0,0,0
Amaniiied,1902,,1,0,0,0,0,0,0,0,0,0,0,0,0,0,0,1,0,0,0,0,0
teresakeenan14,1899,,2,0,0,1,0,0,0,1,0,0,0,0,0,0,0,0,0,0,0,0,0
okuneddie,1898,,1,0,0,0,0,0,0,0,0,0,1,0,0,0,0,0,0,0,0,0,0
brucelharper,1897,,1,0,0,0,0,0,0,0,0,0,1,0,0,0,0,0,0,0,0,0,0
faizanbinfazal,1896,,1,0,0,0,0,0,0,0,1,0,0,0,0,0,0,0,0,0,0,0,0
ThinkInError,1896,,1,0,0,0,0,0,0,0,0,0,0,0,0,0,0,0,0,0,0,1,0
JenniferAshwor4,1896,,1,0,0,0,0,0,0,0,0,0,0,0,0,0,0,0,0,1,0,0,0
sjd1830532,1895,,3,0,0,0,0,1,1,0,0,1,0,0,0,0,0,0,0,0,0,0,0
mido_uiux,1895,,11,1,1,0,0,0,1,1,1,1,1,1,0,1,0,0,1,1,0,0,0
DanasMuse1,1893,,1,0,0,0,0,0,1,0,0,0,0,0,0,0,0,0,0,0,0,0,0
Jesuislibis,1892,,1,0,0,0,0,0,1,0,0,0,0,0,0,0,0,0,0,0,0,0,0
najwa07130720,1891,,2,1,0,0,0,0,1,0,0,0,0,0,0,0,0,0,0,0,0,0,0
chico_mirza,1891,,1,0,0,0,0,0,0,0,0,0,0,0,0,0,0,0,0,1,0,0,0
xRambro,1890,,3,0,0,0,0,0,0,0,0,1,0,0,0,0,0,0,0,0,1,0,1
Shakir_BW,1890,,1,0,0,0,0,0,0,0,1,0,0,0,0,0,0,0,0,0,0,0,0
jckthesword,1889,,3,0,0,0,0,0,0,0,1,1,0,0,0,0,0,0,0,0,0,1,0
DenyThemEssence,1889,,3,0,0,0,0,0,0,0,0,1,0,0,0,1,1,0,0,0,0,0,0
adv_babarsafdar,1886,,7,1,0,0,0,0,0,0,1,0,0,1,1,1,1,0,0,1,0,0,0
jmalgas,1885,,6,0,0,0,0,1,0,0,1,1,0,0,0,1,0,0,0,1,0,1,0
rodriguezcheri,1883,,2,1,0,0,0,0,0,0,0,0,0,1,0,0,0,0,0,0,0,0,0
RobynsonJ,1883,,6,1,0,0,0,0,0,0,0,0,0,0,0,1,0,1,1,1,0,0,1
LtsFlwr70,1882,,1,0,0,0,0,0,0,0,0,0,0,0,0,0,0,0,0,1,0,0,0
mohsinAPML1,1880,,4,0,0,0,0,1,0,1,1,1,0,0,0,0,0,0,0,0,0,0,0
mahammadgi,1880,,1,0,0,0,0,0,0,0,0,0,1,0,0,0,0,0,0,0,0,0,0
MakerWaddles,1880,,8,0,0,0,0,0,1,0,0,1,1,0,1,1,0,1,0,0,1,1,0
mymalnakeeb,1879,,6,1,0,0,0,0,0,0,0,0,0,0,0,0,1,1,0,1,1,0,1
OriginsD,1878,,1,0,0,0,0,0,0,0,0,0,0,0,0,0,0,0,0,1,0,0,0
mofa_2002,1876,,3,0,0,0,0,0,0,0,0,0,0,0,0,0,0,0,0,0,1,1,1
MidasNudge,1876,,1,0,0,0,0,0,0,0,0,0,0,0,0,0,0,0,0,0,0,0,1
Endless66265605,1876,,2,0,0,1,0,0,0,0,0,1,0,0,0,0,0,0,0,0,0,0,0
sakinesadatpaad,1874,,1,0,0,0,0,0,0,0,1,0,0,0,0,0,0,0,0,0,0,0,0
yukeleon,1873,,1,0,0,0,0,0,0,0,0,0,0,0,0,0,0,0,0,1,0,0,0
Sfaisalofficial,1872,,2,0,0,0,0,0,0,0,0,0,0,0,0,0,0,0,0,0,0,1,1
KadirOfficial29,1872,,8,0,0,1,1,0,1,1,1,1,1,1,0,0,0,0,0,0,0,0,0
HumbertReincide,1869,,2,0,0,0,0,0,0,0,0,1,0,0,0,0,0,0,0,0,1,0,0
HabibAhnaf9784,1869,,5,0,1,1,0,0,1,0,0,0,0,0,0,0,0,0,1,1,0,0,0
hsihsiuling,1868,,1,0,0,0,0,0,0,0,0,0,0,0,0,0,0,0,0,0,0,0,1
SaluhuL1956,1868,,1,0,0,0,0,0,0,0,0,0,0,0,0,0,0,1,0,0,0,0,0
MSMscarecrow,1867,,4,0,0,0,0,0,0,0,0,0,1,0,0,0,0,0,0,0,1,1,1
Oldbag12345,1866,,9,0,0,0,0,0,0,1,1,1,1,1,1,1,0,0,1,0,0,0,1
weareafreeworld,1864,,1,0,0,0,0,0,0,0,0,0,0,0,0,0,0,0,1,0,0,0,0
moemortada,1864,,1,0,0,0,0,0,0,0,0,0,0,0,0,0,0,1,0,0,0,0,0
helenli49622013,1863,,1,0,0,0,0,0,0,0,0,0,0,1,0,0,0,0,0,0,0,0,0
Peter_the_Czech,1863,,1,0,0,0,0,0,0,0,0,0,0,0,0,0,0,0,0,0,1,0,0
Catlady4Ukraine,1863,,1,0,1,0,0,0,0,0,0,0,0,0,0,0,0,0,0,0,0,0,0
rubinahamid26,1862,,1,0,0,0,0,0,0,0,0,0,0,0,0,0,0,0,0,0,0,0,1
mitajuku,1862,,1,0,0,0,0,0,0,0,0,0,0,0,0,0,0,1,0,0,0,0,0
fouadahmedq,1859,,1,0,0,0,0,0,1,0,0,0,0,0,0,0,0,0,0,0,0,0,0
fahimehnojoki,1859,,1,0,0,0,0,0,0,0,0,0,0,0,0,0,0,0,0,0,1,0,0
ahmad_zakariii,1859,,1,0,0,0,0,0,0,0,0,1,0,0,0,0,0,0,0,0,0,0,0
OnlyRealJohanna,1859,,3,0,0,0,0,0,0,0,0,0,1,0,0,0,0,0,0,0,1,1,0
fnicencool,1858,,4,0,0,0,0,0,0,1,0,1,0,0,0,0,0,0,0,1,0,0,1
mcc43_,1856,,1,0,0,0,0,0,0,0,0,0,0,0,0,0,0,0,0,0,0,0,1
t_iliyas,1855,,1,1,0,0,0,0,0,0,0,0,0,0,0,0,0,0,0,0,0,0,0
nsndb3v,1853,,3,0,1,0,0,0,0,0,1,0,0,1,0,0,0,0,0,0,0,0,0
khanoommhajiii,1853,,1,0,0,0,0,0,0,0,0,0,0,0,0,0,0,0,0,0,0,0,1
joseplata1958,1852,,3,0,0,0,0,0,1,0,0,0,0,0,0,0,1,0,0,0,0,0,1
NGolane24176,1852,,2,0,0,1,0,0,0,1,0,0,0,0,0,0,0,0,0,0,0,0,0
HussainZahid723,1851,,6,0,0,1,0,0,0,0,1,1,1,0,1,0,0,0,1,0,0,0,0
Biharyouth786,1851,,3,0,0,0,0,0,0,0,0,1,0,1,1,0,0,0,0,0,0,0,0
MikeDow88887,1849,,1,1,0,0,0,0,0,0,0,0,0,0,0,0,0,0,0,0,0,0,0
GhawrC49382,1848,,1,0,0,0,0,0,0,0,0,0,0,0,0,0,1,0,0,0,0,0,0
sajjadalshabib,1847,,1,0,0,0,0,0,0,0,0,0,0,0,0,0,0,1,0,0,0,0,0
masi_mim,1847,,2,0,0,0,0,0,1,0,0,0,0,0,0,0,0,0,0,0,1,0,0
eiliad_b,1847,,2,0,0,0,0,0,0,1,0,0,0,0,1,0,0,0,0,0,0,0,0
desabahh,1847,,1,0,0,0,0,0,0,0,0,0,1,0,0,0,0,0,0,0,0,0,0
SallyStorm12,1847,,1,0,0,0,0,0,0,0,0,1,0,0,0,0,0,0,0,0,0,0,0
JnrMarcopolo,1847,,2,0,0,0,0,0,0,0,0,0,1,0,0,0,0,0,0,0,0,1,0
15Reza50,1847,,2,0,0,0,0,0,0,0,0,0,0,0,0,1,0,0,0,0,1,0,0
redallover99,1845,,4,0,0,0,0,0,1,1,0,1,0,0,0,1,0,0,0,0,0,0,0
chemax7,1845,,1,0,0,0,0,0,0,0,0,1,0,0,0,0,0,0,0,0,0,0,0
vikkink,1844,,1,0,0,0,0,0,0,0,0,0,0,0,0,0,0,0,0,1,0,0,0
rigian59,1844,,2,0,0,0,0,0,1,0,0,0,0,0,0,0,0,0,0,1,0,0,0
osman_diamond,1844,,1,0,0,0,0,0,0,0,0,0,0,0,0,0,0,0,0,0,0,0,1
OAlhfarouk,1843,,1,0,0,0,0,0,0,0,0,0,0,0,0,0,0,0,1,0,0,0,0
colrichreynolds,1842,,1,0,0,0,0,0,0,0,0,0,0,0,0,1,0,0,0,0,0,0,0
Amlas_Rihga,1841,,4,0,0,0,0,0,0,0,0,0,1,0,0,0,0,1,0,1,0,0,1
Modiibbo_Ahmad,1839,,8,0,0,0,0,0,0,1,1,1,1,0,0,0,0,0,1,1,1,1,0
Fatemeeng,1839,,1,0,0,0,0,0,0,0,0,0,0,0,1,0,0,0,0,0,0,0,0
shisa255,1838,,1,0,0,0,0,0,0,0,0,0,1,0,0,0,0,0,0,0,0,0,0
it_sceptic,1837,,1,0,0,0,0,0,0,0,0,0,0,0,0,0,0,0,0,0,0,1,0
ilia98141479,1837,,1,0,0,0,0,0,0,0,0,0,0,0,0,0,0,0,0,0,0,0,1
elissa_hachem,1837,,1,0,0,0,0,0,0,0,0,0,0,0,0,0,0,0,0,0,0,1,0
PrettyCGLL,1837,,2,0,0,0,0,0,0,0,0,0,0,0,0,0,0,0,0,1,1,0,0
AbolfazlAghamir,1837,,3,1,0,0,1,0,0,1,0,0,0,0,0,0,0,0,0,0,0,0,0
melagranam38362,1833,,3,0,0,0,0,0,0,0,0,0,0,0,0,0,0,0,0,1,1,0,1
AlfaDiallo98,1833,,3,1,0,0,0,0,0,1,0,0,0,0,0,0,0,0,0,0,1,0,0
shmsan_almlk,1832,,2,0,0,0,0,0,0,0,0,0,0,0,1,0,1,0,0,0,0,0,0
ComradeHector2,1832,,9,0,1,1,0,0,1,0,1,0,1,0,0,0,0,0,1,1,1,0,1
FisalAli364546,1831,,2,0,0,0,0,0,0,0,0,1,0,0,0,0,0,0,0,0,1,0,0
AnitaMontanaro,1831,,1,0,0,0,0,0,0,0,0,0,1,0,0,0,0,0,0,0,0,0,0
spensir1,1829,,1,0,0,0,0,0,0,0,0,0,1,0,0,0,0,0,0,0,0,0,0
singgenberg,1829,,1,0,0,0,0,0,0,0,0,0,0,0,0,0,0,0,0,0,0,0,1
gholami_farzane,1829,,1,0,0,0,0,0,0,0,0,0,0,0,0,0,0,0,0,0,1,0,0
GregPriddy1,1829,,1,0,0,0,0,0,0,0,0,0,0,0,0,1,0,0,0,0,0,0,0
chrispraise15,1826,,1,0,0,0,0,0,0,0,0,0,0,0,0,0,0,0,0,0,0,0,1
AlohaEvery1,1826,,13,0,0,1,0,1,1,1,1,1,1,0,1,1,1,0,0,1,1,1,0
SadiqAkanmu,1825,,1,0,0,0,0,0,0,0,0,0,1,0,0,0,0,0,0,0,0,0,0
NewsandViews11,1825,,2,1,0,0,0,0,0,0,0,0,0,0,0,0,0,0,0,0,0,1,0
samarfactor,1824,,2,0,0,0,0,0,0,0,0,0,0,0,1,1,0,0,0,0,0,0,0
emekachris101,1824,,2,0,0,0,0,0,0,0,0,0,1,0,0,0,0,0,1,0,0,0,0
NaserNa80045967,1823,,1,0,0,0,0,0,0,0,0,0,0,1,0,0,0,0,0,0,0,0,0
Kosar98ia,1822,,1,0,1,0,0,0,0,0,0,0,0,0,0,0,0,0,0,0,0,0,0
Aneeesaaah,1821,,1,0,0,0,0,0,0,0,0,0,1,0,0,0,0,0,0,0,0,0,0
farzluscious,1820,,2,0,0,0,0,1,1,0,0,0,0,0,0,0,0,0,0,0,0,0,0
islamieksen,1819,,2,0,0,0,0,1,0,0,0,1,0,0,0,0,0,0,0,0,0,0,0
indrayam,1819,,1,0,0,0,0,0,0,0,1,0,0,0,0,0,0,0,0,0,0,0,0
baderaldain,1818,,2,1,0,0,0,0,0,0,0,0,0,0,1,0,0,0,0,0,0,0,0
Hashtag8ta,1818,,4,0,0,0,0,1,0,0,0,0,0,0,1,0,0,0,1,1,0,0,0
Supertazzman,1817,,1,0,0,0,0,0,0,0,0,0,0,0,0,0,0,0,0,1,0,0,0
mariaredondo18,1816,,1,0,0,0,0,0,0,0,0,0,0,0,0,0,0,0,0,0,0,0,1
PalstineMyHeart,1815,,14,1,1,1,1,1,1,1,0,1,1,0,1,0,0,0,0,1,1,1,1
Onchana01,1815,,1,0,0,0,0,0,0,1,0,0,0,0,0,0,0,0,0,0,0,0,0
JeckDumai,1815,,1,0,0,0,0,0,0,1,0,0,0,0,0,0,0,0,0,0,0,0,0
ZSabzi,1814,,3,0,0,0,0,0,0,0,0,0,0,0,0,1,1,1,0,0,0,0,0
IHyw1T1DNL9sSjE,1813,,1,0,0,0,0,0,0,0,0,0,0,0,0,0,0,0,0,0,1,0,0
pickwickpick,1812,,2,0,0,0,0,0,0,0,0,0,0,0,0,0,0,0,0,1,0,0,1
ahmdy_sman68518,1812,,1,0,0,0,0,0,0,0,0,0,0,0,0,0,0,0,0,0,0,1,0
zanjabilly,1810,,1,0,0,0,0,0,0,0,0,0,0,0,0,0,0,0,0,0,0,0,1
thecoolmauri,1808,,1,0,0,0,0,0,1,0,0,0,0,0,0,0,0,0,0,0,0,0,0
obeid_zainab,1808,,1,0,0,0,0,0,0,0,0,0,0,0,0,0,0,1,0,0,0,0,0
aainomugishaa,1808,,2,0,0,0,0,0,0,0,0,0,0,0,0,0,0,0,0,0,1,0,1
mehdiiaq,1807,,4,0,0,0,1,0,1,1,0,0,0,0,0,0,1,0,0,0,0,0,0
Sem1990sem,1806,,1,0,0,0,0,0,0,0,0,0,0,0,0,0,0,1,0,0,0,0,0
Dr_kaoje,1805,,1,0,0,0,0,0,0,0,0,0,1,0,0,0,0,0,0,0,0,0,0
soulcarousel,1804,,1,0,0,0,0,0,0,0,0,0,0,0,0,1,0,0,0,0,0,0,0
mwn975741989471,1804,,1,0,0,0,0,0,0,0,0,0,0,0,0,0,0,0,0,0,1,0,0
mahlia_lone,1803,,1,0,0,0,0,0,0,0,1,0,0,0,0,0,0,0,0,0,0,0,0
RipusudanSriva2,1803,,1,0,0,0,0,0,0,0,0,1,0,0,0,0,0,0,0,0,0,0,0
shahnawaaztwit,1802,,1,0,0,0,0,0,0,1,0,0,0,0,0,0,0,0,0,0,0,0,0
Moh0144461,1801,,5,0,0,0,0,1,1,1,0,1,0,0,0,0,0,0,0,0,1,0,0
MrExynus,1800,,1,0,0,0,0,0,1,0,0,0,0,0,0,0,0,0,0,0,0,0,0
D_ArraZ,1800,,1,0,0,1,0,0,0,0,0,0,0,0,0,0,0,0,0,0,0,0,0
73kabus,1800,,1,0,0,0,0,0,1,0,0,0,0,0,0,0,0,0,0,0,0,0,0
hasm3095,1799,,1,0,0,0,0,0,0,0,0,1,0,0,0,0,0,0,0,0,0,0,0
couliba28949285,1799,,1,0,0,0,0,0,1,0,0,0,0,0,0,0,0,0,0,0,0,0,0
choclateprinc,1799,,2,0,0,0,0,0,0,0,0,1,0,0,0,0,0,0,0,0,0,1,0
MamaneReza,1799,,1,0,0,0,0,0,0,0,0,0,0,0,0,0,0,0,0,0,1,0,0
zahra_eb71,1798,,4,0,0,0,0,0,0,0,0,1,0,0,0,1,0,0,0,1,1,0,0
y9hGEOrzpKAd9RJ,1798,,2,0,0,0,0,0,0,0,0,0,0,0,0,0,0,1,0,0,1,0,0
almdar49,1797,,8,0,0,0,1,1,1,0,0,0,0,0,0,1,1,1,0,0,1,1,0
Jodhpuri_tweet,1796,,16,0,0,1,1,1,1,1,1,1,1,1,1,0,0,1,1,1,1,1,1
ChaupalBihari,1796,,1,0,0,0,0,0,1,0,0,0,0,0,0,0,0,0,0,0,0,0,0
Almamari008800,1796,,2,0,0,0,0,0,1,1,0,0,0,0,0,0,0,0,0,0,0,0,0
markphilo,1795,,1,0,0,1,0,0,0,0,0,0,0,0,0,0,0,0,0,0,0,0,0
Im_Ameer_Abbas,1795,,1,0,0,0,0,0,0,0,0,0,0,0,0,0,0,0,0,1,0,0,0
GNEOLU146743,1795,,5,0,0,0,0,0,0,0,0,0,0,0,0,0,0,1,0,1,1,1,1
saradaliri2,1793,,1,1,0,0,0,0,0,0,0,0,0,0,0,0,0,0,0,0,0,0,0
mrmehrizi,1793,,1,0,0,0,0,0,0,0,0,0,0,0,0,0,0,0,0,0,1,0,0
denizster,1793,,3,0,1,0,0,0,0,0,0,1,1,0,0,0,0,0,0,0,0,0,0
LucasTheFlow,1793,,1,0,1,0,0,0,0,0,0,0,0,0,0,0,0,0,0,0,0,0,0
HassanDeedaur,1793,,2,0,0,0,0,0,0,0,1,0,0,0,0,0,0,0,0,0,0,0,1
BillNyeBong,1792,,6,0,0,0,0,1,1,0,1,1,0,0,1,0,0,0,1,0,0,0,0
MazahirShigri,1791,,1,0,0,0,0,0,0,0,0,1,0,0,0,0,0,0,0,0,0,0,0
Ahmedshimaz3,1791,,6,0,1,0,0,0,0,0,1,1,0,0,1,1,0,0,0,0,0,0,1
KrAtheistPerson,1790,,11,0,1,1,1,1,0,0,1,1,1,1,0,0,0,0,1,1,0,1,0
Aryan8208,1790,,3,0,0,0,0,0,0,0,0,1,0,0,0,0,0,1,1,0,0,0,0
snjfry623575942,1789,,1,0,0,0,0,1,0,0,0,0,0,0,0,0,0,0,0,0,0,0,0
VictorAfol21738,1788,,1,0,0,0,0,0,1,0,0,0,0,0,0,0,0,0,0,0,0,0,0
shybuzo,1787,,1,0,0,0,0,0,0,1,0,0,0,0,0,0,0,0,0,0,0,0,0
Ricardo05799019,1786,,1,0,0,0,0,0,0,0,0,0,0,0,0,1,0,0,0,0,0,0,0
AhdiyeAsghari,1786,,1,0,0,0,0,0,1,0,0,0,0,0,0,0,0,0,0,0,0,0,0
SergioB24978158,1785,,1,0,0,1,0,0,0,0,0,0,0,0,0,0,0,0,0,0,0,0,0
Nazresistance,1785,,1,0,0,0,0,0,0,0,0,0,1,0,0,0,0,0,0,0,0,0,0
MrAbdullahMalik,1785,,1,0,0,0,0,0,0,0,0,0,1,0,0,0,0,0,0,0,0,0,0
maman_Gol,1784,,4,0,0,0,1,1,0,0,0,0,0,0,0,1,0,0,0,0,1,0,0
WillemsenRein,1783,,1,0,0,0,0,0,0,0,0,0,0,0,0,1,0,0,0,0,0,0,0
mohamma75411309,1782,,1,0,0,0,0,0,1,0,0,0,0,0,0,0,0,0,0,0,0,0,0
maryam_shavandi,1781,,1,0,0,0,0,0,0,0,0,0,0,1,0,0,0,0,0,0,0,0,0
KiburetDennis,1781,,2,0,0,0,0,0,0,0,0,0,1,0,0,0,0,0,0,0,1,0,0
Aijazaliaz,1781,,1,0,0,0,0,0,0,0,0,0,0,0,0,0,0,0,1,0,0,0,0
AnthonyBrink_SA,1779,,6,0,0,0,0,0,0,0,0,1,0,0,0,0,0,0,1,1,1,1,1
proizq,1778,,3,0,0,0,0,0,0,1,0,0,0,0,0,1,0,0,0,1,0,0,0
autono6991,1778,,1,0,0,0,0,0,1,0,0,0,0,0,0,0,0,0,0,0,0,0,0
aslanielahe2,1778,,1,0,0,0,0,0,0,0,0,0,0,0,0,0,0,0,0,0,1,0,0
GoleYas134930,1775,,5,0,0,0,0,0,0,0,0,0,0,1,1,1,1,1,0,0,0,0,0
AnjuChandel,1775,,9,0,1,1,0,1,0,0,1,1,1,0,1,0,0,0,0,0,1,0,1
MarchVeryOwn4,1774,,1,0,0,0,0,0,1,0,0,0,0,0,0,0,0,0,0,0,0,0,0
sarinarasouli,1773,,1,0,0,0,0,0,0,0,0,0,0,0,0,0,0,0,0,0,1,0,0
alahm2025,1773,,1,0,1,0,0,0,0,0,0,0,0,0,0,0,0,0,0,0,0,0,0
Grosty10,1773,,5,1,0,0,0,0,0,0,1,0,0,0,0,1,0,0,0,0,0,1,1
themayrose,1771,,1,0,0,0,0,0,0,0,0,0,0,0,0,0,0,0,0,0,1,0,0
shelostcontro1,1771,,1,0,0,0,0,0,0,0,0,0,0,0,0,0,0,0,0,0,0,1,0
Mojtaba_akbarie,1771,,1,0,0,0,0,0,0,0,0,0,0,0,0,0,0,0,0,0,1,0,0
haringeypals,1770,,1,0,0,0,0,1,0,0,0,0,0,0,0,0,0,0,0,0,0,0,0
TimesNiger,1769,,1,0,0,0,0,0,0,0,0,0,1,0,0,0,0,0,0,0,0,0,0
DaenerysProPal,1769,,1,0,0,0,0,1,0,0,0,0,0,0,0,0,0,0,0,0,0,0,0
sach12345678901,1768,,1,0,0,0,0,0,1,0,0,0,0,0,0,0,0,0,0,0,0,0,0
LiiSparrow,1768,,8,1,0,0,1,0,1,0,0,1,0,1,0,1,0,0,1,0,0,1,0
saluspopuliorg,1767,,1,0,0,0,0,0,0,0,0,0,0,0,0,0,0,0,0,0,0,0,1
sahafanet,1767,,1,0,0,0,0,0,0,0,0,0,0,0,0,0,0,0,0,1,0,0,0
Shiva72942780,1766,,2,0,0,0,0,0,0,0,0,0,0,0,0,0,0,0,0,1,1,0,0
Alighamkhar2,1766,,1,0,0,0,0,0,0,0,0,0,0,0,0,0,0,0,0,0,0,0,1
bahari_218,1765,,1,0,0,0,0,1,0,0,0,0,0,0,0,0,0,0,0,0,0,0,0
ravenmargo1,1764,,1,0,0,0,0,0,0,0,0,0,0,0,0,0,0,0,0,0,1,0,0
jenlov247,1764,,1,1,0,0,0,0,0,0,0,0,0,0,0,0,0,0,0,0,0,0,0
dekho1000,1763,,8,0,0,0,0,1,0,0,0,1,1,0,1,1,0,1,0,1,1,0,0
Poesia_y_Versos,1763,,1,0,0,0,0,0,0,0,0,1,0,0,0,0,0,0,0,0,0,0,0
Mohammed2022xpt,1763,,1,0,0,0,0,0,0,0,0,0,0,0,0,0,1,0,0,0,0,0,0
_youknowwho_07,1761,,1,0,0,0,0,0,0,0,0,1,0,0,0,0,0,0,0,0,0,0,0
HSsiraj3,1761,,1,0,0,0,0,0,0,0,0,0,0,0,0,0,0,0,1,0,0,0,0
piyasadefteri,1760,,3,0,0,0,0,0,0,0,0,0,0,0,0,0,0,0,0,0,1,1,1
hon_ibrahiim,1760,,1,0,0,0,0,0,0,0,0,0,1,0,0,0,0,0,0,0,0,0,0
AmyChantal76432,1759,,5,1,0,0,0,0,1,0,1,0,0,0,0,0,0,0,1,1,0,0,0
Rally4Gaza,1758,,2,0,0,0,0,0,0,0,0,0,0,0,0,1,0,0,1,0,0,0,0
HakawatiSunbird,1757,,3,0,0,0,0,0,0,0,0,0,1,0,0,0,0,0,1,0,0,0,1
Adil_D80,1757,,2,0,0,0,0,0,0,0,0,0,1,0,0,1,0,0,0,0,0,0,0
ZakiAkhter,1755,,1,0,0,0,0,0,0,0,1,0,0,0,0,0,0,0,0,0,0,0,0
Slimpitt,1751,,1,0,0,0,0,0,0,0,0,0,0,0,0,0,0,0,0,0,0,0,1
golbarg345,1750,,1,0,0,0,0,0,0,0,1,0,0,0,0,0,0,0,0,0,0,0,0
OTR444,1750,,4,0,0,0,0,0,0,0,1,0,1,0,0,0,0,0,0,0,0,1,1
lakp0shtsabz,1748,,1,0,0,0,0,0,0,0,0,0,0,0,0,0,0,0,0,0,1,0,0
jifuture,1748,,3,0,0,0,0,0,1,0,0,1,0,0,0,0,0,1,0,0,0,0,0
CK88X,1748,,3,0,0,0,0,0,0,0,0,1,0,0,0,0,0,0,0,0,1,0,1
Fahrizallee,1745,,1,0,0,0,0,1,0,0,0,0,0,0,0,0,0,0,0,0,0,0,0
azraeel67203,1744,,3,0,0,0,0,0,0,0,0,1,0,1,1,0,0,0,0,0,0,0,0
Anahita_mnz,1744,,2,0,0,0,0,0,0,0,0,0,0,0,0,1,0,0,1,0,0,0,0
alisaadabaas313,1743,,1,0,0,0,0,0,0,0,0,0,0,0,0,0,0,1,0,0,0,0,0
Ainurfh,1743,,1,0,0,0,0,0,0,0,0,0,0,0,0,1,0,0,0,0,0,0,0
JianliSui,1742,,1,0,0,0,0,0,0,0,0,0,0,0,0,0,0,0,0,0,0,1,0
AnshumanSBaghel,1742,,5,0,0,0,0,0,1,0,0,1,1,0,0,0,0,0,0,1,0,0,1
zhraaaa314,1741,,1,0,1,0,0,0,0,0,0,0,0,0,0,0,0,0,0,0,0,0,0
dbates589,1741,,1,0,0,0,0,0,0,1,0,0,0,0,0,0,0,0,0,0,0,0,0
Almuosavi_hq,1741,,6,1,0,0,0,0,0,0,1,1,0,1,1,0,0,0,0,0,1,0,0
stunnatiff,1740,,1,0,0,0,0,0,0,0,0,0,0,0,0,0,0,0,0,0,0,0,1
shahidc69,1740,,3,0,0,0,0,0,1,0,1,0,0,0,0,0,0,0,0,0,1,0,0
ashrafallie2918,1740,,2,0,0,0,0,1,0,0,1,0,0,0,0,0,0,0,0,0,0,0,0
akaromaeda,1740,,2,0,0,0,0,0,0,0,0,0,1,0,0,0,0,0,0,0,1,0,0
YaadMekI,1740,,1,1,0,0,0,0,0,0,0,0,0,0,0,0,0,0,0,0,0,0,0
mayuge0728,1739,,9,0,0,1,1,0,0,0,0,1,0,1,0,0,0,1,1,1,1,0,1
RezRezart,1737,,1,0,0,1,0,0,0,0,0,0,0,0,0,0,0,0,0,0,0,0,0
ramprai,1734,,6,0,0,0,0,0,0,0,0,1,0,0,0,0,0,0,1,1,1,1,1
najim55452738,1734,,1,0,0,0,0,0,0,0,0,0,0,0,0,0,0,1,0,0,0,0,0
Enrikr,1734,,1,0,0,0,0,0,0,0,0,0,0,0,0,0,0,0,0,0,0,0,1
BdNeWsKh8nKCN64,1734,,1,0,0,0,0,0,0,0,0,0,0,0,0,0,0,1,0,0,0,0,0
Birzd,1732,,1,0,0,0,0,0,0,0,0,0,0,0,0,0,0,0,0,0,0,0,1
28Fatem,1732,,6,1,1,0,0,0,0,0,0,1,0,0,0,1,0,0,1,1,0,0,0
AmaliaBanuelos,1731,,1,0,0,0,0,0,1,0,0,0,0,0,0,0,0,0,0,0,0,0,0
salambarmovla,1730,,4,0,1,1,1,0,0,1,0,0,0,0,0,0,0,0,0,0,0,0,0
nabardgah_zehn,1730,,1,0,0,0,0,0,1,0,0,0,0,0,0,0,0,0,0,0,0,0,0
kezinshen,1730,,1,0,0,1,0,0,0,0,0,0,0,0,0,0,0,0,0,0,0,0,0
bluecatag,1730,,1,0,0,0,0,0,0,0,0,0,0,0,0,0,0,0,0,0,0,1,0
BenjaminAmuri,1728,,3,1,0,0,0,0,0,1,0,0,0,0,0,0,0,0,0,0,1,0,0
RajaAsadullah,1727,,1,0,0,0,0,0,0,0,0,0,0,0,0,0,0,0,0,1,0,0,0
KiddoBea70,1727,,5,0,0,1,0,0,1,1,0,0,0,0,0,0,0,1,0,0,0,0,1
zsyd1096,1726,,12,0,0,1,0,0,1,1,1,1,1,1,1,0,0,1,0,1,1,1,0
chessbollah,1726,,3,0,0,0,0,0,0,0,0,0,0,1,1,0,0,0,0,0,0,0,1
MaryDug64709475,1726,,1,0,0,0,0,0,0,1,0,0,0,0,0,0,0,0,0,0,0,0,0
ahmad__u_,1725,,1,0,0,0,0,0,0,0,0,0,0,0,0,0,0,0,0,0,0,0,1
Drnajam12,1725,,7,0,0,0,1,0,0,0,1,1,0,1,0,0,0,0,0,1,1,1,0
Rd_Irani,1724,,1,0,0,0,0,0,0,0,0,0,0,0,0,0,0,1,0,0,0,0,0
hamdullah_b,1723,,1,0,0,0,0,0,0,0,0,0,0,0,0,0,0,0,0,1,0,0,0
factpress_ir,1722,,1,0,0,0,0,0,0,0,0,0,0,0,0,0,0,0,0,0,1,0,0
alamri77070,1722,,1,0,0,1,0,0,0,0,0,0,0,0,0,0,0,0,0,0,0,0,0
Raimondvzla,1721,,1,1,0,0,0,0,0,0,0,0,0,0,0,0,0,0,0,0,0,0,0
meftunehlibeyte,1719,,1,0,0,0,0,0,0,0,0,1,0,0,0,0,0,0,0,0,0,0,0
fitzg10817,1719,,1,0,0,0,0,0,0,0,0,0,0,0,0,0,0,0,0,1,0,0,0
Seyd_hezbolahi,1719,,1,0,0,0,0,0,0,0,0,0,0,0,0,0,0,0,0,0,1,0,0
BachirSid,1719,,1,0,0,0,0,0,0,0,0,0,0,0,0,0,0,1,0,0,0,0,0
dehestaniii_ir,1718,,7,0,1,0,0,0,1,0,0,0,0,0,0,1,1,0,1,0,0,1,1
Ahm_AWADH,1718,,7,0,0,0,0,0,0,0,1,1,1,0,0,1,1,1,1,0,0,0,0
AhmadinejadReza,1716,,1,0,0,0,0,0,0,0,0,0,0,0,0,0,0,1,0,0,0,0,0
MK0YE0,1715,,2,0,0,0,0,0,0,0,0,0,0,0,1,0,0,0,0,0,0,1,0
AgabaEmma8,1714,,2,0,0,0,0,0,0,0,1,0,1,0,0,0,0,0,0,0,0,0,0
sapo_revolution,1713,,2,1,0,0,0,0,0,1,0,0,0,0,0,0,0,0,0,0,0,0,0
friersoncristin,1712,,1,0,0,0,0,0,0,0,0,0,0,0,0,0,0,0,0,0,1,0,0
dalhatu_yunusa,1711,,1,0,0,0,0,0,0,0,0,0,0,0,0,0,0,0,0,1,0,0,0
SJT_KE,1711,,1,0,0,0,0,0,0,0,0,0,1,0,0,0,0,0,0,0,0,0,0
DaM45581,1711,,10,0,0,0,0,1,1,0,1,1,0,1,1,1,1,0,0,1,1,0,0
michellemms,1709,,2,0,0,0,0,0,0,0,0,0,0,0,0,0,0,0,1,0,1,0,0
malikmaalu,1709,,7,0,0,0,0,1,1,0,0,1,0,0,0,1,0,0,0,1,1,0,1
Jonathan_Jonahh,1709,,5,0,1,0,0,1,0,0,1,1,1,0,0,0,0,0,0,0,0,0,0
sed_mmdd,1708,,1,0,0,0,0,1,0,0,0,0,0,0,0,0,0,0,0,0,0,0,0
omidsa596,1708,,1,0,1,0,0,0,0,0,0,0,0,0,0,0,0,0,0,0,0,0,0
melisarivas24,1708,,1,0,0,0,0,0,0,0,0,0,0,0,0,0,0,0,0,0,0,0,1
_khabarwalay,1708,,1,0,0,0,0,0,0,0,0,0,0,0,0,0,0,0,0,0,1,0,0
Ladonna19927,1708,,1,0,0,0,0,0,0,0,0,0,0,0,1,0,0,0,0,0,0,0,0
AnneMCosgrove2,1708,,1,0,0,0,0,0,0,0,0,0,1,0,0,0,0,0,0,0,0,0,0
Aliakbarimehr1,1708,,2,0,0,0,0,1,0,1,0,0,0,0,0,0,0,0,0,0,0,0,0
SNaeemOfficial,1707,,1,1,0,0,0,0,0,0,0,0,0,0,0,0,0,0,0,0,0,0,0
oimo_mmm_ship,1703,,1,0,0,0,0,0,0,0,0,0,1,0,0,0,0,0,0,0,0,0,0
mimi93749667,1703,,4,0,1,0,0,0,1,0,0,0,1,1,0,0,0,0,0,0,0,0,0
hosseinazimiii,1703,,1,0,0,0,0,0,0,0,0,0,0,0,0,1,0,0,0,0,0,0,0
moayad_alabed,1702,,1,0,0,0,0,0,0,0,0,0,0,0,0,0,0,1,0,0,0,0,0
azizj_7000,1702,,5,0,0,0,0,1,1,0,0,1,1,0,0,0,0,1,0,0,0,0,0
G0UDG,1702,,6,0,0,1,0,0,1,0,0,1,1,0,0,1,0,0,0,1,0,0,0
Gomnam549,1701,,1,0,0,0,0,0,0,0,0,0,0,0,0,1,0,0,0,0,0,0,0
LOrtigas,1700,,1,0,0,0,0,0,0,0,0,0,0,0,0,0,0,0,0,1,0,0,0
S_Ordibehesht,1699,,2,0,0,0,0,0,1,0,0,0,0,0,0,0,0,0,0,0,0,0,1
ImranBu449,1699,,2,0,0,0,0,0,0,0,0,1,0,0,0,0,0,0,0,0,0,0,1
jasoneclarke,1697,,2,0,0,0,0,0,0,0,0,0,0,0,0,0,0,0,1,1,0,0,0
AbwahmdAls52620,1697,,1,0,0,0,0,0,0,0,0,0,0,0,0,0,0,1,0,0,0,0,0
masoudabedi16,1696,,1,0,0,0,0,0,0,1,0,0,0,0,0,0,0,0,0,0,0,0,0
fatimaajradi,1696,,1,0,0,0,0,0,0,0,0,0,0,0,0,0,0,1,0,0,0,0,0
alamdar1961,1696,,1,0,0,0,0,0,0,0,0,0,0,0,0,0,0,0,0,0,0,0,1
PeymanXoxo,1696,,1,0,0,0,0,0,0,0,1,0,0,0,0,0,0,0,0,0,0,0,0
shamooo_088,1695,,1,0,0,0,0,0,0,0,0,1,0,0,0,0,0,0,0,0,0,0,0
MuammerGokcin,1694,,2,0,0,0,0,0,1,0,1,0,0,0,0,0,0,0,0,0,0,0,0
Fistroman1,1694,,1,0,0,0,0,0,0,0,0,0,0,0,0,0,0,0,0,0,1,0,0
esferaceleste,1693,,1,0,0,0,0,0,0,0,0,0,0,0,0,0,0,0,0,0,1,0,0
Lageraemia,1693,,1,0,0,0,0,0,0,0,1,0,0,0,0,0,0,0,0,0,0,0,0
Jorge_SanchezM,1693,,1,0,0,1,0,0,0,0,0,0,0,0,0,0,0,0,0,0,0,0,0
AminAliakbarian,1693,,1,0,0,0,0,0,0,0,0,1,0,0,0,0,0,0,0,0,0,0,0
MOSESKABUYE3,1691,,1,0,0,0,0,0,0,0,0,0,0,0,0,0,0,0,0,0,0,0,1
SyedWaqax5,1689,,4,0,0,0,0,0,0,0,0,0,0,0,1,1,1,0,0,1,0,0,0
pulsirani,1688,,2,0,0,0,0,0,0,0,0,0,0,0,0,0,0,0,0,0,1,0,1
SaddexAddinLe,1688,,2,0,0,0,0,0,0,0,0,0,0,0,1,0,0,0,0,0,0,0,1
KavkazHussaini,1688,,1,0,0,0,0,0,0,0,0,0,0,0,0,0,0,0,0,0,0,1,0
bengapinto,1687,,5,0,1,0,1,0,0,0,0,0,1,0,0,0,0,0,0,1,0,0,1
irma_iris_511,1686,,2,0,1,0,0,0,0,0,0,0,0,0,0,0,0,0,0,0,0,0,1
BlackBerner2020,1686,,2,0,0,0,0,0,0,0,0,0,1,0,0,0,0,0,0,1,0,0,0
Ahlulbait_lover,1686,,2,0,0,0,0,0,0,0,0,0,0,0,0,0,0,0,0,0,1,0,1
royahafiz,1684,,2,0,0,0,0,0,0,0,0,0,0,0,0,1,0,0,0,0,1,0,0
savage2notorius,1681,,1,0,0,0,0,0,0,0,0,0,1,0,0,0,0,0,0,0,0,0,0
Iranian_sol,1681,,9,0,0,1,0,0,0,0,0,0,0,1,0,1,1,1,1,1,1,1,0
sadat_as2,1680,,7,0,0,1,0,1,1,1,1,0,0,0,1,0,0,1,0,0,0,0,0
olahdehley,1680,,1,0,0,0,0,0,0,0,0,0,1,0,0,0,0,0,0,0,0,0,0
downright_b,1680,,1,0,0,0,0,0,0,0,0,0,0,0,0,0,0,0,0,0,0,1,0
BelalA32676,1680,,5,1,0,0,0,0,0,0,1,1,0,0,0,0,0,0,1,0,0,0,1
william7424,1678,,1,0,0,0,0,0,0,0,0,0,0,0,0,0,0,0,0,0,0,0,1
IamBedan,1678,,1,0,0,0,0,0,0,0,0,1,0,0,0,0,0,0,0,0,0,0,0
HEATHEN_STONER,1678,,5,0,0,0,0,0,0,1,0,1,0,0,0,0,0,0,0,1,0,1,1
reitkar42317512,1677,,5,0,1,0,1,0,1,0,0,0,0,0,0,0,0,0,1,0,1,0,0
ammar_tanha,1677,,1,0,0,0,0,0,0,0,0,0,0,0,0,0,0,0,1,0,0,0,0
yaxynn,1676,,1,0,0,0,0,0,1,0,0,0,0,0,0,0,0,0,0,0,0,0,0
modiboarmani,1676,,10,0,1,0,0,1,0,0,1,1,1,0,1,0,0,0,0,1,1,1,1
franko0_67,1676,,11,0,0,0,0,1,1,1,0,1,1,0,1,1,0,1,1,1,1,0,0
chickadeedee3,1676,,8,0,1,0,0,1,1,0,1,1,0,0,0,0,1,0,0,0,0,1,1
mdotjacks25,1675,,4,0,0,0,0,1,1,0,0,0,0,0,0,1,0,0,0,0,1,0,0
juncti0n8,1675,,1,0,0,0,0,0,0,0,1,0,0,0,0,0,0,0,0,0,0,0,0
majorbigz,1674,,1,0,1,0,0,0,0,0,0,0,0,0,0,0,0,0,0,0,0,0,0
Ali_Alkinani313,1674,,7,0,0,0,1,1,1,1,0,1,1,1,0,0,0,0,0,0,0,0,0
hamidjournalism,1673,,1,0,0,0,0,0,0,0,0,0,0,0,0,0,0,0,0,0,0,0,1
11021Siamak,1671,,1,0,0,0,0,0,1,0,0,0,0,0,0,0,0,0,0,0,0,0,0
sahekiakira,1667,,1,0,0,0,0,0,0,0,0,0,0,0,0,0,0,0,0,0,0,1,0
MalariaIn,1667,,3,0,0,0,0,1,0,0,1,1,0,0,0,0,0,0,0,0,0,0,0
rotimiarasi,1666,,7,0,1,0,1,1,1,0,0,0,1,0,0,0,0,0,1,0,1,0,0
jonkydonk,1666,,1,0,0,0,0,0,0,0,0,0,0,0,0,0,0,0,0,0,0,0,1
alirezaazadpoor,1664,,4,0,0,0,1,0,0,1,0,0,0,0,0,0,1,0,0,0,1,0,0
ElenaSeger,1664,,2,0,0,0,0,1,0,1,0,0,0,0,0,0,0,0,0,0,0,0,0
hemasehkhan,1663,,1,0,0,0,0,0,1,0,0,0,0,0,0,0,0,0,0,0,0,0,0
Shima23370778,1663,,2,0,0,0,0,0,0,0,1,0,0,1,0,0,0,0,0,0,0,0,0
Fapablo84,1662,,1,0,0,0,0,0,0,0,0,0,0,0,0,0,0,0,0,0,1,0,0
bogdanlupea93,1661,,3,1,0,0,0,0,1,0,0,0,1,0,0,0,0,0,0,0,0,0,0
MiodragMladeno8,1661,,3,0,0,0,0,0,0,0,0,0,0,0,0,0,0,0,1,1,0,0,1
ha_vi_za2,1660,,1,0,0,0,0,0,1,0,0,0,0,0,0,0,0,0,0,0,0,0,0
sayed_shojaat8,1659,,3,0,0,0,0,0,0,0,0,0,0,0,1,1,0,0,0,0,1,0,0
viulenny,1658,,1,0,0,0,0,0,0,0,0,0,0,0,0,0,0,0,0,0,0,0,1
tadja25,1658,,8,0,1,0,0,1,1,1,0,1,1,0,0,1,0,0,0,1,0,0,0
MasoudEhteramya,1658,,1,0,0,0,0,0,0,0,0,0,0,0,0,0,0,0,0,0,1,0,0
A_S_B_Z_1985,1658,,4,0,0,0,0,1,1,0,0,0,0,1,0,1,0,0,0,0,0,0,0
_Aryha_,1657,,1,0,0,0,0,0,0,0,0,1,0,0,0,0,0,0,0,0,0,0,0
Hsari58,1657,,2,0,0,0,0,1,0,0,0,0,0,0,0,1,0,0,0,0,0,0,0
rimasafridi,1656,,1,0,0,0,0,0,0,0,0,0,1,0,0,0,0,0,0,0,0,0,0
mjdmrn410999,1656,,1,0,0,0,0,0,0,0,0,0,0,0,0,0,0,0,0,0,0,0,1
Zahraardenn,1656,,1,0,0,0,0,0,0,0,0,0,0,0,0,0,0,0,0,0,1,0,0
Tomnaughtylist,1656,,1,0,0,0,0,0,0,0,0,0,0,0,0,0,0,0,0,0,0,0,1
Alexgorithmic,1656,,3,1,0,0,0,0,0,0,0,0,1,0,0,0,0,0,0,0,0,0,1
KikulweMark,1655,,7,0,0,1,0,1,1,1,1,1,0,0,0,1,0,0,0,0,0,0,0
MiBo746965,1651,,3,0,0,0,0,0,0,0,0,0,0,1,0,0,0,0,0,1,0,0,1
tptqzpqm,1649,,6,0,0,0,0,0,0,1,1,0,1,0,0,1,0,0,0,0,1,1,0
sunnydaze2504,1648,,9,0,0,0,0,1,1,0,1,0,1,0,0,1,0,0,1,1,1,0,1
AmirHaragi,1648,,3,0,1,1,1,0,0,0,0,0,0,0,0,0,0,0,0,0,0,0,0
lekkertty,1647,,1,0,0,0,0,0,0,0,0,0,1,0,0,0,0,0,0,0,0,0,0
grisousmiles,1647,,1,0,0,0,0,0,0,0,0,0,0,0,0,1,0,0,0,0,0,0,0
mohamedheere,1646,,2,0,0,0,0,0,0,0,0,0,0,0,1,1,0,0,0,0,0,0,0
PerezingerZ,1646,,1,0,0,0,0,0,0,0,0,0,0,0,0,0,0,0,0,0,1,0,0
MehranM2340,1646,,1,0,0,0,0,0,0,0,0,0,0,0,1,0,0,0,0,0,0,0,0
AbuAniks,1645,,1,0,0,0,0,0,0,0,0,0,1,0,0,0,0,0,0,0,0,0,0
dr_h_shojaey,1644,,2,0,0,0,0,1,0,0,0,0,0,0,0,0,0,0,0,0,1,0,0
karamad_ir,1643,,13,0,0,1,1,1,0,0,0,1,1,1,1,1,1,1,1,1,1,0,0
Simo07827689,1643,,8,0,0,0,1,1,1,1,0,0,1,0,0,1,1,0,0,1,0,0,0
Goobygal,1643,,3,0,0,0,0,0,1,1,0,1,0,0,0,0,0,0,0,0,0,0,0
zynb2003brzn,1641,,1,0,0,0,0,0,0,0,0,0,0,0,0,0,0,0,0,0,1,0,0
billrobs,1641,,1,0,0,0,0,0,0,0,0,0,0,0,0,0,0,0,0,0,1,0,0
Sk3Shakib,1641,,1,0,0,0,0,0,0,0,0,0,0,0,0,0,0,0,0,0,0,1,0
kazablanka1225,1640,,9,0,0,0,0,0,0,0,0,0,1,0,1,1,1,1,1,0,1,1,1
amitchaudhry1,1640,,3,0,0,0,0,0,1,0,1,0,1,0,0,0,0,0,0,0,0,0,0
Adn_Jutt,1640,,2,1,1,0,0,0,0,0,0,0,0,0,0,0,0,0,0,0,0,0,0
meghdadi1383,1638,,1,0,0,0,0,0,0,0,0,0,0,0,0,0,0,0,1,0,0,0,0
mahdiftounii,1638,,1,0,0,0,0,0,0,0,0,0,1,0,0,0,0,0,0,0,0,0,0
hassimo313,1638,,1,0,0,0,0,0,0,0,0,0,0,1,0,0,0,0,0,0,0,0,0
JavierS48928882,1638,,1,0,0,0,0,0,0,0,0,0,0,0,0,0,0,0,0,0,0,0,1
GayleScott32203,1638,,2,0,0,0,0,0,0,0,0,0,0,0,0,0,0,0,1,1,0,0,0
alsariri007,1637,,1,0,0,0,0,0,0,0,0,0,0,0,0,0,0,0,0,1,0,0,0
S_Rwakoojo,1636,,1,0,0,0,0,0,0,0,0,0,0,0,0,0,0,0,0,0,1,0,0
RialivhuwaMakh1,1635,,2,0,0,0,0,0,0,0,0,1,0,0,0,0,0,0,0,0,1,0,0
Marini_112,1635,,2,0,0,0,0,0,0,0,0,0,0,0,0,0,0,0,0,1,1,0,0
MariaQurashi,1635,,5,0,0,0,0,0,0,0,0,0,1,1,0,1,0,0,1,0,1,0,0
mohadeseh_lotfi,1634,,1,0,0,0,0,0,0,0,0,0,0,0,0,0,0,0,0,0,0,1,0
EwaEdyta,1634,,1,0,0,0,0,0,0,0,0,1,0,0,0,0,0,0,0,0,0,0,0
TuffBlack,1633,,3,0,0,0,0,0,0,0,0,1,1,0,0,0,0,0,0,0,0,1,0
Rezabigdeli15,1631,,3,0,0,0,0,0,0,0,1,0,0,0,0,1,0,0,1,0,0,0,0
porlavuelta19,1630,,1,0,0,0,0,0,1,0,0,0,0,0,0,0,0,0,0,0,0,0,0
mishakerz,1630,,3,0,0,0,0,0,0,0,0,1,0,0,0,0,0,0,0,0,0,1,1
SMhoseyni4,1630,,3,0,0,0,0,1,1,0,0,0,0,0,0,1,0,0,0,0,0,0,0
PalczynskaAnna,1629,,1,0,0,0,0,0,0,0,0,0,0,0,0,0,0,0,0,0,1,0,0
vintszn_fl,1628,,16,0,0,1,1,1,1,1,1,1,1,1,1,1,0,1,1,1,1,1,0
Antonia_dlV,1627,,1,0,0,0,0,0,1,0,0,0,0,0,0,0,0,0,0,0,0,0,0
M_ikael00,1625,,11,0,0,0,1,1,1,1,1,0,1,0,1,0,0,1,0,1,1,1,0
CH_ZaHD,1625,,1,0,0,0,0,0,0,0,0,0,0,0,0,1,0,0,0,0,0,0,0
mhsn6406,1624,,1,0,0,0,0,0,1,0,0,0,0,0,0,0,0,0,0,0,0,0,0
conejovich,1624,,4,0,0,0,0,0,0,0,0,0,1,0,0,0,0,0,1,1,1,0,0
The_Aria__,1624,,8,1,0,0,1,1,0,0,1,1,0,1,0,0,0,0,0,1,0,0,1
StarTuscan,1624,,14,0,0,0,1,1,1,1,1,1,1,1,1,1,1,1,1,1,0,0,0
fawzianaqvi1,1623,,3,0,0,1,0,0,1,0,0,0,0,0,0,0,0,0,0,0,1,0,0
PaloKhaile1,1623,,1,0,0,0,0,0,0,0,0,0,0,0,0,0,0,0,0,0,0,0,1
MorshedAppr,1623,,5,0,0,0,1,0,1,0,0,0,1,0,0,1,1,0,0,0,0,0,0
mohamaderfan22,1622,,1,0,0,0,0,0,0,0,0,0,0,0,0,1,0,0,0,0,0,0,0
GabiTarimo,1622,,4,0,0,0,0,0,0,0,1,0,0,0,1,1,1,0,0,0,0,0,0
MelanatedShadow,1621,,1,0,0,0,0,0,0,0,0,1,0,0,0,0,0,0,0,0,0,0,0
Ray_karl,1620,,2,0,0,1,0,0,0,0,0,0,1,0,0,0,0,0,0,0,0,0,0
MananzMana82173,1620,,2,0,0,0,0,0,0,0,0,0,0,0,0,1,1,0,0,0,0,0,0
sepid_01,1619,,1,0,0,0,0,0,0,0,0,0,0,0,0,0,0,0,0,0,0,0,1
McAnecha,1619,,1,0,0,0,0,0,0,0,0,1,0,0,0,0,0,0,0,0,0,0,0
jlosmex,1618,,3,0,1,1,0,0,0,0,0,1,0,0,0,0,0,0,0,0,0,0,0
buzzyanne,1618,,1,0,0,0,0,0,0,0,0,0,0,0,0,0,0,0,0,0,0,0,1
langahwhotweets,1617,,3,0,0,0,0,0,0,1,0,0,0,0,0,0,0,0,0,0,0,1,1
designer_abbas,1617,,4,1,0,1,0,0,0,0,1,1,0,0,0,0,0,0,0,0,0,0,0
cpgs_org,1617,,6,0,0,0,0,0,0,0,0,0,0,1,1,0,0,1,1,0,0,1,1
MPH52104696,1617,,1,0,0,0,0,0,1,0,0,0,0,0,0,0,0,0,0,0,0,0,0
yarazavi,1616,,2,0,0,0,1,0,0,0,0,0,0,1,0,0,0,0,0,0,0,0,0
crimelab_inc,1615,,8,0,0,0,0,0,1,0,1,1,1,0,0,0,0,0,1,1,1,1,0
bunny2be,1615,,3,0,1,0,0,0,1,0,0,0,0,0,0,0,0,0,0,1,0,0,0
annatandavv,1615,,1,0,0,0,0,0,0,0,0,1,0,0,0,0,0,0,0,0,0,0,0
JamesH1834,1615,,1,0,0,0,0,0,0,0,0,0,0,0,0,0,0,0,0,1,0,0,0
Arahimi_ir,1615,,3,0,0,0,0,0,0,0,0,0,0,0,0,1,1,0,0,0,1,0,0
Reza34473488,1614,,1,0,0,0,0,0,0,0,0,0,0,0,0,0,0,0,0,0,1,0,0
etbadabimbim,1613,,4,0,0,0,0,0,0,0,0,1,0,0,1,0,0,0,1,0,0,1,0
ZafarShujrah,1613,,1,0,0,1,0,0,0,0,0,0,0,0,0,0,0,0,0,0,0,0,0
Str_Raz,1613,,13,0,1,0,0,1,1,0,0,1,1,1,1,0,0,1,1,1,1,1,1
AkhundzadaArif,1612,,1,0,0,0,0,0,0,0,0,0,0,0,0,0,0,0,0,0,0,0,1
alinasab_z25003,1611,,1,0,0,0,0,0,0,0,0,0,0,0,0,0,0,0,0,0,1,0,0
Papa_Of0ri,1611,,3,0,0,0,0,0,1,1,0,1,0,0,0,0,0,0,0,0,0,0,0
DyarNelson42577,1611,,5,0,0,0,0,0,0,0,1,0,1,0,0,1,0,0,1,0,0,0,1
Alihabib800,1611,,2,1,0,0,0,0,0,0,0,1,0,0,0,0,0,0,0,0,0,0,0
trader_mtg,1610,,3,0,0,0,0,0,1,0,0,1,0,0,0,1,0,0,0,0,0,0,0
khalafbikar,1609,,1,0,0,0,0,0,1,0,0,0,0,0,0,0,0,0,0,0,0,0,0
cafer321326,1609,,1,0,1,0,0,0,0,0,0,0,0,0,0,0,0,0,0,0,0,0,0
HassanMustajab,1609,,1,0,1,0,0,0,0,0,0,0,0,0,0,0,0,0,0,0,0,0,0
DupeJimoh1,1609,,16,1,1,1,0,1,1,0,1,1,0,1,1,1,0,1,1,1,1,1,1
Doyonnami,1609,,1,0,0,0,0,0,0,0,0,0,0,0,0,1,0,0,0,0,0,0,0
khalilian_a,1608,,2,0,0,0,0,1,0,0,0,0,0,1,0,0,0,0,0,0,0,0,0
Nathan_avy,1607,,1,0,0,0,0,0,0,0,0,0,0,0,0,0,0,0,0,1,0,0,0
JMasish,1605,,2,0,0,1,0,0,0,0,0,0,0,0,0,0,0,0,0,1,0,0,0
AhmedFalihX,1605,,2,0,0,0,0,0,1,0,0,0,0,0,0,0,0,1,0,0,0,0,0
jairotevi,1604,,2,0,0,0,0,1,1,0,0,0,0,0,0,0,0,0,0,0,0,0,0
abdulhamid_kuta,1604,,1,0,0,0,0,0,0,1,0,0,0,0,0,0,0,0,0,0,0,0,0
R_Akbari255,1603,,1,0,0,0,0,0,1,0,0,0,0,0,0,0,0,0,0,0,0,0,0
l_never_forget,1600,,1,0,0,0,0,0,0,0,0,0,0,0,0,0,0,0,0,0,1,0,0
figul,1600,,1,0,0,0,0,0,1,0,0,0,0,0,0,0,0,0,0,0,0,0,0
Don_Chorleone_,1600,,1,0,0,0,0,0,0,0,0,0,0,0,0,0,0,0,0,1,0,0,0
DonLobzy,1600,,1,0,0,0,0,0,0,0,0,0,0,0,0,1,0,0,0,0,0,0,0
SusaHatchRedux,1598,,3,0,0,0,0,1,1,0,0,0,0,0,0,0,0,0,0,0,0,0,1
ShehunGwandu,1598,,1,1,0,0,0,0,0,0,0,0,0,0,0,0,0,0,0,0,0,0,0
KathrynBHacked,1597,,1,0,0,0,0,0,0,0,0,0,0,0,0,0,0,0,0,0,1,0,0
FrankOyoo,1597,,1,0,0,0,0,0,0,0,0,0,0,0,0,0,0,0,0,0,0,0,1
An0n187,1597,,17,1,1,1,0,1,1,1,1,1,1,1,1,1,1,0,0,1,1,1,1
dlcmh,1595,,1,0,0,1,0,0,0,0,0,0,0,0,0,0,0,0,0,0,0,0,0
ap_saboohi,1595,,1,0,0,0,0,0,0,0,0,1,0,0,0,0,0,0,0,0,0,0,0
SylverMic,1595,,8,1,1,0,1,1,1,1,1,1,0,0,0,0,0,0,0,0,0,0,0
FellyLaylxw,1595,,3,0,0,0,0,0,0,0,0,0,1,1,0,0,0,0,0,0,0,0,1
ronaldlirumo,1593,,1,0,0,0,0,0,0,0,0,0,0,0,0,1,0,0,0,0,0,0,0
cathrinemedici,1593,,14,1,1,0,1,1,1,1,1,1,1,1,1,1,0,0,0,0,1,1,0
Egzistansi18769,1593,,2,0,0,0,0,0,0,0,0,0,0,0,1,1,0,0,0,0,0,0,0
AScbzgtp,1593,,1,0,0,0,0,0,0,0,0,0,0,0,0,0,0,0,0,0,1,0,0
smieralrimiyeme,1592,,3,0,0,0,0,0,0,0,0,0,1,0,1,0,0,0,1,0,0,0,0
rosie_luce2,1592,,2,1,0,0,0,0,1,0,0,0,0,0,0,0,0,0,0,0,0,0,0
Lkseng3,1592,,1,0,0,0,0,0,0,0,0,0,0,0,0,0,0,1,0,0,0,0,0
IEllhajj,1592,,1,0,0,0,0,0,0,0,0,0,0,0,0,0,0,1,0,0,0,0,0
jkayondo25,1591,,1,0,0,0,0,0,0,0,1,0,0,0,0,0,0,0,0,0,0,0,0
debuggingworld,1591,,4,0,0,0,0,1,0,0,1,0,1,0,0,0,0,0,0,1,0,0,0
LindaProChoice,1591,,1,0,0,0,0,0,0,0,0,0,0,0,0,0,0,0,0,0,0,0,1
Halexyt,1589,,1,0,0,0,0,0,0,0,0,0,0,0,0,0,0,1,0,0,0,0,0
s_a_arghavani,1588,,7,0,0,0,0,1,0,1,0,0,0,0,1,1,0,1,1,1,0,0,0
Shahid_Eslami,1588,,5,0,0,0,0,0,0,1,0,0,1,0,1,1,1,0,0,0,0,0,0
AmeenNagari,1587,,3,0,0,1,0,0,0,0,0,0,0,0,0,0,0,1,0,1,0,0,0
Nameless_Weevil,1586,,1,0,0,0,0,0,0,0,0,0,0,0,0,0,0,0,0,1,0,0,0
luisnbrito96,1585,,1,0,0,0,0,0,0,0,0,0,0,0,0,0,0,0,0,0,0,0,1
SeattleBlocked,1584,,1,1,0,0,0,0,0,0,0,0,0,0,0,0,0,0,0,0,0,0,0
ravelled,1583,,1,0,0,0,0,0,0,1,0,0,0,0,0,0,0,0,0,0,0,0,0
danielalefsefr,1583,,1,0,1,0,0,0,0,0,0,0,0,0,0,0,0,0,0,0,0,0,0
daniel_truin,1583,,1,0,0,0,0,0,0,0,0,0,0,0,0,0,0,0,0,1,0,0,0
TheSonOfPersia,1583,,7,0,0,0,0,0,1,0,0,1,0,1,0,1,0,0,1,0,1,0,1
E985775Ermiot,1583,,1,0,0,0,0,0,0,0,0,0,0,0,0,0,0,0,0,1,0,0,0
AmirMohajer,1583,,1,0,1,0,0,0,0,0,0,0,0,0,0,0,0,0,0,0,0,0,0
JerusalemCuba,1581,,9,0,0,0,0,1,1,1,0,1,0,0,1,1,0,1,1,1,0,0,0
Dave8988,1581,,1,0,0,0,0,0,0,0,0,0,0,0,0,0,0,0,0,1,0,0,0
Chris_wponies,1581,,2,0,0,0,0,0,1,0,0,0,0,0,0,0,0,1,0,0,0,0,0
Ehsan3851,1580,,1,0,0,0,0,0,0,0,0,0,0,0,0,0,0,0,0,0,0,1,0
magick137,1579,,6,1,1,0,0,1,0,0,0,0,1,1,0,0,0,0,1,0,0,0,0
CamiloGuezRodri,1579,,16,0,1,0,0,1,1,1,1,1,1,0,1,1,1,1,1,1,1,1,1
nancysalgadoc,1578,,1,0,0,0,0,0,0,0,0,0,0,0,0,0,0,0,0,0,0,0,1
TehraniMohamma3,1578,,12,0,1,0,0,0,1,1,0,1,1,1,1,1,0,0,0,1,1,1,1
Muhamme23889789,1578,,1,0,0,0,0,0,0,0,0,0,0,0,0,0,0,0,0,0,0,1,0
zakariayerazy,1577,,3,0,0,0,0,0,0,0,0,0,0,0,0,1,1,0,0,1,0,0,0
NanaAgyei23,1577,,5,0,0,0,0,0,0,1,0,0,0,0,1,0,0,0,1,1,0,0,1
nraimano,1576,,2,0,0,0,0,0,0,0,0,1,0,0,0,0,0,0,0,0,0,0,1
revsoc99,1575,,2,0,0,0,0,0,0,0,0,1,0,0,0,0,0,0,0,1,0,0,0
ivansalonik,1575,,1,0,0,0,0,0,0,0,0,0,0,0,0,0,0,0,0,0,1,0,0
Assange_libre,1574,,1,0,0,0,0,0,0,0,0,0,0,0,0,0,0,0,0,0,1,0,0
zeeshanehussain,1573,,7,0,0,0,0,0,0,0,0,1,0,1,1,0,0,0,1,1,1,1,0
itsmecalcifers,1573,,1,0,0,0,0,0,0,0,0,0,0,0,0,1,0,0,0,0,0,0,0
SnybSnr,1573,,1,0,0,0,0,0,0,0,0,1,0,0,0,0,0,0,0,0,0,0,0
OuncesApp,1573,,3,0,0,0,0,0,0,0,0,0,0,0,1,0,0,0,0,1,0,0,1
HeliTheFelfel75,1570,,2,0,0,0,0,0,0,0,0,0,0,0,0,0,0,0,0,0,1,0,1
oilyslick1,1569,,1,0,0,0,0,0,0,0,0,0,0,0,0,0,0,0,1,0,0,0,0
_Najj,1569,,1,0,0,0,0,0,0,0,0,0,1,0,0,0,0,0,0,0,0,0,0
Amir_bhdrii,1569,,1,0,0,0,0,0,0,0,0,0,0,0,0,0,0,0,0,1,0,0,0
futurebrain1,1568,,2,0,0,0,0,0,1,0,0,1,0,0,0,0,0,0,0,0,0,0,0
NotDGSE,1568,,1,0,0,0,0,0,0,0,1,0,0,0,0,0,0,0,0,0,0,0,0
sed_Reza_nabavi,1566,,1,0,0,0,0,0,0,0,0,0,0,0,0,0,0,0,0,0,0,1,0
MuneefBokhari,1566,,4,0,0,1,0,0,1,0,0,0,0,0,0,1,1,0,0,0,0,0,0
melina_nilles,1564,,3,0,0,0,0,0,0,0,0,0,0,0,0,0,0,0,0,1,0,1,1
RedBeret87,1564,,5,0,0,1,0,0,0,0,0,0,0,1,1,0,0,1,0,1,0,0,0
RealMetellus,1564,,1,0,0,0,0,0,0,0,1,0,0,0,0,0,0,0,0,0,0,0,0
fayazbeigh,1563,,1,0,0,0,0,0,0,1,0,0,0,0,0,0,0,0,0,0,0,0,0
YwnNjm,1563,,1,0,0,0,0,0,0,0,0,1,0,0,0,0,0,0,0,0,0,0,0
rajehsaadeh,1562,,11,0,0,1,0,0,1,1,1,1,0,1,1,1,1,0,1,1,0,0,0
HoseinMahbobi29,1560,,1,0,0,0,0,0,0,0,0,0,0,0,0,0,0,0,1,0,0,0,0
unholy_moely,1559,,2,0,1,0,0,0,0,0,0,0,0,0,0,0,0,1,0,0,0,0,0
noah_adoka,1559,,4,0,0,0,0,0,0,1,1,0,0,0,0,0,0,0,0,1,0,1,0
tonarino_maro21,1558,,3,0,1,0,0,0,0,1,0,1,0,0,0,0,0,0,0,0,0,0,0
P3P510,1558,,1,0,0,0,0,0,0,0,0,0,0,0,0,0,0,0,0,0,0,0,1
ArmyBarber,1558,,2,0,0,1,0,0,0,0,1,0,0,0,0,0,0,0,0,0,0,0,0
iammsk,1557,,1,0,0,0,0,0,0,0,0,0,0,0,0,0,0,0,0,1,0,0,0
khatererh36510,1556,,2,0,0,0,0,1,0,0,0,0,0,0,0,0,0,0,0,0,1,0,0
JohnP1752,1556,,1,0,0,0,0,0,1,0,0,0,0,0,0,0,0,0,0,0,0,0,0
ATamariya,1556,,7,0,0,0,0,0,1,0,1,1,1,0,1,0,0,0,1,1,0,0,0
Elham_Kad,1555,,1,0,0,0,0,1,0,0,0,0,0,0,0,0,0,0,0,0,0,0,0
CharliePatrick,1554,,2,0,0,0,0,0,1,0,0,1,0,0,0,0,0,0,0,0,0,0,0
mahatisha123,1553,,4,0,1,1,0,0,1,0,0,0,0,0,0,0,0,0,0,0,0,0,1
crankyboricua,1553,,1,0,0,0,0,0,0,0,0,0,0,0,0,0,0,0,0,0,1,0,0
tucci_now,1552,,4,0,0,1,0,0,0,1,0,0,1,0,0,0,0,0,0,0,0,0,1
francesmccampb1,1552,,1,0,1,0,0,0,0,0,0,0,0,0,0,0,0,0,0,0,0,0,0
vabosan2008,1551,,2,0,1,0,0,0,1,0,0,0,0,0,0,0,0,0,0,0,0,0,0
YaRabbiiiiiiii,1551,,1,0,0,0,0,0,0,0,1,0,0,0,0,0,0,0,0,0,0,0,0
Alkadi_Nazih,1551,,1,0,0,0,0,0,0,0,0,0,0,0,0,0,0,0,0,0,1,0,0
MdRaeesAhamed,1550,,1,0,0,0,0,0,0,0,0,1,0,0,0,0,0,0,0,0,0,0,0
eumateus75,1549,,14,1,0,0,1,1,0,1,1,1,0,1,0,1,1,1,1,1,1,1,0
nanaluvsju,1548,,1,0,0,0,0,0,0,0,0,1,0,0,0,0,0,0,0,0,0,0,0
Akvmvd,1548,,2,0,0,0,0,0,0,0,1,0,0,0,0,0,0,0,1,0,0,0,0
sos_topooli,1547,,1,0,0,0,0,0,0,0,0,0,0,0,0,0,0,0,0,0,1,0,0
PoncedeLeon_Isr,1547,,3,0,0,0,0,0,0,0,0,1,1,0,0,0,0,0,0,0,1,0,0
DaDgnn,1547,,3,0,0,0,0,0,0,0,0,0,0,0,0,0,1,1,0,0,0,0,1
ho_oncle,1545,,11,0,0,0,0,1,1,1,1,0,1,0,0,1,0,1,1,1,1,0,1
abdwad4800,1545,,3,0,0,0,0,0,0,0,0,1,1,0,0,0,0,0,0,1,0,0,0
HnanYusfy,1545,,1,0,0,0,0,0,1,0,0,0,0,0,0,0,0,0,0,0,0,0,0
kimiya_azizy,1544,,2,0,0,0,0,0,0,0,0,0,0,0,0,1,1,0,0,0,0,0,0
dmahoney539,1544,,1,0,0,0,0,0,0,0,0,0,0,0,0,0,0,0,0,0,0,0,1
CharleneHales,1544,,1,0,0,0,0,1,0,0,0,0,0,0,0,0,0,0,0,0,0,0,0
FatemehGhazanf6,1543,,4,0,0,0,0,0,1,1,0,0,0,0,0,1,0,0,1,0,0,0,0
abid_sid,1542,,1,0,0,0,0,0,0,1,0,0,0,0,0,0,0,0,0,0,0,0,0
Sa8910242m,1542,,6,1,1,0,0,0,1,0,1,0,0,0,0,0,0,0,0,0,0,1,1
NTruthurtz,1542,,16,0,0,0,1,1,1,1,1,1,1,1,1,1,1,1,1,1,1,0,1
rbdoeker,1541,,2,0,0,0,0,0,0,1,0,0,0,0,0,0,0,0,0,0,1,0,0
iam_hluvuko,1541,,2,0,0,0,0,0,0,0,0,0,0,0,0,0,0,1,1,0,0,0,0
daraei1384,1541,,2,0,0,0,0,0,0,0,0,0,0,0,0,0,0,0,0,0,1,0,1
Hajizade_org,1541,,3,1,1,0,0,0,1,0,0,0,0,0,0,0,0,0,0,0,0,0,0
DaliaCanora,1541,,3,0,0,0,0,0,1,1,0,0,0,0,0,0,0,0,0,0,1,0,0
21_century_man2,1541,,2,0,0,0,0,0,0,0,0,0,1,0,0,0,0,0,0,1,0,0,0
canthama1,1540,,1,0,0,0,0,0,0,0,0,0,1,0,0,0,0,0,0,0,0,0,0
Ajulp_1986,1540,,7,0,0,0,0,0,0,0,0,1,0,0,1,1,1,1,1,1,0,0,0
nad1as,1539,,3,0,0,0,0,0,1,0,1,0,1,0,0,0,0,0,0,0,0,0,0
RundlesTre93735,1539,,1,0,0,0,0,0,0,0,0,0,0,0,0,0,0,0,0,1,0,0,0
NEWTIME91252356,1539,,6,0,0,0,0,1,1,0,0,1,1,0,1,1,0,0,0,0,0,0,0
yusiF_aid,1538,,5,0,0,0,0,0,0,0,0,0,0,0,0,0,0,0,1,1,1,1,1
Mr_Akhavan,1538,,2,0,0,0,0,0,0,0,0,0,0,0,0,0,0,0,0,1,1,0,0
waheed_mug,1537,,9,0,0,0,0,1,1,0,1,1,1,0,0,0,0,1,1,1,1,0,0
tariqmir,1537,,2,0,0,0,0,0,0,0,0,1,0,0,1,0,0,0,0,0,0,0,0
bernajurema,1536,,2,0,0,0,0,0,0,0,0,0,0,0,0,0,0,0,0,0,0,1,1
SquintFeastwood,1536,,2,0,0,0,0,0,0,0,0,0,0,0,0,0,0,0,0,0,1,0,1
HasanDarawal,1536,,5,0,0,0,0,1,0,1,1,1,1,0,0,0,0,0,0,0,0,0,0
AbuAliZarif,1536,,1,0,0,0,0,0,0,0,0,0,0,0,0,0,0,0,0,0,0,0,1
xtahzy,1535,,3,0,0,0,0,0,0,0,0,1,1,0,0,0,0,0,0,1,0,0,0
tim_in_mpls,1535,,1,0,0,0,0,0,0,0,0,0,0,0,0,0,0,0,0,0,0,0,1
emingurbuz,1535,,6,0,0,0,0,0,0,0,0,0,0,0,1,1,1,0,1,1,1,0,0
AdamSaeedSweden,1535,,1,0,0,0,0,0,1,0,0,0,0,0,0,0,0,0,0,0,0,0,0
RubenMex01,1534,,4,0,0,0,0,0,0,0,1,0,0,0,0,0,0,0,0,0,1,1,1
PhilipBlackwoo1,1534,,5,0,0,0,0,0,0,0,0,1,0,0,0,0,0,1,0,1,0,1,1
NoburoNisamata,1534,,1,0,0,0,0,0,0,0,0,0,0,0,0,0,0,0,0,0,0,1,0
Kabeerbuneri,1533,,1,0,0,0,0,0,0,0,0,0,1,0,0,0,0,0,0,0,0,0,0
namira135,1532,,1,0,0,0,0,0,0,0,0,0,0,0,0,0,0,0,0,0,0,1,0
PAlanMcMahon,1532,,1,0,0,0,0,0,0,0,0,0,0,0,0,0,0,0,0,0,0,0,1
JoeyZNJ,1532,,1,0,0,0,0,0,0,0,0,0,0,0,0,0,0,0,0,1,0,0,0
lantastic79,1531,,1,0,0,0,0,0,0,0,0,1,0,0,0,0,0,0,0,0,0,0,0
cindyapplegate2,1531,,1,0,0,0,0,0,0,0,0,0,0,0,0,0,0,0,1,0,0,0,0
SaimaSHussain,1531,,1,0,0,0,0,0,0,0,0,0,0,0,0,0,0,0,1,0,0,0,0
ChrIslamicGeo,1531,,2,0,0,0,0,0,0,0,0,0,0,0,0,0,0,0,0,0,0,1,1
Alshraby1445,1531,,2,0,0,0,0,0,0,0,0,0,0,0,0,1,1,0,0,0,0,0,0
Mubashir_AIMIM,1530,,1,0,0,0,0,0,0,0,0,1,0,0,0,0,0,0,0,0,0,0,0
Preenx,1529,,1,0,0,0,0,0,0,0,0,0,1,0,0,0,0,0,0,0,0,0,0
Berisha901,1529,,5,1,0,1,0,0,0,0,0,1,1,0,0,0,0,0,0,0,0,0,1
SamiTOP19,1528,,1,0,0,0,0,0,0,0,0,0,0,0,0,0,0,1,0,0,0,0,0
mrspecialvip,1527,,1,0,0,0,0,0,0,0,0,0,0,0,1,0,0,0,0,0,0,0,0
JSinanoglou,1527,,1,0,0,0,0,0,0,0,0,0,0,0,0,1,0,0,0,0,0,0,0
khademmoreza,1525,,6,0,0,1,1,0,0,0,0,0,0,1,1,0,1,0,0,0,1,0,0
Lynntbt13,1525,,1,0,0,0,0,0,0,0,0,0,1,0,0,0,0,0,0,0,0,0,0
BurguenoSusana,1525,,1,0,0,0,0,0,0,0,0,0,0,0,0,0,0,0,1,0,0,0,0
Abdik09764249,1525,,1,0,0,0,0,0,0,0,1,0,0,0,0,0,0,0,0,0,0,0,0
ERamFarm,1524,,14,0,1,1,0,1,1,1,0,0,1,1,1,1,1,0,1,1,1,1,0
jfcardenasg,1523,,1,0,0,0,0,0,0,0,0,0,0,0,0,0,0,0,0,1,0,0,0
a_mccauley,1521,,2,0,0,0,0,0,0,0,0,0,0,0,0,0,0,0,0,0,0,1,1
FonteRodrigues,1520,,11,0,1,0,0,1,0,1,0,1,1,1,0,1,0,0,1,1,1,0,1
pious__athiest,1519,,2,0,0,0,0,0,0,0,0,0,0,0,0,0,0,0,0,1,0,1,0
heidi_gatewood3,1519,,1,0,0,0,0,0,0,1,0,0,0,0,0,0,0,0,0,0,0,0,0
RadRafoofi82420,1519,,3,0,0,0,0,0,0,0,0,0,0,0,1,0,0,0,0,1,1,0,0
alkalifearts,1517,,1,0,0,0,0,0,0,0,1,0,0,0,0,0,0,0,0,0,0,0,0
UnagK,1517,,1,0,0,0,0,0,0,0,0,0,0,0,0,0,0,0,0,1,0,0,0
zante14081950,1514,,2,0,0,0,0,0,1,0,0,0,1,0,0,0,0,0,0,0,0,0,0
shkabd_001,1514,,11,0,1,0,0,0,0,0,1,0,1,1,1,1,0,1,0,1,1,1,1
Y888AB5,1514,,1,0,0,0,0,0,0,0,0,0,0,0,0,0,0,0,0,0,1,0,0
lharo777,1513,,2,0,0,0,0,1,0,0,0,0,0,0,0,0,0,0,0,0,1,0,0
BahareSharifiy,1513,,13,1,1,1,1,1,1,0,0,1,0,1,1,1,1,0,1,0,1,0,0
didat_ahmed,1511,,6,0,0,0,0,1,1,0,0,0,1,1,0,1,0,0,0,0,0,1,0
SGimenista_9,1511,,10,0,0,1,1,1,1,0,0,1,0,1,0,0,0,0,1,1,1,1,0
jocked07,1510,,1,0,0,0,0,0,0,0,1,0,0,0,0,0,0,0,0,0,0,0,0
Tomfreddie2,1510,,2,0,0,0,0,0,0,0,0,0,0,0,0,1,0,0,0,0,0,0,1
Tanveer14bhat,1509,,1,0,0,1,0,0,0,0,0,0,0,0,0,0,0,0,0,0,0,0,0
ewaffe256,1508,,1,0,0,0,0,0,0,0,0,0,1,0,0,0,0,0,0,0,0,0,0
SarbazVelayat77,1508,,1,0,0,0,0,1,0,0,0,0,0,0,0,0,0,0,0,0,0,0,0
TunLibre1,1507,,1,0,0,0,0,0,0,0,0,0,0,0,0,1,0,0,0,0,0,0,0
Miran2584,1507,,1,0,1,0,0,0,0,0,0,0,0,0,0,0,0,0,0,0,0,0,0
mir_abutalib110,1506,,4,0,0,0,0,0,1,0,1,1,0,0,0,0,0,0,0,0,0,0,1
mahh_naaz,1506,,2,0,0,0,0,1,1,0,0,0,0,0,0,0,0,0,0,0,0,0,0
versollato,1505,,13,1,1,0,0,0,1,1,1,0,1,0,1,1,1,0,1,1,1,0,1
Kev6220,1505,,6,0,0,0,0,1,1,0,0,1,0,0,1,0,0,0,0,1,1,0,0
DreamWeaver_PTI,1505,,1,0,0,0,0,0,0,0,0,0,0,0,0,0,0,0,0,1,0,0,0
haniye113,1504,,1,0,0,0,0,0,0,0,0,0,0,0,0,0,0,0,0,0,0,1,0
fghafari,1504,,12,0,0,1,1,1,0,0,1,1,0,1,0,0,0,1,1,1,1,1,1
amw3600,1504,,6,0,0,1,0,0,1,0,0,1,1,0,0,1,1,0,0,0,0,0,0
Sa_elmi_hoseini,1504,,2,0,0,0,0,0,0,0,0,0,0,0,0,1,1,0,0,0,0,0,0
AloneAngle20,1504,,1,0,0,0,1,0,0,0,0,0,0,0,0,0,0,0,0,0,0,0,0
murat_derki,1503,,2,0,0,0,0,0,0,0,0,0,0,0,1,1,0,0,0,0,0,0,0
picard78kathryn,1502,,1,0,0,0,0,0,0,0,0,0,0,0,0,0,0,1,0,0,0,0,0
amysenese,1502,,1,0,0,0,0,0,0,0,0,0,0,0,0,0,0,0,0,1,0,0,0
maybenansi,1501,,3,0,0,0,0,0,1,0,0,1,1,0,0,0,0,0,0,0,0,0,0
bahmankhan408,1501,,14,1,1,1,0,1,1,1,1,1,0,1,1,1,1,0,1,0,1,0,0
Herewar66545077,1501,,1,0,0,0,0,0,1,0,0,0,0,0,0,0,0,0,0,0,0,0,0
doctorvasan,1500,,2,0,0,0,0,0,0,0,0,0,0,0,0,0,0,0,0,1,0,1,0
adel_halawi,1500,,1,0,0,0,0,0,0,0,0,0,0,0,0,0,0,1,0,0,0,0,0
abwlqmanalmakh1,1500,,1,0,0,0,0,0,0,0,0,0,0,0,0,1,0,0,0,0,0,0,0
HaidarAmro3,1499,,1,0,0,0,0,0,0,0,0,0,0,0,0,0,0,1,0,0,0,0,0
Ahmadmotla,1499,,1,0,0,0,0,0,0,0,0,0,0,0,1,0,0,0,0,0,0,0,0
lsw_91,1497,,1,0,0,0,0,0,0,0,1,0,0,0,0,0,0,0,0,0,0,0,0
URINETO,1497,,2,0,0,1,0,0,0,1,0,0,0,0,0,0,0,0,0,0,0,0,0
Sactown_Kings6,1496,,1,0,0,0,0,0,0,0,0,0,0,0,0,0,0,0,0,0,0,0,1
RNowshadi,1496,,2,0,0,0,0,0,1,0,0,0,0,0,0,0,0,0,0,0,1,0,0
Amooti_mm,1496,,1,0,0,0,0,0,0,0,0,1,0,0,0,0,0,0,0,0,0,0,0
CamNewman,1495,,4,0,0,1,0,0,0,0,0,0,0,0,0,0,0,1,1,1,0,0,0
8qo2M8In4A3096,1495,,1,0,0,0,0,0,0,0,0,0,0,0,0,0,0,0,1,0,0,0,0
aboosamah920,1494,,13,1,0,1,1,1,1,0,1,1,1,0,0,0,0,0,1,1,1,1,1
RAOEC22,1494,,1,0,0,0,0,0,0,0,0,0,0,0,0,1,0,0,0,0,0,0,0
GabrielAmooti,1494,,7,1,0,0,1,1,0,0,1,1,0,0,0,0,0,0,0,0,0,1,1
Earworm_nz,1494,,1,0,0,0,0,0,0,0,0,1,0,0,0,0,0,0,0,0,0,0,0
alhadiabbas999,1493,,1,0,0,0,0,0,0,0,0,0,0,0,0,0,0,0,0,0,1,0,0
DJ_itwasascam,1493,,3,0,0,0,0,1,0,0,0,0,0,0,0,1,0,0,0,0,0,0,1
venkatesh_Ragu,1491,,1,0,0,0,0,0,0,0,0,0,0,0,0,0,0,0,0,1,0,0,0
mai_b_Engineer_,1491,,2,0,0,0,0,1,0,0,0,0,0,0,1,0,0,0,0,0,0,0,0
joanaferrer13,1491,,1,0,0,0,0,0,0,0,0,0,0,0,0,0,0,0,0,0,0,0,1
Shafiq_Pandhi,1491,,6,0,0,0,0,0,0,0,1,0,1,0,1,0,0,0,1,1,1,0,0
mbau_francis,1490,,10,0,0,0,0,1,1,0,0,0,1,1,1,1,0,1,0,1,1,0,1
Juanpasalazar26,1488,,1,0,1,0,0,0,0,0,0,0,0,0,0,0,0,0,0,0,0,0,0
Iran_Tanzania,1488,,3,0,0,0,0,0,0,0,0,1,1,0,0,1,0,0,0,0,0,0,0
ho_jenhoek,1487,,2,0,0,0,0,0,0,0,0,0,0,0,0,0,0,1,0,0,1,0,0
godou3325,1487,,5,0,0,0,0,0,0,0,0,0,1,0,0,0,0,1,1,1,0,0,1
Pouya313650,1487,,1,0,0,0,0,0,0,0,0,1,0,0,0,0,0,0,0,0,0,0,0
Omq_BaniHashes,1486,,1,0,0,0,0,0,0,0,0,1,0,0,0,0,0,0,0,0,0,0,0
x3mx10t,1485,,2,0,0,0,0,0,0,0,1,0,0,0,0,0,0,0,0,0,1,0,0
courtneykealy,1485,,1,0,0,0,0,0,0,0,0,0,0,0,0,0,0,0,0,0,1,0,0
zeynabiam313,1484,,3,0,0,0,0,0,0,0,0,0,0,1,0,1,0,0,0,0,0,1,0
gabicolombano6,1484,,1,0,0,0,1,0,0,0,0,0,0,0,0,0,0,0,0,0,0,0,0
lemonylemonsies,1483,,11,0,0,0,0,1,1,0,1,1,1,0,0,1,0,1,1,1,1,0,1
arefmoshashaei,1483,,6,1,0,0,1,1,1,0,1,0,0,0,1,0,0,0,0,0,0,0,0
abousalimtabel,1483,,10,0,1,0,0,1,1,0,1,1,1,0,1,0,0,1,1,0,1,0,0
tonysamaha,1482,,1,0,0,0,0,0,0,0,1,0,0,0,0,0,0,0,0,0,0,0,0
vahid_p_70,1480,,1,0,0,0,0,0,0,0,0,0,0,1,0,0,0,0,0,0,0,0,0
ivanmukoryo,1480,,2,0,0,0,0,0,0,0,0,0,0,0,1,0,0,0,0,0,0,0,1
thisisadile,1479,,2,0,0,0,0,0,0,0,1,0,1,0,0,0,0,0,0,0,0,0,0
Hussain19471,1479,,4,0,0,0,0,0,0,0,1,1,0,0,0,0,0,0,1,1,0,0,0
yazyhadi,1478,,3,0,0,0,0,0,0,0,0,0,0,0,0,1,0,0,0,1,0,0,1
Massoumehtorfeh,1478,,1,0,0,0,0,0,0,0,0,0,1,0,0,0,0,0,0,0,0,0,0
EAltalhai,1478,,1,0,0,0,0,0,0,0,0,0,0,0,0,0,0,1,0,0,0,0,0
avery56katherin,1477,,1,0,0,0,0,0,0,0,0,0,0,0,0,0,0,0,0,0,0,1,0
SAliZaiDii,1477,,10,0,0,1,0,0,0,1,1,1,1,0,1,0,0,1,0,1,1,0,1
Resspeect1,1477,,8,0,0,0,0,0,1,0,0,1,1,1,0,0,0,1,0,1,0,1,1
twittalk2,1476,,1,0,0,0,0,0,0,1,0,0,0,0,0,0,0,0,0,0,0,0,0
fractilly,1476,,1,0,0,0,0,0,0,0,0,0,0,0,0,0,0,0,0,1,0,0,0
MORIcha59966170,1476,,1,0,0,0,0,0,0,0,0,1,0,0,0,0,0,0,0,0,0,0,0
HerrerosLaiene,1476,,1,0,0,0,0,0,0,0,0,0,0,0,0,0,0,0,1,0,0,0,0
Azar_059,1476,,18,1,1,1,1,1,1,1,1,1,1,1,1,1,1,1,1,1,1,0,0
1892TheRealRed1,1476,,7,0,0,0,0,0,1,1,0,1,1,1,0,0,0,0,0,0,0,1,1
fereshtehrafie,1475,,7,0,1,0,1,0,1,0,0,0,0,0,0,1,1,0,0,0,1,0,1
RICHxROCKER,1475,,2,0,0,0,0,0,1,0,0,0,0,0,0,0,0,0,0,0,0,0,1
samandkhel12,1474,,4,0,0,0,0,0,1,1,0,1,0,0,0,0,0,0,0,1,0,0,0
UmarBashir01,1474,,4,0,0,0,0,0,1,0,1,1,0,0,0,0,0,0,0,1,0,0,0
hadj_gesinde,1473,,1,0,1,0,0,0,0,0,0,0,0,0,0,0,0,0,0,0,0,0,0
endofhistory236,1473,,1,0,0,0,0,0,0,0,0,0,0,0,0,0,0,0,0,0,1,0,0
CillianMcLough1,1471,,2,0,0,0,0,0,0,0,0,0,0,1,0,0,0,0,0,1,0,0,0
Willsderek17,1469,,1,0,0,0,0,0,0,0,0,0,1,0,0,0,0,0,0,0,0,0,0
1WheelHandler,1468,,2,0,0,0,0,0,0,0,0,0,0,0,0,0,0,0,0,1,1,0,0
waheedshahid73,1467,,1,0,0,0,0,0,0,0,1,0,0,0,0,0,0,0,0,0,0,0,0
IamMoon7,1467,,1,0,0,0,0,0,0,0,0,0,1,0,0,0,0,0,0,0,0,0,0
DanExp462789,1467,,1,0,0,0,0,1,0,0,0,0,0,0,0,0,0,0,0,0,0,0,0
SatanLiveInUSA,1464,,5,1,0,0,0,1,0,0,1,0,0,1,0,1,0,0,0,0,0,0,0
adazsy07,1462,,1,0,0,0,0,0,0,1,0,0,0,0,0,0,0,0,0,0,0,0,0
AjmalPashten,1461,,1,0,0,0,0,0,0,0,0,0,0,0,0,0,0,0,0,1,0,0,0
chamat,1460,,11,0,1,1,0,1,1,1,1,1,1,0,0,1,0,0,0,0,0,1,1
magoofaiy,1459,,2,0,0,0,0,0,0,0,0,0,0,0,0,1,1,0,0,0,0,0,0
aminallah0,1459,,3,0,0,0,0,0,1,0,0,0,1,0,0,0,0,0,0,0,1,0,0
ReggieSydal,1459,,1,0,0,0,0,0,0,0,0,0,0,0,0,0,0,0,1,0,0,0,0
JohnWoo16422766,1459,,4,0,0,0,1,1,1,0,0,1,0,0,0,0,0,0,0,0,0,0,0
Ashkan274_,1459,,1,0,0,0,0,0,0,0,0,0,0,0,0,0,0,0,0,0,0,0,1
AChami44,1459,,3,0,0,0,0,0,0,0,0,0,0,0,1,0,0,1,0,1,0,0,0
14Remontada35,1459,,4,0,0,0,0,0,1,0,0,0,0,0,0,0,0,0,1,0,1,0,1
martian_warlock,1457,,2,0,0,0,0,0,0,0,0,0,0,0,0,0,0,1,0,1,0,0,0
clarenaroux,1457,,2,0,0,0,0,1,0,0,0,1,0,0,0,0,0,0,0,0,0,0,0
essonjon,1454,,2,0,0,0,0,0,0,0,0,0,0,0,0,0,0,0,0,1,0,1,0
nalymny37,1453,,2,0,0,0,0,1,1,0,0,0,0,0,0,0,0,0,0,0,0,0,0
jihan_khalife,1453,,1,0,0,0,0,0,0,0,0,0,0,0,1,0,0,0,0,0,0,0,0
aamayreh,1453,,3,0,0,0,0,0,1,0,0,0,0,0,0,1,0,0,0,1,0,0,0
7DHSoSeVwA9UMiq,1451,,1,0,0,0,0,0,0,0,0,0,0,0,0,0,0,1,0,0,0,0,0
Harkonen_1,1450,,1,0,0,0,0,0,0,0,0,0,1,0,0,0,0,0,0,0,0,0,0
touchasncf,1449,,1,0,0,0,0,0,0,0,0,0,0,0,0,0,0,1,0,0,0,0,0
sayad_133,1449,,2,0,0,0,0,0,1,0,0,0,0,0,0,0,0,0,0,0,0,0,1
NeroOsiero,1449,,3,0,0,0,0,0,0,0,0,0,0,0,0,0,0,0,1,1,0,1,0
megg_souza_,1448,,12,1,0,1,1,1,1,0,0,0,1,1,1,0,0,1,1,1,1,0,0
antov2401,1448,,15,0,1,1,0,1,1,1,1,1,1,0,1,1,0,0,1,1,1,1,1
SimaKhodadadi,1448,,2,0,0,0,0,0,0,0,0,0,0,0,0,0,0,0,1,0,1,0,0
Rah_1400,1448,,1,0,0,0,0,0,0,0,0,0,0,0,0,0,0,0,1,0,0,0,0
iman13680408,1447,,1,0,0,0,0,0,1,0,0,0,0,0,0,0,0,0,0,0,0,0,0
helma_khanum,1447,,1,0,0,0,0,0,0,0,0,0,0,0,0,0,0,0,0,0,0,1,0
sammaitomoha,1446,,2,0,0,0,0,0,0,0,0,1,0,0,0,0,0,0,0,0,0,0,1
kafeeromichael,1446,,2,0,0,0,0,0,0,1,0,0,1,0,0,0,0,0,0,0,0,0,0
Mj21167,1446,,3,0,0,0,0,1,1,0,0,0,0,0,0,1,0,0,0,0,0,0,0
1zouzouna,1446,,3,0,0,0,0,0,0,1,0,0,0,0,0,0,0,1,0,1,0,0,0
MJHoush,1444,,1,0,0,0,0,0,0,1,0,0,0,0,0,0,0,0,0,0,0,0,0
FCharedan,1444,,6,0,0,0,0,0,0,0,0,1,0,0,0,1,1,0,1,1,1,0,0
nobel_50,1443,,1,0,0,0,0,0,0,0,0,0,0,0,0,0,0,0,1,0,0,0,0
FutureTechLove,1443,,2,0,0,0,0,0,0,1,0,0,0,0,0,0,0,0,0,1,0,0,0
hassan_sajwani,1440,,1,0,0,0,0,0,0,0,1,0,0,0,0,0,0,0,0,0,0,0,0
ElonFan24907588,1440,,1,0,0,0,0,0,0,0,0,0,0,0,0,0,0,0,0,0,0,1,0
Aradjavan1402,1440,,1,0,0,0,0,0,0,0,0,0,0,0,0,1,0,0,0,0,0,0,0
1566rooz,1440,,1,0,0,0,0,0,0,0,0,0,0,0,0,0,0,0,0,0,1,0,0
jkochar,1439,,6,0,0,0,0,1,0,0,0,1,0,0,0,1,0,0,1,1,1,0,0
VCain99108,1439,,1,0,0,0,0,0,0,0,0,0,0,0,0,0,0,0,0,0,0,1,0
Raven_krishna,1439,,1,0,0,0,0,0,0,0,1,0,0,0,0,0,0,0,0,0,0,0,0
AsyhPrkan9346,1439,,1,0,0,0,0,0,0,0,0,0,0,0,0,0,0,0,0,0,0,0,1
moradi__313,1438,,1,0,0,0,0,0,0,0,0,0,0,0,0,0,0,0,0,0,1,0,0
_shidi7_,1438,,1,0,0,0,0,0,0,0,0,0,0,0,0,0,0,0,0,1,0,0,0
UTDSenator,1438,,2,0,0,1,0,0,0,0,0,0,0,0,0,0,0,0,0,1,0,0,0
farhadkhazaii,1437,,5,0,0,0,0,0,0,1,0,0,0,1,0,1,0,0,0,0,1,0,1
Mansour_Hadad2,1436,,10,0,1,1,0,1,1,0,1,0,1,1,1,1,1,0,0,0,0,0,0
Josemanuel_1901,1436,,1,0,0,1,0,0,0,0,0,0,0,0,0,0,0,0,0,0,0,0,0
Gabbybentz31,1435,,1,0,1,0,0,0,0,0,0,0,0,0,0,0,0,0,0,0,0,0,0
BONILENLA_,1435,,5,0,0,0,0,1,0,1,1,1,0,0,0,0,0,0,0,0,0,0,1
3bfSBqzUD4wgkph,1435,,1,0,0,0,0,0,0,0,0,0,0,1,0,0,0,0,0,0,0,0,0
shankerbhola,1434,,1,0,0,0,0,0,0,0,0,0,0,0,0,0,0,0,1,0,0,0,0
mirzaei1214,1434,,2,0,1,0,0,0,0,0,0,0,0,0,0,0,0,0,0,0,0,1,0
Amin_Hedayat57,1434,,6,0,1,0,0,0,0,0,0,0,1,0,0,0,0,1,1,1,1,0,0
kingwhiz_47,1433,,1,0,0,0,0,0,1,0,0,0,0,0,0,0,0,0,0,0,0,0,0
JasonBohlke,1433,,1,0,0,0,0,0,0,0,0,0,0,0,0,0,0,0,0,0,1,0,0
Americans_Rise,1433,,2,0,0,0,0,0,0,0,0,0,0,0,0,0,0,0,0,0,0,1,1
SahbZman15681,1432,,6,0,0,0,0,0,0,0,0,0,1,1,1,1,1,0,0,0,1,0,0
yaskabod72,1431,,1,0,0,0,0,0,0,0,0,0,0,0,0,0,0,0,1,0,0,0,0
aizazaizdiawan,1431,,7,0,1,0,0,1,1,0,1,1,1,0,0,1,0,0,0,0,0,0,0
Seth_Nel,1431,,10,0,0,1,0,0,1,1,1,1,1,1,0,1,0,0,0,0,0,1,1
Fareslhejaz,1431,,1,0,0,0,0,0,0,0,0,0,0,0,0,0,0,0,0,0,1,0,0
smkumailakbar,1430,,1,0,0,0,0,0,0,0,0,0,0,0,0,0,0,0,0,0,0,1,0
_mohsen369,1430,,1,0,0,0,0,0,0,0,0,1,0,0,0,0,0,0,0,0,0,0,0
lucasalthea19,1429,,1,0,0,0,1,0,0,0,0,0,0,0,0,0,0,0,0,0,0,0,0
Tom_Vee,1428,,1,0,0,0,0,0,0,0,0,0,0,0,0,0,0,0,0,0,0,0,1
Ltenkeiyon,1428,,4,0,0,0,0,0,0,0,0,0,0,0,1,0,0,1,1,0,0,0,1
gsleg,1427,,5,0,0,0,0,0,0,0,0,0,1,0,1,1,1,0,0,1,0,0,0
rami_alsafani,1426,,1,0,0,0,0,0,0,0,0,0,0,0,0,0,0,0,0,0,1,0,0
Khudai_Makhlooq,1426,,7,0,0,0,0,0,1,1,1,0,0,0,1,1,1,0,0,1,0,0,0
STRezaei,1425,,2,0,0,0,0,0,0,0,0,0,1,0,0,0,0,0,0,0,0,1,0
AhmetBu82310057,1425,,1,0,1,0,0,0,0,0,0,0,0,0,0,0,0,0,0,0,0,0,0
terencebobrien,1424,,2,0,0,0,0,0,0,0,0,0,0,0,0,0,0,0,0,1,0,0,1
sranjan19,1424,,3,0,0,0,0,0,0,0,0,0,0,0,0,0,0,0,1,1,0,0,1
hannaloboda,1424,,1,0,0,0,0,0,1,0,0,0,0,0,0,0,0,0,0,0,0,0,0
P10231023,1424,,4,0,0,0,0,0,0,0,0,0,0,0,0,0,0,1,1,1,1,0,0
iman_m_a_,1423,,4,0,0,0,0,0,0,0,1,0,0,0,1,1,0,0,0,0,1,0,0
TheIDDI___,1422,,3,0,1,0,0,0,0,0,0,1,1,0,0,0,0,0,0,0,0,0,0
mahdihaji_iran,1421,,3,0,0,0,0,1,1,0,0,0,0,0,0,0,0,0,0,0,1,0,0
donotanalyse,1421,,1,0,0,0,0,0,0,0,1,0,0,0,0,0,0,0,0,0,0,0,0
J_Torres_J,1421,,1,0,0,0,0,0,0,0,0,0,0,0,0,0,0,0,0,1,0,0,0
CFPStrategist4U,1421,,5,0,0,0,0,0,1,0,0,1,0,0,0,0,0,1,1,1,0,0,0
Habeeb697,1420,,11,0,1,0,0,1,1,0,0,0,1,0,1,1,0,1,1,0,1,1,1
Akbarii_125,1420,,1,0,0,0,0,0,0,0,0,0,0,0,0,0,0,0,1,0,0,0,0
AawadhShaban,1420,,1,0,0,0,0,0,0,0,0,0,0,0,0,0,0,0,0,0,0,1,0
the_spiderwife,1418,,6,0,0,0,0,0,1,0,0,0,1,1,1,0,0,1,0,1,0,0,0
abcsvwkbv,1418,,1,0,0,0,0,0,0,0,1,0,0,0,0,0,0,0,0,0,0,0,0
Mariana99_04_14,1418,,4,0,0,0,1,1,1,0,0,0,0,0,0,0,0,0,0,0,0,0,1
Harry71A,1418,,1,0,0,0,0,1,0,0,0,0,0,0,0,0,0,0,0,0,0,0,0
GiftToThunder,1418,,1,0,0,0,0,0,0,0,0,1,0,0,0,0,0,0,0,0,0,0,0
MuslikhMohamad,1416,,3,0,0,0,0,0,0,1,0,1,0,0,0,0,0,0,0,0,1,0,0
BosniaDavies,1416,,1,0,0,0,0,0,0,0,1,0,0,0,0,0,0,0,0,0,0,0,0
ArmedWithWisdom,1416,,1,0,0,0,0,0,1,0,0,0,0,0,0,0,0,0,0,0,0,0,0
kristin44552456,1415,,1,0,0,0,0,0,0,0,0,0,0,0,0,0,0,0,0,0,1,0,0
d07w70d,1415,,2,0,0,0,0,0,0,0,0,1,0,0,0,0,0,0,0,1,0,0,0
aboozar_nasr,1414,,1,0,0,0,0,0,1,0,0,0,0,0,0,0,0,0,0,0,0,0,0
GeorgiosRigas,1414,,1,0,0,0,0,0,0,0,1,0,0,0,0,0,0,0,0,0,0,0,0
Br00klands,1414,,1,0,0,0,0,0,0,0,0,0,0,0,0,0,0,0,0,0,1,0,0
hidup_sihat,1413,,2,0,0,0,0,0,0,0,0,0,0,0,0,0,0,0,0,0,0,1,1
PresidentAbou,1413,,2,1,0,0,0,0,0,0,0,0,0,0,0,0,0,0,0,0,0,0,1
MeriLumpkin,1413,,2,0,0,0,0,0,0,0,0,0,0,0,0,0,0,0,1,1,0,0,0
MustafaBadredin,1412,,4,0,0,0,0,1,0,0,0,0,0,0,0,0,0,1,0,1,1,0,0
carol11samuels,1411,,1,0,0,0,0,0,0,0,0,0,0,0,0,0,0,0,0,0,0,1,0
Tommy2legs,1411,,1,0,0,0,0,0,0,0,1,0,0,0,0,0,0,0,0,0,0,0,0
OmolloGeof,1410,,2,0,0,0,1,0,1,0,0,0,0,0,0,0,0,0,0,0,0,0,0
Lulu_Graezinski,1410,,4,0,0,0,0,0,0,0,1,0,0,0,0,1,0,0,0,0,0,1,1
eva2804,1409,,3,0,0,0,0,0,0,0,0,1,0,0,0,0,0,0,0,0,0,1,1
LOULOUGUINNESS,1409,,1,0,0,0,0,0,0,0,0,0,0,0,0,0,0,0,0,1,0,0,0
Aldo94822596,1409,,15,0,0,0,0,1,1,1,1,1,1,1,1,1,1,0,1,1,1,1,1
AliZain8705,1408,,1,0,0,0,0,0,0,0,0,0,0,0,0,0,0,0,0,0,0,0,1
HAIDAAbdelali,1407,,4,0,0,0,0,0,0,0,0,0,0,0,1,1,1,0,0,0,0,0,1
smuazshah,1406,,1,0,0,0,0,0,0,1,0,0,0,0,0,0,0,0,0,0,0,0,0
_amintmk,1406,,1,0,0,0,0,0,0,0,0,0,0,0,0,0,0,0,0,0,0,0,1
mhmdj71,1405,,2,0,0,0,0,0,0,0,0,0,0,0,0,0,0,1,1,0,0,0,0
y3khan,1404,,1,0,0,0,1,0,0,0,0,0,0,0,0,0,0,0,0,0,0,0,0
olivedingbat555,1404,,1,0,0,0,0,0,0,0,0,1,0,0,0,0,0,0,0,0,0,0,0
IglesiaAngel,1404,,1,0,0,0,0,0,0,0,0,0,0,0,0,0,0,0,0,0,1,0,0
majid_mehrabi89,1403,,1,0,0,1,0,0,0,0,0,0,0,0,0,0,0,0,0,0,0,0,0
j4tuh_jun4m,1403,,3,0,0,0,0,0,0,0,0,0,0,0,0,0,0,1,1,0,1,0,0
MezainBerlin,1403,,10,0,0,0,0,0,1,1,1,1,0,0,0,0,0,1,1,1,1,1,1
tavasol313,1402,,2,0,0,0,0,0,0,0,0,0,0,0,0,0,0,0,0,1,1,0,0
robertgrabil,1402,,1,0,0,0,0,0,0,0,0,0,0,0,0,0,0,0,0,0,0,0,1
Saeid_Shaverdi,1402,,3,0,0,0,0,1,0,1,0,0,0,0,0,0,0,0,0,0,0,1,0
MasomehSailani,1402,,8,0,1,1,0,0,0,0,1,0,0,0,0,1,0,1,0,0,1,1,1
Doman762,1402,,6,0,0,1,1,1,1,1,0,0,0,0,0,0,0,0,1,0,0,0,0
missZimunya1,1401,,1,0,0,0,0,0,0,0,0,0,1,0,0,0,0,0,0,0,0,0,0
Maxtell2000,1401,,3,0,0,0,0,0,1,0,1,0,0,0,0,0,0,0,0,0,1,0,0
ideas__2action,1400,,1,0,0,0,0,0,0,0,0,0,1,0,0,0,0,0,0,0,0,0,0
caslaila1,1400,,1,0,0,0,0,0,0,0,0,0,0,0,0,0,0,0,0,0,0,0,1
maheob11,1399,,2,0,0,0,0,1,0,0,0,0,0,0,0,1,0,0,0,0,0,0,0
faidr,1399,,4,0,0,0,0,0,0,0,1,1,0,0,0,0,0,0,0,1,1,0,0
roohangizharati,1396,,1,0,0,0,0,0,0,0,0,0,0,0,0,1,0,0,0,0,0,0,0
JaArain34572,1396,,2,0,0,0,0,0,1,0,0,0,0,0,0,0,0,0,0,1,0,0,0
_Ninit_,1395,,1,0,0,0,0,0,1,0,0,0,0,0,0,0,0,0,0,0,0,0,0
free_blacks,1394,,4,0,0,0,0,0,0,0,1,0,1,0,0,1,0,0,0,1,0,0,0
altafbatti92,1394,,1,0,0,0,0,0,0,0,0,0,0,0,0,0,0,0,0,1,0,0,0
EleanorCou61406,1394,,1,0,0,0,0,0,0,0,0,0,0,0,0,0,0,0,0,0,0,0,1
ry0064,1393,,2,0,0,0,0,0,0,0,0,0,1,0,0,0,0,0,0,0,0,0,1
MMIrani83,1393,,11,0,0,0,0,0,1,1,1,1,1,1,1,1,0,0,0,1,1,1,0
Dollydo1901,1393,,1,0,0,0,0,0,0,1,0,0,0,0,0,0,0,0,0,0,0,0,0
gisairon,1392,,1,0,0,0,0,0,0,0,0,0,1,0,0,0,0,0,0,0,0,0,0
femooGEVE,1392,,1,0,0,0,0,0,0,0,0,0,0,0,0,0,0,0,0,0,1,0,0
Saghii2010,1392,,11,1,1,1,1,1,1,1,1,0,0,0,0,0,0,0,0,0,1,1,1
Mr13Au,1392,,1,0,0,0,0,0,0,0,0,0,0,0,0,1,0,0,0,0,0,0,0
Big_DMB,1392,,7,0,0,0,0,0,1,0,1,0,1,1,1,1,1,0,0,0,0,0,0
alchanay,1391,,2,0,0,0,0,1,1,0,0,0,0,0,0,0,0,0,0,0,0,0,0
sltany43,1390,,5,0,0,0,0,0,0,1,0,1,0,1,0,1,0,0,1,0,0,0,0
skout_zaman,1390,,2,0,0,0,0,0,0,0,0,0,0,0,0,0,1,1,0,0,0,0,0
TaniaNavm,1390,,1,0,0,0,0,0,0,1,0,0,0,0,0,0,0,0,0,0,0,0,0
RobertSmigol,1390,,1,0,0,0,0,0,0,0,0,0,0,0,0,0,0,0,0,0,1,0,0
InaCiddood,1390,,1,0,0,0,0,0,0,0,0,0,0,1,0,0,0,0,0,0,0,0,0
SeanHOCinneide,1388,,4,0,0,0,0,0,1,1,1,0,0,0,0,1,0,0,0,0,0,0,0
MeeMeeAlAradi,1388,,1,0,0,0,0,0,0,0,0,0,0,0,0,0,0,1,0,0,0,0,0
Hessamedia,1388,,8,0,0,0,0,0,1,0,0,1,1,0,0,0,0,1,0,1,1,1,1
Faradina_92,1388,,1,0,0,0,0,0,0,0,0,0,0,0,0,0,0,0,0,0,0,0,1
AliAman_,1388,,1,0,0,0,0,0,0,0,0,0,0,0,0,0,0,0,1,0,0,0,0
anica39,1386,,1,0,0,0,0,0,0,0,0,1,0,0,0,0,0,0,0,0,0,0,0
RamazanDeveci1,1386,,1,0,0,0,0,0,0,0,0,0,0,0,0,0,0,0,1,0,0,0,0
DrAlirezaN55697,1386,,1,0,0,0,0,1,0,0,0,0,0,0,0,0,0,0,0,0,0,0,0
Abbas_m_2,1385,,1,0,0,0,0,0,0,0,0,0,0,0,0,0,0,1,0,0,0,0,0
mentalgod_,1384,,1,0,0,0,0,0,0,0,0,0,1,0,0,0,0,0,0,0,0,0,0
albhshly_mhm,1384,,2,0,0,0,0,0,1,0,1,0,0,0,0,0,0,0,0,0,0,0,0
RuhAllaah,1384,,2,0,0,0,0,0,0,0,0,0,0,0,0,1,0,0,0,0,0,0,1
AmiiiiiiirFazli,1384,,2,0,0,0,0,0,1,0,0,1,0,0,0,0,0,0,0,0,0,0,0
Ali70706514,1384,,1,0,0,0,0,0,0,0,0,0,0,0,0,0,0,0,0,0,0,0,1
kazeemolubunmi,1383,,1,0,0,0,0,0,0,0,0,0,0,0,0,0,0,0,0,1,0,0,0
HaftChinar,1383,,1,0,0,0,0,0,0,0,0,0,1,0,0,0,0,0,0,0,0,0,0
MohsenKian1701,1382,,1,0,0,0,0,0,0,0,0,0,0,0,0,0,0,0,0,0,0,0,1
whitecollarpaki,1381,,2,0,0,0,0,0,0,0,1,0,0,0,0,0,0,0,0,0,0,0,1
AlianiLatif,1381,,1,0,0,0,0,0,0,0,0,0,0,0,0,0,0,0,0,1,0,0,0
cdgod,1380,,4,0,0,0,0,0,1,0,1,1,0,0,0,0,0,0,0,0,0,0,1
abdrcao,1379,,1,0,0,0,0,0,0,0,0,0,0,0,0,0,0,0,0,0,1,0,0
Shemology,1379,,9,0,1,0,0,0,1,1,0,1,0,1,1,1,1,0,0,0,1,0,0
FayzMhmdhsn,1379,,2,0,0,0,0,0,0,0,0,0,1,1,0,0,0,0,0,0,0,0,0
Specie_II,1378,,1,0,0,0,0,0,0,0,0,0,1,0,0,0,0,0,0,0,0,0,0
Arrnoldd,1378,,2,0,0,0,0,0,0,0,0,0,0,0,0,0,0,0,1,1,0,0,0
reza18495,1377,,1,0,0,0,0,0,0,0,0,1,0,0,0,0,0,0,0,0,0,0,0
mynewKatrina,1377,,7,0,0,0,0,0,0,0,0,0,1,0,1,1,0,0,1,1,1,0,1
Uks_06,1377,,2,0,0,0,0,0,1,0,0,0,0,0,0,0,0,0,0,0,0,0,1
JewelAnneNonny,1377,,11,0,1,1,1,0,0,1,1,1,1,0,0,1,0,0,0,1,1,1,0
_Obrero_,1375,,1,0,0,0,0,0,1,0,0,0,0,0,0,0,0,0,0,0,0,0,0
Ahmetzbek,1374,,1,0,0,0,0,0,0,0,0,0,0,0,0,0,0,0,0,1,0,0,0
abbas56306222,1373,,8,0,0,1,0,0,0,1,0,1,1,1,1,0,0,0,1,0,1,0,0
castaneda_dfo,1372,,4,0,0,0,0,1,1,1,0,0,0,1,0,0,0,0,0,0,0,0,0
KennethMaqau,1372,,3,0,0,0,0,0,1,0,0,1,0,0,0,0,0,0,1,0,0,0,0
DailyD1ss1dent,1372,,6,0,1,0,0,0,1,0,0,1,0,0,1,1,0,0,0,0,1,0,0
mmdmmd38220176,1371,,1,0,0,0,0,0,0,0,0,0,1,0,0,0,0,0,0,0,0,0,0
alaedroos,1371,,2,0,0,0,0,0,0,0,0,1,0,0,0,0,1,0,0,0,0,0,0
DrAhmedAried,1371,,7,0,0,0,0,1,1,1,1,0,0,1,0,1,0,1,0,0,0,0,0
Nantono4,1369,,2,0,0,0,0,0,0,0,0,0,0,0,0,0,0,0,0,1,1,0,0
SimplyKenny07,1367,,1,0,0,0,0,0,0,0,0,0,1,0,0,0,0,0,0,0,0,0,0
notmycanada2015,1366,,11,1,1,0,0,1,1,1,1,0,0,1,1,1,0,1,0,0,1,0,0
raj1833318ra,1365,,2,0,0,0,0,0,0,0,0,0,0,0,0,0,0,0,0,0,0,1,1
malokisa,1365,,1,0,0,0,0,0,0,0,0,0,0,0,0,1,0,0,0,0,0,0,0
indralubis04,1363,,6,1,0,0,0,0,0,0,0,1,0,0,0,1,0,0,0,0,1,1,1
hussain_amz,1363,,1,0,0,0,0,0,1,0,0,0,0,0,0,0,0,0,0,0,0,0,0
gratott,1363,,1,0,0,0,0,0,0,0,0,0,0,0,0,0,0,0,0,0,0,0,1
ShortFuze96,1363,,3,0,0,0,0,0,0,0,0,0,1,0,0,1,1,0,0,0,0,0,0
0914mirrzam,1363,,1,0,0,0,0,0,0,0,0,0,0,0,0,0,0,0,0,1,0,0,0
Twit_ye1,1361,,1,0,0,0,0,0,1,0,0,0,0,0,0,0,0,0,0,0,0,0,0
Sayed_Mahdi_mz,1361,,7,0,1,0,0,1,1,0,0,1,1,0,0,0,0,0,0,0,1,0,1
LaFay_Morrigan,1361,,1,0,1,0,0,0,0,0,0,0,0,0,0,0,0,0,0,0,0,0,0
Rouzbeh82,1360,,2,0,0,0,0,0,0,0,0,0,1,0,0,0,0,1,0,0,0,0,0
MuhammadTariqS4,1360,,1,0,0,0,0,1,0,0,0,0,0,0,0,0,0,0,0,0,0,0,0
BAHENAJC,1360,,1,0,0,0,0,0,0,0,0,0,0,0,0,0,0,0,0,0,1,0,0
AbdallahYahay19,1360,,13,1,0,1,1,0,1,1,1,1,1,0,1,0,0,0,1,1,1,1,0
just_vianney,1359,,6,0,0,0,0,0,1,0,1,1,0,1,0,0,0,0,0,0,1,0,1
Mukaram_Empee,1359,,8,0,0,0,0,1,0,1,1,0,0,1,0,1,1,1,1,0,0,0,0
DoleYoMwana,1359,,1,1,0,0,0,0,0,0,0,0,0,0,0,0,0,0,0,0,0,0,0
mariapaolini5,1358,,1,0,0,0,0,0,1,0,0,0,0,0,0,0,0,0,0,0,0,0,0
aasemmm2013,1358,,1,0,0,0,0,0,0,0,0,0,0,0,0,0,0,1,0,0,0,0,0
LivingXmasTrees,1358,,2,0,0,1,0,0,0,0,0,0,0,0,0,0,0,0,0,0,0,0,1
jumanatag,1357,,2,0,0,0,0,0,0,0,0,0,0,1,0,0,1,0,0,0,0,0,0
rdrlakerfan,1356,,1,0,0,0,0,0,0,0,0,0,0,0,0,1,0,0,0,0,0,0,0
Lilyakss,1356,,1,0,0,0,0,0,0,0,0,0,0,0,0,0,0,0,0,1,0,0,0
HAliPunjabi,1356,,1,0,0,0,0,0,0,0,0,0,1,0,0,0,0,0,0,0,0,0,0
Amirreza_140,1356,,1,0,0,0,0,0,0,0,0,0,0,0,0,0,0,0,1,0,0,0,0
bruculino,1354,,6,0,1,0,0,0,0,0,1,0,0,0,1,0,0,0,1,0,1,0,1
FaisalQadeer00,1354,,1,0,0,0,0,0,0,1,0,0,0,0,0,0,0,0,0,0,0,0,0
khoda25,1353,,2,0,0,0,0,1,1,0,0,0,0,0,0,0,0,0,0,0,0,0,0
erkankaraca72,1353,,2,0,0,0,0,0,0,0,0,0,0,0,0,0,0,0,1,0,0,0,1
MarilynMarriott,1353,,5,0,0,1,1,0,0,0,1,1,0,0,0,1,0,0,0,0,0,0,0
mobinmohammadiy,1352,,1,0,0,0,0,0,0,0,0,0,0,0,0,1,0,0,0,0,0,0,0
Martin737727572,1352,,1,0,0,0,0,0,0,0,0,0,0,0,0,1,0,0,0,0,0,0,0
LuluIbrahim8,1352,,1,0,0,0,0,0,0,0,0,0,0,0,0,0,0,0,0,1,0,0,0
Yadofied,1351,,3,0,0,0,0,0,0,0,0,0,0,0,0,0,0,0,0,1,1,0,1
Olohunwa13,1351,,7,0,1,0,1,1,0,0,0,0,1,1,0,0,0,1,0,0,1,0,0
Mina_Goldenstar,1351,,16,0,1,1,1,1,1,1,0,1,1,0,1,0,1,1,1,1,1,1,1
Aliran21,1351,,3,0,0,0,0,0,0,0,0,1,0,1,0,1,0,0,0,0,0,0,0
azmemar30,1350,,4,0,0,0,0,0,1,0,0,0,0,0,0,1,0,0,0,0,1,1,0
SaadAlH59134802,1350,,3,0,0,0,0,0,0,0,1,0,1,0,0,0,0,1,0,0,0,0,0
modestolopez20,1347,,1,0,0,0,0,0,0,0,0,0,0,0,0,0,0,0,1,0,0,0,0
knowbuddhau,1347,,1,0,0,0,0,0,0,0,0,0,0,0,0,0,0,0,0,0,1,0,0
danpakitrades,1347,,1,0,0,0,0,0,0,0,0,0,0,0,0,0,0,0,0,1,0,0,0
citrus_kyoto,1347,,1,0,0,0,0,0,1,0,0,0,0,0,0,0,0,0,0,0,0,0,0
5578092747qyxi,1347,,1,0,0,0,0,0,0,0,0,0,1,0,0,0,0,0,0,0,0,0,0
ttm71010,1346,,1,0,0,1,0,0,0,0,0,0,0,0,0,0,0,0,0,0,0,0,0
masoum113,1346,,1,0,0,0,0,0,0,0,0,0,0,1,0,0,0,0,0,0,0,0,0
akinjide_,1345,,1,0,0,0,0,0,0,0,0,0,0,0,0,0,0,0,0,1,0,0,0
AriaSaami,1345,,3,0,0,0,0,0,0,0,0,0,1,1,0,0,0,0,1,0,0,0,0
sandyniebla68,1344,,11,1,1,0,0,1,1,0,1,0,1,0,1,1,1,0,1,0,0,0,1
mtshulembo,1344,,1,0,0,0,0,0,0,0,0,1,0,0,0,0,0,0,0,0,0,0,0
minininjalove,1344,,2,0,0,1,0,0,0,0,0,0,1,0,0,0,0,0,0,0,0,0,0
Toy_boyxpe,1343,,1,1,0,0,0,0,0,0,0,0,0,0,0,0,0,0,0,0,0,0,0
IsisRoy7,1343,,1,0,0,0,0,0,0,0,0,0,0,0,0,0,0,0,0,1,0,0,0
___trojan,1342,,2,0,0,0,0,0,0,0,0,1,1,0,0,0,0,0,0,0,0,0,0
IkwapMatthew,1342,,5,0,1,0,0,0,0,0,1,1,0,0,1,0,0,0,0,0,0,0,1
BeKind__1234,1342,,1,0,0,0,0,0,0,0,0,0,0,0,0,1,0,0,0,0,0,0,0
fiatjaf,1341,,1,0,0,0,0,0,0,0,0,0,0,0,0,1,0,0,0,0,0,0,0
saintstephen96,1340,,1,0,0,0,0,0,0,0,0,0,0,0,0,0,0,0,0,0,0,0,1
nunsense12,1340,,1,0,0,0,0,0,0,0,0,0,0,0,0,0,0,0,0,0,0,0,1
no1historychick,1340,,2,0,0,0,0,0,0,0,0,0,1,0,0,0,0,0,0,0,0,0,1
PassiveCryptoo,1340,,3,0,0,0,0,0,0,1,0,1,0,0,0,0,0,0,0,0,0,1,0
ArabiBoMohammed,1340,,1,0,0,0,0,0,0,0,0,0,0,0,0,1,0,0,0,0,0,0,0
Paul75393245,1339,,1,0,0,0,0,0,0,0,1,0,0,0,0,0,0,0,0,0,0,0,0
mdziyauddin4,1338,,1,0,0,0,0,0,0,0,0,0,0,0,0,0,0,0,0,0,0,0,1
aanabes,1338,,16,1,0,0,1,1,1,0,1,1,1,1,1,1,1,0,1,1,1,1,1
OtaErnest,1338,,1,0,0,0,0,0,1,0,0,0,0,0,0,0,0,0,0,0,0,0,0
kemipajohn,1337,,2,0,0,0,0,0,0,0,0,0,1,0,0,0,0,0,0,1,0,0,0
Tevhidhabercom,1337,,1,1,0,0,0,0,0,0,0,0,0,0,0,0,0,0,0,0,0,0,0
gPDEzd8EHrVejue,1336,,1,0,0,0,1,0,0,0,0,0,0,0,0,0,0,0,0,0,0,0,0
hadithehsoltani,1335,,1,0,0,0,0,0,0,0,0,0,0,0,0,0,0,0,0,0,1,0,0
slr_coin,1334,,1,0,0,0,0,0,0,0,0,0,0,0,0,1,0,0,0,0,0,0,0
Sangtarash482,1334,,1,0,0,0,0,0,0,0,0,0,0,0,0,0,0,0,0,0,1,0,0
LoveIran001,1334,,3,0,0,1,0,0,0,1,1,0,0,0,0,0,0,0,0,0,0,0,0
AidanReed45,1334,,3,0,0,0,0,0,1,0,0,1,1,0,0,0,0,0,0,0,0,0,0
lizboyfanclub,1332,,1,0,0,0,0,0,1,0,0,0,0,0,0,0,0,0,0,0,0,0,0
MahboobehS36980,1332,,2,0,0,0,0,0,0,0,0,0,0,0,0,0,0,1,0,0,1,0,0
KhanShaab_,1332,,1,0,0,0,0,0,0,0,0,1,0,0,0,0,0,0,0,0,0,0,0
bakang_chabs,1329,,1,0,0,0,0,0,0,0,0,1,0,0,0,0,0,0,0,0,0,0,0
askariii_ir,1329,,6,0,1,0,0,0,1,0,1,0,0,0,1,1,0,0,0,0,1,0,0
skyfall1425,1328,,8,0,0,1,0,0,0,1,1,1,1,0,1,0,0,0,1,1,0,0,0
qasimhussyn9,1328,,1,0,0,0,0,0,0,0,0,0,0,0,0,0,0,0,0,0,0,0,1
jralvins,1328,,1,0,0,0,0,0,0,0,0,0,0,0,0,1,0,0,0,0,0,0,0
flight84_,1327,,2,0,0,0,0,0,1,0,0,0,0,0,0,0,0,0,0,0,1,0,0
abdul_5873,1327,,1,0,0,0,0,0,0,0,0,0,0,0,0,0,0,0,0,0,0,1,0
AbidiQudsia,1327,,2,0,0,0,0,0,0,0,0,0,0,0,0,0,0,0,0,0,0,1,1
SempaYusuf,1326,,3,0,0,0,0,0,0,0,0,0,0,0,0,0,0,0,1,1,0,1,0
MAl49748,1326,,1,0,0,0,0,0,0,0,0,0,0,0,0,0,0,1,0,0,0,0,0
LiveMarketChat,1326,,1,0,0,0,0,0,0,0,0,1,0,0,0,0,0,0,0,0,0,0,0
JefJC,1326,,13,0,0,1,1,1,1,1,1,0,0,0,0,1,1,1,0,1,1,1,1
FvckU2x,1326,,3,0,0,0,0,0,1,0,0,0,0,0,0,0,0,0,0,0,0,1,1
zidaneclaudio,1325,,1,0,0,0,0,0,0,0,1,0,0,0,0,0,0,0,0,0,0,0,0
Ammar_12Yasir,1325,,1,0,0,0,0,0,0,0,0,0,0,0,0,0,0,0,0,1,0,0,0
judifrizi,1324,,11,0,0,0,1,0,1,1,1,0,1,0,0,1,0,0,1,1,1,1,1
_Chinggis_,1324,,5,0,1,0,0,1,1,0,0,0,1,0,0,0,0,0,0,1,0,0,0
MHlal63466,1324,,1,0,0,0,0,0,0,0,0,0,0,1,0,0,0,0,0,0,0,0,0
FFathi595798,1324,,4,0,0,0,0,0,0,0,0,0,1,0,0,0,0,0,1,1,1,0,0
_Yem711,1323,,2,0,0,0,0,0,0,0,0,0,1,0,0,1,0,0,0,0,0,0,0
HoosierJackson,1323,,5,0,0,0,0,0,0,0,0,0,1,0,0,1,1,0,0,1,0,0,1
rubab_banoo,1321,,1,0,0,0,0,0,0,0,0,0,1,0,0,0,0,0,0,0,0,0,0
qureshi_alayna,1321,,1,0,0,0,0,0,0,0,0,0,0,0,0,0,0,0,0,0,1,0,0
Abohedar779,1321,,10,0,1,0,0,1,1,0,0,1,1,0,1,1,1,1,0,0,1,0,0
MdAslamParvez12,1320,,4,0,0,0,0,0,0,0,0,0,1,0,0,1,0,1,0,1,0,0,0
Const_1917,1320,,2,0,0,0,0,0,1,1,0,0,0,0,0,0,0,0,0,0,0,0,0
wadhou,1319,,12,0,0,1,0,1,1,0,0,0,0,1,1,1,1,1,1,1,1,0,1
Sirloum,1318,,1,0,0,0,0,0,0,0,0,1,0,0,0,0,0,0,0,0,0,0,0
ArturoMand25338,1318,,7,0,1,0,0,1,1,0,0,0,0,1,0,1,0,0,1,0,0,0,1
gafartweets,1317,,2,0,0,0,0,0,0,0,0,0,0,0,0,0,0,0,1,0,1,0,0
MirYousef18,1317,,1,0,1,0,0,0,0,0,0,0,0,0,0,0,0,0,0,0,0,0,0
vayeghani_,1316,,1,0,0,0,0,0,0,0,0,0,0,0,0,0,0,0,0,0,1,0,0
LydiaLu32420531,1316,,1,0,0,0,0,0,0,0,0,0,0,0,0,0,0,0,0,1,0,0,0
ameyahardas,1315,,2,1,0,0,0,0,0,0,0,0,0,0,0,1,0,0,0,0,0,0,0
CReTheIll,1315,,1,0,0,0,0,0,0,0,0,0,0,0,0,1,0,0,0,0,0,0,0
Muantus,1314,,1,0,0,0,0,0,1,0,0,0,0,0,0,0,0,0,0,0,0,0,0
mercernany,1313,,1,0,0,0,0,0,0,0,0,0,1,0,0,0,0,0,0,0,0,0,0
khowajakarim,1313,,1,0,0,0,0,0,1,0,0,0,0,0,0,0,0,0,0,0,0,0,0
clementina_casa,1312,,1,0,1,0,0,0,0,0,0,0,0,0,0,0,0,0,0,0,0,0,0
Montechris61734,1312,,1,0,0,0,0,0,0,0,0,0,0,0,0,0,0,0,0,0,0,0,1
Hashem1369565,1312,,2,0,0,0,0,0,0,0,0,1,0,1,0,0,0,0,0,0,0,0,0
Ahmadshigri512,1312,,2,0,0,0,0,0,0,0,0,1,0,1,0,0,0,0,0,0,0,0,0
xp32D_2022,1311,,7,0,1,0,0,1,0,0,0,0,0,1,1,1,0,0,0,0,0,1,1
farrlover,1311,,6,0,0,0,0,0,0,1,0,0,1,0,0,1,0,0,1,0,1,1,0
ell_rufai,1311,,1,0,0,0,0,0,0,0,0,0,0,0,0,0,0,0,0,0,0,0,1
ThenewKarma5,1311,,1,0,0,0,0,0,0,0,1,0,0,0,0,0,0,0,0,0,0,0,0
ChantaleThebaud,1311,,2,0,0,0,0,0,0,0,0,0,0,0,0,0,0,0,1,1,0,0,0
Faichan_Kangri,1310,,1,0,0,0,0,0,1,0,0,0,0,0,0,0,0,0,0,0,0,0,0
jasonsafdari,1308,,2,0,0,0,0,0,0,0,0,0,0,0,0,0,0,0,0,1,1,0,0
LadyBir92371333,1308,,1,0,0,0,0,0,1,0,0,0,0,0,0,0,0,0,0,0,0,0,0
Amir46170972,1308,,1,0,0,0,0,0,0,0,0,0,0,0,1,0,0,0,0,0,0,0,0
ringo_shanon11,1306,,1,0,0,0,0,0,0,1,0,0,0,0,0,0,0,0,0,0,0,0,0
mojtahedT,1306,,1,0,0,0,0,0,0,0,0,1,0,0,0,0,0,0,0,0,0,0,0
kapten_imel,1306,,1,1,0,0,0,0,0,0,0,0,0,0,0,0,0,0,0,0,0,0,0
giovcusumano,1306,,1,0,0,0,0,0,1,0,0,0,0,0,0,0,0,0,0,0,0,0,0
aniluvskidos,1306,,1,0,0,0,0,0,0,1,0,0,0,0,0,0,0,0,0,0,0,0,0
ahmadinejadism1,1306,,1,0,0,0,0,0,0,0,0,0,0,0,0,1,0,0,0,0,0,0,0
huseyn_erdemir,1305,,2,0,0,0,0,0,0,0,0,0,1,1,0,0,0,0,0,0,0,0,0
abwmhmd94690203,1305,,1,0,0,0,0,0,0,0,0,0,0,0,0,0,0,1,0,0,0,0,0
Robert46989257,1305,,2,0,0,0,0,0,0,0,0,0,0,0,0,0,0,0,0,1,0,1,0
ZingMiester,1303,,1,0,0,0,0,0,0,0,0,0,0,0,0,0,0,0,0,0,0,0,1
IqraNad80771632,1303,,2,0,1,0,0,0,0,0,0,0,0,0,0,0,0,0,0,1,0,0,0
nittyBites,1302,,11,1,0,0,1,0,1,1,0,1,0,1,0,1,0,1,1,0,0,1,1
ITilvescu,1302,,1,0,1,0,0,0,0,0,0,0,0,0,0,0,0,0,0,0,0,0,0
Bendapp,1302,,3,1,0,0,0,1,0,0,0,1,0,0,0,0,0,0,0,0,0,0,0
whykazim,1301,,1,0,0,0,0,0,0,1,0,0,0,0,0,0,0,0,0,0,0,0,0
kkamalx,1301,,2,0,0,0,0,0,0,0,0,0,0,0,0,0,0,0,1,1,0,0,0
PowerToTheProle,1301,,3,0,0,0,0,0,0,0,0,0,1,0,0,0,0,0,1,0,0,0,1
DirkPampel,1300,,1,0,0,0,0,0,0,0,0,0,1,0,0,0,0,0,0,0,0,0,0
AbuMoaiad1,1300,,6,0,0,0,0,0,0,0,1,1,1,1,1,1,0,0,0,0,0,0,0
bacheh_seyed,1299,,1,0,0,0,0,0,0,0,0,0,0,0,0,0,0,0,0,0,0,0,1
MAPTI786,1299,,1,0,0,0,0,0,0,0,0,0,0,0,0,0,0,0,0,1,0,0,0
AntiTaraf,1299,,1,0,0,0,0,0,0,0,0,0,0,0,0,0,0,0,0,1,0,0,0
layton60loretta,1298,,1,0,0,0,0,0,0,0,0,0,0,0,0,0,0,0,0,0,1,0,0
NikdelZahr3675,1298,,1,0,0,0,0,0,0,0,0,0,0,0,0,0,0,1,0,0,0,0,0
ARottenOldOne,1298,,9,0,0,0,0,0,0,1,0,1,1,0,1,1,0,0,1,1,1,0,1
aHEMandias,1297,,1,0,0,0,0,0,1,0,0,0,0,0,0,0,0,0,0,0,0,0,0
PrimeCasemiro,1296,,4,0,0,0,0,0,1,1,1,0,1,0,0,0,0,0,0,0,0,0,0
JonathanMaw,1296,,2,0,0,0,0,0,0,0,0,1,0,0,0,0,0,0,0,0,1,0,0
Finbar_Markey,1296,,1,0,0,0,0,0,0,0,0,0,1,0,0,0,0,0,0,0,0,0,0
rosalia_tv,1293,,1,0,0,0,0,0,0,0,0,0,0,0,0,0,0,0,0,1,0,0,0
meliorisaevi28,1293,,4,0,0,0,0,0,0,0,0,0,0,0,0,0,0,0,1,1,0,1,1
isaytruth,1293,,7,0,0,0,0,0,1,0,0,0,1,0,1,1,0,1,0,1,0,1,0
IranView24,1293,,1,0,0,0,0,0,0,0,0,0,1,0,0,0,0,0,0,0,0,0,0
hamid_rafieei,1292,,1,0,1,0,0,0,0,0,0,0,0,0,0,0,0,0,0,0,0,0,0
dekathlos,1292,,6,0,0,0,0,0,0,0,1,1,1,0,1,0,0,0,0,1,0,1,0
Simabeheshtii,1292,,1,0,0,0,0,0,1,0,0,0,0,0,0,0,0,0,0,0,0,0,0
Hosein_Pourkave,1292,,2,0,0,0,0,0,1,0,0,0,0,1,0,0,0,0,0,0,0,0,0
EvaristMbuya,1292,,1,0,0,0,0,0,1,0,0,0,0,0,0,0,0,0,0,0,0,0,0
mhnami_ir,1291,,1,0,0,0,0,0,0,0,0,0,0,0,0,0,0,0,0,0,0,0,1
aloeareyouokay,1290,,2,0,0,0,0,0,0,0,0,0,0,0,0,0,0,0,0,1,0,1,0
Seventeen1958,1290,,1,0,0,0,0,0,0,1,0,0,0,0,0,0,0,0,0,0,0,0,0
Rakoonin,1290,,4,0,0,0,0,0,0,0,0,0,1,0,1,1,0,0,0,0,0,1,0
msAliIraqiiims,1289,,7,1,1,1,1,1,0,0,1,0,0,1,0,0,0,0,0,0,0,0,0
kalvan1917,1289,,1,0,0,0,0,0,0,0,0,0,0,0,0,0,0,0,0,0,1,0,0
SheiduOnimisi,1289,,1,0,0,0,0,0,0,0,0,0,0,0,0,0,0,0,0,0,0,0,1
RedainBeirut2,1289,,4,0,0,0,0,0,0,0,0,1,1,0,1,0,0,0,0,1,0,0,0
Hamid__sH,1289,,2,0,0,0,0,0,0,0,1,0,1,0,0,0,0,0,0,0,0,0,0
trublion92600,1288,,1,0,0,0,0,0,0,0,0,0,0,0,0,1,0,0,0,0,0,0,0
ranjbar_alii,1288,,1,0,0,0,0,0,0,0,0,0,0,0,0,0,0,0,0,0,0,1,0
meshkatt110,1288,,2,0,0,0,0,0,0,0,0,0,0,1,0,0,0,0,0,0,0,1,0
antoniomrod8,1288,,3,0,0,0,0,1,1,0,0,0,0,0,0,0,0,0,0,0,0,0,1
SunflyMaldives,1288,,1,0,0,0,0,0,0,0,0,0,0,0,0,0,0,0,0,0,1,0,0
Rohulaafzal,1288,,4,0,0,0,0,0,0,0,0,0,0,0,0,0,0,0,1,1,0,1,1
FreddE_Freedom,1288,,12,1,0,0,0,1,1,0,1,1,1,0,1,0,0,1,1,1,1,1,0
HariciyeNaziriC,1287,,1,0,0,1,0,0,0,0,0,0,0,0,0,0,0,0,0,0,0,0,0
pereooo,1286,,5,0,0,0,0,0,0,0,0,0,1,1,1,1,1,0,0,0,0,0,0
pSuCbNcFjsrsDBo,1286,,2,0,0,0,0,0,1,0,0,0,0,0,0,0,0,0,0,1,0,0,0
Bluebugaboo2,1286,,1,0,0,0,0,0,0,0,0,0,0,0,0,0,0,0,0,0,0,0,1
00fahdii,1286,,1,0,0,0,0,1,0,0,0,0,0,0,0,0,0,0,0,0,0,0,0
uroch94,1285,,7,0,0,0,0,0,1,0,1,0,0,0,1,1,0,0,0,1,1,0,1
muchiriih,1285,,1,0,1,0,0,0,0,0,0,0,0,0,0,0,0,0,0,0,0,0,0
izzo_btc,1285,,2,0,0,0,0,0,0,0,0,0,0,0,0,0,0,0,0,0,0,1,1
BKelkun,1285,,7,0,0,0,0,1,0,0,0,1,1,0,0,1,0,0,1,0,1,0,1
ValliGmail,1284,,8,0,0,0,0,0,1,0,1,1,0,1,1,1,0,1,0,0,0,0,1
Fatima_the7,1284,,2,0,0,0,0,0,0,0,0,0,0,0,0,1,0,0,0,0,1,0,0
___Humanity____,1283,,2,0,0,0,0,0,0,0,0,1,1,0,0,0,0,0,0,0,0,0,0
Kambizz96,1283,,2,0,0,0,0,0,0,0,0,0,0,0,0,1,1,0,0,0,0,0,0
HitlerFC21,1283,,1,0,0,0,0,1,0,0,0,0,0,0,0,0,0,0,0,0,0,0,0
Alawi48654191,1283,,1,0,0,0,0,0,0,0,0,0,0,0,0,0,0,0,0,1,0,0,0
abdulqaadirMN,1282,,4,1,0,1,0,0,0,1,0,0,0,0,0,0,0,0,1,0,0,0,0
GabG1503,1282,,1,0,0,0,0,1,0,0,0,0,0,0,0,0,0,0,0,0,0,0,0
BenarKimani,1282,,4,0,1,0,0,0,1,0,0,1,0,0,0,0,0,0,0,0,1,0,0
BS_intervention,1281,,1,0,0,0,0,0,0,0,0,0,0,0,0,1,0,0,0,0,0,0,0
trumanOlmak,1280,,4,0,0,0,1,0,0,0,1,0,1,0,0,0,0,0,0,0,0,1,0
rilusmahmud,1280,,10,0,1,0,0,0,1,1,0,1,1,0,1,1,0,1,0,1,0,0,1
filleDeNeige3,1280,,1,0,0,0,0,0,0,1,0,0,0,0,0,0,0,0,0,0,0,0,0
NSYCAN,1280,,9,0,0,0,0,1,0,0,0,0,1,1,1,1,0,0,0,1,1,1,1
panyeanyonyi,1279,,1,0,0,0,0,0,0,0,0,0,1,0,0,0,0,0,0,0,0,0,0
MoShumon,1279,,1,0,0,0,0,0,0,0,0,0,0,0,0,0,0,0,0,0,1,0,0
MadameJustice_,1278,,1,0,1,0,0,0,0,0,0,0,0,0,0,0,0,0,0,0,0,0,0
Jkrkaliisa,1278,,1,0,0,0,0,0,0,0,0,1,0,0,0,0,0,0,0,0,0,0,0
3rdwayNewgen,1278,,5,1,0,0,0,0,0,0,1,1,0,1,0,0,0,0,0,0,1,0,0
kamali_m63,1277,,2,0,0,0,1,0,0,0,0,0,0,0,0,1,0,0,0,0,0,0,0
guymannesabbott,1275,,2,0,0,0,0,0,0,0,0,0,0,0,1,0,0,0,0,0,0,0,1
antbar12,1275,,6,0,0,1,0,0,0,0,0,1,0,0,0,1,1,1,0,1,0,0,0
MbuyaziNkosi,1275,,4,0,1,0,0,0,0,0,1,1,0,0,0,1,0,0,0,0,0,0,0
HdhyfyA,1275,,1,0,0,0,0,0,0,0,0,0,0,0,0,1,0,0,0,0,0,0,0
forsaker1900,1274,,3,0,0,0,0,0,0,0,1,0,0,0,0,0,0,0,0,1,1,0,0
cim_rx5955,1274,,3,0,0,0,0,0,0,0,1,1,1,0,0,0,0,0,0,0,0,0,0
GhazalHamida,1274,,2,0,0,0,0,0,1,1,0,0,0,0,0,0,0,0,0,0,0,0,0
DrSurendra07,1274,,1,0,0,0,0,0,0,0,0,0,0,0,0,0,0,0,0,0,0,0,1
Ahmed_K_Eldin,1274,,2,0,0,0,0,0,1,0,0,0,1,0,0,0,0,0,0,0,0,0,0
SajjadAlasmar,1273,,1,1,0,0,0,0,0,0,0,0,0,0,0,0,0,0,0,0,0,0,0
oman99696gm1,1272,,1,0,0,0,0,0,0,0,0,0,0,0,0,0,0,0,0,0,0,0,1
KajimSharibi,1272,,1,0,0,0,0,0,1,0,0,0,0,0,0,0,0,0,0,0,0,0,0
EventSpectator,1272,,7,1,1,0,0,1,0,1,1,0,1,0,0,1,0,0,0,0,0,0,0
khammad6836,1271,,5,0,0,0,0,0,0,0,0,1,0,1,1,1,0,0,1,0,0,0,0
iArifRizvi,1271,,2,0,0,0,0,0,1,0,1,0,0,0,0,0,0,0,0,0,0,0,0
ali_agha_hastam,1271,,5,0,0,0,0,1,0,0,0,1,0,0,0,1,1,0,0,0,1,0,0
Samethastam,1271,,1,0,0,1,0,0,0,0,0,0,0,0,0,0,0,0,0,0,0,0,0
dmcoelho51,1270,,1,0,0,0,0,0,0,1,0,0,0,0,0,0,0,0,0,0,0,0,0
MarianoC12,1270,,1,0,0,0,0,0,0,0,0,0,0,0,0,0,0,0,0,1,0,0,0
vulgarboatman,1269,,6,0,0,0,0,1,1,0,0,0,1,0,0,0,0,0,0,1,0,1,1
karambakhsh110,1269,,13,1,1,0,0,1,1,1,1,0,0,0,1,1,1,0,1,0,1,1,1
BenecolYakult,1269,,2,0,0,0,0,0,0,0,0,0,0,0,0,0,0,0,0,0,0,1,1
Siddiq_elkanawi,1268,,2,0,0,0,0,0,0,0,0,0,1,0,0,1,0,0,0,0,0,0,0
DorudiNL,1268,,6,0,0,0,0,0,1,0,0,1,1,0,1,0,0,0,0,0,1,1,0
xXxBlackGostxXx,1267,,1,0,0,0,0,0,0,0,0,0,0,0,0,0,0,0,0,0,0,0,1
norman_pilon,1267,,1,0,0,0,0,0,0,0,0,0,0,0,0,0,0,0,0,0,0,1,0
jumose57,1267,,2,0,0,0,0,0,1,0,0,0,0,0,0,0,0,0,0,0,1,0,0
MuhammedKARABI7,1267,,2,0,1,0,0,1,0,0,0,0,0,0,0,0,0,0,0,0,0,0,0
mike57882268,1266,,3,0,0,0,0,0,0,0,0,1,0,0,0,0,0,0,0,1,0,1,0
Natasha78509955,1266,,1,0,0,0,0,0,0,0,0,0,0,0,0,0,0,0,0,0,1,0,0
ImrozKhanMir,1266,,2,0,0,0,0,0,0,0,1,0,0,0,0,0,0,0,0,0,0,0,1
TsuliAtetwe,1265,,1,0,0,0,0,0,0,0,0,0,0,0,0,0,0,0,0,0,0,0,1
Squeaky56627517,1265,,1,0,0,0,0,0,0,0,0,0,0,0,0,0,0,0,0,0,0,1,0
dizzymuscles,1264,,1,0,0,0,0,0,0,0,1,0,0,0,0,0,0,0,0,0,0,0,0
WaheedPirzada,1264,,1,0,0,0,0,0,0,0,0,0,0,0,0,1,0,0,0,0,0,0,0
dwfeogogo120,1263,,19,0,1,1,1,1,1,1,1,1,1,1,1,1,1,1,1,1,1,1,1
arjmandtnz,1263,,1,0,0,0,0,0,0,0,0,0,0,0,0,1,0,0,0,0,0,0,0
NickCrum111,1263,,1,0,0,0,0,0,0,0,0,1,0,0,0,0,0,0,0,0,0,0,0
Kazhe313,1263,,1,0,0,0,0,0,0,0,0,0,0,0,0,0,0,0,0,0,0,1,0
BeyranvandH,1263,,3,0,0,0,0,1,0,0,0,0,0,0,0,1,1,0,0,0,0,0,0
mahendrasattav,1262,,1,0,0,0,0,0,0,0,0,0,0,0,0,0,0,0,0,0,0,0,1
He_Is_Noel,1262,,4,0,0,0,0,1,0,0,1,1,0,0,0,0,0,0,0,0,0,0,1
Ali_Moradi1999,1262,,3,0,0,0,0,0,1,0,0,0,0,0,0,1,1,0,0,0,0,0,0
ann_agf,1261,,1,0,0,0,0,0,0,0,0,0,0,0,0,0,0,0,1,0,0,0,0
YasirSh32742257,1261,,6,0,1,0,1,0,0,0,0,0,0,1,0,1,1,0,0,1,0,0,0
shofmo50,1260,,1,0,0,0,0,0,0,0,0,0,1,0,0,0,0,0,0,0,0,0,0
Melika_2005,1260,,1,0,0,0,0,0,1,0,0,0,0,0,0,0,0,0,0,0,0,0,0
TantrumsBaba,1259,,6,0,0,1,0,0,0,0,1,1,0,1,1,0,0,1,0,0,0,0,0
6731samm,1259,,7,0,0,0,0,0,1,0,0,1,0,1,1,0,0,1,1,1,0,0,0
dontmind_555,1258,,5,0,0,0,0,1,0,0,0,0,0,1,0,0,0,0,0,0,1,1,1
SKASHIF29,1258,,9,0,0,0,0,0,0,0,1,1,1,0,1,1,0,0,1,1,0,1,1
DeependraMSinha,1258,,1,0,0,0,0,0,0,0,0,0,0,0,0,0,0,0,0,0,0,0,1
northerly_,1257,,8,0,0,0,0,0,1,0,0,0,1,0,0,1,1,0,1,1,1,0,1
migtronix,1257,,1,0,0,0,0,0,1,0,0,0,0,0,0,0,0,0,0,0,0,0,0
Iam_Qewzy,1257,,3,0,0,0,0,0,1,1,1,0,0,0,0,0,0,0,0,0,0,0,0
Madikasa,1256,,2,0,0,1,1,0,0,0,0,0,0,0,0,0,0,0,0,0,0,0,0
LiegeAlpha_,1256,,1,0,0,0,0,1,0,0,0,0,0,0,0,0,0,0,0,0,0,0,0
soran_68,1255,,6,0,0,0,1,0,0,0,1,1,1,0,0,0,0,0,1,0,1,0,0
hasanemarat1356,1255,,1,0,0,0,0,0,0,0,0,0,0,0,0,0,0,0,0,1,0,0,0
dilanosally1,1254,,2,0,0,0,0,0,0,0,0,0,0,0,0,0,0,0,0,1,0,1,0
boxer_dogelon,1254,,5,0,0,0,0,0,1,1,0,0,1,0,0,1,1,0,0,0,0,0,0
rogetmana,1252,,1,0,0,0,0,0,0,0,0,0,1,0,0,0,0,0,0,0,0,0,0
jannahseeker99,1252,,1,0,0,0,0,0,0,0,0,0,1,0,0,0,0,0,0,0,0,0,0
Peter___R,1252,,1,0,0,0,0,0,0,0,0,0,0,0,0,0,0,0,0,0,0,0,1
EvrimEvolution,1252,,1,0,0,0,0,0,0,0,0,0,0,0,0,0,0,0,0,1,0,0,0
subhasis19,1251,,1,0,0,0,0,0,1,0,0,0,0,0,0,0,0,0,0,0,0,0,0
elperrogacho,1251,,1,0,0,0,0,0,0,0,0,0,0,0,0,0,0,0,0,0,0,0,1
loveanna22c,1250,,2,0,0,1,0,0,0,0,1,0,0,0,0,0,0,0,0,0,0,0,0
MohammadBinbas,1250,,7,0,0,0,0,1,1,0,0,1,1,1,0,0,0,0,1,0,1,0,0
Ishaqmk3,1250,,3,0,0,0,0,1,1,0,0,0,1,0,0,0,0,0,0,0,0,0,0
ZarMahdi,1249,,1,0,0,0,0,0,0,0,0,0,0,0,1,0,0,0,0,0,0,0,0
wissam80023343,1248,,1,0,0,0,0,0,0,0,0,0,0,0,0,0,0,0,1,0,0,0,0
baghi_rebel_,1248,,1,0,0,0,0,0,0,0,0,0,0,0,0,0,0,0,0,1,0,0,0
NgarQ79104,1248,,1,0,0,0,0,0,1,0,0,0,0,0,0,0,0,0,0,0,0,0,0
chiarapellegri9,1247,,5,0,0,0,0,0,1,0,1,0,1,0,1,0,0,0,0,0,1,0,0
beraniadilhebat,1246,,4,0,0,0,1,0,0,0,0,1,1,0,0,0,0,0,0,1,0,0,0
usmanghani088,1245,,1,0,0,0,0,0,0,0,0,0,0,0,0,0,0,0,0,0,0,0,1
WordsOfYahya,1245,,1,0,0,0,0,0,1,0,0,0,0,0,0,0,0,0,0,0,0,0,0
epreynolds,1244,,1,0,0,0,0,0,0,0,0,0,0,0,0,0,0,0,0,0,0,1,0
PetrovicSenex,1244,,1,0,0,0,0,0,0,0,0,0,0,0,0,0,0,0,0,0,0,0,1
GraceOlufunmil2,1244,,1,0,0,0,0,0,0,0,0,0,0,0,0,0,0,0,0,0,0,0,1
virangar65,1242,,1,0,0,0,0,0,0,0,0,0,0,0,0,0,0,0,0,0,1,0,0
campa_61,1242,,2,0,0,1,0,0,0,0,0,0,0,0,0,0,0,0,0,0,1,0,0
aliAlialshm,1242,,1,0,0,0,0,0,0,0,0,0,0,0,0,0,0,1,0,0,0,0,0
DPrabhata,1242,,13,0,1,1,0,1,1,0,1,1,1,1,1,1,0,0,1,1,0,1,0
onimsi_,1241,,3,0,0,0,0,0,0,0,0,0,0,1,1,1,0,0,0,0,0,0,0
SyedQandil,1241,,2,0,0,0,0,0,0,0,0,0,1,0,0,0,0,0,0,0,1,0,0
MBhramy22855,1241,,10,0,0,0,1,0,0,0,1,1,1,0,1,1,0,0,1,1,1,0,1
IJOBAFUFU,1241,,11,1,0,1,1,1,0,0,0,1,1,1,1,0,0,0,0,0,1,1,1
Wakeupandresist,1240,,8,0,0,0,1,1,1,1,0,0,0,0,0,0,0,0,1,1,0,1,1
tekzilver,1239,,7,0,1,1,1,0,1,0,1,0,1,0,0,0,0,0,0,0,0,0,1
coastlivingnow,1239,,8,0,0,0,0,1,1,1,0,1,1,0,1,1,1,0,0,0,0,0,0
TheLittleG1,1239,,13,0,0,0,1,1,1,1,1,1,1,1,0,1,0,0,1,1,1,0,1
LTgtSXLkCwwWeba,1239,,2,0,0,0,0,0,0,0,0,0,0,0,0,0,0,1,1,0,0,0,0
mos_jalali,1238,,2,0,0,0,0,0,0,0,0,0,0,0,0,0,0,0,1,1,0,0,0
amir_mahdi74,1238,,1,0,0,0,0,0,0,0,0,0,0,1,0,0,0,0,0,0,0,0,0
BflexUg,1238,,1,0,0,0,0,0,0,0,0,0,1,0,0,0,0,0,0,0,0,0,0
BetaMulti,1238,,2,0,0,0,0,0,0,0,1,1,0,0,0,0,0,0,0,0,0,0,0
Screamopilla,1237,,7,1,0,0,0,0,0,0,0,1,1,0,0,0,0,1,1,1,0,0,1
Moonface6969,1237,,2,0,0,0,0,0,0,0,0,0,0,1,0,0,0,0,0,1,0,0,0
shivaat,1236,,1,0,0,0,0,0,0,0,0,0,0,0,0,0,0,0,0,0,1,0,0
mmhasanain2,1236,,2,0,0,0,0,0,0,0,0,1,0,0,0,0,0,0,0,0,0,0,1
mahinofmihan,1236,,1,0,0,0,0,1,0,0,0,0,0,0,0,0,0,0,0,0,0,0,0
asivasankar75,1236,,2,0,1,0,0,0,0,0,0,0,0,0,0,0,1,0,0,0,0,0,0
fatrouni_sam,1235,,1,0,0,0,0,0,0,0,0,0,0,0,0,0,0,0,1,0,0,0,0
Hakim_a_abdul,1235,,3,0,0,0,0,0,0,0,1,1,1,0,0,0,0,0,0,0,0,0,0
FLYFORPAL,1235,,1,0,0,0,0,0,0,0,0,1,0,0,0,0,0,0,0,0,0,0,0
FeralJacobs,1234,,1,0,0,0,0,0,0,0,0,0,1,0,0,0,0,0,0,0,0,0,0
CorruptMugshots,1234,,1,0,0,0,0,0,0,0,0,0,0,1,0,0,0,0,0,0,0,0,0
yemensolo,1233,,1,0,0,0,0,0,0,0,0,0,0,0,0,0,0,0,0,0,0,0,1
yazdanpanah_a,1233,,2,0,0,0,0,0,0,0,0,1,0,0,0,0,0,0,0,0,0,0,1
residentJihadi,1233,,3,0,0,0,0,0,1,1,0,1,0,0,0,0,0,0,0,0,0,0,0
a_alaviniya,1233,,1,0,0,0,0,0,0,0,0,0,0,0,0,1,0,0,0,0,0,0,0
GhaziUnver,1233,,1,0,0,0,0,0,0,0,0,0,0,0,0,0,0,0,0,0,0,0,1
command197,1232,,1,0,0,0,0,0,0,0,0,0,0,0,0,0,0,0,0,0,0,0,1
GiovaniPalma13,1232,,3,0,0,0,0,0,0,1,0,0,0,0,0,0,0,0,0,0,1,0,1
Michllekirby,1231,,1,0,0,0,0,0,1,0,0,0,0,0,0,0,0,0,0,0,0,0,0
3meraSherif,1231,,1,0,0,0,0,0,0,0,0,0,0,0,0,0,0,1,0,0,0,0,0
Rfm39089871,1230,,2,0,0,0,0,0,0,0,0,0,0,0,0,1,0,0,0,0,0,0,1
kabbah20,1229,,4,0,0,1,0,0,0,0,1,1,1,0,0,0,0,0,0,0,0,0,0
Ali__Alhassany,1229,,1,0,0,0,0,1,0,0,0,0,0,0,0,0,0,0,0,0,0,0,0
survivor7091,1228,,2,0,0,0,0,0,0,0,0,0,0,0,0,0,0,0,0,0,0,1,1
rgyatso,1228,,2,0,0,0,0,0,1,0,0,0,0,0,0,0,0,0,0,1,0,0,0
askarme,1228,,15,0,1,1,1,1,1,1,1,1,1,1,1,1,0,1,1,1,0,0,0
____Gustavo_,1228,,5,0,1,0,0,1,0,1,1,0,0,0,0,0,0,0,0,1,0,0,0
AlhsnyBdalnasr,1228,,1,0,0,0,0,1,0,0,0,0,0,0,0,0,0,0,0,0,0,0,0
RevoAmericana,1227,,1,0,0,0,0,0,0,0,0,0,0,0,0,0,0,0,0,0,0,0,1
Abw10135Wayl,1227,,1,0,0,0,0,0,0,0,0,0,0,0,1,0,0,0,0,0,0,0,0
seemiyahh,1226,,1,0,0,0,1,0,0,0,0,0,0,0,0,0,0,0,0,0,0,0,0
eareeb,1226,,2,0,0,0,0,0,0,1,0,0,0,0,1,0,0,0,0,0,0,0,0
EgbemAmoug,1226,,1,0,0,0,0,0,0,0,0,0,0,0,0,1,0,0,0,0,0,0,0
sanode2k,1225,,1,0,0,0,0,0,0,0,0,0,0,0,0,0,0,0,0,0,0,0,1
dr_merlino,1225,,3,1,0,0,0,0,0,0,0,0,0,0,0,0,0,0,1,0,0,0,1
Michael_376,1225,,3,0,0,0,0,0,0,1,0,0,0,0,0,1,0,0,0,1,0,0,0
HazaratBori,1225,,11,0,0,0,1,1,1,0,1,1,1,1,1,0,0,0,0,1,1,0,1
zaina_mami,1224,,3,0,0,1,0,0,0,0,0,0,0,0,0,0,0,0,0,1,1,0,0
mcenizas_,1224,,1,0,0,0,0,0,0,0,0,0,0,0,0,0,0,0,0,0,0,0,1
bp448yk1,1224,,1,0,0,0,0,0,0,0,0,0,0,0,0,0,0,1,0,0,0,0,0
BabShk2,1224,,11,0,0,0,1,1,1,1,1,0,0,0,1,1,1,0,1,1,1,0,0
yosoyGaby,1223,,3,0,0,0,0,0,0,0,0,0,0,0,1,1,1,0,0,0,0,0,0
richelle_steyn,1223,,1,0,0,0,0,0,1,0,0,0,0,0,0,0,0,0,0,0,0,0,0
bwatfa,1223,,8,0,0,1,0,0,0,0,1,1,1,0,0,0,0,1,0,1,0,1,1
marinelli80lind,1222,,1,0,0,0,0,1,0,0,0,0,0,0,0,0,0,0,0,0,0,0,0
TheEnergyKing,1221,,16,0,1,1,1,1,1,1,1,1,1,1,1,1,0,0,0,1,1,1,1
DrTrenton,1221,,2,0,0,0,0,0,0,0,0,0,0,0,0,0,1,0,0,0,1,0,0
JingoIbrahim3,1220,,2,0,0,0,0,0,0,0,0,1,0,0,0,0,0,0,0,1,0,0,0
akbaraliKarkiti,1218,,2,0,1,0,0,0,0,0,0,0,0,0,1,0,0,0,0,0,0,0,0
Alexkennedy213,1218,,1,0,0,0,0,0,0,0,0,0,0,0,0,0,0,0,0,1,0,0,0
RajaAbdurRehman,1217,,2,0,0,0,0,0,0,0,0,0,0,0,0,0,0,0,1,1,0,0,0
VernsCave,1216,,1,0,0,0,0,0,0,0,0,0,0,0,0,0,0,0,0,0,0,0,1
Mani123x,1216,,1,0,0,0,0,0,0,0,0,0,1,0,0,0,0,0,0,0,0,0,0
zvonko2026,1215,,2,0,0,0,0,1,0,0,0,0,0,0,0,0,0,0,1,0,0,0,0
ezraaeeill,1215,,3,0,0,0,0,1,0,0,0,0,0,1,0,0,0,0,0,1,0,0,0
SamG2940,1215,,1,0,0,0,0,0,0,0,0,0,1,0,0,0,0,0,0,0,0,0,0
Mir85t,1215,,5,1,1,0,0,0,1,0,0,0,0,0,0,0,0,1,0,0,1,0,0
IamDeeHassan,1215,,2,0,0,0,0,0,0,0,0,0,1,0,0,0,0,0,0,1,0,0,0
mr_ali_musavi,1214,,1,0,0,0,0,0,0,0,0,0,0,0,1,0,0,0,0,0,0,0,0
mahdi_lotfi74,1214,,1,0,0,0,0,0,0,0,0,0,0,0,1,0,0,0,0,0,0,0,0
kamel__la,1213,,1,0,0,0,0,0,0,0,0,0,0,0,0,0,0,0,0,1,0,0,0
ZainabKirsteen,1213,,2,0,0,0,0,0,0,0,0,0,0,0,0,0,0,0,0,0,0,1,1
TheReal1908,1213,,2,0,0,0,0,0,0,0,1,0,0,0,0,0,0,0,0,0,1,0,0
Leganav,1213,,1,0,0,0,0,0,0,0,0,0,0,0,0,0,1,0,0,0,0,0,0
akasha2458,1212,,2,0,0,0,0,1,0,0,0,0,0,0,0,0,0,0,0,0,1,0,0
RIAK42,1212,,1,0,0,0,0,0,1,0,0,0,0,0,0,0,0,0,0,0,0,0,0
kitty_litter_1,1210,,1,0,0,0,0,0,0,0,0,0,1,0,0,0,0,0,0,0,0,0,0
UJosephus52,1210,,1,0,0,0,0,0,0,0,0,0,1,0,0,0,0,0,0,0,0,0,0
Twiiterati,1210,,3,0,0,0,0,0,1,0,1,0,1,0,0,0,0,0,0,0,0,0,0
Mad_Beard,1210,,1,0,0,0,0,0,0,0,0,0,1,0,0,0,0,0,0,0,0,0,0
KararOlayan313,1210,,4,0,0,0,0,0,1,0,0,0,0,0,0,0,0,0,1,0,0,1,1
papidangiwa,1209,,1,0,0,0,0,0,0,0,0,0,0,0,0,0,0,0,1,0,0,0,0
BrendanJGomez,1209,,1,0,0,0,0,0,0,0,0,0,1,0,0,0,0,0,0,0,0,0,0
SalahalHakami1,1208,,8,0,0,0,1,0,0,0,1,1,1,1,1,1,1,0,0,0,0,0,0
zyalzy1,1207,,7,1,1,1,0,0,0,1,0,0,0,0,0,1,1,0,1,0,0,0,0
txbeergoddess,1207,,3,0,0,0,0,0,1,0,0,1,0,0,0,1,0,0,0,0,0,0,0
MarcelDugenoux,1207,,1,0,0,0,0,0,0,0,0,0,0,0,0,0,0,1,0,0,0,0,0
DavoodGh110,1207,,1,0,0,0,0,0,0,0,0,0,0,0,0,0,0,0,0,0,1,0,0
SuprMario47,1206,,1,0,0,0,0,0,0,0,0,0,1,0,0,0,0,0,0,0,0,0,0
KatoHus56872326,1206,,4,0,0,0,0,0,0,0,1,0,0,0,0,1,0,0,0,0,1,0,1
FAnanug26998,1206,,2,0,0,0,0,0,0,0,0,0,0,1,1,0,0,0,0,0,0,0,0
monarchistIRAN,1205,,2,0,0,0,0,0,0,0,0,0,0,0,1,0,0,0,0,0,1,0,0
ambijat,1205,,7,0,0,0,1,1,1,1,1,0,0,0,0,0,0,0,1,1,0,0,0
lauramorrism,1204,,3,0,0,1,0,0,1,0,0,1,0,0,0,0,0,0,0,0,0,0,0
NisarMoosa1,1204,,6,0,0,0,0,0,0,0,1,0,0,1,0,0,0,0,1,0,1,1,1
ManShooshtari,1204,,1,0,0,0,0,0,0,0,1,0,0,0,0,0,0,0,0,0,0,0,0
Davudi57,1204,,1,0,0,0,0,0,0,0,0,1,0,0,0,0,0,0,0,0,0,0,0
a_alhkim7355,1203,,7,0,0,0,0,0,1,0,0,0,1,1,0,1,0,1,1,1,0,0,0
MikeDrewWhat,1203,,1,0,0,0,0,0,1,0,0,0,0,0,0,0,0,0,0,0,0,0,0
kinkintamanki,1202,,1,0,1,0,0,0,0,0,0,0,0,0,0,0,0,0,0,0,0,0,0
ShaziaNaseem2,1202,,1,0,0,0,0,0,0,0,0,0,0,0,0,0,0,0,0,1,0,0,0
mukololowatheng,1201,,1,0,0,0,0,1,0,0,0,0,0,0,0,0,0,0,0,0,0,0,0
KhaaniKhanKH,1201,,1,0,0,0,0,0,0,0,1,0,0,0,0,0,0,0,0,0,0,0,0
FatmaSe35825458,1201,,1,0,0,0,0,0,0,0,0,0,0,0,0,0,0,0,0,0,0,0,1
adiat8412,1200,,2,0,1,0,0,0,0,0,0,0,0,0,0,0,0,0,1,0,0,0,0
SavunmaGuncesi,1200,,6,0,0,0,0,0,0,0,0,0,0,0,1,0,0,0,1,1,1,1,1
MrGujjar082,1200,,1,0,0,0,0,0,0,0,0,0,0,0,0,0,0,0,0,0,1,0,0
klasniot,1199,,2,0,0,0,0,0,0,0,0,0,0,0,0,0,0,0,0,0,1,0,1
SenzoNomafu,1198,,1,0,0,0,0,0,0,0,0,0,0,0,0,0,0,0,0,0,0,0,1
vahid_hf,1197,,1,0,0,0,0,0,0,0,0,0,0,0,0,0,0,0,0,0,0,0,1
fidelisanumole,1197,,5,0,0,0,0,0,1,1,0,0,0,1,0,0,1,0,0,0,0,1,0
anarchojaQ,1197,,1,0,0,0,0,0,0,0,0,0,0,0,0,0,0,0,0,0,0,1,0
Shobeirinasab,1197,,1,0,0,0,0,0,0,0,1,0,0,0,0,0,0,0,0,0,0,0,0
Blacckid,1197,,5,1,1,0,0,0,1,0,1,0,0,0,0,0,0,0,0,0,1,0,0
Saeed__Irani,1195,,2,0,0,0,0,0,1,0,0,0,0,0,0,0,0,0,0,0,1,0,0
naghavian2,1194,,1,0,1,0,0,0,0,0,0,0,0,0,0,0,0,0,0,0,0,0,0
ZMansour87,1194,,3,0,0,0,0,0,1,0,0,1,0,0,0,0,0,1,0,0,0,0,0
SoheilaNzz,1194,,1,0,0,0,0,0,0,0,0,0,0,0,0,0,0,0,0,0,0,1,0
CressidaBandit,1194,,1,0,0,0,0,0,0,0,0,1,0,0,0,0,0,0,0,0,0,0,0
stldavis,1193,,1,0,0,0,0,0,1,0,0,0,0,0,0,0,0,0,0,0,0,0,0
siddie_style,1193,,1,0,0,0,0,0,0,0,0,0,0,0,0,0,0,0,0,0,0,0,1
mohaddes78,1193,,4,0,0,0,1,0,1,1,0,0,0,0,0,0,0,0,0,0,1,0,0
eeemmeralddd,1193,,1,0,0,0,0,0,0,0,0,0,0,0,0,1,0,0,0,0,0,0,0
ExtremeCen80240,1193,,4,1,1,0,0,0,0,0,0,0,0,0,0,0,0,0,0,0,1,1,0
rialmadred16,1192,,3,0,0,0,0,1,0,0,0,0,0,0,0,0,0,1,0,1,0,0,0
molcape,1192,,1,0,0,0,0,0,0,0,0,0,0,0,0,0,0,0,0,0,0,0,1
alnomiali2020,1192,,1,0,0,0,0,0,0,0,0,0,0,0,0,0,0,1,0,0,0,0,0
ZlatkoKovach,1192,,1,0,0,0,0,0,0,0,0,0,0,0,0,0,0,0,0,0,0,0,1
SHABIRHUSSANI,1191,,1,0,0,0,0,0,0,1,0,0,0,0,0,0,0,0,0,0,0,0,0
milad8sorkh,1190,,5,0,0,0,0,0,0,0,0,0,1,1,0,0,0,1,1,1,0,0,0
capturedekran,1190,,3,0,0,1,0,0,1,0,0,0,1,0,0,0,0,0,0,0,0,0,0
qayam_churan,1189,,2,0,0,0,0,0,0,0,0,0,0,0,0,0,0,0,0,0,0,1,1
uzzpac,1188,,1,0,0,0,0,0,0,0,0,0,0,1,0,0,0,0,0,0,0,0,0
to_suesmall,1188,,2,0,0,0,0,0,0,0,0,0,0,0,0,0,0,0,0,0,0,1,1
casperdkk,1188,,1,0,0,0,0,0,0,0,0,0,1,0,0,0,0,0,0,0,0,0,0
JamilSaqi12,1188,,1,0,0,0,0,0,0,0,1,0,0,0,0,0,0,0,0,0,0,0,0
Ladiipo1309,1187,,1,0,0,0,0,0,0,0,0,0,0,0,0,0,0,0,0,0,0,0,1
Aly_VetDoc,1187,,1,0,0,0,0,0,0,1,0,0,0,0,0,0,0,0,0,0,0,0,0
jacDhall,1186,,1,1,0,0,0,0,0,0,0,0,0,0,0,0,0,0,0,0,0,0,0
Handsofftunisia,1186,,1,0,0,0,0,0,0,0,0,0,0,0,0,0,0,0,1,0,0,0,0
badtakes420,1185,,1,0,0,0,0,0,1,0,0,0,0,0,0,0,0,0,0,0,0,0,0
SEAsia17,1185,,1,0,0,0,0,0,0,0,0,0,0,0,0,0,0,0,0,0,0,0,1
KompanyDaKing,1185,,3,0,0,0,0,0,0,1,1,1,0,0,0,0,0,0,0,0,0,0,0
mohmand_sh,1184,,5,0,0,0,0,0,1,0,1,1,0,0,0,0,0,0,0,0,0,1,1
memudin,1184,,1,0,0,1,0,0,0,0,0,0,0,0,0,0,0,0,0,0,0,0,0
akbariii_,1184,,2,0,0,0,0,0,0,0,0,0,0,0,0,1,0,0,0,0,1,0,0
NesterPhil,1184,,5,0,0,0,0,1,0,0,0,0,0,0,0,1,1,0,1,0,1,0,0
murtazazaidi_,1183,,11,0,0,0,0,1,1,1,1,1,1,1,1,1,1,0,0,0,0,0,1
AhmadMir53,1183,,4,0,1,0,0,0,0,0,0,1,1,1,0,0,0,0,0,0,0,0,0
focoinvestor,1182,,1,0,0,0,0,0,0,0,0,0,0,0,0,0,0,0,0,0,0,1,0
Vickstar2618,1182,,1,0,0,0,0,0,0,0,0,0,0,0,0,0,0,0,0,0,0,0,1
AHalcali,1182,,2,0,0,0,0,0,0,0,0,0,0,0,0,1,1,0,0,0,0,0,0
katia40256762,1181,,1,0,0,0,0,0,1,0,0,0,0,0,0,0,0,0,0,0,0,0,0
Omar_assaady,1180,,9,1,1,1,0,1,0,1,1,1,1,0,0,0,0,0,0,0,0,0,1
Haj_Saeid6,1180,,1,0,0,0,0,0,0,0,0,0,0,0,0,0,0,0,0,0,1,0,0
official_Omeiza,1179,,3,0,0,0,0,0,0,0,1,0,0,0,0,0,0,0,0,1,0,0,1
MirzadehMaryam,1179,,1,0,0,0,0,0,0,0,1,0,0,0,0,0,0,0,0,0,0,0,0
lizcullen11,1178,,2,0,0,0,0,0,1,0,0,0,0,0,0,0,0,0,1,0,0,0,0
9000_prose,1178,,3,0,0,0,0,0,0,0,0,0,0,0,0,1,0,0,0,0,0,1,1
inayatb,1177,,4,0,0,0,0,0,0,1,0,1,0,0,0,0,0,0,0,0,1,0,1
Poetic_All,1177,,2,0,0,0,0,0,0,0,0,0,0,0,0,0,0,0,1,1,0,0,0
IzzetZengin11,1177,,1,0,0,0,0,0,0,0,0,0,0,0,0,0,0,0,0,0,0,0,1
BenNorbitz,1177,,3,0,0,0,0,0,1,0,0,1,1,0,0,0,0,0,0,0,0,0,0
Mary_sheikh9,1175,,1,1,0,0,0,0,0,0,0,0,0,0,0,0,0,0,0,0,0,0,0
Amerilking,1175,,3,0,0,0,0,0,1,0,1,0,1,0,0,0,0,0,0,0,0,0,0
marzi37s,1174,,1,0,0,0,0,0,0,0,0,0,0,0,1,0,0,0,0,0,0,0,0
VieCrypto,1174,,2,0,0,0,0,0,0,0,0,0,0,0,0,1,0,0,0,0,0,0,1
PaiqueCFC,1174,,1,0,0,0,0,0,0,1,0,0,0,0,0,0,0,0,0,0,0,0,0
MValibeigy,1174,,2,0,0,0,0,0,0,0,0,0,0,0,0,0,0,0,1,0,0,0,1
HameedAsil99247,1174,,2,0,0,0,0,0,0,0,1,0,0,0,0,0,0,1,0,0,0,0,0
FibonacciNewton,1174,,1,0,0,0,0,0,0,0,1,0,0,0,0,0,0,0,0,0,0,0,0
Dr_Tims,1174,,2,0,0,0,0,0,0,0,0,0,1,0,0,1,0,0,0,0,0,0,0
CEyssette94402,1174,,3,0,0,0,0,0,0,0,0,0,0,0,1,1,0,0,0,0,1,0,0
BoatengDuodu,1174,,13,0,0,1,0,0,0,1,1,1,1,1,1,1,0,0,1,1,1,1,1
muhammadbySky,1173,,1,0,0,0,0,0,0,0,0,1,0,0,0,0,0,0,0,0,0,0,0
finalbattle313,1173,,3,0,0,0,0,0,0,0,0,0,1,0,0,1,0,0,0,0,1,0,0
kldradical,1171,,5,0,0,0,0,0,0,0,1,0,0,0,0,0,0,0,0,1,1,1,1
S_almaneh,1171,,4,0,0,0,0,0,0,0,0,0,0,0,0,1,1,0,0,1,1,0,0
SarahMahja25793,1169,,3,0,0,0,0,0,1,1,0,0,0,0,0,0,0,0,0,0,0,1,0
JanethMalik2,1168,,2,0,0,0,0,0,0,0,0,0,0,0,0,0,0,0,0,0,0,1,1
sasa25palto,1167,,1,0,0,0,0,0,0,0,0,0,0,0,0,1,0,0,0,0,0,0,0
karimkhany,1167,,1,0,0,0,0,0,0,0,0,0,0,0,0,0,0,0,0,0,0,1,0
HasanTaha2,1166,,2,0,0,0,0,0,0,1,0,0,0,0,0,0,0,0,1,0,0,0,0
DrKgabo_,1166,,1,0,0,0,0,0,0,0,0,0,0,0,0,0,0,0,0,0,0,0,1
SmithJane9804,1165,,2,0,0,0,0,1,1,0,0,0,0,0,0,0,0,0,0,0,0,0,0
ShaneABrar,1164,,1,0,0,0,0,0,0,0,0,0,0,0,0,0,0,0,0,0,0,0,1
mdly08585567,1163,,2,0,0,0,0,0,0,0,0,0,0,1,0,0,0,0,0,0,0,0,1
MuhammedMehdy,1163,,1,0,0,0,0,0,0,0,0,0,1,0,0,0,0,0,0,0,0,0,0
LarocheCS,1163,,1,0,0,0,0,0,0,0,0,0,0,0,0,1,0,0,0,0,0,0,0
Kushfemi,1163,,3,0,0,0,0,0,0,0,0,1,1,0,0,0,0,0,0,0,1,0,0
Humanity4Worldd,1163,,7,1,0,0,0,0,0,0,0,1,0,1,0,1,1,1,0,0,0,0,1
BilawalRaheem,1163,,1,0,0,0,0,0,0,0,0,0,0,0,0,0,0,0,0,0,0,0,1
nasela13,1162,,1,0,0,0,0,0,0,0,0,0,0,0,0,0,0,0,0,0,0,0,1
lujin_8888,1162,,4,0,0,0,0,0,0,0,1,0,0,0,0,1,0,0,0,0,0,1,1
Namasteankit,1162,,2,0,0,0,0,0,0,0,0,0,0,0,0,1,0,0,0,0,1,0,0
Enano76834,1162,,10,0,0,0,0,0,1,0,0,1,1,0,0,1,1,1,1,1,1,0,1
BookofJahJah,1162,,10,0,1,0,0,0,1,0,0,0,1,1,0,1,0,1,1,1,1,0,1
palulu1988,1161,,1,0,0,0,0,0,0,0,0,1,0,0,0,0,0,0,0,0,0,0,0
alisanaei,1161,,4,0,0,0,0,0,0,0,1,1,1,0,0,0,0,0,0,1,0,0,0
J1bY7VBHDRbS2bj,1161,,1,0,0,0,0,0,0,1,0,0,0,0,0,0,0,0,0,0,0,0,0
MichaelFei46184,1160,,1,0,0,0,0,0,0,0,0,0,0,0,0,0,0,0,0,0,1,0,0
MagnaCarta333,1160,,3,0,0,0,0,0,0,1,0,0,1,0,0,0,0,0,0,1,0,0,0
Interistacule,1160,,3,1,1,0,0,0,0,0,0,0,0,0,0,0,0,1,0,0,0,0,0
Adam110_1,1159,,9,0,0,0,0,0,0,1,1,0,0,0,1,1,0,1,1,1,1,1,0
veras67,1158,,3,0,0,0,0,0,1,1,0,0,0,0,0,0,0,0,0,0,0,0,1
thesilversats,1158,,1,0,0,0,1,0,0,0,0,0,0,0,0,0,0,0,0,0,0,0,0
almakhidhi,1158,,1,0,0,0,0,0,0,0,0,0,0,0,0,0,0,0,0,0,1,0,0
Orwell1984QZ,1158,,1,0,0,0,0,0,1,0,0,0,0,0,0,0,0,0,0,0,0,0,0
rabishah_89,1157,,4,1,0,0,0,0,1,1,0,0,0,0,0,1,0,0,0,0,0,0,0
_macupu,1157,,1,0,0,0,0,0,1,0,0,0,0,0,0,0,0,0,0,0,0,0,0
DadaShastoni,1157,,3,0,0,0,0,0,0,1,0,0,1,0,0,0,0,0,0,0,0,0,1
yanooryaqoddos,1156,,1,0,0,0,0,0,0,0,0,0,0,0,0,1,0,0,0,0,0,0,0
selcuk_hantik,1156,,6,0,0,0,1,1,1,0,1,0,0,0,0,0,0,0,0,0,0,1,1
fish_birb,1156,,1,0,0,0,0,0,0,0,0,0,0,0,0,0,0,0,0,1,0,0,0
anadolulu1881,1156,,5,0,0,1,0,1,0,0,0,1,1,0,0,0,0,1,0,0,0,0,0
MobVDetroit,1156,,2,0,0,0,0,0,0,0,0,0,0,0,0,0,0,0,1,1,0,0,0
MaheeruMaheeru2,1156,,1,1,0,0,0,0,0,0,0,0,0,0,0,0,0,0,0,0,0,0,0
creepingmraxist,1155,,1,0,0,0,0,0,0,0,0,0,0,0,0,0,1,0,0,0,0,0,0
VijayGounder,1155,,2,0,0,0,0,0,1,0,0,1,0,0,0,0,0,0,0,0,0,0,0
IbrahimAlhamz10,1155,,3,0,0,0,0,1,0,0,0,0,0,0,0,0,0,1,0,1,0,0,0
Waleedahmed9991,1154,,4,0,0,0,0,0,0,0,0,1,0,1,0,0,0,0,1,0,0,0,1
NavidHedayati,1154,,1,0,0,0,0,0,0,0,0,0,0,0,0,0,0,0,0,0,1,0,0
Isfar2020,1153,,2,0,0,0,0,0,0,0,1,1,0,0,0,0,0,0,0,0,0,0,0
itscy_,1152,,1,0,0,0,0,0,0,0,0,0,1,0,0,0,0,0,0,0,0,0,0
ssmrt4,1151,,3,0,0,0,0,1,0,0,1,0,0,0,0,0,0,0,0,0,0,1,0
edwin113730,1151,,3,0,0,0,0,0,0,0,0,0,0,0,1,0,0,0,0,0,1,1,0
PeacockTN,1151,,1,0,0,0,0,0,0,0,0,0,0,0,0,0,0,0,0,0,1,0,0
Firoz_B_khan,1151,,2,0,0,1,0,0,0,0,0,0,0,0,0,0,0,0,0,1,0,0,0
yaanu_,1150,,1,0,0,0,0,0,0,0,0,1,0,0,0,0,0,0,0,0,0,0,0
serleesou,1150,,3,0,0,0,0,0,1,0,0,1,0,0,0,0,0,0,0,0,0,0,1
Star3132,1150,,1,0,0,0,0,1,0,0,0,0,0,0,0,0,0,0,0,0,0,0,0
Mehrdad72727,1150,,10,1,0,0,0,0,1,1,1,1,0,0,1,1,0,0,1,1,1,0,0
expedientezeta,1149,,4,0,0,0,0,0,0,0,0,0,1,0,0,0,0,0,1,0,1,0,1
HsynAbw93427,1149,,3,0,0,0,0,1,0,0,0,0,0,0,1,0,0,1,0,0,0,0,0
87GT78,1149,,1,0,0,0,0,0,0,0,0,0,0,0,0,0,0,0,0,0,0,0,1
Gifte_hands,1147,,3,0,0,0,0,0,1,0,1,0,0,0,0,0,0,0,0,0,1,0,0
famkillerboy,1146,,8,0,0,0,0,0,0,0,0,1,0,1,1,1,0,1,0,1,1,0,1
cool_sah,1146,,5,0,0,0,0,1,1,0,0,1,0,0,0,0,0,0,0,0,1,0,1
BrayowV,1146,,1,0,0,0,0,0,0,0,1,0,0,0,0,0,0,0,0,0,0,0,0
Avantgarde_77,1146,,1,1,0,0,0,0,0,0,0,0,0,0,0,0,0,0,0,0,0,0,0
AriannaPaul8,1146,,2,0,0,0,0,0,1,0,0,0,0,0,0,0,0,0,0,0,0,0,1
A7sasAhmed,1146,,1,0,0,0,0,0,0,0,0,0,0,0,0,0,0,1,0,0,0,0,0
nazimzaidi110,1145,,4,0,0,0,0,0,0,0,1,1,0,0,0,0,0,1,0,0,0,0,1
rswlbdllh314032,1144,,2,0,0,0,0,0,0,0,0,1,0,0,1,0,0,0,0,0,0,0,0
mrzalipoor,1144,,4,0,0,0,0,0,0,0,0,0,0,1,0,1,0,0,1,0,1,0,0
drtokir,1144,,3,1,0,0,0,0,0,1,0,0,0,0,0,0,0,0,0,0,0,0,1
Vahidahxh,1144,,2,0,1,0,1,0,0,0,0,0,0,0,0,0,0,0,0,0,0,0,0
Incdpd2,1144,,1,0,0,0,0,1,0,0,0,0,0,0,0,0,0,0,0,0,0,0,0
Grattan_H,1143,,1,0,1,0,0,0,0,0,0,0,0,0,0,0,0,0,0,0,0,0,0
Donesso,1143,,2,0,0,0,0,0,0,0,0,0,0,0,0,0,0,0,0,1,0,0,1
Animosteles,1143,,1,0,0,0,0,0,0,0,0,1,0,0,0,0,0,0,0,0,0,0,0
Cartz002,1142,,2,0,0,0,0,0,0,0,1,0,1,0,0,0,0,0,0,0,0,0,0
24ydEyC_uy,1141,,3,1,0,0,0,0,1,0,0,1,0,0,0,0,0,0,0,0,0,0,0
JohnTraddington,1140,,1,1,0,0,0,0,0,0,0,0,0,0,0,0,0,0,0,0,0,0,0
Fern83142440Jos,1140,,1,0,0,0,0,0,0,0,0,0,0,0,0,0,0,0,0,0,0,0,1
xRnn79,1139,,5,0,0,0,0,0,0,0,0,1,1,1,0,1,1,0,0,0,0,0,0
aseelmam1,1139,,3,0,1,0,0,0,0,0,0,0,1,0,1,0,0,0,0,0,0,0,0
mazz_Leonardo,1138,,1,0,0,0,0,0,0,0,0,1,0,0,0,0,0,0,0,0,0,0,0
Stein3Hai,1138,,1,0,0,0,0,0,0,0,0,0,0,0,0,0,0,1,0,0,0,0,0
QewEv,1138,,1,0,0,0,0,0,0,0,0,0,0,0,0,0,0,1,0,0,0,0,0
BanceVuAristide,1138,,3,0,0,1,1,1,0,0,0,0,0,0,0,0,0,0,0,0,0,0,0
ChesterSquarez,1137,,1,0,0,0,0,0,0,0,0,0,0,0,0,0,0,0,0,1,0,0,0
v_murali,1136,,3,0,0,0,0,1,1,0,1,0,0,0,0,0,0,0,0,0,0,0,0
truleely,1136,,1,0,1,0,0,0,0,0,0,0,0,0,0,0,0,0,0,0,0,0,0
mo2easy,1136,,7,0,0,1,0,0,1,0,0,1,1,0,0,0,1,0,0,1,0,0,1
KhAn0603Haris,1136,,1,1,0,0,0,0,0,0,0,0,0,0,0,0,0,0,0,0,0,0,0
TQTan0Li,1135,,10,1,0,1,0,1,1,1,1,1,1,1,0,1,0,0,0,0,0,0,0
mcshanemusic,1133,,4,1,0,0,0,0,1,0,0,0,0,0,0,0,0,0,1,1,0,0,0
koriskoo,1133,,10,1,0,1,0,1,1,1,1,1,0,1,1,1,0,0,0,0,0,0,0
SalathielGenese,1133,,3,0,0,0,0,0,0,0,0,0,1,0,0,1,0,0,0,1,0,0,0
kahuq,1132,,8,0,0,0,0,1,0,1,0,0,0,1,0,1,1,0,1,0,1,0,1
Safar_Sarabi,1132,,1,0,0,0,0,0,0,0,0,0,0,0,0,0,0,0,0,0,1,0,0
Payam_feyz,1132,,1,0,0,0,0,0,0,0,0,0,0,1,0,0,0,0,0,0,0,0,0
NECATALTUNCU,1132,,1,0,0,0,0,0,1,0,0,0,0,0,0,0,0,0,0,0,0,0,0
huseyin_6334,1131,,2,0,0,0,0,0,0,1,0,0,0,0,0,0,0,0,1,0,0,0,0
fatemmola,1131,,1,0,0,0,0,0,0,0,0,0,0,0,0,0,0,0,0,0,1,0,0
ENKayondo,1131,,4,0,0,0,0,0,0,0,0,1,1,0,1,0,0,1,0,0,0,0,0
zohorr313y,1130,,1,0,0,0,0,0,0,0,0,0,0,0,0,0,0,0,1,0,0,0,0
KurtMaier19,1130,,1,0,0,0,0,0,0,0,0,0,1,0,0,0,0,0,0,0,0,0,0
JPlayer75279,1130,,1,0,0,0,0,0,0,0,0,0,0,0,0,0,0,0,0,0,0,0,1
Dill786786,1130,,1,0,0,0,0,0,0,0,0,0,0,0,0,0,0,0,0,0,0,0,1
jNmm7Xau3NTjKV9,1129,,2,0,0,0,0,0,0,0,1,0,0,0,0,0,0,0,0,0,0,1,0
Rajeev1421,1129,,1,0,0,0,0,0,1,0,0,0,0,0,0,0,0,0,0,0,0,0,0
sonalreich,1128,,1,0,0,0,0,0,0,0,0,0,0,0,0,0,0,0,0,0,1,0,0
nonimyster,1128,,9,0,0,0,0,0,1,1,0,0,1,1,1,1,0,1,0,1,0,1,0
mahanthanut,1128,,1,0,0,0,0,0,0,0,0,0,1,0,0,0,0,0,0,0,0,0,0
PepsFFK,1128,,1,0,0,0,0,0,0,0,0,0,0,0,0,0,0,1,0,0,0,0,0
HamidRajab24200,1128,,5,0,0,0,0,1,1,1,1,1,0,0,0,0,0,0,0,0,0,0,0
uni_uni222,1127,,1,0,0,0,0,0,0,0,0,0,0,0,0,0,0,0,0,1,0,0,0
tourer_pipokun,1127,,1,0,0,0,0,0,0,0,0,0,0,0,0,1,0,0,0,0,0,0,0
finger8,1127,,1,0,0,0,0,0,0,0,0,0,0,0,0,0,0,0,0,1,0,0,0
H_Rahimineya,1127,,3,0,0,0,1,0,0,0,0,0,0,1,0,0,0,0,0,0,1,0,0
_MAN_74,1126,,6,0,0,0,0,0,1,0,0,1,0,0,0,0,0,1,1,0,0,1,1
Bolpet,1126,,2,1,0,0,0,0,0,0,0,0,0,0,0,1,0,0,0,0,0,0,0
AAljhmy5741,1126,,2,0,0,0,0,0,0,0,0,0,0,0,0,0,0,0,0,0,1,0,1
cheikhahmed27,1125,,3,1,0,1,0,0,0,0,0,0,0,0,0,0,0,0,0,1,0,0,0
SidiAlyMoulaye1,1125,,7,1,0,0,0,0,1,1,1,0,0,1,0,0,0,1,0,0,1,0,0
Alir3za1991,1125,,1,0,0,0,0,1,0,0,0,0,0,0,0,0,0,0,0,0,0,0,0
willy_araujor,1124,,1,0,0,0,0,0,0,0,0,0,0,0,0,0,0,0,0,0,0,0,1
feliks712,1124,,8,1,0,0,0,0,0,1,1,0,0,0,1,0,0,1,1,1,1,0,0
DarccMarann,1124,,2,0,0,0,0,0,0,0,0,0,0,0,0,0,0,0,1,0,0,0,1
mamdougindo,1123,,10,1,0,0,0,1,1,1,0,1,1,0,0,0,0,0,0,1,1,1,1
OtroEnfoque2018,1123,,2,0,1,1,0,0,0,0,0,0,0,0,0,0,0,0,0,0,0,0,0
Samael_WS,1122,,1,0,0,0,0,0,0,0,1,0,0,0,0,0,0,0,0,0,0,0,0
RizwanPtii,1122,,6,0,0,0,0,0,0,0,0,0,1,1,0,0,0,0,1,0,1,1,1
pri_8871,1121,,2,0,0,0,0,0,0,0,0,0,0,0,0,1,1,0,0,0,0,0,0
kata31100035,1121,,4,0,0,0,1,1,0,1,0,0,0,0,1,0,0,0,0,0,0,0,0
rosa_beaman20,1120,,1,0,0,0,0,0,0,0,0,0,0,0,0,0,0,0,1,0,0,0,0
belay_mk,1120,,2,0,0,0,0,0,1,0,0,0,0,0,0,0,0,0,0,0,0,0,1
Straigh60283313,1120,,1,0,0,0,0,0,0,0,0,0,0,1,0,0,0,0,0,0,0,0,0
m_ali_abdolahi,1119,,1,0,0,0,0,0,0,0,0,0,0,0,0,1,0,0,0,0,0,0,0
enformasyon_BA,1119,,1,0,0,0,0,0,0,1,0,0,0,0,0,0,0,0,0,0,0,0,0
en_ta279,1119,,6,0,1,1,1,1,0,0,0,0,0,0,0,1,0,0,0,0,1,0,0
nkezaara2001,1118,,1,1,0,0,0,0,0,0,0,0,0,0,0,0,0,0,0,0,0,0,0
kolohescoob,1118,,1,0,0,0,0,0,0,0,0,0,0,0,0,0,0,0,0,0,0,1,0
drmohsenfathi,1118,,2,0,1,0,0,0,0,0,0,0,0,0,1,0,0,0,0,0,0,0,0
Muhd_____s,1118,,1,0,0,0,0,0,0,0,0,0,1,0,0,0,0,0,0,0,0,0,0
B530sheets,1118,,1,0,0,0,0,0,0,0,0,0,0,0,0,0,0,0,0,0,0,0,1
23Kibs,1118,,1,0,0,0,0,0,1,0,0,0,0,0,0,0,0,0,0,0,0,0,0
pkoech_kiptoo,1117,,2,0,0,0,0,0,0,0,0,0,0,0,0,1,0,0,0,0,1,0,0
Cinophile12,1117,,1,0,0,0,0,0,0,0,0,0,0,0,0,0,0,0,0,0,0,0,1
sabahat905,1116,,4,0,0,0,0,0,0,0,1,0,0,0,0,0,0,0,1,1,0,1,0
Abaslescolons74,1116,,2,0,0,0,0,0,0,0,0,0,1,0,0,1,0,0,0,0,0,0,0
ghassanhejazi,1115,,5,0,0,0,0,0,1,0,0,0,1,0,0,1,1,0,0,0,0,0,1
FloptimusCrime,1115,,1,0,0,0,0,0,0,0,0,0,0,0,0,0,0,0,0,0,0,0,1
ATENA_1630,1115,,18,0,1,1,1,1,1,1,1,1,1,1,1,1,1,0,1,1,1,1,1
mabom,1114,,3,0,0,0,0,0,0,0,0,0,1,0,0,0,0,0,0,1,1,0,0
gburtz3,1114,,2,0,0,0,0,0,1,0,0,0,0,0,0,0,0,0,0,1,0,0,0
floweroflotus7,1113,,1,0,0,0,0,0,0,0,0,0,0,0,0,0,0,0,0,0,0,0,1
IdeNegocio,1113,,11,0,0,1,0,0,1,0,0,0,1,1,1,1,0,1,1,1,0,1,1
DakikFatimah,1113,,1,0,0,0,0,0,1,0,0,0,0,0,0,0,0,0,0,0,0,0,0
manuoviedo15,1112,,1,0,0,0,0,0,0,0,0,0,0,0,0,0,0,0,0,1,0,0,0
zayzoonNOW,1111,,1,0,0,0,0,0,0,0,0,0,0,0,0,0,0,0,0,0,0,0,1
steffengassel,1111,,1,0,0,0,0,0,0,0,0,0,0,0,0,0,0,0,0,0,1,0,0
Gbonle,1111,,1,0,0,0,0,0,0,0,1,0,0,0,0,0,0,0,0,0,0,0,0
yaminasayed,1110,,1,0,0,0,0,0,0,0,0,0,1,0,0,0,0,0,0,0,0,0,0
barbecuedclorox,1110,,1,0,0,0,0,0,0,0,0,0,1,0,0,0,0,0,0,0,0,0,0
SophistGent,1110,,2,0,0,0,0,0,0,1,0,0,0,0,0,0,0,0,0,1,0,0,0
Nissiben1,1110,,1,0,0,0,0,0,0,0,0,0,1,0,0,0,0,0,0,0,0,0,0
AbdinurPeace,1110,,1,0,0,0,0,0,0,0,0,0,0,0,0,0,0,0,0,0,0,1,0
tinySIX01,1109,,1,0,0,0,0,0,0,0,0,0,0,0,0,0,0,0,0,0,1,0,0
shakur424,1109,,3,0,0,0,0,0,1,0,0,0,0,0,0,1,1,0,0,0,0,0,0
Tornui_,1109,,1,0,0,0,0,0,0,0,0,0,0,0,0,0,0,0,0,1,0,0,0
Shahramabbasi60,1109,,3,0,0,0,0,0,0,0,0,0,0,0,0,1,0,0,0,0,0,1,1
yar_mahdi_zahra,1108,,1,0,0,0,0,0,0,0,0,0,1,0,0,0,0,0,0,0,0,0,0
soxmaga,1108,,1,0,1,0,0,0,0,0,0,0,0,0,0,0,0,0,0,0,0,0,0
colmo1,1108,,10,0,0,0,0,0,1,0,1,1,1,0,1,1,0,0,1,0,1,1,1
arifa81,1108,,7,0,1,1,1,0,1,0,0,0,0,0,1,0,0,0,0,0,0,1,1
dilayd,1107,,2,0,0,0,0,0,0,0,0,0,1,0,0,0,0,0,0,0,1,0,0
Mrrr_Asante,1107,,8,0,0,0,1,0,0,0,1,0,1,0,0,0,0,0,1,1,1,1,1
v_sh_l,1106,,1,0,0,0,0,0,0,1,0,0,0,0,0,0,0,0,0,0,0,0,0
omusongora,1106,,2,0,0,0,0,0,0,0,0,0,1,1,0,0,0,0,0,0,0,0,0
banuu8000,1106,,1,0,0,0,1,0,0,0,0,0,0,0,0,0,0,0,0,0,0,0,0
Javadabbasi483,1106,,1,0,0,0,0,0,0,0,0,0,0,0,0,1,0,0,0,0,0,0,0
zafarqazi1,1105,,3,0,0,0,0,0,0,0,0,1,1,0,0,0,0,0,0,0,1,0,0
nadszyszkownik,1105,,1,0,0,0,0,0,0,0,0,0,0,0,0,0,0,0,0,0,0,0,1
Mike__Alpha,1105,,5,0,1,0,0,0,1,0,1,0,1,0,0,0,0,0,0,1,0,0,0
Pradeep22587909,1104,,1,0,0,0,0,0,0,0,0,0,0,0,0,1,0,0,0,0,0,0,0
IranianCheetah_,1104,,1,0,0,0,0,0,0,0,0,0,0,0,0,1,0,0,0,0,0,0,0
Faroqahmed_Khan,1104,,2,0,0,1,0,0,0,0,0,0,0,0,0,0,0,0,0,1,0,0,0
sana_banoo2,1103,,1,0,0,0,0,0,0,0,0,0,0,0,0,0,0,0,0,0,1,0,0
belmoraes_SP,1103,,1,0,0,0,0,0,0,0,0,0,0,0,0,1,0,0,0,0,0,0,0
awallexy,1103,,3,0,0,0,0,0,1,0,0,1,1,0,0,0,0,0,0,0,0,0,0
Javadmashadi98,1103,,3,0,0,0,0,1,0,0,0,0,0,0,0,0,0,0,0,1,1,0,0
AlfaAfrican,1103,,2,0,0,0,0,0,0,0,1,0,0,0,0,0,0,0,0,0,1,0,0
voyager_nkm,1102,,1,0,1,0,0,0,0,0,0,0,0,0,0,0,0,0,0,0,0,0,0
teledamage,1102,,2,0,0,0,0,0,1,0,0,0,0,0,0,1,0,0,0,0,0,0,0
strajkoski,1102,,1,0,0,0,0,0,0,0,0,0,0,0,0,0,0,0,0,0,1,0,0
angrymaya1980,1102,,1,0,0,0,0,0,0,0,0,1,0,0,0,0,0,0,0,0,0,0,0
ProPol2020,1101,,2,0,0,0,0,0,0,0,0,1,0,0,0,0,0,0,0,0,0,0,1
Nurssein,1101,,2,0,0,0,0,0,0,1,0,1,0,0,0,0,0,0,0,0,0,0,0
khawar_sd,1100,,2,0,0,0,0,0,0,0,0,0,1,0,0,0,0,0,0,1,0,0,0
25_mcdc,1100,,1,0,0,0,0,0,1,0,0,0,0,0,0,0,0,0,0,0,0,0,0
bandcookwine,1099,,2,0,0,0,0,0,1,0,1,0,0,0,0,0,0,0,0,0,0,0,0
Samiya123abc,1099,,2,0,0,0,0,0,0,0,0,0,1,0,0,0,0,0,0,0,0,0,1
pitts_man,1098,,2,0,0,0,0,0,0,0,0,0,0,0,0,1,0,0,0,0,1,0,0
mxspoonr,1098,,1,0,0,0,0,0,0,0,0,0,0,0,0,0,0,0,1,0,0,0,0
IKingBaldwin,1098,,2,0,0,0,0,0,0,0,0,0,1,1,0,0,0,0,0,0,0,0,0
BMHLTD,1098,,1,0,0,0,0,0,0,0,0,0,0,0,0,0,0,1,0,0,0,0,0
Fitzgerald_DA,1097,,5,0,1,0,0,0,0,0,0,0,0,0,1,1,0,0,0,0,0,1,1
KhakshahMTRT,1096,,1,0,0,0,0,0,0,0,0,0,0,0,0,0,0,0,0,1,0,0,0
Benboza,1096,,11,1,0,0,0,1,1,1,1,1,1,0,0,0,0,0,0,1,1,1,1
Ajini_,1096,,2,0,0,0,0,0,0,0,0,0,0,0,0,1,0,0,0,1,0,0,0
nimrodmatunda,1095,,4,0,0,0,0,0,1,0,0,1,1,0,0,0,0,1,0,0,0,0,0
RashidAnna1,1095,,6,0,1,1,0,0,0,1,1,0,0,0,0,1,0,0,0,0,1,0,0
NadifNof,1095,,3,0,1,0,0,0,1,0,0,0,0,0,0,0,0,0,0,1,0,0,0
MboonyeM,1095,,1,0,0,0,0,0,0,0,0,0,0,0,0,1,0,0,0,0,0,0,0
Ebarhim711,1095,,3,0,0,0,0,0,0,0,0,0,0,0,0,1,1,1,0,0,0,0,0
kimhogans56,1094,,1,0,0,0,0,0,0,0,0,0,0,0,0,0,0,1,0,0,0,0,0
SalarKhanzad,1093,,2,0,1,0,1,0,0,0,0,0,0,0,0,0,0,0,0,0,0,0,0
Janfaday_IRANam,1093,,1,0,0,0,1,0,0,0,0,0,0,0,0,0,0,0,0,0,0,0,0
AwarnessAsAMost,1093,,4,0,0,0,0,1,1,1,0,0,0,0,0,0,0,0,1,0,0,0,0
ahmad979899,1092,,1,0,0,0,0,1,0,0,0,0,0,0,0,0,0,0,0,0,0,0,0
TheArahat,1092,,1,0,0,0,0,0,0,0,0,0,0,0,1,0,0,0,0,0,0,0,0
swiftpatronum_,1090,,1,0,0,0,0,0,0,0,0,0,0,0,0,1,0,0,0,0,0,0,0
RonRice_,1090,,1,0,0,0,0,0,0,0,0,0,0,0,0,0,0,0,0,0,0,0,1
Davel_eibunken,1090,,1,0,0,0,0,0,0,0,0,0,0,0,0,0,0,0,0,0,0,0,1
ALAldali,1090,,1,0,0,0,0,0,0,0,0,0,0,0,0,0,0,1,0,0,0,0,0
Kafr_Abdou_Zep,1089,,2,0,0,0,0,0,0,0,1,0,0,0,0,0,0,0,0,0,0,1,0
AdhmBdyl990o,1089,,1,0,0,0,0,0,0,0,0,1,0,0,0,0,0,0,0,0,0,0,0
goldbugger,1088,,4,0,0,0,0,0,0,0,0,0,0,0,1,1,0,0,0,0,0,1,1
faycel_saad,1088,,1,0,0,0,0,0,0,0,0,0,0,0,0,0,0,1,0,0,0,0,0
as112556872729,1088,,1,0,1,0,0,0,0,0,0,0,0,0,0,0,0,0,0,0,0,0,0
ItsUmarD,1088,,3,0,0,0,0,0,0,0,0,1,1,0,0,1,0,0,0,0,0,0,0
EmmaMirandaGar2,1088,,1,0,0,0,0,0,0,0,0,0,0,0,0,1,0,0,0,0,0,0,0
DietCoke1907,1088,,1,0,0,0,0,0,0,0,0,0,0,0,0,0,0,0,1,0,0,0,0
mh_chavoshi,1087,,14,0,1,0,0,1,1,0,1,1,1,1,1,1,0,1,1,1,1,0,1
bugger_off_musk,1086,,2,0,0,0,0,0,0,0,0,0,0,0,0,0,0,0,0,0,0,1,1
thisliberty,1085,,2,0,0,0,0,0,0,0,0,0,1,0,0,0,0,0,0,0,0,0,1
k_mi_82,1085,,1,0,0,0,0,0,0,0,0,0,0,0,0,0,0,0,1,0,0,0,0
OmwanaOmageto,1085,,1,0,0,0,0,0,0,0,0,0,1,0,0,0,0,0,0,0,0,0,0
zehranaz000,1084,,5,0,0,0,0,0,0,0,1,1,0,0,0,1,1,0,0,1,0,0,0
marcocorrales,1084,,2,0,0,0,0,0,0,0,0,0,0,0,0,0,0,0,1,1,0,0,0
mahamab031,1084,,2,0,0,0,0,0,0,0,0,1,0,0,0,0,0,1,0,0,0,0,0
RealLeftypol,1084,,1,0,0,0,0,0,0,0,0,0,0,0,0,0,0,0,1,0,0,0,0
CureNaturally,1084,,5,0,0,0,0,1,0,0,1,0,0,0,0,0,0,0,0,0,1,1,1
myself1234567,1083,,12,0,1,0,0,1,1,0,1,1,1,0,0,1,1,1,1,1,0,1,0
mohiran369,1083,,1,0,0,0,0,0,0,0,0,0,0,0,0,0,0,0,0,0,1,0,0
bdalrhmn53917,1082,,1,0,0,0,0,0,0,0,1,0,0,0,0,0,0,0,0,0,0,0,0
iPersianPatriot,1081,,2,0,0,0,0,0,0,0,0,0,0,0,0,0,0,0,0,0,0,1,1
MubarizTag16961,1081,,2,0,0,0,0,0,0,0,0,0,0,0,1,1,0,0,0,0,0,0,0
A_Taheri_110,1081,,2,0,1,0,0,0,0,0,0,0,1,0,0,0,0,0,0,0,0,0,0
TahirS_MUFC,1080,,1,0,0,0,0,0,0,0,1,0,0,0,0,0,0,0,0,0,0,0,0
Nov11Ar,1080,,2,0,0,0,0,0,1,0,0,0,0,0,0,0,0,0,0,1,0,0,0
M1985S209,1080,,2,0,0,0,0,0,0,0,0,0,0,0,0,1,1,0,0,0,0,0,0
mntzr_mntqm,1079,,1,0,0,0,0,0,0,1,0,0,0,0,0,0,0,0,0,0,0,0,0
SayedMortazaKa1,1079,,4,0,0,0,0,0,1,0,1,0,1,0,0,0,0,0,1,0,0,0,0
KarlGruger,1079,,1,0,0,0,0,0,0,0,0,0,0,0,0,0,0,0,0,1,0,0,0
yar202015,1078,,1,0,0,0,0,0,0,0,0,0,0,0,0,1,0,0,0,0,0,0,0
majjed2020zaid,1078,,1,0,0,0,0,0,0,0,0,0,0,0,0,0,0,0,1,0,0,0,0
bdalwhab32690,1078,,2,1,0,0,0,0,0,0,0,0,1,0,0,0,0,0,0,0,0,0,0
silvermairi,1077,,1,0,0,0,1,0,0,0,0,0,0,0,0,0,0,0,0,0,0,0,0
hail_to_earth,1077,,1,0,0,0,0,0,0,0,0,0,0,0,0,0,0,0,1,0,0,0,0
SuperbubbleCo,1077,,2,0,0,0,0,0,1,0,0,0,0,0,0,0,0,0,0,0,0,1,0
rmymd170260,1076,,2,0,0,0,0,0,1,0,0,0,0,0,0,0,0,1,0,0,0,0,0
DavidTufail,1076,,5,0,0,1,0,1,1,0,1,1,0,0,0,0,0,0,0,0,0,0,0
johnjon69972607,1075,,1,0,0,0,0,0,0,0,0,0,0,0,0,0,0,0,0,0,0,1,0
danielgarcias83,1075,,1,0,0,0,0,0,1,0,0,0,0,0,0,0,0,0,0,0,0,0,0
daneshjoo_mr,1075,,1,0,0,0,0,0,0,0,0,0,0,0,0,1,0,0,0,0,0,0,0
BlastingValcano,1075,,6,0,0,0,0,0,1,0,0,0,0,0,1,1,1,0,0,1,1,0,0
TheKingBaros,1074,,4,0,0,0,0,0,1,0,0,0,0,0,0,0,0,0,0,1,1,0,1
Najla1347_,1074,,1,0,1,0,0,0,0,0,0,0,0,0,0,0,0,0,0,0,0,0,0
HamedRezaH7H,1074,,1,0,0,0,0,1,0,0,0,0,0,0,0,0,0,0,0,0,0,0,0
alibashaberlin,1072,,1,0,0,0,0,0,0,0,0,1,0,0,0,0,0,0,0,0,0,0,0
KLUNA_G,1072,,1,0,0,0,0,0,0,0,0,0,1,0,0,0,0,0,0,0,0,0,0
JeninJafra,1071,,7,0,0,0,0,0,0,0,1,1,0,1,0,1,0,0,1,1,0,0,1
hajmilad_salehi,1070,,3,0,0,0,0,0,1,0,0,0,0,1,0,0,0,1,0,0,0,0,0
danishnoorhasan,1070,,1,0,0,0,0,0,0,0,0,0,0,0,0,0,0,0,0,1,0,0,0
abbasabbasky,1070,,1,0,0,0,0,0,0,0,0,1,0,0,0,0,0,0,0,0,0,0,0
FernandoTagore,1070,,4,0,0,0,1,0,0,1,0,0,0,0,0,1,1,0,0,0,0,0,0
arifsarwar22,1069,,2,0,0,0,0,0,0,0,0,0,0,0,0,0,0,0,0,0,1,0,1
Hasti_2020,1069,,2,0,0,0,0,0,0,0,0,0,0,0,1,1,0,0,0,0,0,0,0
6emd_,1069,,1,0,0,0,0,0,0,0,0,0,0,0,0,0,0,1,0,0,0,0,0
swts2020,1068,,1,0,0,0,0,0,0,1,0,0,0,0,0,0,0,0,0,0,0,0,0
marinadebrot,1068,,1,0,0,0,0,0,0,0,0,0,0,0,0,1,0,0,0,0,0,0,0
Orangepoppy2000,1068,,5,1,0,0,0,0,0,0,1,1,0,0,1,0,0,0,0,1,0,0,0
pepedaliga,1067,,1,0,0,0,0,0,0,0,0,0,0,0,0,0,0,0,1,0,0,0,0
iResistDe4iAm,1067,,1,0,0,0,0,0,0,0,0,0,0,0,0,0,0,0,0,1,0,0,0
XcelciorK,1067,,1,0,0,0,0,0,0,0,0,0,0,0,0,0,0,0,0,0,0,0,1
Tim18312W,1067,,6,0,0,0,0,1,1,1,1,1,1,0,0,0,0,0,0,0,0,0,0
PellaVoke,1067,,1,0,0,0,0,0,0,0,0,0,1,0,0,0,0,0,0,0,0,0,0
embajadoraipalo,1066,,1,0,0,0,0,0,0,0,0,0,0,0,0,0,0,0,0,1,0,0,0
J_aa_far,1066,,4,0,0,0,0,0,0,0,0,1,0,0,0,1,0,0,1,0,0,0,1
AkfyAsghr69095,1066,,2,0,0,0,0,0,0,0,0,0,0,0,0,0,0,1,1,0,0,0,0
MAHmoodRashdi,1065,,3,0,0,0,0,0,1,0,0,0,0,1,0,0,0,1,0,0,0,0,0
Just_Ice4Pal,1065,,5,0,1,0,0,0,0,1,0,1,0,0,0,1,0,0,0,0,1,0,0
ETTAHAR266603,1065,,2,0,0,0,0,0,0,0,0,1,0,0,0,0,0,1,0,0,0,0,0
yo_Lenn,1064,,3,0,0,0,0,0,0,0,0,1,0,0,0,0,0,0,0,1,1,0,0
Mauricio09098,1064,,1,0,0,0,0,0,0,0,0,1,0,0,0,0,0,0,0,0,0,0,0
FilippoBovo83,1064,,1,0,0,0,0,0,0,0,0,0,0,0,0,0,0,0,0,0,1,0,0
DieterBrand6,1064,,1,0,0,0,0,0,0,0,0,0,0,0,0,0,0,0,0,0,0,1,0
plea4tenderness,1063,,6,1,1,0,0,0,0,0,0,0,1,0,0,1,0,0,1,1,0,0,0
iam_hameedvr,1063,,1,0,0,0,0,0,0,0,0,0,0,0,0,0,0,0,0,1,0,0,0
mrwebber4,1062,,1,0,0,0,0,0,0,0,0,0,0,0,0,0,1,0,0,0,0,0,0
FarisMhdAli,1062,,1,0,0,0,0,1,0,0,0,0,0,0,0,0,0,0,0,0,0,0,0
f_gharibi,1061,,1,0,0,0,0,0,0,0,0,0,0,0,0,0,0,0,0,0,1,0,0
elhandritto,1061,,2,0,0,0,0,0,0,0,1,0,0,0,0,0,0,0,0,0,1,0,0
shipwreck75,1060,,9,0,1,1,0,0,1,0,0,0,0,0,1,1,1,0,1,1,1,0,0
mosalzd,1059,,3,0,0,0,0,0,0,0,0,0,0,1,1,1,0,0,0,0,0,0,0
81abedi,1059,,1,0,1,0,0,0,0,0,0,0,0,0,0,0,0,0,0,0,0,0,0
xtinamagwaza1,1058,,1,0,0,0,0,0,0,0,0,0,0,0,0,1,0,0,0,0,0,0,0
parmis92,1058,,1,0,0,0,0,0,0,0,0,0,0,0,1,0,0,0,0,0,0,0,0
Lucaspatoz,1058,,1,0,0,0,0,0,0,0,0,0,0,0,0,0,0,0,1,0,0,0,0
DavideDila,1058,,1,0,0,0,0,0,1,0,0,0,0,0,0,0,0,0,0,0,0,0,0
6GPress,1058,,1,0,0,0,0,0,0,0,0,0,1,0,0,0,0,0,0,0,0,0,0
XrpEllis,1057,,1,0,1,0,0,0,0,0,0,0,0,0,0,0,0,0,0,0,0,0,0
Alipaknejad3,1057,,7,1,0,1,1,0,0,0,0,0,0,1,0,1,0,0,0,0,1,1,0
pepedejose,1056,,1,0,0,0,0,0,0,0,0,1,0,0,0,0,0,0,0,0,0,0,0
mojahede313,1056,,3,0,1,0,0,1,0,0,0,0,0,1,0,0,0,0,0,0,0,0,0
brianemuraya,1056,,1,0,0,0,0,0,0,0,1,0,0,0,0,0,0,0,0,0,0,0,0
Mohammad_ie1,1056,,1,0,0,0,0,0,0,0,0,0,0,0,0,0,0,0,0,0,1,0,0
theglobalscribe,1055,,5,1,0,1,0,0,0,0,1,0,1,0,0,1,0,0,0,0,0,0,0
tetoroa,1055,,3,0,0,0,0,0,1,1,0,0,0,0,1,0,0,0,0,0,0,0,0
martinelli_jim,1055,,13,0,1,0,1,1,0,1,1,1,1,1,0,1,1,0,0,1,1,0,1
amirallli,1055,,2,0,0,0,0,0,0,0,0,0,0,0,0,0,0,1,0,0,1,0,0
adnanalwzir5551,1055,,1,0,0,0,0,0,0,0,0,0,0,0,0,0,0,0,0,0,1,0,0
OChristian92114,1055,,7,0,0,0,1,0,0,0,0,0,1,0,0,1,1,0,0,0,1,1,1
marly_montoyo,1054,,2,0,0,0,0,0,1,0,0,0,0,0,0,1,0,0,0,0,0,0,0
Yaa_Mahdi_12,1054,,1,0,0,0,0,0,0,0,0,0,0,0,0,0,0,0,0,0,1,0,0
CookNTweet,1054,,1,0,0,0,0,0,0,0,1,0,0,0,0,0,0,0,0,0,0,0,0
313wayfarer,1054,,1,0,0,0,0,0,0,0,0,0,0,0,0,0,0,0,0,0,0,0,1
HectorCarmona57,1053,,1,0,0,0,0,0,0,0,0,0,0,0,0,0,0,0,0,0,0,0,1
sotexsis,1052,,1,0,1,0,0,0,0,0,0,0,0,0,0,0,0,0,0,0,0,0,0
SaduuH,1052,,8,0,1,0,0,0,1,0,1,1,1,0,0,0,0,0,0,0,1,1,1
Mo90380Mojahed,1052,,18,1,1,1,1,1,1,1,1,1,1,1,1,1,0,1,1,0,1,1,1
jhdsalah,1051,,2,0,1,0,0,0,0,1,0,0,0,0,0,0,0,0,0,0,0,0,0
hadrian70aD,1051,,1,1,0,0,0,0,0,0,0,0,0,0,0,0,0,0,0,0,0,0,0
greengrassTX,1051,,1,0,0,0,0,0,0,0,0,0,0,0,0,1,0,0,0,0,0,0,0
alhmdany_mjdy,1051,,1,0,0,0,0,0,0,0,0,0,0,0,0,0,0,1,0,0,0,0,0
diakomokhtari,1050,,18,1,0,1,1,1,1,1,1,1,1,1,1,1,1,1,1,1,1,1,0
Ibn_Kareem,1050,,2,0,0,0,0,0,0,0,0,0,0,0,0,1,1,0,0,0,0,0,0
iamdupin,1049,,1,0,0,0,0,0,0,0,0,0,1,0,0,0,0,0,0,0,0,0,0
KemoCeesay20,1049,,1,0,0,0,0,0,0,0,1,0,0,0,0,0,0,0,0,0,0,0,0
Boys4Brave,1049,,3,0,0,0,1,0,0,0,0,0,0,0,0,1,1,0,0,0,0,0,0
jithin_v2,1048,,3,0,0,0,0,0,0,0,0,0,0,0,0,0,0,0,0,1,0,1,1
fatimam99822782,1048,,1,0,0,0,0,0,0,0,0,0,0,0,0,0,0,1,0,0,0,0,0
ali_safely,1048,,1,0,0,0,0,0,0,0,0,0,0,0,0,0,0,0,0,0,1,0,0
padamo510,1047,,5,0,1,1,1,1,1,0,0,0,0,0,0,0,0,0,0,0,0,0,0
kapishkapau,1047,,7,0,0,1,1,1,1,0,0,0,0,0,0,1,0,0,0,1,0,0,1
FRANCES41453148,1047,,9,0,0,0,0,0,0,0,0,0,1,1,0,1,1,1,0,1,1,1,1
znanjiani,1046,,1,0,0,0,0,0,0,0,0,0,0,0,0,0,0,0,0,0,0,0,1
mahjin7,1046,,14,0,0,0,0,1,1,1,0,1,1,1,1,1,1,1,0,1,1,1,1
CarrickEra16,1046,,2,1,0,1,0,0,0,0,0,0,0,0,0,0,0,0,0,0,0,0,0
wealthyinlife92,1045,,9,0,0,0,0,1,0,1,0,1,1,0,1,1,0,0,1,1,0,0,1
shamshad_hashmi,1045,,1,0,0,0,0,0,0,0,0,0,0,0,0,0,0,0,0,1,0,0,0
minikurowa,1045,,14,0,1,0,1,1,1,0,1,1,0,1,0,1,1,0,1,1,1,1,1
karatekid974,1045,,4,0,0,0,0,0,0,0,0,0,1,0,0,0,0,0,1,1,0,0,1
Ms__Sona,1045,,1,0,0,0,0,0,0,0,0,0,0,0,1,0,0,0,0,0,0,0,0
oluwacartermill,1044,,1,0,0,0,0,0,0,0,0,0,1,0,0,0,0,0,0,0,0,0,0
hubetabibi,1044,,1,0,0,0,1,0,0,0,0,0,0,0,0,0,0,0,0,0,0,0,0
TakashimaSeiji,1044,,1,0,0,0,0,0,0,0,0,0,0,0,0,0,0,0,0,0,0,0,1
Kahina069,1044,,5,0,0,0,0,1,0,0,1,0,0,0,1,1,0,0,1,0,0,0,0
Huss_Kob,1044,,1,0,0,0,0,0,0,0,0,0,0,0,0,0,0,0,1,0,0,0,0
swan51214,1043,,1,0,0,0,0,0,0,0,0,1,0,0,0,0,0,0,0,0,0,0,0
_jibraan,1043,,12,1,1,0,1,1,1,1,1,1,1,1,0,0,0,0,0,1,0,0,1
Raraja5850,1043,,2,0,0,0,0,1,1,0,0,0,0,0,0,0,0,0,0,0,0,0,0
AliAmir57180876,1043,,8,0,1,1,0,0,0,0,0,0,1,1,1,1,0,0,1,1,0,0,0
Al_amin_Chukkol,1043,,7,0,1,0,0,0,1,0,0,1,1,0,0,0,0,0,0,0,1,1,1
Snickers__001,1042,,1,0,0,0,0,0,0,0,0,0,0,0,0,0,0,0,0,0,0,0,1
babakohi1364,1041,,5,0,0,0,0,0,1,0,0,0,0,0,1,1,1,0,0,0,1,0,0
zaybaq1,1040,,2,0,0,0,0,0,0,1,0,0,0,0,0,0,0,0,0,0,0,0,1
pink_lungi,1040,,1,0,0,0,0,0,0,0,0,0,1,0,0,0,0,0,0,0,0,0,0
OrlovProvince,1040,,1,0,0,0,0,0,0,0,0,0,0,0,0,0,0,0,0,1,0,0,0
AymanHasan800,1040,,7,1,1,0,0,0,0,0,0,0,0,0,0,0,0,1,1,1,1,0,1
qqggpp86,1039,,2,0,0,0,0,0,0,0,0,0,0,0,1,0,0,0,0,0,0,0,1
louielewis3,1039,,3,0,0,0,0,1,1,0,0,0,0,0,0,1,0,0,0,0,0,0,0
alezzey,1039,,3,1,0,0,0,0,0,0,0,0,0,0,0,0,0,0,1,0,0,0,1
2dw4G89i5r6LgqM,1039,,5,0,0,0,0,0,1,0,0,0,1,0,1,0,0,0,0,1,0,0,1
vincent254m,1038,,1,0,0,0,0,0,0,0,0,0,1,0,0,0,0,0,0,0,0,0,0
btcplanet,1038,,1,0,0,0,0,0,0,0,0,0,0,0,0,0,0,0,0,1,0,0,0
FouzSiddiqui_,1038,,1,0,0,0,0,0,0,0,0,0,0,0,0,0,0,0,0,0,0,0,1
slowcoach,1037,,4,0,0,0,0,0,0,0,0,0,1,0,0,0,0,0,0,0,1,1,1
jlrealww,1037,,2,0,0,0,0,0,0,0,0,1,1,0,0,0,0,0,0,0,0,0,0
Ibrahim_saberi1,1037,,3,0,0,0,0,0,0,0,1,0,0,0,0,1,0,0,0,1,0,0,0
Engr_ashwaq,1036,,1,0,0,0,0,0,0,1,0,0,0,0,0,0,0,0,0,0,0,0,0
AustinVTran,1035,,1,0,0,1,0,0,0,0,0,0,0,0,0,0,0,0,0,0,0,0,0
cfc_nrmnrckwell,1034,,1,0,0,1,0,0,0,0,0,0,0,0,0,0,0,0,0,0,0,0,0
RMathoka,1034,,3,0,0,0,0,0,0,0,0,0,0,0,0,0,0,1,0,1,1,0,0
AqaMafakheri,1034,,11,0,0,1,1,0,1,1,0,0,0,1,0,1,1,1,0,1,1,0,1
Abd_Almuhtadi,1034,,1,0,0,0,0,0,0,0,0,0,0,0,1,0,0,0,0,0,0,0,0
SMubasharNaqvi,1033,,1,0,0,0,0,0,0,0,0,0,0,0,0,0,0,0,0,0,1,0,0
CyrusNe27372739,1033,,1,0,0,0,0,0,0,0,0,0,0,0,0,0,0,0,0,0,0,0,1
BerkeleyEve,1033,,2,0,0,0,0,0,1,1,0,0,0,0,0,0,0,0,0,0,0,0,0
AliyarCAN14,1032,,19,1,1,1,1,1,1,1,1,1,0,1,1,1,1,1,1,1,1,1,1
bibegax,1031,,4,0,0,0,0,0,0,0,1,1,1,0,0,0,0,0,0,0,0,0,1
CleanEnergyRen1,1031,,7,1,0,0,0,0,1,0,0,0,1,0,0,1,0,0,1,1,0,0,1
radikaldb,1030,,2,0,0,0,0,0,0,0,0,0,0,0,0,1,1,0,0,0,0,0,0
callmekigz,1030,,1,0,0,0,0,0,0,0,0,0,1,0,0,0,0,0,0,0,0,0,0
m3khr,1029,,13,0,0,0,0,0,1,1,1,1,1,1,1,1,1,1,1,1,1,0,0
france_amedehe,1029,,2,0,0,0,0,0,0,0,0,0,0,0,0,0,0,1,0,1,0,0,0
Magda_Fa17,1029,,6,0,1,0,0,0,0,0,0,0,0,0,0,1,0,1,1,1,1,0,0
GrandeTonetti,1029,,1,0,0,0,0,0,0,0,0,0,0,0,0,0,0,0,0,0,1,0,0
ArmanNaderi16,1029,,2,0,0,0,0,1,1,0,0,0,0,0,0,0,0,0,0,0,0,0,0
Qanon1981jewish,1028,,1,0,0,0,0,0,0,0,0,0,0,0,0,0,0,0,0,0,0,0,1
Preyeironsyde,1028,,7,0,0,0,0,0,1,0,1,1,1,0,0,0,0,0,0,1,1,0,1
7g813,1028,,1,0,0,0,0,0,0,0,0,0,0,0,1,0,0,0,0,0,0,0,0
shafkatullah,1027,,16,1,1,0,1,1,0,1,1,1,1,1,1,1,1,0,1,1,0,1,1
RealyJoe,1027,,9,0,0,1,1,1,1,1,1,1,1,0,0,0,0,0,0,0,0,1,0
RadziIqbal,1027,,1,0,0,0,0,0,0,0,0,1,0,0,0,0,0,0,0,0,0,0,0
Mutsa___,1027,,2,0,0,0,0,0,0,0,0,1,1,0,0,0,0,0,0,0,0,0,0
BeingHuman254,1027,,1,0,0,0,0,0,0,0,0,0,0,0,0,0,0,1,0,0,0,0,0
hasanfereidoon,1026,,3,0,0,0,0,0,1,0,0,0,0,0,1,1,0,0,0,0,0,0,0
anupam__mitra,1026,,1,0,0,0,0,0,0,0,0,0,0,0,0,0,0,0,0,1,0,0,0
RannheidSharma,1026,,1,0,0,0,0,0,0,0,1,0,0,0,0,0,0,0,0,0,0,0,0
EMSAL,1026,,9,1,0,0,1,0,1,1,0,1,1,1,0,1,0,0,0,0,1,0,0
8e19fd02307246f,1026,,1,0,0,0,0,1,0,0,0,0,0,0,0,0,0,0,0,0,0,0,0
LtyfyTwby,1025,,1,0,0,0,0,0,0,0,0,0,0,0,0,0,0,0,0,0,1,0,0
MKhaledMahmood,1024,,7,0,1,0,0,0,1,1,1,1,1,0,0,1,0,0,0,0,0,0,0
Liberty1776Girl,1024,,1,0,0,0,0,0,0,0,0,0,0,0,0,0,0,0,0,0,1,0,0
Dankwara001,1024,,1,0,0,0,0,0,0,0,0,0,0,1,0,0,0,0,0,0,0,0,0
bluewater2lc,1023,,1,0,0,0,0,1,0,0,0,0,0,0,0,0,0,0,0,0,0,0,0
allanconnal,1022,,1,0,0,0,0,0,1,0,0,0,0,0,0,0,0,0,0,0,0,0,0
RajihMamari,1022,,1,0,0,0,0,0,0,0,1,0,0,0,0,0,0,0,0,0,0,0,0
EyupTopal61,1022,,3,0,0,0,0,0,0,0,0,0,0,0,1,0,0,0,1,0,0,0,1
AIJAZ1204,1022,,1,0,0,0,0,0,0,0,0,0,0,0,0,0,0,0,0,0,1,0,0
mahyarkhadem2,1021,,2,0,0,0,1,0,0,0,0,0,0,1,0,0,0,0,0,0,0,0,0
PAF_Strikel4,1021,,1,0,0,0,0,0,0,0,0,0,1,0,0,0,0,0,0,0,0,0,0
owaisahmedkhan4,1020,,1,0,0,0,0,0,0,0,0,0,0,0,0,0,0,0,0,1,0,0,0
minijanipor,1020,,1,0,0,0,0,0,0,0,0,0,0,0,0,0,0,0,0,0,1,0,0
frc_vfco,1020,,5,0,0,0,0,0,0,0,0,1,0,0,0,1,1,0,0,1,1,0,0
akalfarran,1020,,1,0,0,0,0,0,0,0,0,0,0,0,0,0,0,1,0,0,0,0,0
Says_Warraich,1020,,2,0,0,0,0,0,0,0,0,0,0,0,0,1,0,0,0,0,1,0,0
Ricar2kaka,1019,,1,0,0,0,0,0,0,0,0,0,0,0,0,0,0,0,0,0,1,0,0
SajadiJamal,1018,,1,0,0,0,0,0,0,0,0,0,0,0,0,0,0,0,0,0,1,0,0
OC_Berlin,1018,,2,0,0,0,0,0,0,0,1,0,0,0,0,0,0,0,0,0,0,0,1
ZuGang1738,1017,,1,0,0,0,0,0,0,0,0,0,0,1,0,0,0,0,0,0,0,0,0
Nada__Mais,1016,,1,0,0,0,0,0,0,0,0,0,0,0,0,0,0,0,0,1,0,0,0
Hani_shkak,1016,,1,1,0,0,0,0,0,0,0,0,0,0,0,0,0,0,0,0,0,0,0
chowfm,1015,,1,0,0,0,0,0,0,0,0,0,0,0,0,0,0,0,0,0,0,0,1
zaibkh77,1014,,2,0,0,0,0,0,0,0,0,1,1,0,0,0,0,0,0,0,0,0,0
saheel_9,1014,,11,0,1,1,1,1,0,0,0,1,0,0,1,1,0,0,1,1,1,1,0
mehme84146,1014,,3,1,0,0,0,0,0,0,0,1,0,0,0,0,0,0,0,0,1,0,0
justamiss96,1014,,2,0,0,0,0,1,0,0,0,0,0,0,0,1,0,0,0,0,0,0,0
hacker_fadia,1014,,6,0,0,0,1,0,1,1,0,0,0,0,0,0,0,0,0,0,1,1,1
h86_husam,1014,,2,0,0,0,0,0,0,0,0,0,0,0,1,0,0,0,0,1,0,0,0
amrhkazemi,1014,,1,0,0,0,0,1,0,0,0,0,0,0,0,0,0,0,0,0,0,0,0
Muhsinfcb,1014,,2,1,0,0,0,0,0,0,0,0,0,0,0,0,0,0,1,0,0,0,0
HarryBoschLAPD,1014,,16,1,0,0,0,1,1,1,1,1,1,1,1,1,1,1,1,1,1,0,1
soofia_313,1013,,1,0,0,0,0,0,0,0,0,1,0,0,0,0,0,0,0,0,0,0,0
glmex1,1013,,3,0,0,0,0,0,0,1,0,0,0,0,0,1,1,0,0,0,0,0,0
Asam27897814,1012,,1,0,0,0,1,0,0,0,0,0,0,0,0,0,0,0,0,0,0,0,0
Qamsarii,1010,,2,0,0,0,0,0,0,0,0,0,1,1,0,0,0,0,0,0,0,0,0
pengagumuuuuu,1009,,1,0,0,0,0,0,0,1,0,0,0,0,0,0,0,0,0,0,0,0,0
nightingale_Yan,1009,,1,0,0,0,0,0,1,0,0,0,0,0,0,0,0,0,0,0,0,0,0
abacus003,1009,,7,0,0,0,0,0,0,1,1,1,0,1,0,0,0,0,1,0,1,0,1
cheick796377331,1008,,6,1,0,1,0,1,0,0,1,1,0,0,0,0,0,0,0,0,1,0,0
allen_Gunit,1008,,2,0,0,0,0,0,1,0,0,1,0,0,0,0,0,0,0,0,0,0,0
khan_asif_xx,1007,,1,0,0,0,0,0,0,0,0,0,0,0,0,1,0,0,0,0,0,0,0
Razah_Razah,1007,,2,0,0,0,0,0,0,1,0,0,0,0,0,0,0,1,0,0,0,0,0
askoaskole,1006,,1,0,0,0,0,0,0,0,0,0,0,0,0,0,0,0,0,0,0,1,0
ashbaholnas1368,1006,,1,0,0,0,0,0,0,0,0,0,0,0,1,0,0,0,0,0,0,0,0
abu___taher22,1006,,19,0,1,1,1,1,1,1,1,1,1,1,1,1,1,1,1,1,1,1,1
RTEMYSS,1006,,17,1,1,1,1,1,1,1,0,1,1,1,1,1,0,0,1,1,1,1,1
Emmyerikina,1006,,1,0,0,0,0,0,0,0,0,0,0,0,0,1,0,0,0,0,0,0,0
brumiboi,1005,,8,0,0,0,0,0,1,0,0,0,1,1,1,1,0,0,0,1,1,1,0
Sarbaz_e_Mehdii,1005,,1,0,0,0,0,0,0,0,0,0,0,0,0,0,0,1,0,0,0,0,0
houraa213,1004,,1,0,0,0,0,0,0,0,0,0,0,0,0,0,0,1,0,0,0,0,0
Saqi_72,1004,,7,0,1,0,1,0,0,1,1,0,0,0,0,0,0,0,1,1,1,0,0
MApodogan,1003,,1,0,0,0,0,0,0,0,0,0,0,0,0,0,0,0,0,0,0,0,1
GariGurman,1003,,1,0,0,0,0,0,0,0,0,0,0,0,0,0,0,0,1,0,0,0,0
SzpilmanStinson,1002,,1,0,0,0,0,0,0,0,0,0,1,0,0,0,0,0,0,0,0,0,0
Elisheba27661,1002,,15,1,1,1,0,1,1,1,1,1,1,1,0,1,0,1,0,1,0,1,1
timeschanges,1001,,1,0,0,0,0,0,0,0,0,0,0,0,0,0,0,0,0,1,0,0,0
kaml444,1001,,2,0,0,0,0,0,1,0,0,0,0,0,0,0,0,1,0,0,0,0,0
andarisqi8,1001,,11,0,1,1,1,1,1,0,1,1,1,1,1,1,0,0,0,0,0,0,0
Mohammedshboul4,1001,,1,0,0,0,0,0,0,0,0,0,0,0,0,0,0,1,0,0,0,0,0
BaghriHosin,1001,,4,0,0,0,0,1,1,0,0,0,1,0,0,0,1,0,0,0,0,0,0
catcheronthesly,999,,1,0,0,0,0,0,0,0,0,0,1,0,0,0,0,0,0,0,0,0,0
capitaocorona1,999,,3,0,0,0,0,0,0,0,0,1,0,0,1,0,0,0,0,0,0,0,1
KhairullahAziz2,999,,2,1,0,0,0,0,0,0,0,0,0,0,0,0,0,0,0,0,1,0,0
KenUnit,999,,1,0,0,1,0,0,0,0,0,0,0,0,0,0,0,0,0,0,0,0,0
JunaidKalson,999,,2,0,0,0,0,0,1,0,0,0,0,0,0,0,0,0,0,1,0,0,0
BasiraPress_,999,,1,0,0,0,0,0,0,0,0,0,0,0,0,0,0,0,0,0,0,0,1
doctorozono,998,,1,0,0,0,0,0,1,0,0,0,0,0,0,0,0,0,0,0,0,0,0
kicka_one,997,,1,0,1,0,0,0,0,0,0,0,0,0,0,0,0,0,0,0,0,0,0
jalalzade_ir,997,,1,0,0,0,0,0,0,0,0,0,0,0,0,0,0,0,0,1,0,0,0
Donaldmathew9,997,,1,0,0,0,0,0,0,0,0,1,0,0,0,0,0,0,0,0,0,0,0
WairimuW,996,,1,0,0,0,0,0,0,0,0,0,0,0,0,0,0,0,1,0,0,0,0
TheSpecialBaby,995,,3,0,1,0,0,0,0,0,0,0,1,0,0,0,0,0,0,1,0,0,0
thecatwhochats,994,,1,0,0,0,0,0,0,0,0,0,0,0,0,0,0,0,1,0,0,0,0
MRoyer3,994,,1,0,0,0,0,0,0,0,0,0,0,0,0,0,0,0,0,1,0,0,0
y_gokay,993,,1,0,0,0,0,0,0,0,0,0,0,0,0,0,0,0,0,0,1,0,0
GodwinFrancis01,993,,1,0,0,0,0,0,0,1,0,0,0,0,0,0,0,0,0,0,0,0,0
syn1432612,992,,4,0,0,1,1,0,0,1,0,0,0,0,0,0,0,0,0,1,0,0,0
mohamma74424778,992,,2,0,0,0,0,0,0,0,0,0,0,1,0,0,0,0,0,0,1,0,0
Rusty91104,992,,2,0,0,0,0,0,0,0,0,0,1,0,0,0,0,0,1,0,0,0,0
MonzurA54535332,992,,2,0,0,0,0,0,0,0,0,1,0,0,0,1,0,0,0,0,0,0,0
ArmChairSage,992,,1,0,1,0,0,0,0,0,0,0,0,0,0,0,0,0,0,0,0,0,0
HERPheyz,991,,3,0,0,0,0,0,0,0,0,1,1,0,1,0,0,0,0,0,0,0,0
ChimurengaAfro,991,,1,0,0,0,0,0,0,0,0,0,1,0,0,0,0,0,0,0,0,0,0
melikakhatoon,990,,1,0,0,0,0,0,0,0,0,0,0,0,0,0,0,0,0,0,0,0,1
ligabowsky,990,,9,0,0,0,0,1,1,1,1,1,0,0,1,0,0,0,0,1,1,0,1
lewanayfalsafi,990,,1,0,0,0,0,0,0,0,0,0,0,0,0,0,0,0,0,0,0,0,1
arelly_ruiz,990,,3,0,0,0,0,0,0,0,0,0,0,1,1,1,0,0,0,0,0,0,0
aanchalrizvi,990,,5,0,0,0,0,1,0,0,1,0,1,0,0,1,0,0,0,1,0,0,0
hassan_rizvi99,989,,5,0,0,0,0,0,0,1,1,1,1,0,0,0,0,0,0,0,0,0,1
bandaydaputtar,989,,1,0,0,0,0,0,0,0,0,0,0,0,0,0,0,0,0,0,0,1,0
Rezado7,989,,1,0,0,0,0,0,0,0,0,0,0,0,0,0,0,0,0,0,1,0,0
MwanaKigoma,989,,2,0,0,0,0,0,0,0,1,1,0,0,0,0,0,0,0,0,0,0,0
Arc_Alibaba,989,,1,0,0,0,0,0,0,0,0,0,1,0,0,0,0,0,0,0,0,0,0
voteyes180914,988,,2,0,0,0,0,0,0,0,0,0,0,0,0,1,0,0,0,0,0,0,1
FranceCroyante,988,,1,0,0,0,0,0,0,1,0,0,0,0,0,0,0,0,0,0,0,0,0
ALF_2000,988,,3,0,0,0,0,0,1,1,0,0,0,0,0,0,0,0,1,0,0,0,0
techdr655,987,,2,0,0,0,0,0,0,0,0,0,0,0,0,0,0,0,0,0,1,0,1
qasm1255966,987,,5,0,0,0,0,1,0,1,0,0,0,1,0,0,0,0,1,0,0,0,1
Somaie381758,986,,15,0,1,0,1,1,1,1,1,1,1,1,1,1,0,1,0,1,0,1,1
AhmaadMadu,986,,1,0,0,0,0,0,0,0,0,0,0,0,0,0,0,0,1,0,0,0,0
AbdulKotwa36679,986,,1,0,0,0,0,0,1,0,0,0,0,0,0,0,0,0,0,0,0,0,0
Sakusuwako1,985,,1,0,0,0,0,0,0,0,0,0,0,0,0,0,0,0,0,0,0,0,1
FaizanWarraichh,984,,1,0,0,0,0,0,0,0,1,0,0,0,0,0,0,0,0,0,0,0,0
asmakhajehzadeh,983,,7,0,0,0,1,0,1,1,0,0,1,1,0,0,0,0,1,0,1,0,0
aayan__01,983,,1,1,0,0,0,0,0,0,0,0,0,0,0,0,0,0,0,0,0,0,0
iraandokht1995,982,,2,0,0,0,0,0,0,0,0,0,0,0,0,0,0,0,0,1,1,0,0
IjagasonM,981,,2,0,1,0,0,0,0,0,1,0,0,0,0,0,0,0,0,0,0,0,0
Dake454,981,,4,0,0,0,0,0,0,0,0,1,1,0,1,0,0,0,1,0,0,0,0
keen_aadil,980,,1,0,0,0,0,0,0,0,0,0,0,0,0,0,0,0,0,0,1,0,0
AnnMuller_,980,,1,0,0,0,0,0,0,1,0,0,0,0,0,0,0,0,0,0,0,0,0
yehouda2813371,979,,1,0,1,0,0,0,0,0,0,0,0,0,0,0,0,0,0,0,0,0,0
longacre_doroth,979,,1,0,0,0,0,0,0,0,0,0,0,0,0,0,0,1,0,0,0,0,0
Nomore_single,979,,2,0,0,0,0,0,0,0,0,0,1,0,0,0,0,0,0,0,1,0,0
Luissilv2000,979,,3,0,0,0,0,0,0,0,0,0,1,0,1,1,0,0,0,0,0,0,0
ElfoulyKarim,979,,1,0,0,0,0,0,0,0,0,0,0,0,0,0,0,0,0,0,0,1,0
hosseinfahmede,978,,1,0,0,0,0,0,0,0,0,0,0,0,0,0,0,1,0,0,0,0,0
Albarqi2025,978,,3,0,0,0,0,0,0,0,1,1,0,0,0,0,0,0,0,0,0,0,1
peymanr_farsi,977,,5,0,0,0,0,0,0,0,1,1,1,0,1,0,0,0,0,0,1,0,0
mbhuriyavacanyi,977,,1,0,0,0,0,0,0,0,0,0,0,0,0,0,0,0,0,0,0,0,1
karimi_ali1,977,,1,0,0,0,0,0,1,0,0,0,0,0,0,0,0,0,0,0,0,0,0
hector_otero,977,,1,0,0,0,0,0,1,0,0,0,0,0,0,0,0,0,0,0,0,0,0
Hossein_Man,977,,6,0,0,0,1,0,1,1,1,1,0,0,0,0,0,0,0,0,1,0,0
Farnakyboy,977,,3,0,0,0,0,0,0,0,0,0,1,0,1,0,0,0,0,1,0,0,0
asra598962,976,,1,0,0,0,0,1,0,0,0,0,0,0,0,0,0,0,0,0,0,0,0
sydalihasan,975,,1,0,0,0,0,0,0,0,1,0,0,0,0,0,0,0,0,0,0,0,0
Sunnylifemoney,975,,1,0,0,0,0,0,0,0,0,0,1,0,0,0,0,0,0,0,0,0,0
DrAlire97408770,975,,1,0,0,0,0,0,0,0,0,0,0,0,0,1,0,0,0,0,0,0,0
Chowleqzak,975,,1,0,0,0,0,0,0,0,0,0,0,0,0,0,0,0,0,0,0,0,1
abl_10,974,,4,0,0,0,0,0,0,0,0,1,0,0,0,0,0,0,0,1,0,1,1
KhairyHaarun,974,,1,0,0,0,0,0,0,0,0,0,1,0,0,0,0,0,0,0,0,0,0
ElitesMatter,974,,2,0,0,0,0,0,0,0,0,0,0,0,0,0,0,0,0,1,0,0,1
sativabreeder,973,,1,0,0,0,0,0,0,0,0,0,0,0,0,1,0,0,0,0,0,0,0
mohammad637463,973,,7,0,0,1,0,0,1,1,1,1,0,1,1,0,0,0,0,0,0,0,0
democritus_wri,973,,1,0,0,0,0,0,0,0,0,0,0,0,0,0,0,0,0,0,1,0,0
NazyInyass,973,,1,0,0,0,0,0,0,0,0,0,1,0,0,0,0,0,0,0,0,0,0
ElliotDugdale,973,,1,0,0,0,0,0,0,0,0,0,0,0,0,0,0,0,0,1,0,0,0
DinaBassiri,973,,1,0,0,0,0,0,0,0,0,0,0,0,0,0,0,0,0,0,0,0,1
AcidAllah,973,,1,0,0,0,0,0,0,0,0,0,0,0,0,0,0,0,0,0,0,1,0
afsharchi,972,,2,0,0,0,0,0,0,0,0,0,1,0,0,0,0,0,0,0,1,0,0
GlobalLensHQ_,972,,14,0,1,0,0,1,1,1,1,1,1,1,1,1,1,0,1,1,1,0,0
mn_Iraq23,971,,2,0,0,0,0,0,0,0,0,0,1,0,0,1,0,0,0,0,0,0,0
aksym,971,,3,1,0,0,0,0,0,1,0,0,0,0,0,0,0,0,1,0,0,0,0
ImportKings,970,,1,0,0,0,0,0,0,0,0,0,0,0,0,1,0,0,0,0,0,0,0
ttxp_fctn7007,969,,1,0,1,0,0,0,0,0,0,0,0,0,0,0,0,0,0,0,0,0,0
sprouttube,969,,1,0,0,0,0,0,0,0,0,0,0,0,0,0,0,0,0,0,1,0,0
mamsa04,969,,2,1,0,0,0,0,0,0,0,0,0,0,0,0,0,0,0,0,1,0,0
ZackHoosen,968,,14,0,1,1,1,1,1,1,1,1,1,1,1,1,1,0,0,0,0,0,1
OusGrand,968,,8,0,1,0,0,0,1,0,0,1,0,1,0,1,0,0,1,1,1,0,0
mironuvi,967,,2,0,0,0,0,0,1,1,0,0,0,0,0,0,0,0,0,0,0,0,0
bearzig,967,,3,0,0,0,0,0,0,0,0,0,0,0,1,0,0,0,1,1,0,0,0
metaenforcer,966,,1,0,0,0,0,0,0,0,0,0,0,0,0,0,0,0,0,1,0,0,0
gwarUF,966,,1,0,0,0,0,0,0,0,0,0,0,0,0,0,0,0,0,0,0,1,0
AtikaBenjamin,966,,4,0,0,0,0,0,1,0,1,1,1,0,0,0,0,0,0,0,0,0,0
naveensanders1,965,,10,0,0,1,0,1,0,0,1,1,1,0,0,1,0,0,1,0,1,1,1
iHOSdgreat,965,,2,1,0,1,0,0,0,0,0,0,0,0,0,0,0,0,0,0,0,0,0
fioye_oke,965,,1,0,0,0,0,0,0,0,0,0,1,0,0,0,0,0,0,0,0,0,0
Nabeelkmr,965,,1,0,0,0,0,0,0,0,1,0,0,0,0,0,0,0,0,0,0,0,0
HoopenWill82319,964,,1,0,0,0,0,0,0,0,1,0,0,0,0,0,0,0,0,0,0,0,0
sunburstCHICAGO,963,,9,0,0,0,0,1,1,0,1,0,1,1,1,0,0,1,0,1,0,0,1
ChrisSiwon,963,,1,0,0,0,0,0,0,0,0,0,0,0,0,1,0,0,0,0,0,0,0
defjansen,961,,5,0,0,0,0,1,0,1,0,0,0,1,0,1,1,0,0,0,0,0,0
qingchao1917,959,,2,0,0,0,0,0,0,0,0,0,0,0,0,0,0,0,0,1,0,0,1
inforiist,959,,1,0,0,0,0,0,0,0,0,0,0,0,0,0,0,0,0,1,0,0,0
alfredinbcn,959,,1,0,0,0,0,0,0,0,0,0,0,0,0,0,0,0,0,0,0,1,0
Mrashidi126,959,,3,0,0,0,0,0,0,0,0,0,0,0,0,0,0,0,1,1,1,0,0
markii2001,958,,1,0,0,0,0,1,0,0,0,0,0,0,0,0,0,0,0,0,0,0,0
VanessaUlyssea,958,,1,0,0,0,0,0,0,0,0,0,0,0,0,0,0,0,0,1,0,0,0
Tropdoignons,958,,6,0,0,0,0,0,1,1,0,1,0,0,0,0,0,0,0,1,1,0,1
RhiannaFord,958,,1,0,0,0,0,0,1,0,0,0,0,0,0,0,0,0,0,0,0,0,0
lucapette,957,,1,0,0,0,0,0,0,0,0,0,0,0,0,0,0,0,0,0,0,0,1
ShayaqRaza,957,,3,0,0,0,0,0,0,0,0,0,1,1,0,1,0,0,0,0,0,0,0
luc_ma66,956,,2,0,0,0,0,0,0,0,1,0,0,0,0,0,0,0,1,0,0,0,0
RebellThought,956,,1,0,0,0,0,0,0,0,0,0,0,0,0,0,0,0,0,0,0,0,1
FPlaveti,956,,1,0,0,0,0,0,1,0,0,0,0,0,0,0,0,0,0,0,0,0,0
Cleonarda68,956,,2,0,0,0,0,0,1,0,0,0,0,0,0,0,0,0,0,1,0,0,0
hamide_hoseini,955,,5,0,0,0,0,0,0,0,0,0,0,0,0,0,1,0,0,1,1,1,1
cesarmtassinari,955,,1,0,0,0,0,0,0,0,0,0,0,0,0,0,0,0,0,1,0,0,0
IotollaKomehni,955,,8,0,1,0,0,0,1,1,0,1,0,1,1,1,0,0,0,0,0,0,1
Abusale88785933,955,,6,0,0,0,0,1,1,0,0,1,0,0,0,0,0,0,1,1,0,1,0
_Bulimo,954,,1,0,0,0,0,0,0,0,0,0,1,0,0,0,0,0,0,0,0,0,0
SulemanAhaad,954,,1,0,0,0,0,0,0,0,0,0,0,0,0,0,0,0,0,0,0,0,1
OHorvath2,954,,1,0,0,0,0,0,0,0,0,0,0,0,0,1,0,0,0,0,0,0,0
Merbabe71,954,,3,0,0,0,0,0,0,0,1,1,1,0,0,0,0,0,0,0,0,0,0
senooorbtc,952,,1,0,0,0,0,0,0,0,0,0,0,0,0,0,0,0,0,0,0,1,0
notyourmatefam,952,,1,0,0,0,0,0,0,0,0,0,0,0,0,0,0,0,1,0,0,0,0
SAli15817136,952,,5,0,0,0,0,0,0,0,0,0,0,0,0,1,0,1,1,1,0,0,1
NorJoRe2010,952,,5,0,1,0,0,0,0,0,1,0,0,0,0,0,0,0,1,0,0,1,1
MarcoAcco68,952,,11,0,0,1,1,1,1,1,0,0,0,0,1,0,0,1,1,1,1,0,1
ayyajsheikh,951,,1,0,0,0,0,0,0,0,0,0,1,0,0,0,0,0,0,0,0,0,0
DR_Sterange,951,,6,0,0,0,0,0,0,1,1,0,0,1,0,1,1,0,0,0,0,1,0
AlymnBb,951,,1,0,0,1,0,0,0,0,0,0,0,0,0,0,0,0,0,0,0,0,0
mahdishata,950,,1,0,0,0,0,0,0,0,0,0,0,0,0,0,0,0,0,0,0,0,1
Mokiller98,950,,1,0,0,0,0,0,1,0,0,0,0,0,0,0,0,0,0,0,0,0,0
armaan1382,949,,1,0,0,0,0,0,0,0,0,0,0,0,0,1,0,0,0,0,0,0,0
AlmranyMnyr,949,,1,0,0,0,0,0,0,0,0,0,0,0,1,0,0,0,0,0,0,0,0
99DHvdaZjeWpU5O,949,,1,0,0,0,0,0,0,0,1,0,0,0,0,0,0,0,0,0,0,0,0
adib1397,948,,1,0,0,0,0,0,0,0,0,0,0,0,0,0,0,0,0,0,1,0,0
Vidano332010,948,,2,0,0,0,0,0,0,0,0,0,0,0,0,0,0,0,1,0,1,0,0
ALBAPUGLOVER,948,,1,0,0,0,0,0,0,0,0,0,1,0,0,0,0,0,0,0,0,0,0
HisArtcellency,947,,2,0,0,0,0,0,0,0,0,1,1,0,0,0,0,0,0,0,0,0,0
pascal_biz,946,,5,0,0,0,0,0,0,1,1,1,0,0,0,0,0,0,0,1,1,0,0
fmngos,946,,1,0,0,0,0,0,0,0,0,0,1,0,0,0,0,0,0,0,0,0,0
chadmath,946,,1,0,0,0,0,0,0,0,0,0,0,0,1,0,0,0,0,0,0,0,0
EmmanuelB3rnard,946,,1,0,0,0,0,0,0,0,0,0,0,0,0,0,0,0,0,0,0,0,1
AnsariFaisee76,946,,1,0,0,0,0,0,0,0,0,1,0,0,0,0,0,0,0,0,0,0,0
didebancenter,945,,3,0,0,0,0,0,0,0,0,1,0,0,1,0,0,0,1,0,0,0,0
TheFrostyAce,945,,8,0,0,0,0,1,1,0,1,1,1,0,0,0,0,0,0,1,0,1,1
melele129996,944,,1,0,0,0,0,0,0,0,0,0,0,0,0,0,0,0,0,0,0,1,0
khabaredagh1,944,,2,0,0,0,0,1,0,0,0,0,0,0,0,0,0,0,0,0,1,0,0
josargor,944,,1,0,0,0,0,0,1,0,0,0,0,0,0,0,0,0,0,0,0,0,0
cchandramouli1,944,,1,0,0,0,0,0,1,0,0,0,0,0,0,0,0,0,0,0,0,0,0
altyralm,944,,3,0,0,0,0,1,1,0,0,0,0,0,0,0,0,0,0,0,0,0,1
ElTrapoTweets,944,,1,0,0,0,0,0,0,0,0,0,1,0,0,0,0,0,0,0,0,0,0
DomhnallCam,944,,1,0,0,0,0,0,0,0,0,0,0,0,0,1,0,0,0,0,0,0,0
AnathemaVa,944,,1,0,0,0,0,0,0,0,0,0,0,0,1,0,0,0,0,0,0,0,0
Ramonabrt,943,,1,0,0,0,0,0,0,0,0,0,0,0,0,0,0,0,0,1,0,0,0
naieme128,942,,1,0,0,0,0,0,0,0,0,0,0,1,0,0,0,0,0,0,0,0,0
carlosb63199278,942,,1,0,0,0,0,1,0,0,0,0,0,0,0,0,0,0,0,0,0,0,0
Utd_Ronnie,942,,1,0,0,1,0,0,0,0,0,0,0,0,0,0,0,0,0,0,0,0,0
Mohghalaye,942,,2,0,0,0,0,0,0,0,0,0,0,0,0,0,0,0,0,0,0,1,1
wallflowwwerrr,941,,1,0,0,0,0,0,0,0,0,0,0,0,0,0,0,0,0,1,0,0,0
suhreverdi313,941,,1,0,0,0,0,0,0,0,0,0,0,0,0,1,0,0,0,0,0,0,0
radflohistory,941,,1,0,0,0,0,0,0,0,0,0,0,0,0,0,0,0,0,0,0,0,1
malicibik,941,,1,0,0,0,0,0,0,0,0,0,1,0,0,0,0,0,0,0,0,0,0
Hashashin021,941,,4,0,0,0,0,0,0,0,0,1,0,1,0,0,0,0,0,0,0,1,1
LisaHay15230780,940,,1,0,0,0,0,0,0,0,0,0,0,0,0,0,0,0,0,1,0,0,0
ShaneHyderZaidi,938,,1,0,0,0,0,0,0,0,0,0,0,0,0,0,0,0,0,0,1,0,0
Mehrikhanom7,937,,3,0,0,0,0,0,0,0,0,0,0,1,0,1,1,0,0,0,0,0,0
Ho_Najafi,937,,4,0,0,0,0,0,0,0,0,0,0,1,0,1,0,0,1,1,0,0,0
Cloclozazaprive,937,,1,0,0,0,0,0,0,0,1,0,0,0,0,0,0,0,0,0,0,0,0
SaeedDoroudiani,936,,3,0,0,0,0,0,0,1,0,0,0,0,0,0,1,0,1,0,0,0,0
JakeSeattleX19,936,,7,0,0,1,0,0,0,0,1,1,0,1,1,1,0,0,0,1,0,0,0
saintsalamslim,934,,11,0,0,0,1,1,1,0,1,1,1,0,1,1,0,1,1,1,0,0,0
EllyMakepeace,934,,2,0,0,0,0,0,0,0,0,0,0,0,0,1,0,0,0,0,0,0,1
wadih_dib,933,,1,0,0,0,0,0,0,0,0,0,0,0,0,0,0,1,0,0,0,0,0
mrhotcafe,933,,16,0,1,1,1,1,1,1,0,1,1,1,1,1,0,1,1,1,1,0,1
admkuznetsov45,933,,2,0,0,1,0,0,0,0,0,0,0,0,0,1,0,0,0,0,0,0,0
manaado,932,,1,0,0,0,1,0,0,0,0,0,0,0,0,0,0,0,0,0,0,0,0
portabledust,930,,1,0,0,0,0,1,0,0,0,0,0,0,0,0,0,0,0,0,0,0,0
jianhua1965,930,,3,0,0,0,0,0,0,0,0,0,0,1,0,0,0,0,0,1,0,1,0
ZQazvinian,930,,7,0,0,0,0,1,0,0,0,0,1,0,0,1,0,1,1,0,1,1,0
UNIVERS_ART,929,,1,0,0,0,0,0,0,0,0,0,0,0,0,0,0,0,0,0,0,0,1
Daniel74060821,929,,1,0,0,0,0,0,0,0,0,0,1,0,0,0,0,0,0,0,0,0,0
dataspot1701d,928,,4,0,1,0,0,0,0,0,0,1,0,0,0,0,0,0,1,0,0,1,0
dozadoze1,926,,5,0,0,0,0,0,0,0,0,1,0,1,1,0,0,0,1,0,0,0,1
aratifrrajan,926,,9,1,1,1,0,1,0,1,0,1,1,0,0,1,0,0,0,0,0,1,0
FrancescoBoria3,926,,1,0,0,0,1,0,0,0,0,0,0,0,0,0,0,0,0,0,0,0,0
yearninquilab,925,,2,0,0,0,0,0,0,0,0,0,0,0,0,1,0,0,0,0,0,0,1
abhishek_s_1,925,,1,0,0,0,0,0,0,0,0,0,0,0,0,0,0,0,0,1,0,0,0
NoveoTVabierta,925,,4,0,0,0,0,0,1,1,1,0,0,0,0,1,0,0,0,0,0,0,0
JeanPGelinas,925,,1,0,0,0,0,0,1,0,0,0,0,0,0,0,0,0,0,0,0,0,0
ootelloo,924,,2,0,0,0,0,0,0,0,0,1,1,0,0,0,0,0,0,0,0,0,0
lennie_zlm,923,,2,0,0,0,0,0,0,0,0,0,0,0,1,1,0,0,0,0,0,0,0
chnauman93,923,,1,0,0,0,0,0,0,0,1,0,0,0,0,0,0,0,0,0,0,0,0
Zanzspice,923,,6,0,0,0,0,0,0,0,0,1,1,1,0,1,1,0,0,0,0,0,1
SaleemAhmed1967,923,,2,0,0,0,0,0,0,0,0,0,0,0,0,0,0,0,0,1,0,1,0
Jeremiedaudet,923,,6,0,0,0,0,0,1,0,1,1,0,0,0,1,1,0,0,0,1,0,0
nboogi38,922,,1,0,0,0,0,0,0,0,0,0,0,0,0,0,0,0,0,1,0,0,0
amir_kshd,922,,2,0,0,0,0,1,0,0,0,0,0,0,0,0,0,0,1,0,0,0,0
Netizen_254,922,,4,0,0,0,0,0,1,1,1,0,1,0,0,0,0,0,0,0,0,0,0
trustinabe,921,,1,0,0,0,0,0,0,0,0,0,1,0,0,0,0,0,0,0,0,0,0
Zibayekhofteh12,921,,1,0,0,0,0,0,1,0,0,0,0,0,0,0,0,0,0,0,0,0,0
AsheghMohamad,921,,2,0,0,0,0,0,0,0,0,0,0,0,0,0,0,0,0,1,0,0,1
ABV1174288,921,,2,0,0,0,0,0,0,0,1,0,0,0,0,0,0,0,0,0,0,0,1
khalenanaa40,920,,3,0,0,0,0,0,0,0,0,0,0,0,0,1,0,1,0,1,0,0,0
Saleemwalee,920,,1,0,1,0,0,0,0,0,0,0,0,0,0,0,0,0,0,0,0,0,0
ContePolanco,920,,1,0,0,0,0,0,0,0,0,0,0,0,0,0,0,0,0,0,1,0,0
petty_mami34_,919,,3,0,0,0,0,0,0,0,0,1,0,0,1,1,0,0,0,0,0,0,0
Nargesghadirian,919,,1,0,0,0,0,0,0,0,0,0,0,0,0,0,0,0,0,1,0,0,0
Mahdii_farahani,919,,3,0,0,0,0,1,0,0,1,0,0,0,0,0,0,0,0,0,0,0,1
7_medicalcenter,919,,1,0,0,0,0,1,0,0,0,0,0,0,0,0,0,0,0,0,0,0,0
3bdal7ujjah,919,,1,0,0,0,0,0,0,0,0,0,0,0,0,0,0,0,0,1,0,0,0
jojoswitz,918,,1,0,0,0,0,0,1,0,0,0,0,0,0,0,0,0,0,0,0,0,0
JonathanTripi,918,,1,0,0,0,0,0,0,0,0,0,0,0,1,0,0,0,0,0,0,0,0
squidwardeob,917,,1,0,0,0,0,0,0,0,1,0,0,0,0,0,0,0,0,0,0,0,0
ATT2101,917,,1,0,0,0,0,0,0,0,0,0,0,0,0,1,0,0,0,0,0,0,0
charro1968,916,,1,0,0,0,0,0,0,0,0,0,0,0,0,0,1,0,0,0,0,0,0
azizi_x1404,916,,1,0,0,0,0,0,0,0,1,0,0,0,0,0,0,0,0,0,0,0,0
OscuroSamurai1,916,,10,0,1,0,0,1,1,0,1,1,1,0,1,1,0,0,1,0,0,0,1
JehannDeb,916,,1,0,0,0,0,0,0,0,0,0,1,0,0,0,0,0,0,0,0,0,0
AcademyOfGeopol,916,,1,0,0,0,0,0,0,0,0,0,0,0,0,0,0,0,0,1,0,0,0
mimranchauhan,915,,3,0,1,0,0,1,0,0,0,0,0,0,0,0,0,0,0,0,0,0,1
elmakhetha,915,,2,0,0,0,0,0,0,0,0,0,0,0,0,1,0,0,0,0,0,0,1
behmadi_73,915,,2,0,0,0,0,0,0,0,0,0,0,0,0,0,0,1,1,0,0,0,0
Muhd_abdoelslm,915,,1,0,0,0,0,0,0,0,0,0,1,0,0,0,0,0,0,0,0,0,0
MashBarbod,915,,2,1,0,0,1,0,0,0,0,0,0,0,0,0,0,0,0,0,0,0,0
dog943670063952,914,,3,0,0,0,0,0,0,0,0,1,0,0,0,0,0,1,0,0,0,0,1
Mimi_088,914,,1,0,0,0,0,0,0,0,0,0,0,0,0,0,0,0,1,0,0,0,0
braindersnn,913,,1,0,0,0,0,0,0,0,0,0,0,0,0,0,0,0,0,1,0,0,0
DeanaSherif,913,,1,0,0,0,0,0,0,0,0,0,1,0,0,0,0,0,0,0,0,0,0
RowdyDowgz4Ever,912,,6,1,1,1,0,1,0,0,1,0,0,0,0,0,0,0,0,1,0,0,0
Nodiesel,912,,1,0,0,0,0,0,0,0,0,1,0,0,0,0,0,0,0,0,0,0,0
ounikarim1,911,,4,0,0,0,0,0,0,0,0,1,0,0,0,1,0,0,1,0,1,0,0
m_rezaeipour,911,,4,0,0,0,1,0,0,0,0,0,0,0,0,1,1,0,0,0,1,0,0
vincentiustnwjy,910,,1,0,1,0,0,0,0,0,0,0,0,0,0,0,0,0,0,0,0,0,0
t_Zen_,909,,1,0,0,0,0,0,0,0,0,0,0,0,0,0,0,0,0,1,0,0,0
sawryu1,908,,1,0,0,0,0,0,0,0,0,0,0,0,0,0,0,0,0,0,1,0,0
LOAIYAM1,908,,1,1,0,0,0,0,0,0,0,0,0,0,0,0,0,0,0,0,0,0,0
AshrafAshater,908,,1,0,0,0,0,0,0,0,0,0,0,0,0,0,0,1,0,0,0,0,0
layalksmjradi,907,,1,0,0,0,0,0,0,0,0,0,0,0,0,0,0,1,0,0,0,0,0
grwash1,907,,1,0,0,0,0,0,0,0,0,0,0,0,0,0,0,1,0,0,0,0,0
fatemehjoni1994,907,,2,0,0,0,0,0,0,0,0,0,0,0,1,1,0,0,0,0,0,0,0
AksumOf,907,,8,0,1,0,0,1,1,0,0,1,1,1,1,0,0,0,0,1,0,0,0
rahulvitekar,906,,1,0,0,0,0,0,0,0,0,0,0,0,0,0,0,0,0,0,0,0,1
handekai,906,,3,0,0,0,0,0,0,0,0,0,0,1,0,1,1,0,0,0,0,0,0
enderV10,906,,1,0,0,0,0,0,0,0,0,0,0,0,0,0,0,0,0,0,1,0,0
StatusNomadicus,906,,5,0,0,0,0,1,1,0,0,0,0,0,0,0,0,1,1,1,0,0,0
MrMMklassy,906,,2,0,0,0,0,0,0,0,0,0,1,1,0,0,0,0,0,0,0,0,0
DiabyMS,906,,1,0,0,0,0,0,0,0,0,1,0,0,0,0,0,0,0,0,0,0,0
DemlinN,906,,1,0,0,0,0,0,0,0,0,0,0,0,0,0,0,0,0,0,0,0,1
worldenron,905,,1,0,0,0,0,0,0,0,0,0,0,0,0,0,0,0,0,0,0,0,1
sivand_SV,904,,6,0,0,1,0,0,0,0,1,1,1,0,0,0,1,0,0,1,0,0,0
larissacandanga,904,,5,0,0,0,1,0,0,0,0,0,1,0,0,0,0,0,1,0,1,0,1
ParamjeetBerwal,904,,1,0,0,0,0,0,1,0,0,0,0,0,0,0,0,0,0,0,0,0,0
AliMoha96819592,904,,1,0,0,0,0,0,0,0,0,0,0,0,0,0,0,0,1,0,0,0,0
Zae_3I3,903,,18,0,1,1,1,1,1,0,1,1,1,1,1,1,1,1,1,1,1,1,1
AlkazeemY,903,,15,0,1,0,0,1,1,1,1,1,1,1,1,1,1,0,1,1,0,1,1
ilia_mahami,902,,1,0,0,0,0,0,0,0,0,0,0,0,0,0,0,0,0,0,1,0,0
HitLRinparadise,902,,2,0,0,0,0,0,0,0,0,0,0,0,1,1,0,0,0,0,0,0,0
suhelulfat610,901,,3,0,0,0,0,0,1,1,0,1,0,0,0,0,0,0,0,0,0,0,0
seyedmosavi4,901,,1,0,0,0,0,0,0,0,0,1,0,0,0,0,0,0,0,0,0,0,0
SAParhizkari,901,,3,0,0,1,0,1,0,0,0,0,0,0,0,1,0,0,0,0,0,0,0
bavanraavanan,900,,3,0,0,0,0,0,0,0,0,0,0,0,0,0,0,1,0,1,0,1,0
MrEngineer98,900,,3,0,0,0,0,1,0,0,0,1,0,0,0,0,0,0,0,0,1,0,0
KStimmeGenozid,900,,4,0,0,0,0,0,0,0,0,1,0,0,0,1,0,0,1,1,0,0,0
mira_7713,899,,4,0,0,0,0,1,0,0,0,0,0,1,1,0,0,0,0,0,1,0,0
db_maggi,899,,2,0,0,0,0,0,0,0,0,0,1,0,0,1,0,0,0,0,0,0,0
bejo_junior,899,,1,1,0,0,0,0,0,0,0,0,0,0,0,0,0,0,0,0,0,0,0
MocacheMassoko,899,,1,0,0,0,0,0,0,0,0,0,0,0,0,0,0,0,0,0,1,0,0
vannybarrera80,898,,1,0,0,0,1,0,0,0,0,0,0,0,0,0,0,0,0,0,0,0,0
s_shahedii,898,,2,0,1,0,0,0,1,0,0,0,0,0,0,0,0,0,0,0,0,0,0
d_almousawe,898,,1,0,0,0,0,0,0,0,0,0,0,0,0,0,0,0,0,0,0,1,0
Kenyanroux,897,,1,0,0,0,0,0,0,0,0,0,0,0,0,0,0,0,0,0,0,0,1
Ameen783,897,,1,0,0,0,0,0,1,0,0,0,0,0,0,0,0,0,0,0,0,0,0
sadat756324603,896,,1,0,0,0,0,0,0,0,0,0,0,0,0,1,0,0,0,0,0,0,0
chimpanzeees,896,,1,0,0,0,0,0,0,0,0,0,0,0,0,0,0,0,0,0,1,0,0
Lucyinthesky76,896,,6,0,0,0,0,0,0,0,0,1,0,1,1,1,0,0,0,0,1,0,1
HyperDupont,896,,1,1,0,0,0,0,0,0,0,0,0,0,0,0,0,0,0,0,0,0,0
0902529005m,896,,1,0,0,0,0,0,0,0,0,0,0,0,0,0,1,0,0,0,0,0,0
vasotsouti,895,,1,0,0,0,0,0,0,1,0,0,0,0,0,0,0,0,0,0,0,0,0
TheBloggins,895,,4,0,1,0,0,0,0,0,0,0,1,0,0,0,0,0,1,1,0,0,0
kassembanda,894,,1,0,0,0,0,0,0,0,0,0,0,0,0,0,0,0,0,0,0,1,0
JairosiJonasi,894,,1,0,0,1,0,0,0,0,0,0,0,0,0,0,0,0,0,0,0,0,0
stevebencox,893,,1,0,0,0,0,0,0,0,0,0,0,0,0,1,0,0,0,0,0,0,0
dejyne,893,,1,0,0,0,0,0,0,0,0,0,0,0,0,0,0,0,0,1,0,0,0
Fatima7112021,893,,2,0,0,0,0,0,0,0,0,0,0,0,0,0,0,1,1,0,0,0,0
stephenrea2,892,,1,0,1,0,0,0,0,0,0,0,0,0,0,0,0,0,0,0,0,0,0
mbuihaisiatu00,892,,13,0,0,1,0,0,1,0,1,1,1,1,1,1,0,0,1,1,1,1,1
hamidreza_e,892,,1,0,0,0,0,0,0,0,0,0,0,0,0,0,0,0,0,0,0,1,0
ThatBadGoy,892,,1,0,0,0,0,0,0,0,0,0,0,0,0,0,0,0,0,0,0,1,0
KS17948996,892,,6,0,1,1,0,0,0,0,1,1,0,0,1,1,0,0,0,0,0,0,0
jatinde55345952,891,,4,0,0,0,0,0,1,0,0,0,0,0,0,0,0,0,1,1,1,0,0
Maria43833798,891,,5,0,0,0,0,0,0,0,1,1,0,0,0,0,1,0,0,0,1,1,0
SOStanDIVINE,889,,1,0,1,0,0,0,0,0,0,0,0,0,0,0,0,0,0,0,0,0,0
Mutape88,889,,1,0,0,0,0,0,0,0,0,0,0,0,0,0,0,0,0,0,1,0,0
Ibn_Wubila,889,,5,0,1,0,0,1,0,0,0,1,1,0,0,0,0,0,1,0,0,0,0
D_Tron14,889,,1,0,0,0,0,0,0,0,0,0,0,0,0,0,0,0,0,0,0,0,1
sgtnovo,888,,3,0,0,0,0,0,0,0,0,0,1,0,0,1,0,0,0,0,0,0,1
everythingbam_,888,,1,0,0,0,0,0,0,0,0,0,1,0,0,0,0,0,0,0,0,0,0
targit666,887,,1,0,0,0,0,0,0,0,0,0,0,0,0,1,0,0,0,0,0,0,0
Ilmejid,887,,1,0,0,0,0,0,0,0,0,0,0,0,0,0,0,0,1,0,0,0,0
armanch66,886,,1,0,0,0,0,0,0,0,0,0,0,0,0,0,0,0,0,0,0,1,0
Rehanak42784361,886,,2,0,0,0,0,0,0,0,1,0,0,0,0,0,0,0,0,1,0,0,0
NazimAh85789376,886,,1,0,0,0,0,0,1,0,0,0,0,0,0,0,0,0,0,0,0,0,0
henryamootie,885,,2,0,0,0,0,0,0,0,1,0,1,0,0,0,0,0,0,0,0,0,0
DancehallCrashx,885,,1,0,0,0,0,0,0,0,0,0,1,0,0,0,0,0,0,0,0,0,0
Simbolei_,884,,4,0,0,0,0,0,0,0,0,0,1,0,0,0,0,1,0,1,1,0,0
MyNameIsJuki,884,,7,0,0,0,0,1,1,0,0,0,1,0,1,1,0,0,1,0,1,0,0
MichaelFei70836,884,,3,0,0,0,0,0,0,0,0,1,0,0,0,0,0,0,1,1,0,0,0
phumer,883,,1,0,0,0,0,0,0,0,0,0,0,0,0,0,0,0,0,0,0,0,1
marjaneabaszade,883,,5,0,0,1,1,0,0,1,1,0,0,0,0,0,0,0,0,0,1,0,0
enderw8s,883,,1,0,0,0,0,0,0,1,0,0,0,0,0,0,0,0,0,0,0,0,0
aaelhj,883,,1,0,0,0,0,0,0,0,0,0,0,0,0,0,1,0,0,0,0,0,0
DaisyB_77,883,,3,0,0,0,0,0,0,0,0,0,1,0,0,0,0,0,1,0,0,1,0
ahmadi_mohsenx,882,,5,0,0,0,0,0,1,0,0,1,0,0,1,0,0,0,0,0,1,1,0
NattyReignTV,882,,1,0,0,0,0,0,0,1,0,0,0,0,0,0,0,0,0,0,0,0,0
JohnMwenja7,882,,1,0,0,0,0,0,0,0,0,0,1,0,0,0,0,0,0,0,0,0,0
Dsilkotch,882,,1,0,0,0,0,0,0,0,0,0,0,0,0,0,0,0,0,0,0,0,1
rules172653,881,,1,0,0,0,0,0,0,0,0,1,0,0,0,0,0,0,0,0,0,0,0
KyaHua24,881,,8,0,0,0,0,1,0,1,1,0,1,1,0,0,0,0,1,1,0,0,1
Communislamism,881,,4,0,0,0,0,0,0,0,0,1,1,1,0,1,0,0,0,0,0,0,0
asrrd33333,879,,3,0,0,0,0,0,0,0,0,0,0,1,0,1,0,0,0,0,0,1,0
arte_hierro,879,,1,0,0,0,0,0,0,0,0,0,0,0,0,1,0,0,0,0,0,0,0
TankieRiel,879,,1,0,0,0,0,0,0,0,0,0,0,0,0,0,0,0,0,0,0,1,0
senor__asnarf,878,,1,0,0,0,0,0,0,0,0,0,0,0,0,0,0,0,0,0,0,0,1
princezeezay,878,,1,0,0,0,0,0,0,1,0,0,0,0,0,0,0,0,0,0,0,0,0
LabourN0nce5,877,,8,0,0,0,0,1,1,0,1,0,1,0,1,0,0,1,0,0,1,0,1
JcJorgec41,877,,3,0,0,0,0,0,0,0,0,0,1,0,0,1,1,0,0,0,0,0,0
pranveerbharti,876,,2,0,0,0,0,0,0,0,0,0,0,0,0,1,1,0,0,0,0,0,0
Sntetelba,876,,1,0,0,0,0,0,0,0,0,0,0,0,0,1,0,0,0,0,0,0,0
cassisarobot,874,,4,0,0,0,0,0,0,0,1,0,0,1,0,0,0,0,0,1,1,0,0
AplusMessenger,874,,1,0,0,0,0,0,0,0,0,1,0,0,0,0,0,0,0,0,0,0,0
shueybss,873,,5,0,0,0,0,1,0,1,0,0,1,0,0,1,0,0,0,0,0,0,1
mohamedharb2025,873,,1,0,0,0,0,0,0,0,0,0,0,0,0,0,0,0,1,0,0,0,0
Prezlasky,873,,1,0,0,0,0,0,0,0,0,0,0,1,0,0,0,0,0,0,0,0,0
punjabi88518,872,,9,1,0,1,0,1,1,0,0,1,1,0,0,1,0,0,0,0,0,1,1
mzrsiddiqi,872,,1,0,0,0,0,0,0,0,0,0,0,0,0,0,0,0,0,0,0,0,1
ShadabS31096623,872,,7,0,0,0,0,0,0,1,1,0,1,1,0,1,0,0,1,1,0,0,0
esperonslaie,871,,1,0,0,0,0,0,0,0,0,0,0,0,0,1,0,0,0,0,0,0,0
ShadrackOsero,870,,5,0,0,0,0,0,1,0,0,0,1,0,1,0,0,0,1,1,0,0,0
MaynAce_,870,,3,0,0,0,0,0,1,0,0,0,0,0,0,0,0,0,0,0,1,1,0
Pirayeh3,869,,2,0,0,0,1,0,0,1,0,0,0,0,0,0,0,0,0,0,0,0,0
1ninety9tv,869,,9,0,0,0,1,1,1,1,1,1,0,0,1,0,0,1,0,0,1,0,0
atif_isb,868,,1,0,0,0,0,0,1,0,0,0,0,0,0,0,0,0,0,0,0,0,0
syedraza_hassan,867,,1,0,0,0,0,0,0,0,0,0,1,0,0,0,0,0,0,0,0,0,0
iandils133,867,,2,0,0,0,0,0,1,0,0,0,0,0,0,0,0,0,0,0,1,0,0
gig_42,867,,1,0,0,0,0,0,0,0,0,0,1,0,0,0,0,0,0,0,0,0,0
evgurova,867,,2,0,0,0,0,0,0,0,0,1,0,0,0,0,0,0,0,0,0,1,0
THObserver786,867,,1,0,0,0,0,0,0,0,1,0,0,0,0,0,0,0,0,0,0,0,0
tractooor1362,866,,3,0,0,0,0,0,0,0,0,0,0,0,0,1,0,0,1,0,0,1,0
Avery_Johnson15,866,,3,0,0,0,0,0,0,0,0,1,0,0,0,1,0,0,0,1,0,0,0
AlyxMary,866,,1,0,0,0,0,0,0,0,0,0,0,0,0,0,0,0,0,1,0,0,0
ericdolphy1848,865,,4,0,0,0,0,0,1,0,1,0,0,0,0,0,0,0,0,0,1,0,1
DaniElamee58974,865,,1,0,0,0,0,0,0,0,1,0,0,0,0,0,0,0,0,0,0,0,0
zabihollah1075,864,,2,0,0,0,0,0,0,0,0,0,0,0,0,1,1,0,0,0,0,0,0
mohadessee,864,,1,0,0,0,0,0,0,0,0,0,0,0,0,0,0,0,0,1,0,0,0
hossein1984141,864,,1,0,0,0,0,1,0,0,0,0,0,0,0,0,0,0,0,0,0,0,0
TigeProcyshyn,863,,1,0,0,0,0,0,0,0,0,0,0,0,0,0,0,0,0,0,0,0,1
SuperSinobi,863,,1,0,0,0,0,0,0,0,0,0,0,0,0,0,0,0,1,0,0,0,0
SamariMs58136,863,,2,0,0,0,0,0,0,0,0,0,0,0,0,0,0,0,1,0,1,0,0
ProMr69,863,,1,0,0,0,0,0,0,0,0,0,0,0,0,0,0,1,0,0,0,0,0
t_ordyczynski,862,,1,0,0,0,0,0,0,0,0,0,0,0,0,0,0,0,0,0,1,0,0
pabloclaudio,862,,3,0,1,0,0,0,1,0,0,0,0,0,0,0,0,0,0,1,0,0,0
motekhases_,861,,10,0,0,1,1,1,0,0,1,1,1,0,0,1,1,0,0,0,1,1,0
DissidentNI,861,,2,0,0,0,0,0,1,0,0,1,0,0,0,0,0,0,0,0,0,0,0
deyhatemetoo,860,,1,0,0,0,0,0,0,0,0,0,0,0,0,0,0,0,0,1,0,0,0
Mehrabi_twt,860,,1,0,0,0,0,0,0,0,0,0,0,0,0,0,0,0,0,0,1,0,0
sweet_est_pea,859,,9,0,1,0,0,0,0,0,0,0,1,1,0,1,0,1,0,1,1,1,1
mhoek24,859,,10,0,0,0,1,0,1,1,0,1,1,0,1,0,0,1,0,1,1,1,0
sliced90,858,,1,0,0,0,0,0,0,0,0,0,0,1,0,0,0,0,0,0,0,0,0
Narges879018,858,,1,0,0,0,0,0,0,0,0,0,0,0,0,0,0,0,0,0,0,0,1
sb_maya_hay,857,,1,0,0,0,0,0,0,0,0,0,0,0,0,0,0,0,0,1,0,0,0
khanadel,857,,1,0,0,0,0,0,0,0,0,0,0,0,0,0,0,0,0,0,0,0,1
josvel79,856,,4,0,0,0,1,0,0,0,0,0,0,0,1,1,0,0,0,1,0,0,0
dammah2025,856,,2,0,0,0,0,0,0,0,0,0,0,0,0,0,0,0,0,0,1,1,0
dyah_kunc,855,,9,0,0,0,0,1,1,0,1,1,1,0,1,1,0,1,0,0,0,0,1
clanonn,855,,1,0,0,0,0,0,0,0,0,1,0,0,0,0,0,0,0,0,0,0,0
LfSievewr1,855,,2,0,0,0,0,0,0,0,0,0,1,0,0,1,0,0,0,0,0,0,0
ustaaad7,854,,2,1,0,0,0,0,0,0,1,0,0,0,0,0,0,0,0,0,0,0,0
leetseyin,854,,1,0,1,0,0,0,0,0,0,0,0,0,0,0,0,0,0,0,0,0,0
jn9P2wNTDV75069,854,,1,0,0,0,0,0,0,0,0,0,0,0,0,0,0,0,0,1,0,0,0
davidtotruth,854,,3,0,0,0,0,0,1,0,1,0,0,0,0,1,0,0,0,0,0,0,0
Nawna_213,854,,1,0,0,0,0,0,0,0,0,0,0,0,0,0,0,0,0,0,0,0,1
MariaTudo2,854,,3,0,0,0,0,0,0,0,0,0,0,0,1,1,1,0,0,0,0,0,0
HajBilal4,854,,7,0,1,1,0,0,0,0,1,0,1,0,0,1,0,1,1,0,0,0,0
Elifuraha_JM,854,,1,0,0,0,0,0,0,0,0,0,0,0,0,1,0,0,0,0,0,0,0
1971Kiyomizu,854,,6,0,0,0,0,0,1,0,0,0,1,0,0,1,1,0,1,0,1,0,0
owenpoggenpoel,853,,1,0,0,0,0,0,0,0,0,0,0,0,0,0,0,0,0,0,0,0,1
MehbubA17743017,853,,1,0,0,0,0,0,0,0,0,1,0,0,0,0,0,0,0,0,0,0,0
Hadisoroush1,853,,2,1,0,0,0,0,1,0,0,0,0,0,0,0,0,0,0,0,0,0,0
HSHSMSMF,853,,1,0,0,0,0,0,0,0,0,0,0,0,0,1,0,0,0,0,0,0,0
Ali96iraq,853,,1,0,0,0,0,0,0,0,0,0,0,0,0,0,0,1,0,0,0,0,0
stilltakingnaps,852,,1,0,0,0,0,0,0,0,0,0,0,0,0,0,0,0,1,0,0,0,0
ItsObserveAll,852,,12,0,0,0,0,1,1,1,1,0,1,1,1,1,0,1,0,0,1,1,1
alymanymhmd3,851,,3,0,0,0,0,0,0,0,1,0,0,0,0,0,0,0,0,1,0,0,1
MirrorOrchad,851,,3,0,0,0,0,0,0,0,0,0,1,1,0,0,1,0,0,0,0,0,0
Ghorban0pour,851,,3,0,0,0,0,1,1,0,0,1,0,0,0,0,0,0,0,0,0,0,0
justhefaxmam,850,,1,0,0,0,0,0,1,0,0,0,0,0,0,0,0,0,0,0,0,0,0
Monaghan1945,850,,2,0,0,0,0,0,0,0,0,0,0,0,0,1,1,0,0,0,0,0,0
CostasDelidim,849,,4,0,0,0,0,0,0,0,0,0,0,0,0,1,0,0,1,0,1,0,1
AqaBasy,849,,4,0,0,0,0,0,0,0,0,0,0,0,1,1,0,0,0,0,1,0,1
AliiAli32092,849,,1,0,0,0,0,0,0,0,0,0,0,0,0,0,0,1,0,0,0,0,0
balwantgparmar,848,,1,0,0,0,0,0,1,0,0,0,0,0,0,0,0,0,0,0,0,0,0
Yaghoub_313,848,,4,0,0,0,0,0,0,0,0,1,0,1,1,0,0,0,0,1,0,0,0
Omo_sho0,848,,1,1,0,0,0,0,0,0,0,0,0,0,0,0,0,0,0,0,0,0,0
radmard_s22256,847,,4,0,0,0,0,0,0,0,0,0,0,0,0,1,0,0,0,1,1,1,0
Lilou3692,847,,1,0,0,0,0,0,0,0,0,0,1,0,0,0,0,0,0,0,0,0,0
AugustynskiAlex,847,,4,1,0,0,0,1,0,0,0,0,0,1,0,1,0,0,0,0,0,0,0
UbHeard,846,,11,0,1,0,1,1,0,1,1,1,0,0,0,0,0,0,1,1,1,1,1
Tehran_New,846,,1,0,0,0,0,0,0,0,0,1,0,0,0,0,0,0,0,0,0,0,0
MktPulseIndia,846,,4,0,0,0,0,0,0,0,0,1,0,0,0,1,1,0,0,0,0,1,0
k_riina,845,,2,0,0,0,0,0,0,0,0,0,0,0,0,0,0,0,0,0,0,1,1
inaam_basit,845,,1,1,0,0,0,0,0,0,0,0,0,0,0,0,0,0,0,0,0,0,0
iammniloy,845,,1,0,1,0,0,0,0,0,0,0,0,0,0,0,0,0,0,0,0,0,0
Wilber95694665,845,,16,1,1,1,1,1,1,1,1,1,1,1,1,1,1,0,0,0,1,1,0
Relaxol36,845,,5,0,1,0,0,0,1,1,0,1,0,1,0,0,0,0,0,0,0,0,0
Kaladin1999,845,,3,0,0,1,0,0,0,0,0,1,0,0,0,0,0,0,0,0,1,0,0
suryaamriza,844,,5,0,0,1,0,0,0,1,0,1,0,0,0,0,0,0,0,0,0,1,1
Miraflores_7,844,,6,1,0,1,0,0,0,0,0,0,1,0,0,1,0,0,0,0,0,1,1
EmilyDickinsonI,844,,4,0,0,0,0,0,0,0,0,0,0,0,1,0,0,0,1,1,1,0,0
ComadreVerde,844,,1,0,0,0,0,0,0,0,0,0,0,0,0,0,0,0,0,0,1,0,0
bolla_brigitte,843,,1,0,0,0,0,0,0,0,0,1,0,0,0,0,0,0,0,0,0,0,0
VentrikK,843,,5,0,1,1,0,0,0,0,0,0,0,0,0,0,0,0,1,1,0,0,1
SeydBarghi,843,,3,0,1,0,0,0,0,0,0,0,0,0,0,1,0,0,0,0,1,0,0
solmaz_eshraghi,842,,1,1,0,0,0,0,0,0,0,0,0,0,0,0,0,0,0,0,0,0,0
smurphdogg29,842,,1,0,1,0,0,0,0,0,0,0,0,0,0,0,0,0,0,0,0,0,0
shekhetho,842,,1,0,0,0,0,0,0,0,0,0,1,0,0,0,0,0,0,0,0,0,0
redjade_hu,842,,1,1,0,0,0,0,0,0,0,0,0,0,0,0,0,0,0,0,0,0,0
khwyynyr,842,,1,0,0,0,0,0,0,0,0,0,0,0,0,0,0,0,1,0,0,0,0
FireComander,842,,1,0,0,0,0,0,0,0,0,0,0,0,0,0,0,0,0,0,0,0,1
EhrmannFrank,842,,1,0,0,0,0,0,0,0,0,0,0,0,0,0,0,0,0,0,0,0,1
Chandler_Price9,842,,3,0,0,0,0,0,0,0,1,0,0,0,0,0,0,0,0,1,0,0,1
416LuNaTiKz,842,,5,0,0,0,0,0,0,0,1,0,0,1,1,1,0,0,0,0,0,0,1
bistari_bistari,841,,1,1,0,0,0,0,0,0,0,0,0,0,0,0,0,0,0,0,0,0,0
BillywinnMan,841,,1,0,0,0,0,0,0,1,0,0,0,0,0,0,0,0,0,0,0,0,0
IngloriousUthia,840,,1,1,0,0,0,0,0,0,0,0,0,0,0,0,0,0,0,0,0,0,0
HakanGuvercin,840,,10,0,1,0,0,1,0,1,0,0,1,0,1,1,1,0,1,1,0,0,1
r3s1st4nc3,839,,2,1,0,0,0,0,0,0,0,1,0,0,0,0,0,0,0,0,0,0,0
jazzifyme,839,,12,0,0,1,0,0,1,0,1,1,1,1,0,1,0,1,0,1,1,1,1
AjahDaniels,839,,2,0,0,0,0,0,0,0,0,0,0,0,0,0,0,0,0,1,0,0,1
zarmeeneh,837,,2,0,0,0,0,0,0,0,0,0,0,0,0,0,0,0,0,0,1,0,1
Sheba_100,837,,2,0,0,0,0,0,0,0,0,1,1,0,0,0,0,0,0,0,0,0,0
DrJuzarHooker,837,,6,0,1,1,0,0,0,0,0,1,0,0,0,0,0,0,0,1,0,1,1
haideriii_,835,,5,0,0,0,0,0,0,0,0,0,0,0,0,1,1,1,1,1,0,0,0
SalajeanGeta,835,,6,0,1,0,0,1,1,1,0,0,0,1,1,0,0,0,0,0,0,0,0
F_AliKhokhar,835,,2,0,0,0,0,0,0,0,0,0,0,0,0,0,0,0,0,0,0,1,1
thiseffeduptime,834,,1,0,0,0,0,0,1,0,0,0,0,0,0,0,0,0,0,0,0,0,0
gorrinaparra,834,,2,0,0,0,0,0,1,0,0,0,0,0,0,0,0,0,1,0,0,0,0
deynohdemessi,834,,2,0,0,0,0,0,0,1,0,0,1,0,0,0,0,0,0,0,0,0,0
CClem64,834,,1,0,0,1,0,0,0,0,0,0,0,0,0,0,0,0,0,0,0,0,0
arrechisimo,833,,1,0,0,0,0,0,0,0,0,0,0,0,0,0,0,0,0,0,0,1,0
Divya_India_ask,833,,1,0,0,0,0,0,0,0,0,0,0,0,0,0,0,0,0,0,1,0,0
enlongated,832,,2,0,0,0,1,1,0,0,0,0,0,0,0,0,0,0,0,0,0,0,0
bakshaheen,832,,1,0,0,0,0,0,0,0,0,0,1,0,0,0,0,0,0,0,0,0,0
TheMachine7253,832,,3,0,0,0,0,0,0,0,0,1,0,0,0,0,0,0,1,1,0,0,0
Dani_Noor_,832,,1,0,0,0,0,0,0,0,0,0,1,0,0,0,0,0,0,0,0,0,0
nelodecarvalho,831,,1,0,0,0,0,0,0,0,0,0,0,0,0,0,0,0,0,0,0,0,1
mndebele_oupa,831,,1,0,0,0,0,0,0,0,0,0,1,0,0,0,0,0,0,0,0,0,0
arshiadriverr,831,,3,0,1,0,0,0,0,0,0,0,0,0,0,0,0,0,1,0,1,0,0
Gaullopatriote,831,,1,0,0,0,0,0,1,0,0,0,0,0,0,0,0,0,0,0,0,0,0
xSaltySatoshi,830,,1,0,0,0,0,0,0,0,0,1,0,0,0,0,0,0,0,0,0,0,0
hsyn_trky52438,830,,1,0,0,0,0,0,0,0,0,0,0,0,0,0,0,0,0,0,0,0,1
KarasikTheodore,830,,5,1,0,0,0,1,0,0,0,0,0,0,0,1,1,0,0,0,1,0,0
DeshBhakt_INC,830,,8,1,0,0,0,1,1,0,0,1,1,0,0,0,0,0,0,1,1,0,1
aiwaarsi,829,,1,0,0,0,0,0,0,0,1,0,0,0,0,0,0,0,0,0,0,0,0
Shanksponie,829,,1,0,0,0,0,0,0,0,0,0,0,0,0,0,0,0,0,1,0,0,0
HenrikAborym,829,,1,0,0,0,0,0,0,0,0,1,0,0,0,0,0,0,0,0,0,0,0
syyed_abbas,828,,14,0,1,0,1,1,1,1,0,1,0,1,0,1,1,1,1,0,1,1,1
michetisseyre,828,,3,0,0,0,0,0,0,0,0,0,0,0,0,0,0,0,0,0,1,1,1
mbkay303,828,,4,0,0,0,0,0,0,0,0,0,0,0,0,1,1,0,1,0,1,0,0
haiderMk123,828,,9,0,0,0,1,1,0,0,1,1,1,0,1,0,0,0,0,0,1,1,1
MhKh313,828,,1,0,0,0,0,0,0,0,0,0,0,0,0,0,0,0,0,0,1,0,0
side_effects_of,827,,3,0,0,0,0,0,0,0,1,1,0,0,0,0,0,0,0,0,0,0,1
gnosis_intifada,827,,1,0,0,0,0,0,0,0,0,0,0,1,0,0,0,0,0,0,0,0,0
fonixs34,827,,1,0,0,0,0,0,0,0,0,0,0,0,0,1,0,0,0,0,0,0,0
dipsoKing,827,,1,0,0,0,0,0,0,0,0,0,0,0,0,1,0,0,0,0,0,0,0
BatulAtiqa,826,,1,0,0,0,0,0,0,0,0,0,0,0,0,0,0,0,0,0,0,0,1
Annysdays,826,,1,0,0,0,0,0,0,0,0,0,0,0,0,0,0,0,0,0,0,0,1
tyrellcorp_ops,825,,2,0,0,0,0,0,0,0,0,0,1,0,1,0,0,0,0,0,0,0,0
izuizu_z,825,,1,0,0,0,0,0,0,0,0,0,0,0,0,0,0,0,0,0,0,0,1
game_chanja,825,,2,0,0,0,0,0,0,0,1,0,0,0,0,0,0,0,0,0,0,1,0
jdhunter8,824,,1,0,0,0,0,0,0,0,0,0,0,0,0,0,0,0,0,0,1,0,0
Trav0ne,824,,1,0,0,0,0,0,1,0,0,0,0,0,0,0,0,0,0,0,0,0,0
BenderReturns,824,,1,0,0,0,0,0,0,0,0,0,0,0,0,0,0,0,0,0,0,1,0
javaddinari2,823,,1,0,0,0,0,0,1,0,0,0,0,0,0,0,0,0,0,0,0,0,0
gbolizzy1426,823,,3,0,0,0,0,0,1,0,0,0,0,0,0,0,0,0,0,1,0,0,1
Taylor_BJK_1903,823,,1,0,0,0,0,0,0,0,0,0,0,0,0,0,0,0,0,1,0,0,0
sharpedges756,821,,1,0,0,0,0,0,0,0,0,0,0,0,0,0,0,0,0,1,0,0,0
libaax_ltd,821,,4,0,0,0,0,0,1,0,1,0,1,1,0,0,0,0,0,0,0,0,0
iSupportABAT,821,,1,0,0,0,0,0,0,0,1,0,0,0,0,0,0,0,0,0,0,0,0
bazmandeh5676,821,,1,0,0,0,0,0,0,0,0,0,0,0,0,0,0,0,0,0,1,0,0
KhaledS58363273,821,,1,0,0,0,0,0,0,0,0,0,0,0,0,0,0,0,0,0,0,0,1
Chaguta7610,821,,1,0,1,0,0,0,0,0,0,0,0,0,0,0,0,0,0,0,0,0,0
Blessed_Aadi1,821,,1,0,0,0,0,0,0,0,0,0,0,0,0,0,0,0,0,0,1,0,0
haideraijaz50,820,,4,0,1,0,0,0,0,0,0,0,1,0,0,1,1,0,0,0,0,0,0
ask_syndicate,820,,1,0,0,0,0,0,0,0,0,0,0,0,0,0,0,0,0,0,0,0,1
abul_h_johari,820,,10,0,0,0,0,1,0,1,0,1,1,1,1,1,0,1,0,1,0,0,1
UnknownKhiladi,820,,1,0,0,0,0,0,0,0,0,0,0,0,0,1,0,0,0,0,0,0,0
Haider_Hadeed,820,,1,0,0,0,0,0,0,0,0,0,0,0,0,0,0,0,0,0,1,0,0
FinnAndreen,820,,1,0,0,0,0,0,0,0,0,0,0,0,0,0,0,0,0,1,0,0,0
Bitcoin_21_m,820,,1,0,0,0,0,0,0,0,0,0,0,0,0,0,0,0,0,1,0,0,0
Bahman_Apl,820,,1,0,0,1,0,0,0,0,0,0,0,0,0,0,0,0,0,0,0,0,0
aliteymori1984,819,,2,0,0,0,0,1,0,0,0,0,0,0,0,0,1,0,0,0,0,0,0
AhYon888,819,,1,0,0,0,0,0,0,0,0,0,0,0,0,0,0,0,0,1,0,0,0
monmoushoujo,818,,1,0,0,0,0,0,0,0,0,0,0,0,0,0,0,0,0,0,1,0,0
halaIboy,818,,3,0,0,0,0,0,0,0,0,1,1,0,0,0,0,0,0,0,1,0,0
elisio_djuric,818,,1,0,0,0,0,0,0,0,0,0,1,0,0,0,0,0,0,0,0,0,0
cariazon,818,,6,0,0,0,1,1,1,1,0,0,0,0,0,0,0,0,0,1,0,0,1
Umme_ibrahim11,818,,1,0,0,0,0,0,0,0,0,0,0,0,0,0,0,0,0,0,0,0,1
noonchai_0,817,,1,0,0,0,0,0,0,0,0,1,0,0,0,0,0,0,0,0,0,0,0
majal1401_,816,,1,0,0,0,0,0,0,0,0,0,0,0,0,1,0,0,0,0,0,0,0
realz889,815,,2,0,0,0,0,0,0,0,0,0,1,0,0,0,0,0,0,1,0,0,0
triana_juanda,814,,2,0,0,0,1,0,0,0,0,0,0,0,0,0,0,0,0,0,0,1,0
nilooye1678,814,,6,0,0,0,0,0,1,0,0,1,1,0,1,1,1,0,0,0,0,0,0
e_mbiu,814,,1,0,0,0,0,0,0,0,0,0,0,0,0,0,0,0,0,0,0,1,0
azharhu85017290,814,,1,0,0,0,0,0,0,1,0,0,0,0,0,0,0,0,0,0,0,0,0
Nafisehalipour,814,,2,0,0,1,0,0,0,0,0,0,0,0,0,1,0,0,0,0,0,0,0
Hagh1Rahe89805,814,,2,0,1,0,0,0,0,0,0,0,0,0,0,1,0,0,0,0,0,0,0
mo_ali_n,813,,1,0,0,0,0,0,0,0,0,0,0,0,0,1,0,0,0,0,0,0,0
gagangambhir90,813,,2,0,0,0,0,0,0,0,0,1,0,0,0,0,0,0,0,0,1,0,0
Wanm111,813,,1,0,0,0,0,0,0,1,0,0,0,0,0,0,0,0,0,0,0,0,0
TheodoroBrown,813,,1,0,0,0,0,0,0,0,0,0,0,0,0,0,0,0,1,0,0,0,0
MorvaridKoorosh,813,,1,0,0,0,0,0,0,1,0,0,0,0,0,0,0,0,0,0,0,0,0
WizzKidOfK,812,,6,0,0,0,0,0,1,0,0,0,0,0,0,1,0,0,1,1,1,0,1
SusieMHutchison,812,,1,0,0,0,0,0,0,0,0,0,1,0,0,0,0,0,0,0,0,0,0
Paul62NW3,812,,1,0,0,0,0,0,0,0,0,0,0,0,0,0,0,0,0,0,0,0,1
JaiyeSteady,812,,7,0,0,0,0,0,0,0,1,1,1,1,1,1,1,0,0,0,0,0,0
BIE686767,812,,3,0,0,0,0,0,0,0,0,0,0,0,0,1,0,0,0,1,0,0,1
driving_malta,811,,1,0,0,0,0,0,0,0,0,0,1,0,0,0,0,0,0,0,0,0,0
awake300am1,811,,1,0,0,0,0,0,0,0,1,0,0,0,0,0,0,0,0,0,0,0,0
Abu_sAngreh,810,,1,0,0,0,0,0,0,0,1,0,0,0,0,0,0,0,0,0,0,0,0
JosephVic0,809,,3,0,0,0,0,0,1,0,1,0,0,0,0,0,0,0,1,0,0,0,0
ClasickMan,809,,1,0,0,0,0,0,0,0,0,0,1,0,0,0,0,0,0,0,0,0,0
prettimink,808,,3,0,0,0,0,0,0,0,0,0,0,0,0,0,0,0,0,0,1,1,1
TKunambombe367,808,,6,1,0,0,0,0,0,0,0,0,1,1,1,1,1,0,0,0,0,0,0
SannaPaakkanen,807,,3,0,0,0,0,0,0,0,0,0,0,0,0,1,0,0,0,0,1,0,1
SydMohamadMehdi,806,,7,0,0,1,0,0,0,0,0,1,1,0,0,1,1,0,0,1,0,0,1
KuUganda,806,,8,0,0,0,0,0,1,0,1,1,1,0,0,0,1,0,1,1,1,0,0
suleimanaudu21,805,,1,0,0,0,0,0,0,0,0,0,0,0,0,1,0,0,0,0,0,0,0
sepulveda_norma,805,,7,0,0,0,1,1,0,1,1,0,0,0,1,1,0,0,0,0,0,0,1
discusdave,805,,1,0,0,0,0,0,1,0,0,0,0,0,0,0,0,0,0,0,0,0,0
aghayejiim,805,,2,0,0,0,0,0,0,0,0,0,0,0,0,0,0,0,0,1,1,0,0
MujahidAkb27189,805,,1,0,0,0,0,0,0,1,0,0,0,0,0,0,0,0,0,0,0,0,0
IQ786UK,805,,1,0,0,0,0,0,0,0,0,0,0,0,0,0,0,0,0,0,0,1,0
hes64072,804,,2,0,0,0,0,0,0,0,0,0,0,0,0,1,0,0,0,1,0,0,0
RehmanTassawar,804,,4,0,0,0,0,1,0,0,1,0,0,0,0,1,1,0,0,0,0,0,0
PaulaBardavio,803,,1,0,0,0,0,0,0,1,0,0,0,0,0,0,0,0,0,0,0,0,0
qxrvnt,802,,1,0,0,0,0,0,0,0,0,0,0,0,0,0,0,1,0,0,0,0,0
khojaste2_al,802,,1,0,0,0,0,0,0,0,0,0,0,0,0,0,0,0,0,1,0,0,0
dipolawal_,802,,5,0,0,0,0,0,1,0,1,0,0,1,0,1,0,0,0,0,0,0,1
ademrakovic,802,,2,1,0,0,0,0,0,0,0,1,0,0,0,0,0,0,0,0,0,0,0
maheer005,801,,1,0,0,0,0,0,0,0,1,0,0,0,0,0,0,0,0,0,0,0,0
guju_chokro,801,,1,0,0,0,0,0,0,0,0,1,0,0,0,0,0,0,0,0,0,0,0
NajjiiMalik,801,,1,0,0,0,0,0,0,0,0,0,0,0,0,0,1,0,0,0,0,0,0
Bindawa__,801,,7,0,0,0,0,0,1,1,1,1,1,0,1,1,0,0,0,0,0,0,0
Atshie,801,,1,0,0,0,0,0,0,0,0,0,0,0,0,0,0,0,0,0,1,0,0
theseavoyager,800,,2,0,0,0,0,0,0,0,0,0,0,0,1,1,0,0,0,0,0,0,0
pappjo,800,,1,0,1,0,0,0,0,0,0,0,0,0,0,0,0,0,0,0,0,0,0
deborah_fa22004,800,,1,0,0,0,0,0,1,0,0,0,0,0,0,0,0,0,0,0,0,0,0
atm2112,800,,6,0,0,0,0,1,1,0,0,1,1,0,0,0,0,1,0,0,1,0,0
Usual__Suspect2,800,,1,0,0,0,0,0,0,0,0,0,0,0,0,0,0,0,0,0,0,1,0
Ismaildanzabuwa,800,,5,0,0,0,0,0,0,0,1,0,0,0,0,1,1,0,0,1,0,1,0
Alvarez_Tur,800,,1,0,0,0,0,0,0,0,0,1,0,0,0,0,0,0,0,0,0,0,0
ANaziadi,800,,4,0,0,0,0,0,0,0,0,1,0,0,1,0,0,0,1,0,0,1,0
mohsenfarsi02,799,,1,0,0,0,0,0,0,0,0,0,0,1,0,0,0,0,0,0,0,0,0
kh_reza53944,799,,1,0,0,0,0,0,0,0,0,0,0,0,0,0,0,0,0,0,0,0,1
HEdokpayi,799,,4,0,0,0,0,0,0,0,0,0,1,0,0,0,0,0,1,1,0,0,1
olga1586,798,,1,0,0,0,0,0,0,0,0,0,1,0,0,0,0,0,0,0,0,0,0
mahajansid,798,,1,0,0,0,0,0,0,0,0,1,0,0,0,0,0,0,0,0,0,0,0
donukis,798,,20,1,1,1,1,1,1,1,1,1,1,1,1,1,1,1,1,1,1,1,1
PeanuLeeves,798,,6,0,1,0,0,1,1,0,0,1,1,0,0,1,0,0,0,0,0,0,0
mo_sanayi,797,,1,0,0,0,0,0,0,0,0,0,0,0,0,0,0,0,0,0,1,0,0
haider_051214,797,,2,0,0,0,0,0,0,0,0,0,1,0,0,0,1,0,0,0,0,0,0
TheAWGN,797,,5,0,0,0,1,0,0,0,0,0,1,0,0,0,0,0,0,0,1,1,1
NaseerAhmadKK,797,,1,0,0,0,0,0,0,0,1,0,0,0,0,0,0,0,0,0,0,0,0
BereBonaerense,797,,1,1,0,0,0,0,0,0,0,0,0,0,0,0,0,0,0,0,0,0,0
rvcbrice,796,,1,0,1,0,0,0,0,0,0,0,0,0,0,0,0,0,0,0,0,0,0
resetle,796,,6,0,1,1,0,0,1,0,1,0,0,0,0,0,0,0,1,0,0,0,1
n_gonulden,796,,3,0,0,0,0,0,0,0,1,0,0,0,0,1,1,0,0,0,0,0,0
hw_renewe,796,,1,0,0,0,0,0,0,0,0,0,0,0,0,0,0,0,0,1,0,0,0
FreedomVirus2,796,,1,0,0,1,0,0,0,0,0,0,0,0,0,0,0,0,0,0,0,0,0
shahrukh9715,795,,1,0,0,0,0,0,0,0,0,0,0,0,0,0,0,0,0,1,0,0,0
mansoor1129100,794,,1,0,0,0,0,0,0,0,0,0,0,0,0,1,0,0,0,0,0,0,0
RotmanErick,794,,5,0,0,0,0,0,0,0,0,1,1,0,1,0,0,0,1,0,1,0,0
rezaul786,793,,1,0,0,0,0,0,0,0,0,1,0,0,0,0,0,0,0,0,0,0,0
le7mai,793,,1,0,0,0,0,0,0,1,0,0,0,0,0,0,0,0,0,0,0,0,0
kamunagimeeem,793,,1,0,0,0,0,0,0,1,0,0,0,0,0,0,0,0,0,0,0,0,0
Stuart387948419,793,,1,0,0,0,0,0,0,0,0,1,0,0,0,0,0,0,0,0,0,0,0
NyakaChitse,793,,6,0,0,1,0,0,1,0,1,0,0,0,1,1,0,0,0,1,0,0,0
LBJenkins1963,793,,1,0,0,0,0,0,1,0,0,0,0,0,0,0,0,0,0,0,0,0,0
JorrGuzman,793,,2,0,0,0,0,0,0,0,0,0,0,0,0,1,1,0,0,0,0,0,0
3Akkaa,793,,1,0,0,0,0,0,0,0,0,0,0,0,0,0,0,0,0,0,1,0,0
yawahuguama,792,,4,0,0,0,0,0,1,0,0,0,0,0,0,0,1,0,1,0,0,0,1
svrparhizkar,792,,1,0,0,0,0,0,0,0,0,0,0,0,0,0,0,0,0,1,0,0,0
iam_arman18,792,,2,0,0,0,0,0,0,0,0,0,1,0,0,1,0,0,0,0,0,0,0
elliagne,792,,3,0,0,0,0,0,0,0,1,0,0,1,0,1,0,0,0,0,0,0,0
RedOrb4pal,792,,3,0,0,0,0,0,0,0,0,1,1,0,0,0,0,1,0,0,0,0,0
pouryatkaronto,791,,2,0,0,0,0,0,0,0,0,0,0,0,0,0,0,0,0,0,0,1,1
pato_lehuede,791,,1,0,0,0,0,0,0,0,0,0,0,0,0,0,0,0,1,0,0,0,0
teamviz,790,,1,0,0,0,0,0,0,0,0,0,0,0,0,1,0,0,0,0,0,0,0
Beerazashah,790,,2,0,0,0,0,0,0,0,0,1,1,0,0,0,0,0,0,0,0,0,0
helen_looper,789,,18,1,1,1,1,1,1,1,0,1,1,1,1,1,1,0,1,1,1,1,1
alxgji12345,789,,1,0,0,0,0,0,0,0,0,0,0,0,0,1,0,0,0,0,0,0,0
trustysk,788,,1,0,0,0,0,0,0,0,0,0,1,0,0,0,0,0,0,0,0,0,0
aliahmed9993344,788,,1,0,0,0,0,0,1,0,0,0,0,0,0,0,0,0,0,0,0,0,0
Elfatmoh,788,,5,0,0,0,0,0,1,0,1,1,1,0,0,1,0,0,0,0,0,0,0
CE52455,788,,4,0,1,1,0,0,0,0,0,1,0,0,0,0,0,0,0,0,0,1,0
SaddamH85738119,787,,4,0,0,0,0,1,0,0,0,1,0,1,0,1,0,0,0,0,0,0,0
Akshugaba1,787,,8,0,0,0,0,1,0,1,0,1,1,0,1,1,0,0,0,1,1,0,0
northnthat,786,,1,0,0,0,0,0,1,0,0,0,0,0,0,0,0,0,0,0,0,0,0
Naia10075,786,,7,0,0,0,0,0,1,0,0,1,1,0,1,1,0,0,0,0,0,1,1
zengucapital,785,,1,0,1,0,0,0,0,0,0,0,0,0,0,0,0,0,0,0,0,0,0
i_Prinze,785,,1,0,0,0,0,0,0,0,0,0,0,0,0,0,0,0,0,0,0,0,1
cantbesitting,785,,3,0,0,0,0,1,0,0,1,0,1,0,0,0,0,0,0,0,0,0,0
Mangoustel,785,,1,0,0,0,0,0,1,0,0,0,0,0,0,0,0,0,0,0,0,0,0
Ebrahim_uop,785,,3,0,0,0,0,0,0,0,0,0,1,1,0,1,0,0,0,0,0,0,0
plfragoso,784,,9,0,0,0,0,0,1,1,1,1,1,1,1,1,0,0,0,1,0,0,0
alhaadiahmad,784,,6,0,0,0,1,0,1,1,1,0,0,0,0,0,0,0,0,0,0,1,1
wetoldyouson,783,,4,0,0,0,0,0,0,0,0,1,0,1,0,1,0,0,0,0,0,0,1
mehri1863124287,783,,1,0,0,0,0,0,0,0,0,0,0,0,0,0,0,0,0,0,1,0,0
UsEngin,783,,3,0,1,0,1,0,0,0,0,0,0,0,0,0,0,0,0,1,0,0,0
imannasseri,782,,1,0,0,0,0,0,0,0,0,0,0,0,0,1,0,0,0,0,0,0,0
alex02889310,782,,1,0,0,1,0,0,0,0,0,0,0,0,0,0,0,0,0,0,0,0,0
VintageSteez,782,,2,0,0,0,0,0,0,0,0,0,1,0,0,1,0,0,0,0,0,0,0
Amy39957168,782,,1,0,0,0,0,0,0,0,0,0,0,0,0,0,0,0,0,1,0,0,0
spider1667,781,,5,0,0,0,0,0,0,0,0,1,1,0,0,0,0,0,1,1,0,1,0
mohammadnondv,781,,1,0,0,1,0,0,0,0,0,0,0,0,0,0,0,0,0,0,0,0,0
Khoubyar,781,,3,0,0,0,0,0,0,0,0,1,0,0,0,0,0,0,0,0,1,0,1
JerpaDerpa,781,,1,0,0,0,0,0,1,0,0,0,0,0,0,0,0,0,0,0,0,0,0
ritabes,780,,8,0,1,0,0,1,0,0,1,0,0,0,0,1,0,0,1,1,1,0,1
TheDuckyT,780,,1,0,0,0,0,0,0,0,0,0,0,0,0,1,0,0,0,0,0,0,0
Salmezcua,780,,1,0,0,0,0,0,0,0,0,0,0,0,0,0,0,0,1,0,0,0,0
HasnainKazmi1,780,,1,0,0,0,0,0,0,0,0,0,0,0,0,0,0,0,0,0,0,0,1
therealQuandalf,779,,1,0,0,0,0,0,0,0,0,0,0,0,0,0,0,0,0,1,0,0,0
maqsood8864859,779,,2,0,0,0,0,0,0,0,0,0,0,0,0,0,0,0,0,1,0,0,1
deffnotmase,779,,1,0,0,0,0,0,0,0,0,0,0,0,0,0,0,0,0,0,0,0,1
bukhary87783983,779,,9,0,1,1,0,0,0,0,1,1,1,1,0,0,0,0,0,1,0,1,1
ayyildizf12,779,,5,0,0,0,0,1,1,0,0,1,0,0,1,0,0,0,0,0,0,1,0
adineh_59,779,,1,0,0,0,0,1,0,0,0,0,0,0,0,0,0,0,0,0,0,0,0
safayi1371,778,,1,0,0,0,0,0,0,0,0,0,1,0,0,0,0,0,0,0,0,0,0
jack_the37589,778,,1,0,0,0,0,0,0,0,0,0,0,0,0,0,0,0,0,0,0,0,1
MedSeideh,778,,7,0,1,0,0,0,1,0,1,1,0,0,0,0,0,0,1,1,0,0,1
tkrEiDoloN,777,,2,0,0,0,0,0,0,0,0,0,0,0,0,1,0,0,1,0,0,0,0
rageugas16,777,,14,1,0,1,0,0,1,1,1,1,1,1,1,1,0,0,1,1,0,1,1
oluis3795_,777,,1,0,0,0,0,0,0,0,0,0,1,0,0,0,0,0,0,0,0,0,0
Vogue130,777,,1,0,0,0,0,0,0,0,0,0,0,0,0,1,0,0,0,0,0,0,0
Mamanehanane,777,,1,1,0,0,0,0,0,0,0,0,0,0,0,0,0,0,0,0,0,0,0
HUMANBEINGONE,777,,1,0,0,0,0,0,0,0,0,0,0,0,0,0,0,0,0,0,0,0,1
Rolaholic,776,,2,0,0,0,0,0,0,0,0,1,0,0,0,0,0,0,0,1,0,0,0
NtlanganisoG,776,,1,0,0,0,0,0,0,0,0,1,0,0,0,0,0,0,0,0,0,0,0
Mostafamn99,776,,1,0,0,0,0,0,1,0,0,0,0,0,0,0,0,0,0,0,0,0,0
ElWil007,776,,6,0,0,0,0,0,0,0,0,0,1,0,1,1,1,0,1,1,0,0,0
DrPuTiTi,776,,1,0,0,0,0,0,0,0,0,0,1,0,0,0,0,0,0,0,0,0,0
BlessedOne_15,776,,9,1,1,1,1,1,0,1,0,0,0,0,0,0,0,1,0,1,0,0,1
isaberabera,775,,4,0,0,0,0,0,0,0,0,0,0,0,0,0,0,1,0,1,1,0,1
hs_alirida,775,,1,0,0,0,0,0,0,0,0,0,0,0,0,0,0,1,0,0,0,0,0
creenciasmicro2,775,,13,0,1,1,0,0,1,0,1,1,1,0,1,1,0,1,1,1,1,0,1
NegusFemi,775,,3,0,0,0,0,0,0,0,0,0,0,0,1,1,0,0,0,0,0,0,1
HaideryMuhammed,775,,11,0,1,1,1,1,1,0,1,0,1,1,0,0,0,1,0,1,0,0,1
BatoulRebai,775,,8,0,0,0,0,0,0,0,1,1,1,0,1,0,0,1,0,1,1,0,1
AliMohamadiRad,775,,15,0,0,0,0,1,1,0,1,1,1,1,1,1,1,1,1,1,1,1,1
pmgm63,774,,1,0,0,0,0,0,0,0,0,0,0,0,0,1,0,0,0,0,0,0,0
zuuulul,773,,1,0,0,0,0,0,0,0,0,0,0,0,0,0,0,0,0,1,0,0,0
zerocairo,773,,1,0,0,0,0,0,0,0,0,0,0,0,0,0,0,0,0,0,1,0,0
nathx7,773,,1,0,0,0,0,0,0,0,0,0,0,0,0,0,0,0,1,0,0,0,0
BlayAtsu,773,,1,0,0,0,0,0,0,0,1,0,0,0,0,0,0,0,0,0,0,0,0
Abane_65,773,,8,0,1,0,0,1,1,0,0,0,1,1,1,0,0,0,0,0,0,1,1
eternalsha,772,,1,0,0,0,0,0,0,0,0,0,0,0,0,0,0,0,0,0,0,1,0
Sadik_Gimba,772,,14,1,1,1,1,1,1,1,1,1,1,0,1,0,0,0,0,1,1,1,0
ArashKaman68,772,,1,0,0,0,0,0,0,0,0,0,0,0,0,0,0,0,0,0,1,0,0
sepah_786,771,,2,0,1,0,0,1,0,0,0,0,0,0,0,0,0,0,0,0,0,0,0
sayedrezamusavi,771,,1,0,0,0,0,0,0,0,0,0,0,0,0,0,0,0,0,0,1,0,0
gimbe2,771,,5,0,0,1,0,0,0,0,1,0,0,1,1,0,0,0,0,0,0,0,1
Babalikita,771,,1,0,0,0,0,0,0,0,0,0,0,0,0,0,0,0,0,0,0,0,1
ArianaPantasy,771,,1,0,0,0,0,0,0,0,0,0,0,0,0,0,0,1,0,0,0,0,0
vatanparasttt,769,,3,0,0,0,0,1,1,0,0,0,0,0,0,1,0,0,0,0,0,0,0
oilandgas_ir,769,,1,0,0,0,0,0,0,1,0,0,0,0,0,0,0,0,0,0,0,0,0
muhammadalinor5,769,,12,0,1,1,0,1,1,1,1,1,1,1,1,0,1,0,0,1,0,0,0
mtw_ca,769,,1,0,0,0,0,0,1,0,0,0,0,0,0,0,0,0,0,0,0,0,0
mandygunn61,769,,3,0,0,0,0,0,1,0,0,0,1,0,0,0,0,0,0,1,0,0,0
veaje1,768,,8,0,1,0,1,1,1,1,1,1,0,0,0,0,0,0,0,0,0,0,1
refat720,768,,2,0,1,0,0,0,0,0,0,0,0,0,0,0,0,0,0,0,1,0,0
Q_o_u_2020,768,,2,0,0,0,0,0,0,0,0,0,0,0,0,0,0,0,1,1,0,0,0
Mima091203,768,,18,0,1,1,1,1,1,1,1,1,1,0,1,1,1,1,1,1,1,1,1
BILAL_YARO,768,,3,0,0,0,0,0,1,0,0,0,0,0,0,1,0,0,0,0,1,0,0
mtashackori,767,,11,0,0,0,0,0,0,0,1,1,1,1,1,1,0,1,1,0,1,1,1
eeminiemelainen,767,,2,0,0,0,0,0,0,0,0,1,0,0,0,0,0,0,1,0,0,0,0
HoseinMirX,767,,1,0,0,0,0,0,0,0,0,0,0,1,0,0,0,0,0,0,0,0,0
Caprafalconera,767,,2,1,0,0,0,0,0,1,0,0,0,0,0,0,0,0,0,0,0,0,0
AbuDharr66,767,,1,0,0,0,0,0,0,0,0,0,0,0,0,0,0,1,0,0,0,0,0
Mr_yaash,766,,3,0,0,1,0,0,0,0,0,0,0,0,0,1,0,0,0,0,0,0,1
MounAmar96,766,,2,0,0,0,0,0,0,0,0,0,0,0,0,0,0,1,0,1,0,0,0
MRaza11,766,,1,0,0,0,0,0,0,0,0,0,0,0,0,0,0,0,0,0,0,1,0
Azharrose786,766,,1,0,0,0,0,0,0,0,1,0,0,0,0,0,0,0,0,0,0,0,0
shaahidbaltee,765,,6,0,0,0,0,1,0,0,1,1,1,0,0,0,0,1,1,0,0,0,0
gloriaccarol,765,,2,0,0,0,0,0,0,0,0,0,0,0,0,0,0,0,0,1,0,0,1
RGC_AJK,765,,1,0,0,0,0,0,1,0,0,0,0,0,0,0,0,0,0,0,0,0,0
ChakerKat,765,,1,0,0,0,0,0,0,0,0,0,1,0,0,0,0,0,0,0,0,0,0
Am_saeedu,765,,18,0,1,1,1,1,1,1,1,1,1,1,1,1,1,0,1,1,1,1,1
Akropolis0808,765,,1,0,0,0,0,0,0,0,0,0,0,0,0,0,0,0,1,0,0,0,0
Abdalmjeed1993,765,,1,0,0,0,0,0,0,0,0,0,0,1,0,0,0,0,0,0,0,0,0
astro_knot78,764,,1,0,0,0,0,0,0,0,0,0,0,0,0,1,0,0,0,0,0,0,0
GhaffarianPouya,764,,3,0,0,0,0,0,0,0,0,0,1,1,0,1,0,0,0,0,0,0,0
DizqueNerdo,764,,5,0,0,1,0,0,0,0,0,0,0,0,0,1,0,1,1,1,0,0,0
senituru,763,,1,0,0,0,0,0,0,0,0,0,0,0,0,0,0,1,0,0,0,0,0
rgrantiliberal,763,,2,0,0,0,0,0,1,0,0,0,1,0,0,0,0,0,0,0,0,0,0
ace5mild,763,,2,0,0,0,0,0,0,0,0,1,0,0,0,0,0,0,0,1,0,0,0
PorscheGroyper,762,,1,0,0,0,0,0,0,0,0,0,0,0,0,0,0,1,0,0,0,0,0
BajawKamare,762,,6,0,0,0,0,0,1,0,0,0,1,0,0,1,0,0,1,0,1,1,0
AjmalHu38703651,762,,2,0,0,0,0,0,1,0,0,0,0,0,0,0,0,0,0,0,0,0,1
mhmdigl,761,,2,0,0,0,0,1,0,0,0,0,0,1,0,0,0,0,0,0,0,0,0
dawoodahmedmmd,761,,3,0,0,0,0,0,1,0,1,0,0,0,0,0,0,0,0,0,0,0,1
Indiansloving,761,,2,0,0,0,0,0,0,0,0,1,0,0,0,0,0,0,0,0,0,0,1
BuangZA,761,,3,0,0,0,0,0,0,0,0,0,1,0,0,0,0,0,0,0,1,0,1
iwhizkid__,760,,1,0,0,0,0,0,1,0,0,0,0,0,0,0,0,0,0,0,0,0,0
behrouzimehdi,760,,1,0,0,0,0,0,0,0,0,0,0,0,0,0,0,0,0,0,1,0,0
Irishantitrump,760,,1,0,0,0,0,0,0,0,0,0,1,0,0,0,0,0,0,0,0,0,0
metalcorn333,759,,3,0,0,0,0,0,0,0,0,0,1,0,0,1,0,0,0,0,0,1,0
melinahzh,759,,1,0,0,0,0,0,1,0,0,0,0,0,0,0,0,0,0,0,0,0,0
ZakariyahZainab,759,,1,0,0,0,0,0,0,0,0,0,0,0,0,0,0,0,0,0,0,0,1
TGKContent,759,,1,0,0,0,0,0,0,0,0,0,0,0,0,0,0,0,0,1,0,0,0
JE_Maleta,759,,1,0,0,0,0,0,0,0,0,0,1,0,0,0,0,0,0,0,0,0,0
shayanmd,758,,3,0,0,0,0,0,0,0,0,0,0,0,0,0,0,0,0,0,1,1,1
mahdazadi,758,,3,0,0,0,0,0,0,0,0,0,0,0,0,0,0,0,0,0,1,1,1
carolsteel82,758,,1,0,0,0,0,0,0,0,0,0,1,0,0,0,0,0,0,0,0,0,0
Jhadj_theos,758,,1,0,0,0,0,0,0,0,0,0,0,0,0,0,0,0,0,1,0,0,0
Danial_Meer,758,,1,0,0,0,0,0,0,0,0,0,0,0,0,0,0,0,0,0,1,0,0
1358531,758,,1,0,0,0,0,0,1,0,0,0,0,0,0,0,0,0,0,0,0,0,0
starstuddedroof,757,,1,0,0,0,0,0,0,0,0,0,0,0,0,0,0,0,0,0,0,0,1
lyly1840791,757,,7,0,1,0,0,0,0,1,0,1,1,0,0,1,0,0,1,0,1,0,0
Gabrielkimjnr,757,,10,0,0,0,0,0,1,0,1,0,0,1,0,1,0,1,1,1,1,1,1
Ambsanjivarora,757,,4,0,0,1,1,1,0,0,0,0,0,0,1,0,0,0,0,0,0,0,0
zjd_zjd,756,,10,0,1,0,0,1,1,0,1,1,0,0,1,1,0,0,1,1,1,0,0
OLPSEPID,756,,2,0,0,0,0,1,1,0,0,0,0,0,0,0,0,0,0,0,0,0,0
HaidarMoshie,756,,2,0,0,0,0,0,0,0,0,0,1,0,0,1,0,0,0,0,0,0,0
Raajendra_P,755,,6,0,0,0,0,0,1,0,1,1,1,0,0,1,0,0,0,1,0,0,0
KurdoMahdi,755,,1,0,0,0,0,0,0,0,0,0,0,0,0,0,0,0,0,1,0,0,0
sara_she_313,754,,1,0,0,0,0,0,0,0,0,0,0,0,0,0,0,0,0,0,0,1,0
IwillRise0,754,,1,0,0,0,0,0,0,0,0,0,0,0,0,0,0,0,0,0,1,0,0
vahid_sani,753,,1,0,0,0,0,0,0,0,0,0,0,0,0,0,0,1,0,0,0,0,0
MirvatAKhalil,753,,1,0,0,0,0,0,0,0,0,0,0,0,0,0,0,0,0,1,0,0,0
shabeeh110,752,,5,0,0,0,0,0,1,1,0,1,0,0,0,1,1,0,0,0,0,0,0
neginmikha83561,752,,3,0,0,0,0,0,0,1,1,1,0,0,0,0,0,0,0,0,0,0,0
musaddiqmanaas,752,,2,0,0,0,0,0,1,0,0,0,0,0,0,0,0,0,0,0,0,0,1
gmanredux,752,,1,1,0,0,0,0,0,0,0,0,0,0,0,0,0,0,0,0,0,0,0
blacknantiwar,752,,3,0,0,0,0,1,0,0,0,0,0,0,0,1,1,0,0,0,0,0,0
MIANAWAIS504,751,,1,1,0,0,0,0,0,0,0,0,0,0,0,0,0,0,0,0,0,0,0
Dove2050,751,,2,0,0,0,0,0,0,0,1,0,1,0,0,0,0,0,0,0,0,0,0
petaxli,750,,1,0,0,0,0,0,0,0,0,0,0,0,0,0,0,0,0,0,0,0,1
dildilgb22,750,,1,0,0,0,0,0,0,0,0,0,0,0,0,0,0,0,0,0,0,0,1
beinginjamam,750,,14,0,1,0,1,0,1,0,0,0,1,1,1,1,1,1,1,1,1,1,1
Dariush_rangin,750,,1,0,0,0,0,0,1,0,0,0,0,0,0,0,0,0,0,0,0,0,0
23courtug,750,,1,0,0,0,0,0,0,0,0,0,0,0,0,0,0,0,0,1,0,0,0
Soraya984,749,,1,0,0,0,0,0,0,0,0,1,0,0,0,0,0,0,0,0,0,0,0
Eleve8MeLord,749,,14,0,1,0,0,1,1,1,1,1,1,1,1,1,1,0,0,1,0,1,1
Sam_ZohAt,748,,6,0,0,0,0,0,0,0,0,0,0,0,0,0,0,1,1,1,1,1,1
OccamsRazorZone,748,,3,0,0,0,0,0,0,0,0,1,0,0,0,1,0,0,0,0,0,1,0
IMRANPTIIII,748,,2,0,0,0,0,0,0,0,0,0,0,0,0,0,0,0,1,1,0,0,0
Dr_Ordinarylove,748,,2,0,0,0,0,1,0,0,0,0,0,0,1,0,0,0,0,0,0,0,0
MMatter_s,747,,13,0,1,0,0,0,1,0,1,1,1,1,0,1,1,0,1,1,1,1,1
h_Taheri1992,746,,6,0,1,0,0,0,0,0,1,0,1,1,0,0,0,0,0,0,0,1,1
fmbt100,746,,14,0,1,1,1,1,1,1,1,1,1,0,1,1,1,0,1,1,0,0,0
betseyjnelson,746,,1,0,0,0,0,0,0,0,0,0,0,0,0,0,0,0,0,1,0,0,0
Matha_,746,,2,0,0,1,0,0,0,0,0,0,0,0,0,0,0,0,0,0,1,0,0
MIrmak11,746,,2,0,0,0,0,0,1,0,0,0,0,1,0,0,0,0,0,0,0,0,0
Khubib12345,746,,1,0,0,0,0,0,1,0,0,0,0,0,0,0,0,0,0,0,0,0,0
CranesOfMemory,746,,1,0,0,0,0,0,0,0,1,0,0,0,0,0,0,0,0,0,0,0,0
g92660089,745,,2,0,0,0,0,0,0,0,0,1,1,0,0,0,0,0,0,0,0,0,0
PG876,745,,5,0,0,0,0,1,0,1,0,1,1,0,0,0,0,0,0,0,0,0,1
mohsen_razavi12,744,,1,0,0,0,0,0,1,0,0,0,0,0,0,0,0,0,0,0,0,0,0
mehr_banom,744,,1,0,0,0,0,0,0,0,0,0,0,0,0,0,0,0,0,0,1,0,0
hoseinzebarjad,744,,1,0,0,0,0,0,0,0,0,0,0,0,1,0,0,0,0,0,0,0,0
Ir_icana,744,,1,1,0,0,0,0,0,0,0,0,0,0,0,0,0,0,0,0,0,0,0
alexfurn66,743,,2,0,1,0,0,0,1,0,0,0,0,0,0,0,0,0,0,0,0,0,0
TraderJournal7,743,,16,0,1,0,0,1,1,1,1,1,1,0,1,1,1,1,1,1,1,1,1
ABackhet,743,,1,0,0,0,0,0,0,0,0,0,0,0,0,0,0,0,0,0,1,0,0
samerhusseiny43,742,,10,0,0,0,0,1,1,0,1,0,1,0,1,1,0,1,0,1,1,1,0
pinkpanter132,742,,1,0,0,0,0,0,0,0,0,0,0,0,0,0,0,0,0,0,1,0,0
ProbioticFarmer,742,,2,0,0,0,0,1,1,0,0,0,0,0,0,0,0,0,0,0,0,0,0
EmperorXLair,742,,3,0,0,0,0,0,0,0,1,0,0,0,0,1,0,0,0,0,1,0,0
toolbox87,741,,4,0,0,0,0,0,0,1,0,0,0,0,1,0,0,0,0,1,0,0,1
ereticodarogo,741,,4,0,1,0,0,1,1,0,0,0,0,0,0,1,0,0,0,0,0,0,0
comfy_zeus,741,,1,0,0,0,0,0,0,0,0,0,0,0,0,0,0,0,1,0,0,0,0
andypie256,741,,2,0,0,0,0,0,1,0,1,0,0,0,0,0,0,0,0,0,0,0,0
RapBrown5,741,,1,0,0,0,0,0,0,0,0,0,0,0,0,0,0,0,0,0,0,1,0
Marti_Is_Fluffy,741,,1,0,0,0,0,0,1,0,0,0,0,0,0,0,0,0,0,0,0,0,0
Barakah_123,741,,1,0,0,0,0,0,0,0,0,0,0,0,0,0,0,0,0,0,0,0,1
maccarefoundtn,740,,1,0,0,1,0,0,0,0,0,0,0,0,0,0,0,0,0,0,0,0,0
pretty415591,739,,4,0,0,1,0,0,0,0,0,0,0,0,1,0,0,0,0,0,0,1,1
jdesparza9,739,,1,0,0,0,0,0,0,0,0,0,0,0,0,0,0,0,0,1,0,0,0
LuisMig86192338,739,,8,1,1,1,1,1,1,1,0,0,0,0,0,1,0,0,0,0,0,0,0
Sandeepmaloo7,738,,4,0,0,0,0,1,0,0,1,1,0,0,0,0,0,0,0,0,0,0,1
Godneyjaguars67,738,,1,0,0,0,0,0,1,0,0,0,0,0,0,0,0,0,0,0,0,0,0
AbiodunJr,738,,1,0,0,0,0,0,0,0,0,0,1,0,0,0,0,0,0,0,0,0,0
ardillanapoles,737,,1,0,0,0,0,0,0,0,0,1,0,0,0,0,0,0,0,0,0,0,0
bog_obelisk,736,,2,0,0,0,0,0,0,0,0,0,0,0,1,0,0,0,0,0,0,0,1
Mahan_je,736,,1,0,0,0,0,0,1,0,0,0,0,0,0,0,0,0,0,0,0,0,0
HklLeb,736,,1,0,0,0,0,0,0,0,0,1,0,0,0,0,0,0,0,0,0,0,0
DeedaNaqvi,736,,3,0,0,0,0,0,0,0,0,0,1,1,0,0,0,0,0,1,0,0,0
apoplexual,735,,1,0,0,0,0,0,1,0,0,0,0,0,0,0,0,0,0,0,0,0,0
Meas33782997,735,,1,0,0,0,0,0,0,0,1,0,0,0,0,0,0,0,0,0,0,0,0
FatimahAIRI,735,,1,0,0,0,0,0,0,0,0,0,0,0,0,0,0,0,0,1,0,0,0
A22118339Ali,735,,4,0,0,0,0,0,0,0,0,0,1,0,0,1,1,0,0,1,0,0,0
hispanoDPR,734,,1,0,0,0,0,0,0,0,0,0,0,0,0,0,0,0,0,0,0,1,0
World_C_History,734,,2,0,0,0,0,0,0,0,0,1,0,0,0,0,0,1,0,0,0,0,0
PaddedRoom4U,734,,1,0,0,0,0,0,0,0,0,0,0,0,0,0,0,0,0,0,1,0,0
MohsinWD,734,,1,0,0,0,0,0,0,0,0,0,0,0,0,0,0,0,0,0,0,0,1
hussainianyu1,733,,3,0,0,1,0,0,0,0,0,0,0,0,0,0,0,1,0,0,1,0,0
vdhiman_89,732,,1,0,0,0,0,0,0,0,0,0,0,0,0,0,0,0,0,0,0,0,1
queefwoods,732,,2,0,0,0,0,0,0,0,0,0,1,1,0,0,0,0,0,0,0,0,0
nwanerisanctus2,732,,2,1,0,0,0,0,0,1,0,0,0,0,0,0,0,0,0,0,0,0,0
farjadakmal1,732,,2,0,0,0,0,0,1,0,0,0,0,0,0,0,0,0,0,1,0,0,0
torkhalid272600,731,,1,0,0,0,0,1,0,0,0,0,0,0,0,0,0,0,0,0,0,0,0
ifubff,731,,7,0,0,0,0,0,0,1,1,1,0,0,1,1,0,0,0,1,1,0,0
mehmeh1363,730,,2,0,1,0,0,0,0,0,0,0,0,0,0,0,0,0,0,0,1,0,0
alaouite2,730,,1,0,0,0,0,0,0,0,0,0,0,0,0,0,0,0,1,0,0,0,0
MFiever,730,,1,0,0,0,0,0,0,0,0,0,0,0,0,1,0,0,0,0,0,0,0
chokobear1,729,,1,0,0,0,0,0,0,0,0,0,0,0,0,1,0,0,0,0,0,0,0
MarcosI25,729,,1,1,0,0,0,0,0,0,0,0,0,0,0,0,0,0,0,0,0,0,0
BarreraVMorales,729,,1,0,0,0,0,0,0,0,0,0,0,1,0,0,0,0,0,0,0,0,0
Atjo_,729,,1,0,0,0,0,0,0,0,0,0,0,0,0,0,0,0,0,0,0,1,0
313rina_,729,,1,0,0,0,0,0,0,0,0,0,1,0,0,0,0,0,0,0,0,0,0
misterr_senior,728,,1,0,0,0,0,0,0,0,1,0,0,0,0,0,0,0,0,0,0,0,0
joe_m26,728,,1,0,0,0,0,0,0,0,0,0,0,0,0,0,0,0,0,0,0,0,1
Aboalaiznordien,728,,1,0,0,0,0,0,0,0,0,0,0,0,0,0,0,0,0,0,0,1,0
hirashah25,727,,12,0,0,1,0,0,0,1,1,1,1,1,1,1,0,1,0,1,0,1,1
Ibrahim_961,727,,3,0,0,0,0,0,1,0,1,1,0,0,0,0,0,0,0,0,0,0,0
ROUZBEHZIAEI,726,,1,0,0,0,0,0,0,0,0,0,0,0,0,0,0,0,0,0,0,0,1
mohsen_academy,725,,1,0,0,0,0,0,0,0,0,1,0,0,0,0,0,0,0,0,0,0,0
alimlkiy,725,,2,0,0,0,0,0,0,0,0,0,0,0,0,0,0,0,0,0,0,1,1
LekometsaKarabo,725,,3,0,0,0,0,0,0,0,0,1,0,1,0,1,0,0,0,0,0,0,0
DanConst1234,725,,1,0,0,0,0,0,0,0,0,0,0,0,0,0,0,0,0,0,0,0,1
trevorbrisky,724,,1,0,0,0,0,0,0,0,0,0,0,0,0,0,0,0,0,0,0,0,1
palis24tine,724,,1,0,0,0,0,0,0,0,0,0,0,0,0,0,0,0,1,0,0,0,0
olroy13,724,,1,0,0,0,0,0,0,0,0,0,0,0,0,0,1,0,0,0,0,0,0
elydia351,724,,2,0,0,0,0,0,0,0,0,0,0,0,0,0,0,0,1,0,0,0,1
dkhtr32284,724,,1,0,0,0,0,0,0,0,0,0,0,1,0,0,0,0,0,0,0,0,0
SalekMahsa,724,,18,0,1,0,1,1,1,1,1,1,1,1,1,1,1,1,1,1,1,1,1
ShakirAnsari123,723,,1,0,0,0,0,0,0,0,0,0,1,0,0,0,0,0,0,0,0,0,0
DeclanK65470406,723,,5,0,0,0,0,0,1,0,0,0,0,0,0,1,1,0,1,0,1,0,0
zeeking63448798,722,,1,0,0,0,0,0,0,0,0,0,0,0,0,0,0,0,0,0,0,0,1
SiyasangaS33620,722,,1,0,0,0,0,0,0,0,0,1,0,0,0,0,0,0,0,0,0,0,0
AkramShadravan,722,,1,0,0,0,0,1,0,0,0,0,0,0,0,0,0,0,0,0,0,0,0
layiluz,721,,1,0,0,0,0,0,0,1,0,0,0,0,0,0,0,0,0,0,0,0,0
Nyicks_Wise,721,,1,0,0,0,0,0,0,0,0,0,1,0,0,0,0,0,0,0,0,0,0
sato_sakai,720,,2,1,0,0,0,0,0,0,0,0,0,1,0,0,0,0,0,0,0,0,0
HaticeBilecen1,720,,1,0,0,0,0,0,0,0,0,0,0,0,1,0,0,0,0,0,0,0,0
Goodlife55061M,720,,3,0,0,0,1,0,0,0,1,0,1,0,0,0,0,0,0,0,0,0,0
Faran_shiekhT,720,,1,0,0,0,0,0,0,0,0,0,0,0,0,0,0,0,0,0,1,0,0
Arsalanism,720,,1,0,0,0,0,0,0,0,0,0,0,0,0,0,0,0,0,1,0,0,0
sanjaytirdiya,719,,1,0,0,0,0,0,0,0,0,0,0,0,0,0,0,0,0,0,0,0,1
go__philippe,719,,1,0,0,0,0,0,0,0,0,0,0,0,0,1,0,0,0,0,0,0,0
arif3000,719,,1,0,0,0,0,1,0,0,0,0,0,0,0,0,0,0,0,0,0,0,0
abakioz,719,,1,0,0,0,0,0,0,1,0,0,0,0,0,0,0,0,0,0,0,0,0
ViewOfOurWorld,719,,4,0,0,0,0,1,1,0,1,0,0,0,0,0,0,0,0,1,0,0,0
Mohammad_tba,719,,2,0,0,0,0,0,0,0,0,0,1,1,0,0,0,0,0,0,0,0,0
IronSocialist,719,,1,0,0,0,0,0,0,0,1,0,0,0,0,0,0,0,0,0,0,0,0
6RiseAndShine,719,,1,0,0,0,0,0,1,0,0,0,0,0,0,0,0,0,0,0,0,0,0
Mehran_888,718,,1,0,0,0,0,0,0,0,0,0,0,0,0,0,0,0,0,0,1,0,0
MayaBhardwaj11,718,,1,0,0,0,0,0,0,0,0,1,0,0,0,0,0,0,0,0,0,0,0
KumbiWenyu,718,,1,0,0,0,0,0,0,0,0,0,1,0,0,0,0,0,0,0,0,0,0
HerbarsO,718,,1,0,0,0,0,0,0,0,0,0,1,0,0,0,0,0,0,0,0,0,0
AnthonyML1917,718,,5,1,0,0,0,1,1,0,0,0,1,0,0,0,0,0,1,0,0,0,0
Amolk007Dr,718,,4,1,0,0,0,0,1,1,0,0,0,0,0,0,0,0,1,0,0,0,0
orapomorapom,717,,1,0,0,0,0,0,0,0,0,0,0,0,0,0,1,0,0,0,0,0,0
gum_gashta,717,,10,0,0,0,0,0,1,0,0,1,1,1,1,1,0,0,1,1,1,0,1
MagTeerey,717,,9,0,0,1,0,0,1,1,0,1,0,1,0,0,0,1,1,1,1,0,0
JeremyTazilla,717,,1,0,0,0,0,0,0,0,0,0,0,0,0,0,0,0,1,0,0,0,0
Hjrdis32029357,717,,7,0,0,0,0,1,0,1,0,1,1,0,1,0,0,0,1,1,0,0,0
whirlbeyndTruth,716,,1,0,0,0,0,0,0,1,0,0,0,0,0,0,0,0,0,0,0,0,0
mim_dal_,716,,2,0,0,0,0,1,1,0,0,0,0,0,0,0,0,0,0,0,0,0,0
fotrose14,716,,5,0,0,0,0,0,0,0,0,0,1,1,1,0,0,0,1,0,1,0,0
colmirgo,716,,1,0,0,0,0,0,0,0,0,0,0,0,0,0,0,0,1,0,0,0,0
Salahkh723,716,,1,0,0,0,0,0,0,0,0,0,0,0,0,0,0,1,0,0,0,0,0
gies44001,715,,1,0,0,0,0,0,0,0,0,0,1,0,0,0,0,0,0,0,0,0,0
alirazahoon,715,,1,0,0,0,0,0,0,0,0,1,0,0,0,0,0,0,0,0,0,0,0
Siralexbaker87,715,,9,0,1,0,0,0,0,0,0,0,0,1,1,1,1,0,1,1,1,0,1
yukselis33,714,,1,0,0,0,0,0,0,0,0,0,0,0,0,0,0,0,1,0,0,0,0
pepemusk,714,,1,0,0,0,0,0,0,1,0,0,0,0,0,0,0,0,0,0,0,0,0
NickENubin,714,,1,0,0,0,0,0,0,0,1,0,0,0,0,0,0,0,0,0,0,0,0
Alnur_ir1,714,,1,0,0,0,0,0,0,0,0,0,0,0,0,0,1,0,0,0,0,0,0
AYPAKMUSLIM,714,,1,0,0,0,0,0,0,0,0,0,0,0,0,1,0,0,0,0,0,0,0
wwashiedc,713,,1,0,0,0,0,0,0,0,0,1,0,0,0,0,0,0,0,0,0,0,0
inthi047,713,,1,0,0,0,0,0,0,0,0,0,1,0,0,0,0,0,0,0,0,0,0
husain_564,713,,2,0,0,0,0,0,0,1,0,0,0,0,0,0,0,0,0,1,0,0,0
abdulwahidmalek,713,,1,0,0,0,0,0,0,0,0,0,0,0,0,0,0,0,0,0,0,0,1
SAJJADMALIK0207,713,,5,0,0,0,0,0,0,0,1,1,0,0,1,0,0,0,0,1,1,0,0
JayPaulKe,713,,16,1,0,1,1,1,1,0,1,1,1,1,1,1,1,0,1,1,1,0,1
5aifee,713,,1,0,0,0,0,0,0,0,0,0,1,0,0,0,0,0,0,0,0,0,0
rezaalal68,712,,1,0,0,0,0,0,1,0,0,0,0,0,0,0,0,0,0,0,0,0,0
navid_khoshnam,712,,1,0,0,0,0,0,0,0,0,0,0,0,0,0,0,0,0,0,1,0,0
Midnight_x83,711,,1,0,0,0,0,0,0,0,0,1,0,0,0,0,0,0,0,0,0,0,0
Arif74890482,711,,7,0,0,0,0,0,0,0,1,0,0,0,0,1,1,0,0,1,1,1,1
just_fau,710,,1,0,0,0,0,0,0,1,0,0,0,0,0,0,0,0,0,0,0,0,0
deluxe_cabs,710,,1,0,0,0,0,0,0,0,0,0,0,0,0,0,0,0,0,0,1,0,0
AbWaheed_JI,710,,1,0,0,0,0,0,0,0,0,0,0,0,0,0,0,0,0,0,1,0,0
exboy_masey,709,,2,0,0,0,0,0,0,0,0,0,0,0,0,0,0,0,1,1,0,0,0
AJIJOLA_12,709,,5,0,0,0,0,0,0,0,1,1,0,1,0,0,0,0,0,1,0,0,1
RifNazir21,708,,8,0,0,0,1,0,0,0,0,1,1,1,1,1,0,0,0,0,1,1,0
HydonRob,708,,7,0,1,1,1,0,0,1,1,1,0,0,0,0,0,0,0,0,0,0,1
hsein996,707,,1,0,0,0,0,0,0,0,0,0,0,0,0,0,0,1,0,0,0,0,0
CLH111354,706,,1,0,0,0,0,0,0,0,0,0,1,0,0,0,0,0,0,0,0,0,0
marcdav32453919,705,,4,0,1,0,0,0,0,0,0,0,0,0,0,0,0,0,1,1,1,0,0
anthonisopranos,705,,1,0,0,0,0,0,0,0,0,0,0,0,0,0,0,0,1,0,0,0,0
RuhiyaAl,705,,1,0,0,0,0,0,0,1,0,0,0,0,0,0,0,0,0,0,0,0,0
Nejludov,705,,1,0,0,0,0,0,0,0,0,0,0,0,0,0,0,0,0,0,1,0,0
NabiHAZRAT11333,704,,3,0,1,0,1,0,0,0,1,0,0,0,0,0,0,0,0,0,0,0,0
Lisette45920306,704,,1,0,0,0,0,0,1,0,0,0,0,0,0,0,0,0,0,0,0,0,0
AndyJay16634390,704,,1,0,0,0,0,0,0,0,0,0,0,0,0,0,0,0,0,1,0,0,0
Sadaf_Iqbal110,703,,1,1,0,0,0,0,0,0,0,0,0,0,0,0,0,0,0,0,0,0,0
Mim_Emadi,703,,2,0,0,0,0,0,0,0,0,1,0,0,0,0,0,0,0,0,1,0,0
KSKBLUES,703,,2,0,0,0,0,0,0,0,0,0,0,0,0,0,0,0,0,0,0,1,1
pamodulus,702,,5,0,0,0,0,0,0,0,1,1,0,0,0,1,0,0,1,1,0,0,0
betc0in,702,,1,0,0,0,0,0,1,0,0,0,0,0,0,0,0,0,0,0,0,0,0
TarinT86374,702,,1,0,0,0,0,1,0,0,0,0,0,0,0,0,0,0,0,0,0,0,0
hxmzxh_s,701,,1,0,0,0,0,0,0,0,0,0,1,0,0,0,0,0,0,0,0,0,0
UPAurora307,701,,1,1,0,0,0,0,0,0,0,0,0,0,0,0,0,0,0,0,0,0,0
Sarbaze_khak,701,,3,0,0,0,0,1,1,0,0,0,0,0,0,0,0,0,0,0,1,0,0
J_Miks,701,,1,0,0,0,0,0,0,0,0,0,0,0,0,0,0,0,0,0,0,1,0
ImSampey,701,,1,0,0,0,0,0,0,0,0,0,0,0,0,0,0,0,0,0,0,0,1
Haj_Rezvan333,701,,3,1,0,0,0,0,0,0,0,0,0,0,0,1,1,0,0,0,0,0,0
oroumnews,700,,2,0,0,0,0,0,0,0,0,0,0,0,0,0,0,0,1,0,1,0,0
Oga_toorich,700,,2,0,0,0,0,0,0,0,0,0,0,0,0,0,0,0,0,1,0,0,1
EconomicsBread,699,,1,0,0,0,0,0,0,0,0,0,0,0,0,0,0,0,0,0,0,0,1
ValipourMasood,698,,1,0,0,0,0,0,0,0,0,0,0,0,0,0,0,0,0,0,0,1,0
KNcreator,698,,1,0,0,0,0,0,0,0,0,0,0,0,0,0,0,0,0,0,0,0,1
DantonChidera,698,,1,0,0,0,0,0,0,0,0,0,0,0,0,0,0,0,0,0,0,0,1
CrazyKloppo,698,,2,0,0,0,0,0,0,0,0,1,0,0,0,0,0,0,0,0,0,0,1
iran_smaily,697,,1,0,0,0,0,0,0,0,0,0,0,0,0,0,0,0,0,1,0,0,0
waiswafrancis23,696,,3,0,0,0,0,0,0,0,1,0,1,0,0,0,0,0,1,0,0,0,0
Qautchat1,696,,1,0,0,0,0,0,0,0,0,0,0,0,0,1,0,0,0,0,0,0,0
PFontesse,696,,1,0,0,0,0,0,0,0,0,0,0,0,0,0,0,0,0,0,0,0,1
Murrtzz,696,,1,0,0,0,0,0,0,0,0,0,0,0,0,0,0,1,0,0,0,0,0
umarbahadurkhan,695,,1,1,0,0,0,0,0,0,0,0,0,0,0,0,0,0,0,0,0,0,0
MaestroMacky,695,,1,0,0,0,0,0,0,0,0,0,0,0,0,0,0,0,0,0,0,0,1
EmergentBeing,695,,1,0,0,0,0,0,0,0,0,0,0,0,0,0,0,0,0,1,0,0,0
reza_zarrinkouh,694,,4,0,0,0,0,0,1,1,0,1,0,0,0,1,0,0,0,0,0,0,0
TrickleTruth,694,,1,0,0,0,0,0,0,0,0,0,0,0,0,0,0,0,0,0,0,0,1
PaulDeathwish,694,,1,0,0,0,0,0,0,0,0,1,0,0,0,0,0,0,0,0,0,0,0
Nqayiya_01,694,,2,0,0,0,1,0,0,0,0,1,0,0,0,0,0,0,0,0,0,0,0
ThenIsaugh,693,,1,0,0,0,0,0,0,0,0,0,0,0,0,0,0,0,0,0,0,1,0
OyugiMarcus,693,,2,0,0,0,0,0,1,0,0,0,0,0,0,0,0,0,0,0,0,1,0
KevinDSamuel,693,,1,0,0,0,0,0,0,0,0,0,0,0,0,1,0,0,0,0,0,0,0
DroidAgent,693,,1,0,0,0,0,0,0,0,0,0,0,0,0,0,0,0,0,1,0,0,0
ApuntoHernandez,693,,1,0,0,0,0,0,0,0,0,0,0,0,0,0,0,0,0,1,0,0,0
shahkhan_2,692,,4,0,0,0,0,0,0,0,0,0,1,1,0,0,0,1,0,0,0,0,1
christoph4204,692,,2,0,0,0,0,0,1,0,0,0,0,0,0,0,0,0,0,1,0,0,0
_the_small_axe2,692,,1,0,0,0,0,0,0,0,1,0,0,0,0,0,0,0,0,0,0,0,0
RealWBTruth,692,,1,0,0,0,0,0,0,0,0,0,0,0,0,0,0,0,0,1,0,0,0
IranPress_eng,692,,1,0,0,0,0,0,0,0,0,1,0,0,0,0,0,0,0,0,0,0,0
FazilArzoo,692,,4,0,0,0,0,0,0,0,1,0,1,0,0,0,0,0,1,0,0,1,0
zedz145795,691,,1,0,0,0,0,0,0,0,0,0,0,0,0,0,0,0,0,0,0,0,1
sajadshia,691,,14,0,1,1,1,1,0,1,1,0,1,1,0,1,0,1,1,0,1,1,1
SoggyBiscuitBri,691,,3,0,0,0,0,0,0,0,1,0,0,0,0,0,0,0,0,1,1,0,0
MagicRowland1,691,,1,0,0,0,0,0,0,1,0,0,0,0,0,0,0,0,0,0,0,0,0
JLegalt,691,,6,0,0,0,0,0,0,1,0,0,1,0,0,0,0,0,1,1,1,1,0
JARopinions,691,,1,0,0,0,0,0,0,0,0,0,0,0,0,0,0,0,0,1,0,0,0
CagaoDesgraciao,691,,15,0,1,1,1,1,1,1,1,1,1,1,1,1,0,0,1,1,1,0,0
Zed_313_110,690,,4,1,0,1,0,0,0,0,0,0,1,0,0,0,0,0,0,1,0,0,0
Vaezivahid45,690,,1,0,0,0,0,0,0,0,0,0,0,0,1,0,0,0,0,0,0,0,0
MsNubianMermaid,690,,1,0,0,0,0,0,0,0,0,0,1,0,0,0,0,0,0,0,0,0,0
MemoonaJourn,690,,1,0,0,0,0,0,0,0,0,0,0,0,0,0,0,0,0,0,0,0,1
RealNews3362,689,,1,0,1,0,0,0,0,0,0,0,0,0,0,0,0,0,0,0,0,0,0
MaestrOM93,689,,2,0,0,0,0,0,0,0,0,0,0,0,0,0,0,1,0,1,0,0,0
KhairehMohammed,689,,3,0,0,0,0,0,1,0,0,1,0,0,0,0,0,0,0,1,0,0,0
AWBhutto,689,,1,0,0,0,0,0,0,0,0,0,0,1,0,0,0,0,0,0,0,0,0
robbyfadila,688,,1,0,0,0,0,0,0,0,0,0,0,0,0,0,0,0,0,1,0,0,0
ja_hoseinzadeh,688,,1,0,0,0,0,0,1,0,0,0,0,0,0,0,0,0,0,0,0,0,0
TheeeMissMolly,688,,1,0,0,0,0,0,0,0,0,1,0,0,0,0,0,0,0,0,0,0,0
SirMehdiB,688,,2,0,0,0,0,0,1,0,0,0,0,0,0,0,0,0,0,1,0,0,0
MAH458,688,,1,0,0,0,0,0,0,0,0,0,0,0,0,0,0,0,0,0,0,1,0
ovasili,687,,2,0,1,0,0,0,0,0,0,0,0,0,0,0,0,0,0,0,0,1,0
mtavakoliann,687,,1,0,0,0,0,0,0,0,0,0,0,0,0,0,0,0,0,1,0,0,0
AHabibi13573879,687,,1,0,1,0,0,0,0,0,0,0,0,0,0,0,0,0,0,0,0,0,0
jtabdulrahman,686,,2,0,0,0,0,1,1,0,0,0,0,0,0,0,0,0,0,0,0,0,0
Methodic19,686,,1,0,1,0,0,0,0,0,0,0,0,0,0,0,0,0,0,0,0,0,0
DrRahidul,686,,5,0,0,0,0,1,1,0,1,0,1,0,0,0,0,0,0,1,0,0,0
BellaHobbs7,686,,4,0,0,0,0,0,0,0,0,0,1,0,1,1,0,0,0,1,0,0,0
AJsaysOK,686,,1,0,0,0,0,0,0,0,0,0,0,0,0,0,0,0,1,0,0,0,0
zahidansar52070,685,,2,0,0,0,0,0,1,0,0,0,0,0,1,0,0,0,0,0,0,0,0
shahrokh1976,685,,1,0,0,0,0,0,0,0,0,0,0,0,0,0,0,0,0,0,0,0,1
lyhjazyyy,685,,1,0,0,0,0,0,0,0,0,0,0,0,0,0,0,1,0,0,0,0,0
edwinbazz,685,,1,0,0,0,0,0,0,0,0,0,0,0,0,1,0,0,0,0,0,0,0
Ban66259155,685,,1,0,0,0,0,0,0,0,0,0,0,0,0,1,0,0,0,0,0,0,0
AbbasFarhadiyan,685,,3,0,0,0,0,0,0,0,0,0,0,0,0,1,1,0,0,1,0,0,0
mehranmajlesi,684,,1,0,0,0,0,0,0,0,0,0,0,0,0,0,1,0,0,0,0,0,0
farhaanginwala,684,,13,1,1,1,1,1,1,1,1,1,1,1,0,1,1,0,0,0,0,0,0
aadilkhanjadoon,684,,4,0,0,0,0,0,0,0,0,1,0,0,0,0,0,0,1,1,1,0,0
DownwithIzrael,684,,1,0,0,0,0,0,0,0,0,0,0,0,0,0,0,0,0,0,1,0,0
zahrahralot1,683,,1,0,0,0,0,0,0,0,0,0,0,0,0,1,0,0,0,0,0,0,0
shaimaa810,683,,1,0,0,0,0,0,0,0,0,0,0,0,0,0,0,1,0,0,0,0,0
muhammed07242,683,,1,0,1,0,0,0,0,0,0,0,0,0,0,0,0,0,0,0,0,0,0
Arman_m_Yazdi,683,,1,0,0,0,0,0,0,0,0,0,0,0,0,0,0,0,0,0,0,0,1
MasterA79218660,682,,1,0,0,0,0,0,0,0,0,0,0,0,0,0,0,0,0,0,0,1,0
Caddie4jGuile,682,,1,0,0,0,0,0,0,0,0,0,0,0,0,0,0,0,1,0,0,0,0
lincey93,681,,6,0,0,0,0,0,0,1,1,1,0,1,1,1,0,0,0,0,0,0,0
iondc,681,,8,0,0,0,0,0,0,0,1,1,1,0,1,1,0,0,1,0,1,0,1
ThxCur,681,,4,1,1,1,0,0,0,0,1,0,0,0,0,0,0,0,0,0,0,0,0
Sibby128463621,681,,1,0,0,0,0,0,0,0,0,0,0,0,0,0,0,0,0,0,0,0,1
JillLaguillo,681,,2,0,0,0,0,0,0,0,0,0,0,0,0,0,0,0,0,1,0,0,1
A_m_meymand,681,,10,0,0,0,0,1,1,0,1,1,0,0,0,1,0,1,0,1,1,1,1
fredfc007,680,,12,0,1,0,0,1,1,0,1,1,1,0,1,1,0,0,1,1,1,0,1
baran13987,680,,9,0,1,0,0,1,0,0,1,1,0,1,1,1,1,0,0,0,0,1,0
shoomooz1950,679,,1,0,0,0,0,0,0,1,0,0,0,0,0,0,0,0,0,0,0,0,0
PierreY84568123,679,,2,0,0,0,0,0,0,0,0,0,0,0,1,1,0,0,0,0,0,0,0
Omwisuka,679,,3,0,0,0,0,1,0,0,0,0,0,0,0,0,0,0,0,1,0,0,1
KhinThi64921961,679,,1,0,0,0,0,0,0,1,0,0,0,0,0,0,0,0,0,0,0,0,0
Dad4life1,679,,3,0,0,0,0,0,0,0,0,1,1,0,0,0,0,0,0,0,1,0,0
AkbaryZhra,679,,2,0,0,0,0,0,0,0,0,0,0,1,0,0,0,0,0,0,1,0,0
0omeysamo0,679,,6,0,1,0,0,1,0,0,0,0,1,0,0,0,0,1,1,0,1,0,0
joanfarmer55,678,,1,0,0,0,0,0,0,0,0,0,0,0,0,0,0,0,0,1,0,0,0
horebaremamaci,678,,4,0,0,0,0,0,0,0,0,0,0,0,0,1,0,1,1,1,0,0,0
DoseffJohn,678,,5,0,0,0,0,0,0,0,0,0,1,0,1,0,0,1,0,1,0,1,0
upperdoabi,677,,1,0,0,0,0,0,0,0,0,0,0,0,0,0,0,0,0,0,0,0,1
rebrahimi,677,,2,0,0,0,1,0,0,0,0,0,0,0,0,0,0,0,0,0,1,0,0
Tweetychitchat,677,,1,0,0,0,0,0,0,0,0,0,0,0,0,0,0,0,0,0,0,0,1
AliMajusi,677,,2,0,0,0,0,0,1,0,0,1,0,0,0,0,0,0,0,0,0,0,0
Shahzad092,676,,5,0,0,0,1,0,0,0,1,0,0,0,1,0,0,0,1,0,0,0,1
Naveed_Talash19,676,,1,0,0,0,0,0,0,0,0,0,1,0,0,0,0,0,0,0,0,0,0
Mo_Haroon,676,,1,0,0,0,0,0,1,0,0,0,0,0,0,0,0,0,0,0,0,0,0
JonivdW,676,,1,0,0,0,0,0,0,1,0,0,0,0,0,0,0,0,0,0,0,0,0
shaer1370,675,,4,0,0,0,0,0,1,0,0,0,0,1,1,1,0,0,0,0,0,0,0
RealHania_,675,,1,0,0,0,0,0,0,0,1,0,0,0,0,0,0,0,0,0,0,0,0
Beezenletbeeze,675,,1,0,0,0,0,0,0,0,0,0,0,0,0,0,0,0,0,1,0,0,0
kamantorki_ir,674,,1,0,0,0,0,1,0,0,0,0,0,0,0,0,0,0,0,0,0,0,0
j_sharabyani,673,,2,0,0,0,0,0,0,0,0,0,0,0,0,0,0,0,0,0,1,0,1
galacticarex,673,,1,0,0,0,0,0,0,0,0,0,0,0,0,0,0,0,0,1,0,0,0
adajineth_sol,673,,11,0,1,1,0,0,1,1,1,1,1,1,1,1,0,0,0,0,1,0,0
Yvris_Nemesis01,673,,7,0,1,0,0,1,0,0,0,0,0,0,0,1,1,1,1,1,0,0,0
Shoki_Hayat,673,,1,0,0,0,0,0,0,0,0,0,0,0,0,1,0,0,0,0,0,0,0
R_eape_R,673,,2,0,0,0,0,1,0,0,0,1,0,0,0,0,0,0,0,0,0,0,0
lamanuzzicri,672,,1,0,0,0,0,0,1,0,0,0,0,0,0,0,0,0,0,0,0,0,0
NavrajGrewal12,672,,6,0,0,0,0,0,1,0,1,0,0,0,1,1,1,0,0,1,0,0,0
YeahCool_,671,,2,0,0,0,0,0,0,0,0,1,0,0,0,0,0,0,0,0,1,0,0
rashid4reall,670,,17,0,1,1,1,1,1,0,1,1,1,1,1,1,0,1,1,1,1,1,1
rachelzhaney,670,,1,0,0,0,0,0,0,0,0,0,0,0,0,1,0,0,0,0,0,0,0
kuwampole,670,,3,0,0,0,0,0,0,0,0,0,0,0,0,1,0,0,1,0,0,0,1
_vinnic,670,,2,0,0,0,0,0,0,0,1,1,0,0,0,0,0,0,0,0,0,0,0
MaahirAdhan,670,,11,0,0,1,0,0,1,1,0,1,1,0,1,1,0,1,1,1,1,0,0
CameliaCiuca,670,,2,0,0,0,0,0,0,0,0,0,0,0,1,1,0,0,0,0,0,0,0
marghoghnos,669,,3,0,0,0,0,0,0,0,0,0,0,1,0,0,0,0,0,1,1,0,0
Von_Wilhelm,669,,1,0,0,0,0,0,0,0,0,0,0,1,0,0,0,0,0,0,0,0,0
PerfectGuyUg,669,,1,0,0,0,0,0,0,0,0,1,0,0,0,0,0,0,0,0,0,0,0
NAfkhmy88233,669,,1,0,0,0,0,0,0,0,0,0,0,0,0,0,0,0,0,1,0,0,0
Mahdi_GMG,669,,1,0,0,0,1,0,0,0,0,0,0,0,0,0,0,0,0,0,0,0,0
LykinsGerry,669,,1,0,0,0,0,0,0,0,0,0,0,0,0,0,0,0,0,0,0,0,1
Erfan552059361,669,,1,1,0,0,0,0,0,0,0,0,0,0,0,0,0,0,0,0,0,0,0
noughtorcross,668,,1,0,0,0,0,0,0,0,0,0,0,0,0,1,0,0,0,0,0,0,0
djebudes,668,,2,0,0,0,0,0,0,1,0,0,0,0,0,0,0,0,0,1,0,0,0
SSgry20516,667,,1,0,0,0,0,0,0,0,0,0,0,0,0,1,0,0,0,0,0,0,0
SJHodler,667,,4,0,0,1,0,0,1,1,0,0,1,0,0,0,0,0,0,0,0,0,0
JerryExtacy,667,,3,0,0,0,0,0,0,0,0,0,0,0,0,0,0,0,0,1,1,0,1
mickeyode,666,,1,0,0,0,0,0,0,0,0,0,1,0,0,0,0,0,0,0,0,0,0
iammali252,666,,1,0,1,0,0,0,0,0,0,0,0,0,0,0,0,0,0,0,0,0,0
bagaha7916,666,,3,0,0,0,0,0,0,0,0,0,0,0,0,1,0,0,0,1,1,0,0
Im_DaPlan,666,,2,0,0,0,0,0,0,0,0,1,1,0,0,0,0,0,0,0,0,0,0
IhsanNaseer,666,,11,0,0,0,0,0,0,0,0,1,1,1,1,1,0,1,1,1,1,1,1
starr96602,665,,1,1,0,0,0,0,0,0,0,0,0,0,0,0,0,0,0,0,0,0,0
rk818697,665,,1,0,0,0,0,0,0,0,0,0,0,0,0,0,0,0,0,0,1,0,0
khannn555,665,,5,1,1,0,0,0,1,0,0,0,0,0,0,0,0,0,0,1,0,0,1
jucheposting,665,,3,0,0,1,0,0,0,0,0,0,0,0,0,1,0,0,0,0,0,0,1
JohnJoh38147570,665,,3,0,0,0,0,0,1,0,0,0,1,0,0,1,0,0,0,0,0,0,0
amirandarziyan,664,,1,0,0,0,0,1,0,0,0,0,0,0,0,0,0,0,0,0,0,0,0
MarhabaRamsey,664,,3,0,0,0,0,0,1,1,0,0,0,0,0,0,0,0,0,1,0,0,0
ChAliHusnain13,664,,4,0,0,0,0,0,0,0,0,1,0,1,0,1,0,0,0,0,0,0,1
0frt__,664,,1,0,0,0,0,0,0,1,0,0,0,0,0,0,0,0,0,0,0,0,0
bidani_bechir,663,,1,1,0,0,0,0,0,0,0,0,0,0,0,0,0,0,0,0,0,0,0
Darkcloudsloom,663,,1,0,0,0,0,0,0,0,0,0,0,0,0,0,0,0,0,1,0,0,0
51Valmir51,663,,4,0,0,0,0,0,0,0,0,1,1,0,1,1,0,0,0,0,0,0,0
sherivandenburg,662,,4,0,0,0,0,0,1,0,0,0,0,0,1,1,1,0,0,0,0,0,0
giro16669719,662,,3,0,0,0,0,0,1,0,0,0,0,0,0,0,0,0,0,1,0,0,1
anilsinghpnb,662,,1,0,0,0,0,0,1,0,0,0,0,0,0,0,0,0,0,0,0,0,0
slimane_dridi,661,,1,0,0,0,0,0,0,0,0,0,0,0,0,0,0,0,0,0,0,0,1
ippatsu_sendai,661,,6,1,1,0,0,1,0,0,1,0,0,0,0,0,0,0,0,0,0,1,1
IranInReality,661,,1,0,0,0,0,0,0,0,0,0,0,0,0,0,0,0,0,0,0,0,1
juanmisana,660,,1,0,0,0,0,0,0,1,0,0,0,0,0,0,0,0,0,0,0,0,0
anne_justanne1,660,,3,0,0,0,0,0,1,1,0,0,1,0,0,0,0,0,0,0,0,0,0
MaggieMae326,660,,1,0,0,0,0,0,0,0,0,1,0,0,0,0,0,0,0,0,0,0,0
am_bryans,659,,1,0,0,0,0,0,0,0,0,0,0,0,0,0,0,0,0,0,1,0,0
adekzy,659,,1,0,0,0,0,0,0,0,0,0,0,0,0,1,0,0,0,0,0,0,0
Shanu5393,659,,1,1,0,0,0,0,0,0,0,0,0,0,0,0,0,0,0,0,0,0,0
SarcasticQuark,659,,11,0,0,0,0,0,0,1,1,1,1,1,0,1,1,0,0,1,1,1,1
kilegeahmed,658,,1,0,0,0,0,0,0,0,0,0,0,1,0,0,0,0,0,0,0,0,0
Amid_1030,658,,1,0,0,0,0,0,1,0,0,0,0,0,0,0,0,0,0,0,0,0,0
waqar_1056,657,,10,0,1,1,0,0,0,0,1,1,0,1,1,0,0,1,0,1,1,0,1
mikovlev130,657,,1,0,0,0,0,0,0,0,0,0,0,0,0,0,0,0,0,0,1,0,0
khobb_y2,657,,2,0,0,0,0,0,0,0,0,0,1,0,1,0,0,0,0,0,0,0,0
jpqz50,656,,1,0,0,0,0,0,0,1,0,0,0,0,0,0,0,0,0,0,0,0,0
acropgtc,656,,1,0,1,0,0,0,0,0,0,0,0,0,0,0,0,0,0,0,0,0,0
SandyMoly,656,,1,0,0,0,0,0,0,0,0,0,0,0,0,1,0,0,0,0,0,0,0
Ok_Tania,656,,1,0,0,0,0,0,0,0,0,0,0,0,0,0,0,0,0,1,0,0,0
AndrewD52503372,656,,2,0,0,0,0,0,1,0,0,0,0,0,0,0,0,0,0,1,0,0,0
Alwaysbrokefore,656,,1,0,0,0,0,0,0,0,0,0,1,0,0,0,0,0,0,0,0,0,0
namgauds,655,,1,0,0,0,0,0,1,0,0,0,0,0,0,0,0,0,0,0,0,0,0
mariempalmer,655,,6,1,0,0,0,1,0,0,0,1,1,1,0,0,0,0,0,0,0,0,1
kenmiricho,655,,1,0,0,0,0,0,0,0,0,1,0,0,0,0,0,0,0,0,0,0,0
ZMnsh49223,655,,1,0,0,0,0,0,0,0,0,0,0,0,0,0,0,0,0,1,0,0,0
MhnazMrt8b127,655,,2,0,0,0,0,0,0,0,1,0,0,0,0,1,0,0,0,0,0,0,0
kunlexco001,654,,1,0,0,0,0,0,0,0,0,0,0,0,0,0,0,0,1,0,0,0,0
ftm_sdt_,654,,2,0,0,0,0,0,0,0,0,0,0,0,0,1,0,0,0,0,1,0,0
riya72083,653,,1,0,0,0,0,0,0,0,0,0,0,1,0,0,0,0,0,0,0,0,0
TPourseif,653,,1,0,0,0,0,0,0,0,0,0,0,0,0,1,0,0,0,0,0,0,0
hamed_ganj,652,,14,0,0,1,1,0,1,1,1,1,1,0,1,1,1,1,0,1,1,1,0
YAHYASINVARSARI,651,,2,0,0,0,0,0,0,0,0,0,0,0,0,0,0,0,0,1,0,0,1
Onedaya96472635,651,,5,0,0,0,0,0,0,0,0,0,0,1,0,0,0,0,1,0,1,1,1
MiceChief,651,,1,1,0,0,0,0,0,0,0,0,0,0,0,0,0,0,0,0,0,0,0
ChauvelMichele,651,,1,0,0,0,0,0,0,0,0,0,0,0,0,1,0,0,0,0,0,0,0
ALiAsgar998,651,,18,0,1,1,1,1,1,1,1,1,1,1,1,1,1,1,1,1,1,1,0
tamerajavempala,650,,2,0,0,0,0,0,0,0,0,0,0,0,0,1,0,0,0,1,0,0,0
ashrafh17,650,,3,0,0,0,0,0,1,0,0,1,1,0,0,0,0,0,0,0,0,0,0
Joneidimr,650,,1,0,0,0,0,0,0,0,0,0,0,0,0,0,0,0,0,0,0,1,0
JoannaSays,650,,1,0,0,0,0,0,0,0,0,0,1,0,0,0,0,0,0,0,0,0,0
Cassy090909,650,,4,0,0,0,0,0,0,1,0,1,0,0,0,0,0,0,1,1,0,0,0
sar_b_az,649,,1,0,0,0,0,0,1,0,0,0,0,0,0,0,0,0,0,0,0,0,0
duriansneedluv2,649,,3,0,1,0,0,0,0,0,0,0,0,0,1,0,0,0,0,0,0,0,1
NumbGroyper,649,,1,0,0,0,0,0,0,0,0,0,0,0,0,0,0,0,0,1,0,0,0
rynh288966,648,,3,0,0,0,0,0,0,0,0,0,1,1,0,0,0,0,1,0,0,0,0
mo_hooshmand,648,,5,1,0,0,0,1,0,0,0,0,0,0,1,1,1,0,0,0,0,0,0
TahirHussa99869,648,,4,0,0,0,0,1,1,1,0,0,0,0,0,0,0,0,0,0,1,0,0
Anthony76243021,648,,1,0,0,0,0,0,0,0,0,0,0,0,0,0,0,0,0,0,0,0,1
stahakazmi,647,,12,0,0,0,1,1,1,1,1,1,1,1,1,0,0,0,0,1,0,1,1
giant_birds,647,,1,0,0,0,0,0,0,0,0,0,0,0,0,0,0,0,0,0,0,1,0
chenabism,647,,1,0,0,1,0,0,0,0,0,0,0,0,0,0,0,0,0,0,0,0,0
RSwfyany,647,,4,0,0,0,0,0,1,0,0,0,1,1,1,0,0,0,0,0,0,0,0
MirAmarTalpur27,647,,3,0,0,0,0,0,0,0,0,1,0,0,0,0,0,0,0,0,0,1,1
researchtwitbo1,646,,1,0,0,0,0,0,0,0,0,0,0,0,0,0,0,0,0,0,0,0,1
Sekhmet100,646,,5,0,0,0,0,0,1,0,0,0,0,0,0,1,1,0,1,0,0,0,1
Saifkho16695177,646,,8,1,0,0,0,0,0,0,0,0,1,1,1,1,0,1,1,1,0,0,0
Mousacisse1,646,,3,0,0,0,0,0,1,1,0,0,1,0,0,0,0,0,0,0,0,0,0
Mehdi92984227,646,,1,0,0,0,0,0,0,0,0,0,0,0,0,0,0,0,0,0,0,0,1
wazriaq,645,,9,0,0,1,0,0,0,1,1,1,1,1,0,1,0,1,0,0,0,0,1
syssy39,645,,7,1,0,0,0,0,0,1,1,1,1,0,0,0,0,0,0,1,0,1,0
nPNJSKTGpZUlfx0,645,,1,0,0,0,0,0,0,0,0,0,0,0,0,0,0,0,1,0,0,0,0
Inert99,645,,2,0,0,0,1,0,0,0,0,0,0,0,1,0,0,0,0,0,0,0,0
AsifJanDogarISF,645,,2,0,0,0,0,0,0,0,1,0,0,0,0,1,0,0,0,0,0,0,0
noonu_online,644,,1,0,0,1,0,0,0,0,0,0,0,0,0,0,0,0,0,0,0,0,0
maaz1898,644,,3,0,0,0,0,0,1,1,0,1,0,0,0,0,0,0,0,0,0,0,0
ina_stoltz,644,,2,1,0,0,0,0,0,0,1,0,0,0,0,0,0,0,0,0,0,0,0
fntzyw1,644,,1,0,0,0,0,0,0,0,0,0,0,0,0,0,0,0,0,0,1,0,0
elekjappa,644,,4,0,0,0,0,1,1,0,0,0,0,0,0,1,1,0,0,0,0,0,0
MajdB3albik,644,,1,0,0,0,0,0,0,0,0,0,0,0,0,0,0,0,0,1,0,0,0
BigTunesLive101,644,,8,1,0,0,0,1,1,0,1,1,1,0,1,0,0,1,0,0,0,0,0
AlferiousPutin,644,,10,0,1,0,0,0,1,1,0,1,1,1,1,1,1,0,0,1,0,0,0
kaisteve3,643,,1,0,0,0,0,0,0,0,0,0,0,0,0,1,0,0,0,0,0,0,0
imamgardezi,643,,1,0,0,0,0,0,0,0,0,0,0,0,0,1,0,0,0,0,0,0,0
goldie94815448,643,,7,0,0,0,0,0,0,0,0,1,1,1,1,1,0,0,0,1,0,0,1
ShaikhM54535165,643,,7,0,1,1,0,0,0,0,0,0,1,1,1,0,0,0,1,0,0,0,1
RulaBintRashed,643,,2,0,0,0,0,0,0,0,0,0,0,0,0,0,0,0,0,1,0,0,1
mckay46847,642,,11,0,0,1,1,1,1,0,1,1,1,1,0,1,1,0,0,0,0,0,1
TravzzzWorld,642,,1,0,0,0,0,0,0,0,0,0,0,0,0,0,0,0,0,0,0,0,1
NeonHustleuit,642,,5,0,0,0,0,1,1,0,1,1,1,0,0,0,0,0,0,0,0,0,0
Anaraki_,642,,1,0,0,0,0,0,0,0,0,0,0,0,0,0,0,0,0,0,1,0,0
hoseinizadeh2,641,,6,0,1,0,0,0,0,0,0,0,0,1,1,0,0,0,1,1,1,0,0
VTorroglosa,641,,1,0,0,0,0,0,0,0,0,0,0,0,0,0,0,0,0,1,0,0,0
HomieCharlie,641,,3,0,0,0,0,0,0,0,1,1,0,0,0,0,0,0,0,0,0,0,1
harville_manuel,640,,1,0,0,0,0,0,0,0,0,0,0,0,0,0,0,0,0,0,0,1,0
cma_1973,640,,1,0,0,0,0,0,0,0,0,0,0,0,0,0,0,1,0,0,0,0,0
MoAhmadYahaya,640,,5,0,0,0,0,0,0,0,1,0,1,1,1,1,0,0,0,0,0,0,0
yaoshanhou,639,,1,0,0,1,0,0,0,0,0,0,0,0,0,0,0,0,0,0,0,0,0
mghtymth1,639,,3,0,0,0,0,0,1,0,0,0,1,0,0,0,0,0,0,0,0,0,1
fs_1994may,639,,1,0,0,0,0,1,0,0,0,0,0,0,0,0,0,0,0,0,0,0,0
Natoboss47,639,,4,1,0,0,0,0,0,0,1,0,0,0,1,0,0,0,0,1,0,0,0
ClaudiaC4r6,639,,1,0,0,0,0,0,0,0,0,0,0,0,0,0,0,0,0,1,0,0,0
pluto__hndrx,638,,2,0,0,0,0,0,0,0,0,1,1,0,0,0,0,0,0,0,0,0,0
Rocky295562,638,,1,0,0,0,0,0,0,0,0,0,0,0,0,0,0,0,0,0,0,1,0
MaryamMehr68,638,,2,1,0,0,0,0,0,0,0,0,0,1,0,0,0,0,0,0,0,0,0
mshraAl,637,,8,0,0,0,0,0,1,1,0,1,0,1,1,1,0,0,0,0,0,1,1
Thegoathpm,637,,8,0,0,0,0,1,0,0,1,0,1,0,1,1,0,1,0,1,0,1,0
Shima4Ali,637,,11,0,0,0,0,0,1,1,1,1,1,1,1,0,0,0,1,1,1,0,1
AlainPicon93,637,,1,0,0,0,0,0,1,0,0,0,0,0,0,0,0,0,0,0,0,0,0
AhmedI9x,637,,1,0,0,0,0,0,0,0,0,0,0,0,0,0,0,1,0,0,0,0,0
memin_gne2,636,,1,0,0,0,0,0,0,0,0,0,0,0,1,0,0,0,0,0,0,0,0
chipsandgist,636,,1,0,0,0,0,0,1,0,0,0,0,0,0,0,0,0,0,0,0,0,0
_TMFINR,636,,2,0,0,0,0,0,0,0,0,1,0,0,0,0,0,0,0,1,0,0,0
YoPalaz,636,,1,0,0,0,0,0,0,0,0,0,0,0,0,0,0,1,0,0,0,0,0
Yaremehrabann,636,,1,0,0,0,0,0,0,0,0,0,0,0,0,1,0,0,0,0,0,0,0
Iamaslam1969,636,,2,0,1,0,0,0,1,0,0,0,0,0,0,0,0,0,0,0,0,0,0
BestCoastEmpire,636,,5,0,0,0,0,0,0,0,0,0,1,0,0,0,0,0,1,1,1,1,0
AgentScorpion1,636,,1,0,0,0,0,0,0,0,0,0,0,0,0,0,0,0,0,1,0,0,0
xunaed,635,,1,0,0,0,0,0,0,0,0,0,0,0,0,0,0,0,0,0,0,0,1
tuheen17,635,,4,0,0,0,0,0,1,0,1,1,1,0,0,0,0,0,0,0,0,0,0
mujibzia1990,635,,2,0,0,0,0,0,1,0,0,0,0,0,0,0,1,0,0,0,0,0,0
iamboingist,635,,3,0,0,1,0,0,0,0,0,0,1,0,0,1,0,0,0,0,0,0,0
capetanakis1,635,,2,0,0,0,0,0,0,0,0,0,0,0,0,0,0,0,1,0,0,0,1
beembooss,635,,2,0,0,0,0,0,1,0,0,0,1,0,0,0,0,0,0,0,0,0,0
EleonoraLeona,635,,3,0,0,0,0,1,1,1,0,0,0,0,0,0,0,0,0,0,0,0,0
Andreas65920876,635,,1,0,0,0,0,0,0,0,0,0,0,0,0,0,0,0,0,1,0,0,0
yhn5dvysfzdx3lm,634,,1,0,0,0,0,1,0,0,0,0,0,0,0,0,0,0,0,0,0,0,0
ofolaju98887,634,,2,0,0,0,0,0,0,1,0,0,0,0,0,1,0,0,0,0,0,0,0
hamedshamspour,634,,1,0,0,0,0,0,0,0,0,0,0,0,0,1,0,0,0,0,0,0,0
earlyseed1,634,,1,0,0,0,0,0,0,0,0,0,0,0,0,0,0,0,0,0,0,0,1
WhisperRan57754,634,,1,0,0,0,0,0,0,0,0,1,0,0,0,0,0,0,0,0,0,0,0
sm_eft,633,,1,0,0,0,0,0,0,0,0,0,0,0,0,0,0,0,0,0,1,0,0
LockheedKepler,633,,5,0,1,0,0,0,0,0,0,0,1,1,1,0,0,0,0,1,0,0,0
Jahidsd77,633,,1,0,0,0,0,0,0,1,0,0,0,0,0,0,0,0,0,0,0,0,0
AliZaarei,633,,5,1,0,0,1,0,0,0,0,0,0,0,0,0,0,0,0,0,1,1,1
k_sig__,632,,9,0,1,1,1,1,1,1,1,0,0,0,0,1,0,0,1,0,0,0,0
Narges_1991_M,632,,3,0,0,0,0,0,0,1,0,0,0,0,1,1,0,0,0,0,0,0,0
Mohsen_Jandaghi,632,,1,0,0,0,0,0,0,0,0,0,1,0,0,0,0,0,0,0,0,0,0
Foggy_Winders,632,,1,0,0,0,0,0,0,0,0,0,1,0,0,0,0,0,0,0,0,0,0
DiBarta62261,632,,6,0,0,0,0,0,0,0,0,1,0,1,0,0,0,1,0,1,1,0,1
safiullahsahel9,631,,2,0,0,0,0,1,0,0,0,0,0,0,0,0,0,0,0,0,0,0,1
lazaman77,631,,1,0,0,0,0,0,0,0,0,0,0,0,0,0,0,0,0,0,0,0,1
oveyzs,630,,2,1,0,0,0,0,0,0,0,0,0,0,0,0,0,0,0,0,0,0,1
eliborebark,630,,1,0,0,0,0,0,0,0,0,0,1,0,0,0,0,0,0,0,0,0,0
atiyekhanooom,630,,1,0,0,0,0,0,0,1,0,0,0,0,0,0,0,0,0,0,0,0,0
Ehsan54706719,630,,5,0,1,0,0,0,0,0,0,0,0,0,0,1,0,0,1,1,1,0,0
DavidRotous,630,,1,0,0,0,0,0,0,0,0,0,0,0,0,0,0,0,0,0,0,1,0
magicbus70,629,,1,0,0,0,0,0,0,0,0,0,0,0,0,0,0,0,0,0,0,0,1
bfhddjfkdkxndb,629,,4,0,0,0,0,1,0,0,1,0,0,0,0,0,0,0,0,0,0,1,1
MrVeritas,629,,3,0,1,0,1,0,1,0,0,0,0,0,0,0,0,0,0,0,0,0,0
Mat_AN_84,629,,1,0,0,0,0,0,0,0,0,0,0,0,0,1,0,0,0,0,0,0,0
BharatAlphaint,629,,1,0,0,0,0,0,0,0,0,0,0,0,0,0,0,0,0,0,0,1,0
AliSubul15119,629,,1,0,0,0,0,0,0,0,0,0,0,0,0,0,1,0,0,0,0,0,0
duhdubduhduh,628,,13,0,1,1,1,1,1,1,1,1,1,1,1,1,0,0,0,0,0,0,1
2903DOT02_50,628,,2,0,0,0,0,0,0,0,0,1,0,0,0,0,0,0,0,1,0,0,0
phptest1,627,,1,0,0,0,0,0,0,0,0,0,0,0,0,0,0,0,0,0,1,0,0
cryptobaz777,627,,2,0,0,0,0,0,0,0,0,0,0,1,0,0,0,0,1,0,0,0,0
__caac__,627,,2,0,0,0,0,1,1,0,0,0,0,0,0,0,0,0,0,0,0,0,0
KRS_313,627,,1,0,0,0,0,0,0,0,0,0,0,0,0,0,0,0,0,0,0,0,1
Liza2Bay,626,,6,0,0,0,0,0,1,0,0,1,1,0,0,0,0,1,1,1,0,0,0
Diogenease,626,,1,0,0,0,0,0,0,0,0,0,0,0,0,0,0,0,0,0,0,0,1
fringe_canuk,625,,1,0,0,0,0,0,0,0,0,0,0,0,0,0,0,0,0,0,0,1,0
Nasleno1Nasleno,625,,2,0,0,0,1,0,0,0,0,1,0,0,0,0,0,0,0,0,0,0,0
alottofun,624,,5,0,0,0,0,0,0,0,0,0,1,0,1,0,0,1,0,0,1,0,1
almfrgiazan,624,,5,0,0,0,0,0,0,1,0,0,0,1,1,1,0,1,0,0,0,0,0
Mario007Afg,624,,1,0,0,0,0,0,0,0,0,0,0,0,1,0,0,0,0,0,0,0,0
imamibnbaz,623,,11,0,1,0,0,0,1,1,1,0,1,1,1,1,0,0,1,0,0,1,1
Norb7Ert,623,,3,0,0,0,0,1,0,0,0,1,1,0,0,0,0,0,0,0,0,0,0
MiguelRicci,623,,1,0,0,0,0,0,1,0,0,0,0,0,0,0,0,0,0,0,0,0,0
MARS309,623,,5,0,0,1,0,0,0,1,0,1,0,0,0,1,0,0,0,0,0,0,1
Fatimabanoo2024,623,,1,0,0,0,0,0,0,0,0,0,0,0,0,0,0,0,0,0,0,0,1
harakoozo,622,,4,0,0,0,0,0,0,0,0,0,0,0,0,1,1,0,0,1,1,0,0
eb_foroughi,622,,1,0,0,0,0,0,0,1,0,0,0,0,0,0,0,0,0,0,0,0,0
ali_sh_ae,622,,1,0,1,0,0,0,0,0,0,0,0,0,0,0,0,0,0,0,0,0,0
nilofarane56,621,,1,0,0,0,0,1,0,0,0,0,0,0,0,0,0,0,0,0,0,0,0
mr_nehemiah,621,,2,0,0,0,0,0,0,0,0,0,1,0,0,0,0,0,0,0,0,0,1
ZarinHossain0,621,,1,0,0,0,0,0,0,0,0,0,0,0,0,0,0,0,0,0,0,1,0
GeorgeLykissas,621,,3,0,0,0,0,0,1,0,0,0,1,0,0,1,0,0,0,0,0,0,0
varo_suleman,620,,6,0,1,0,0,0,1,0,1,1,1,0,0,0,0,0,0,1,0,0,0
BdalmlkM77522,620,,2,0,0,0,0,0,0,0,0,0,0,0,1,1,0,0,0,0,0,0,0
Alphapakistan14,620,,2,0,0,0,0,0,0,0,0,0,0,0,0,0,0,0,0,0,1,0,1
Ahadj7,620,,2,0,0,0,0,0,0,0,0,0,0,1,0,0,0,0,0,0,0,0,1
faba7293,619,,2,0,0,0,0,0,0,0,0,0,0,0,0,0,0,0,1,0,0,1,0
dolapomabinuori,619,,1,0,0,0,0,0,0,0,0,1,0,0,0,0,0,0,0,0,0,0,0
denismichel56,619,,2,0,0,0,0,1,0,0,0,0,0,0,0,0,0,0,0,0,1,0,0
cardiceeee,619,,2,0,0,0,0,0,1,0,0,0,0,0,0,0,0,0,0,1,0,0,0
PatrioticAdams,619,,1,0,0,0,0,0,1,0,0,0,0,0,0,0,0,0,0,0,0,0,0
Bra_Kondo,619,,1,1,0,0,0,0,0,0,0,0,0,0,0,0,0,0,0,0,0,0,0
Alisaeedhassan,619,,1,0,0,0,0,0,0,0,0,1,0,0,0,0,0,0,0,0,0,0,0
lihgton,618,,1,0,0,0,0,0,0,0,0,0,0,1,0,0,0,0,0,0,0,0,0
amzad2010,618,,9,0,1,0,0,0,0,0,0,0,1,1,1,1,0,0,1,1,1,1,0
alpziba_1585,618,,2,0,1,0,0,0,0,0,0,0,0,0,0,1,0,0,0,0,0,0,0
YoussefSMO,618,,2,0,0,0,0,0,1,0,0,0,0,0,0,0,0,0,0,0,1,0,0
Teddy110208451,618,,2,0,0,0,0,0,0,0,0,1,0,0,0,0,0,0,0,0,0,0,1
Irimfa_Eco,618,,2,0,0,0,0,0,0,0,0,0,0,0,0,0,0,0,0,1,0,0,1
MehrAfarinMoheb,617,,2,0,0,0,0,0,0,1,0,0,0,0,0,1,0,0,0,0,0,0,0
Franka1357,617,,3,0,0,0,0,0,0,0,0,0,0,0,0,1,1,0,0,1,0,0,0
DefendXJustice,617,,5,0,0,0,0,1,0,0,0,0,0,0,0,1,0,0,1,0,1,0,1
AgaAbid,617,,1,0,0,0,0,0,0,0,0,0,0,0,0,0,0,0,0,0,1,0,0
shahkarami_mosi,616,,1,0,0,0,0,0,0,0,1,0,0,0,0,0,0,0,0,0,0,0,0
peacemaker_ab,616,,3,0,0,0,0,0,0,0,1,0,0,0,0,0,0,0,1,0,0,0,1
khanun220504,616,,6,0,0,0,0,0,0,1,1,0,0,1,1,1,0,0,0,1,0,0,0
VoiceForPpl,616,,2,1,0,0,0,1,0,0,0,0,0,0,0,0,0,0,0,0,0,0,0
AmirDaherZeid,616,,2,0,0,0,0,0,1,0,0,0,0,0,0,0,0,0,0,0,0,1,0
wallfukinflower,615,,1,0,1,0,0,0,0,0,0,0,0,0,0,0,0,0,0,0,0,0,0
mag87vn,615,,2,0,0,0,0,0,1,0,0,0,0,0,0,1,0,0,0,0,0,0,0
hoseyn_ra,615,,2,0,0,0,0,1,0,1,0,0,0,0,0,0,0,0,0,0,0,0,0
fdupw,615,,1,0,0,0,0,1,0,0,0,0,0,0,0,0,0,0,0,0,0,0,0
el_camay,615,,1,0,0,0,0,0,0,0,0,0,0,0,0,0,0,0,0,0,0,1,0
TajerniaAmir,615,,1,0,0,0,0,0,0,1,0,0,0,0,0,0,0,0,0,0,0,0,0
MOduwaye,615,,2,0,1,0,0,0,0,0,0,0,0,0,0,0,0,0,0,0,0,0,1
rohanroyd,614,,7,0,0,0,0,0,1,0,0,0,1,1,0,1,1,0,0,0,1,0,1
SilviaReyesG2,614,,4,1,0,0,0,0,0,0,0,0,0,1,1,0,0,0,0,0,0,0,1
Hum_Imran_Khan,614,,1,0,0,0,0,0,0,0,0,0,0,0,0,0,0,0,0,0,0,0,1
BenShaykh,614,,1,0,0,1,0,0,0,0,0,0,0,0,0,0,0,0,0,0,0,0,0
Amirlashgariie,614,,2,0,0,0,0,1,1,0,0,0,0,0,0,0,0,0,0,0,0,0,0
MedicalScitech,613,,1,0,0,0,0,0,0,0,0,0,0,0,0,0,0,0,0,1,0,0,0
naabi_said,612,,12,0,0,1,1,0,1,0,0,1,1,1,1,1,0,1,1,0,0,1,1
hamid_nikou,612,,3,0,0,0,0,0,0,0,1,0,0,0,0,1,1,0,0,0,0,0,0
cornell_la65895,612,,4,0,0,0,0,1,0,0,1,1,0,0,0,0,0,0,0,0,0,1,0
badbit_0,612,,1,0,0,0,0,0,0,0,0,0,1,0,0,0,0,0,0,0,0,0,0
abs_mh1963,612,,1,0,0,0,0,0,0,0,0,0,0,0,0,0,0,0,0,0,0,0,1
Suvarnaradha,612,,1,0,0,0,0,0,0,0,0,1,0,0,0,0,0,0,0,0,0,0,0
Ingabir72782091,612,,1,0,0,0,0,0,0,0,0,0,1,0,0,0,0,0,0,0,0,0,0
BattlerUshiro67,612,,1,0,0,0,0,0,0,0,0,1,0,0,0,0,0,0,0,0,0,0,0
TheodoreRichman,611,,1,0,0,0,0,0,0,0,0,1,0,0,0,0,0,0,0,0,0,0,0
OpangoJnr,611,,1,0,0,0,0,0,0,0,0,0,1,0,0,0,0,0,0,0,0,0,0
Mzr_islem,611,,1,0,0,0,0,0,0,0,0,0,0,0,0,0,0,0,0,1,0,0,0
ISalmanLifeline,611,,2,0,0,0,0,0,0,0,0,0,0,0,0,0,0,1,0,0,0,0,1
FatemehSepideh,611,,8,0,0,0,0,0,1,1,1,1,1,0,0,0,0,0,0,0,1,1,1
lateeph_olawale,610,,2,0,0,0,0,0,0,1,0,0,1,0,0,0,0,0,0,0,0,0,0
eidah1710,610,,2,0,0,0,0,0,0,0,0,0,0,0,0,0,0,0,0,1,1,0,0
TebzaMalik,610,,1,0,0,0,0,0,0,0,0,0,0,0,0,0,0,0,0,0,0,0,1
Mur2us,610,,1,0,0,0,0,0,0,0,0,0,0,0,0,0,0,0,0,0,1,0,0
CianGaia,610,,2,0,0,0,1,0,0,1,0,0,0,0,0,0,0,0,0,0,0,0,0
Alwahid2105,610,,1,1,0,0,0,0,0,0,0,0,0,0,0,0,0,0,0,0,0,0,0
sigale123,609,,1,0,0,0,0,0,0,0,0,0,1,0,0,0,0,0,0,0,0,0,0
rapid4real99,609,,3,0,1,0,0,1,1,0,0,0,0,0,0,0,0,0,0,0,0,0,0
acemati,609,,2,0,0,0,0,0,0,0,0,0,0,0,0,0,0,0,1,0,1,0,0
ZahoorA90541430,609,,1,0,0,0,0,0,0,0,0,1,0,0,0,0,0,0,0,0,0,0,0
Hedgefunds101,609,,1,0,0,0,0,0,1,0,0,0,0,0,0,0,0,0,0,0,0,0,0
CelesteFayaf,609,,1,0,0,0,0,0,0,0,0,0,0,0,0,0,0,0,0,0,0,1,0
AhsanAliNeva,609,,11,0,1,0,0,0,1,0,0,0,1,1,1,1,0,1,1,1,1,1,0
AMokhtarpour,609,,18,0,1,1,1,1,1,1,1,1,1,1,1,1,1,1,1,1,1,0,1
TheFreedomRpt,608,,12,0,0,1,0,0,1,0,0,1,1,0,1,1,0,1,1,1,1,1,1
TMH651,608,,2,0,0,0,0,0,0,0,0,0,0,0,0,0,0,0,0,1,1,0,0
Ranyah313,608,,1,0,0,0,0,0,0,0,0,0,0,0,0,0,0,1,0,0,0,0,0
MUHAMME22009037,608,,2,1,0,0,0,0,0,0,0,0,0,0,0,0,0,1,0,0,0,0,0
Esfandiari_iran,608,,1,0,0,0,0,0,0,0,0,0,1,0,0,0,0,0,0,0,0,0,0
Cytoty,608,,2,0,0,0,0,0,0,0,0,0,1,0,1,0,0,0,0,0,0,0,0
CharteDeMunich,608,,4,0,0,0,0,0,0,0,0,0,0,1,0,1,1,0,1,0,0,0,0
AbdulBasitJibr1,608,,1,0,0,0,0,0,1,0,0,0,0,0,0,0,0,0,0,0,0,0,0
sadatmortazavi9,607,,1,0,0,0,0,0,0,0,0,0,0,0,0,0,0,0,0,0,0,0,1
mjabdolhossein,607,,2,1,0,0,0,0,0,0,1,0,0,0,0,0,0,0,0,0,0,0,0
ghanemipour_m,607,,1,0,0,0,0,0,0,0,0,1,0,0,0,0,0,0,0,0,0,0,0
dulzdg,607,,1,0,1,0,0,0,0,0,0,0,0,0,0,0,0,0,0,0,0,0,0
HadiKaraki89,607,,1,0,0,0,0,0,0,0,0,0,0,0,0,0,0,1,0,0,0,0,0
Filistinligenc_,607,,7,0,1,0,0,0,0,0,1,0,0,0,0,1,0,1,1,1,0,0,1
ojwangbonn,606,,1,0,0,1,0,0,0,0,0,0,0,0,0,0,0,0,0,0,0,0,0
NAgueda2,606,,1,0,0,0,0,0,0,1,0,0,0,0,0,0,0,0,0,0,0,0,0
MartinTarusenga,606,,1,0,0,0,0,0,0,0,0,0,0,0,0,0,0,0,0,0,1,0,0
Hamad_Gaskia,606,,2,0,0,0,0,0,0,0,0,0,0,1,1,0,0,0,0,0,0,0,0
garsay10,605,,2,0,0,0,0,0,0,0,0,0,1,0,0,0,0,0,0,0,0,0,1
dxf8rgcqxw,605,,7,0,1,0,0,0,0,0,0,0,1,0,0,1,0,0,1,0,1,1,1
aletaha69,605,,14,0,1,0,0,1,1,0,1,1,1,1,1,1,0,0,1,1,1,1,1
SolaceOfSoul,605,,1,0,0,0,0,0,0,0,0,0,0,0,0,0,0,0,0,0,0,0,1
Kaskito91S,605,,1,0,0,0,0,0,0,0,0,0,0,0,0,1,0,0,0,0,0,0,0
BozorgmehrJavid,605,,7,0,0,0,0,0,0,0,1,0,1,0,1,1,1,0,0,1,0,0,1
AhmadTgrema,605,,1,0,0,0,0,0,0,0,0,0,1,0,0,0,0,0,0,0,0,0,0
iEngineerNews,604,,16,0,1,1,1,1,1,0,0,1,1,1,1,1,1,1,0,1,1,1,1
humansrcrazie,604,,1,0,0,0,0,0,0,0,0,0,0,0,0,0,0,0,0,0,1,0,0
S40079741634,604,,4,0,0,0,0,0,0,0,0,1,0,0,1,0,0,0,0,1,0,0,1
Fati13594,604,,2,0,0,0,0,0,1,0,0,0,0,1,0,0,0,0,0,0,0,0,0
ChatPERDUU,604,,2,0,0,0,0,0,0,0,0,0,0,0,0,1,1,0,0,0,0,0,0
Tabrizzio,603,,2,0,0,0,0,0,0,0,0,0,0,0,1,0,0,0,1,0,0,0,0
Ramin_trader,603,,1,0,0,0,0,0,1,0,0,0,0,0,0,0,0,0,0,0,0,0,0
MrDitsi,603,,2,0,0,0,0,0,0,0,0,0,1,1,0,0,0,0,0,0,0,0,0
2ubair_khan,603,,2,0,0,0,0,0,0,0,0,1,0,0,0,0,0,0,0,1,0,0,0
Narges_mll,602,,2,0,0,0,0,0,1,0,0,0,0,0,0,0,0,0,0,0,0,0,1
JZAMBO2,602,,11,0,1,0,0,1,1,0,0,1,1,0,1,0,0,0,1,1,1,1,1
tarvandeh1403,601,,2,0,0,0,0,0,0,0,0,0,0,0,0,0,0,0,1,0,1,0,0
Wwjrd69420,601,,2,0,0,0,0,0,1,0,0,0,1,0,0,0,0,0,0,0,0,0,0
Tweetistaaan,601,,2,0,0,0,0,0,0,0,0,0,0,0,0,1,0,0,0,1,0,0,0
ImranHaiderSh14,601,,1,0,0,0,0,0,0,0,0,0,0,0,0,0,0,0,0,0,0,0,1
HadiTeymuo98988,601,,2,0,0,0,0,0,0,0,0,0,0,0,0,1,0,0,0,0,1,0,0
Asgharkeshavar7,601,,1,0,0,0,0,0,0,1,0,0,0,0,0,0,0,0,0,0,0,0,0
K_Clearsky,600,,1,0,0,0,0,0,0,0,1,0,0,0,0,0,0,0,0,0,0,0,0
BryEv2,600,,4,0,0,0,0,0,1,0,1,0,0,0,0,0,0,0,0,0,1,0,1
sha_rn,599,,2,0,0,0,0,0,0,0,1,0,0,0,0,1,0,0,0,0,0,0,0
HM80s_,599,,1,0,0,0,0,0,0,0,0,0,1,0,0,0,0,0,0,0,0,0,0
monarkmind,598,,2,0,0,0,0,0,0,0,0,1,0,0,0,0,0,0,0,1,0,0,0
__Behemoth,598,,1,0,0,0,0,0,0,0,0,0,0,0,0,0,0,0,0,0,1,0,0
AlMusttalim,598,,4,0,0,0,0,0,1,0,0,0,1,0,1,0,0,0,1,0,0,0,0
tomorwl,597,,1,0,0,0,0,0,0,0,0,0,0,0,0,0,0,0,0,1,0,0,0
krym17170928,597,,2,0,0,0,0,0,0,0,0,0,1,0,0,0,0,1,0,0,0,0,0
dbuzzx,597,,5,0,0,0,0,1,0,1,0,0,0,1,0,0,0,0,0,1,0,0,1
Tony_Park_,597,,1,0,0,0,0,0,0,0,0,0,1,0,0,0,0,0,0,0,0,0,0
ShahabuddinSh19,597,,1,0,0,0,0,0,0,0,0,1,0,0,0,0,0,0,0,0,0,0,0
Nothedayati,597,,1,0,0,0,0,0,0,0,0,0,0,0,0,0,0,0,0,0,1,0,0
Liar1,597,,4,1,0,0,0,0,1,0,0,0,0,0,0,0,0,0,0,0,1,0,1
EmilioLuna97423,597,,1,0,0,0,0,0,0,0,0,0,0,0,0,0,0,0,1,0,0,0,0
ConstanceSpryy,597,,1,0,1,0,0,0,0,0,0,0,0,0,0,0,0,0,0,0,0,0,0
Tetburyboy,596,,1,0,0,0,0,0,0,0,0,0,1,0,0,0,0,0,0,0,0,0,0
Mohamma17629911,596,,1,0,0,0,0,0,0,0,0,0,0,0,0,0,0,0,0,0,0,1,0
IRAN_in_Libya,596,,1,0,0,0,0,0,0,0,0,0,0,0,0,0,0,1,0,0,0,0,0
EskoHanelius,596,,2,0,0,0,0,0,0,0,0,1,0,0,0,0,0,0,0,1,0,0,0
tomarody,595,,1,0,0,0,0,0,0,0,0,0,1,0,0,0,0,0,0,0,0,0,0
iGeneralAladin,595,,4,0,0,0,0,0,0,1,1,0,0,0,1,0,0,0,0,1,0,0,0
YUSKHAN,595,,1,1,0,0,0,0,0,0,0,0,0,0,0,0,0,0,0,0,0,0,0
BlairGub,595,,1,0,0,0,0,0,0,0,0,0,0,0,0,0,0,0,0,0,0,1,0
pak78600We,594,,2,0,0,0,0,0,0,0,0,0,0,0,0,0,0,0,1,1,0,0,0
majarajo1362,594,,1,0,0,0,0,0,0,0,0,0,0,0,0,0,0,0,0,0,1,0,0
Soroush_1403,594,,5,0,0,0,1,0,0,0,0,0,0,0,1,0,1,0,0,1,0,0,1
Hasankhani1980,594,,3,0,0,0,0,1,0,0,0,0,0,0,0,1,1,0,0,0,0,0,0
strangebreed42,593,,1,0,0,0,0,0,0,0,0,0,0,0,0,0,0,0,0,0,0,0,1
danielkaddour2,593,,3,1,0,0,0,0,0,0,0,0,1,0,1,0,0,0,0,0,0,0,0
MariaPROli53928,593,,3,0,0,0,1,0,1,0,0,0,0,1,0,0,0,0,0,0,0,0,0
ActualAmericans,593,,1,0,0,0,0,0,0,1,0,0,0,0,0,0,0,0,0,0,0,0,0
AQUIB_ZAIDI,593,,2,0,0,0,0,0,0,0,0,0,0,1,0,0,0,0,0,1,0,0,0
14KUMAIL,593,,3,0,0,0,0,0,0,0,0,0,0,0,0,0,0,0,0,1,1,0,1
spartan007esco,592,,1,0,0,0,0,0,0,0,0,1,0,0,0,0,0,0,0,0,0,0,0
paytagh,592,,1,0,0,0,0,0,0,0,0,0,0,0,0,1,0,0,0,0,0,0,0
n_zahraaa,592,,3,0,0,0,0,0,0,0,0,1,1,0,1,0,0,0,0,0,0,0,0
kyaallo,592,,4,0,0,0,0,0,1,0,1,0,1,0,0,0,0,0,0,0,0,0,1
alikatusha,592,,1,0,0,0,0,0,0,0,0,0,0,1,0,0,0,0,0,0,0,0,0
TariqAl63992441,592,,1,0,0,0,0,0,0,0,0,0,0,0,0,1,0,0,0,0,0,0,0
Just_a_guy92,592,,4,0,0,0,0,0,1,0,0,0,0,0,0,1,1,0,0,0,1,0,0
IranZaminim,592,,2,0,1,0,0,0,0,0,0,0,0,0,0,0,0,0,0,0,1,0,0
VizenorMark,591,,1,0,0,1,0,0,0,0,0,0,0,0,0,0,0,0,0,0,0,0,0
AminRKE,591,,1,0,0,0,0,0,0,0,0,0,0,0,0,0,0,0,0,0,0,1,0
chris78688,590,,15,1,1,0,1,1,0,0,1,1,0,1,1,1,1,1,1,1,1,1,0
aleeiy__,590,,1,0,0,0,0,0,0,0,0,0,1,0,0,0,0,0,0,0,0,0,0
Raintreedogs,590,,4,0,1,0,0,0,1,0,0,0,0,0,1,1,0,0,0,0,0,0,0
MUSTAFAHADJIALI,590,,1,0,0,0,0,0,0,0,0,0,1,0,0,0,0,0,0,0,0,0,0
may_sea7hana,589,,2,0,0,0,0,1,1,0,0,0,0,0,0,0,0,0,0,0,0,0,0
Sortakaron1540,589,,1,0,0,0,0,0,0,0,0,0,0,0,0,0,0,0,0,0,0,0,1
sccizer,588,,2,0,0,0,0,0,1,0,0,0,1,0,0,0,0,0,0,0,0,0,0
Karl_Barxxx,588,,8,0,0,0,0,1,1,0,0,1,1,0,0,1,0,1,0,1,0,0,1
Happy_Serf,588,,2,0,0,0,0,1,0,0,0,0,1,0,0,0,0,0,0,0,0,0,0
FattestSack,588,,1,0,0,0,0,0,1,0,0,0,0,0,0,0,0,0,0,0,0,0,0
shaikhtufail94,587,,1,0,0,0,0,0,0,0,0,0,0,0,0,0,0,0,1,0,0,0,0
kapi1an_n3m0,587,,1,0,0,0,0,0,0,0,1,0,0,0,0,0,0,0,0,0,0,0,0
AliFarid2020,586,,3,0,0,0,0,0,1,0,0,0,0,0,0,0,0,0,0,1,1,0,0
zekeriyaTR48,585,,1,0,0,0,0,0,0,0,0,0,0,0,0,0,0,0,0,0,1,0,0
homigumnaami,585,,1,0,0,0,0,0,0,0,0,0,0,0,0,0,0,0,0,1,0,0,0
aorenda,585,,2,0,0,0,0,0,0,0,0,0,0,0,0,1,1,0,0,0,0,0,0
VlNA_NASCO___xx,585,,7,0,0,1,1,1,1,1,0,1,0,0,0,0,0,0,0,0,0,0,1
Jerry_R_Martin,585,,1,0,1,0,0,0,0,0,0,0,0,0,0,0,0,0,0,0,0,0,0
Auwalcfc,585,,3,0,0,0,0,1,1,0,0,1,0,0,0,0,0,0,0,0,0,0,0
2_gemi,585,,4,0,0,0,1,1,1,1,0,0,0,0,0,0,0,0,0,0,0,0,0
Aseriousman1386,584,,11,0,0,1,1,1,1,1,0,1,1,1,1,0,0,0,0,1,0,1,0
lidocainespray,583,,3,0,0,0,0,0,0,0,0,0,1,0,0,0,0,0,1,1,0,0,0
diggadoo,583,,6,0,0,0,0,1,1,1,0,0,1,0,0,1,0,0,0,0,0,1,0
VictoryBard,583,,4,0,0,0,0,0,0,0,1,0,0,0,0,1,1,1,0,0,0,0,0
ThinkingDoer_W,583,,2,0,0,0,0,0,0,0,0,1,0,0,0,0,0,0,0,0,0,0,1
SaadiZiba96781,583,,1,0,0,0,0,0,0,0,0,0,0,0,0,0,0,0,0,0,1,0,0
SHEYKHMAA,583,,2,0,0,0,0,0,0,1,0,0,0,1,0,0,0,0,0,0,0,0,0
JohnTONKIN14,583,,1,0,0,0,0,0,0,0,0,0,0,0,0,0,0,0,0,0,0,0,1
comrade_aliko,582,,2,0,0,0,0,0,0,0,0,0,1,0,0,0,0,0,0,0,1,0,0
Umer_Journalist,582,,2,0,1,0,0,0,0,0,0,0,0,0,0,0,0,0,0,1,0,0,0
NicolasSims_,582,,1,0,0,0,0,0,0,0,0,0,0,0,0,0,0,0,0,0,0,1,0
afshin8079,581,,1,0,0,0,0,0,0,0,0,0,0,0,0,0,0,0,0,0,1,0,0
SourisChau84464,581,,1,0,0,0,0,0,0,0,0,0,0,0,0,1,0,0,0,0,0,0,0
NOSITIVE1,581,,1,0,0,0,0,0,0,0,0,0,0,0,0,0,0,1,0,0,0,0,0
AntoonvanMaris,581,,1,0,0,1,0,0,0,0,0,0,0,0,0,0,0,0,0,0,0,0,0
saeidsyz,580,,3,0,0,0,0,0,0,1,0,0,0,0,0,1,0,0,1,0,0,0,0
gepc71,580,,5,0,1,0,1,0,0,1,0,0,0,0,0,0,0,0,0,0,1,0,1
eriq_13,580,,1,0,0,0,0,0,0,1,0,0,0,0,0,0,0,0,0,0,0,0,0
abwthmanfrash,580,,1,0,0,0,0,0,0,0,0,1,0,0,0,0,0,0,0,0,0,0,0
Maite558728,580,,4,0,0,0,0,0,0,1,0,1,0,0,0,1,0,0,0,0,0,0,1
GoleLaleh1,580,,1,0,0,0,0,0,0,0,0,0,0,0,0,0,0,0,0,0,0,0,1
abbasmostafavi8,579,,4,1,0,1,0,1,1,0,0,0,0,0,0,0,0,0,0,0,0,0,0
PrudentObs1,579,,9,0,1,0,0,0,1,1,0,1,0,0,0,1,1,0,0,1,1,0,1
MsRubyRedLips,579,,2,0,0,0,0,0,0,0,0,0,1,0,0,0,0,0,0,1,0,0,0
GenCrooked,579,,1,0,0,0,0,0,0,0,0,0,0,0,0,0,0,0,0,0,0,0,1
thoughtfelon,578,,2,0,0,0,0,0,0,0,0,0,0,0,0,0,0,0,0,0,0,1,1
juste58283,578,,3,0,0,0,0,0,0,0,0,1,0,0,0,1,0,1,0,0,0,0,0
Owais_ab,578,,3,0,0,0,0,0,1,0,1,1,0,0,0,0,0,0,0,0,0,0,0
DNKDRG,578,,10,0,0,0,0,0,0,1,0,1,1,1,1,1,1,0,1,0,1,0,1
mostafapourtag1,577,,1,0,0,0,0,0,0,0,0,0,1,0,0,0,0,0,0,0,0,0,0
ilam_kurd_98,577,,5,0,0,0,0,0,0,0,0,0,0,0,0,1,1,0,0,1,1,1,0
eebrvheem,577,,1,0,0,0,0,0,0,0,0,0,0,0,0,0,0,0,0,0,0,0,1
ahmad_rahimi321,577,,1,0,0,0,0,0,0,0,0,0,0,0,0,0,0,0,0,0,0,1,0
Philly_The2nd,577,,1,0,0,0,0,0,0,0,0,0,1,0,0,0,0,0,0,0,0,0,0
Kadkhodatwitt,577,,1,0,1,0,0,0,0,0,0,0,0,0,0,0,0,0,0,0,0,0,0
57Takamine,577,,4,1,0,0,0,0,0,0,0,0,0,0,0,0,0,1,1,0,0,0,1
rfp23,576,,1,1,0,0,0,0,0,0,0,0,0,0,0,0,0,0,0,0,0,0,0
nia1400,576,,2,0,0,0,0,0,0,0,0,0,0,0,0,0,0,0,1,0,0,0,1
ehsan_abdolahe,576,,1,0,0,0,0,0,0,0,0,0,0,1,0,0,0,0,0,0,0,0,0
Xulficus,576,,8,0,0,0,0,0,0,0,0,1,0,0,1,1,0,1,1,0,1,1,1
Demos_sr,576,,1,0,0,0,0,0,0,0,0,0,0,0,0,1,0,0,0,0,0,0,0
dzmentale,575,,1,0,0,0,0,0,0,0,0,0,0,0,0,1,0,0,0,0,0,0,0
TbediLebel1,575,,1,0,0,0,0,0,1,0,0,0,0,0,0,0,0,0,0,0,0,0,0
OnFireAbdullah,575,,1,0,0,0,0,0,0,0,0,0,0,0,0,0,0,0,0,1,0,0,0
Mubashiraijaz,575,,1,0,0,0,0,0,0,0,0,1,0,0,0,0,0,0,0,0,0,0,0
GeorgeJPaulR,575,,5,0,0,0,0,0,1,1,0,1,0,0,0,0,0,0,1,0,0,1,0
BVR_Falcon,575,,1,0,0,0,0,0,0,0,0,0,0,0,0,0,0,0,0,0,0,0,1
aligoudarzyy,574,,4,0,0,0,0,0,0,1,1,1,0,0,0,0,0,0,0,0,1,0,0
BarayElyas,574,,1,0,0,0,0,0,0,0,0,0,0,0,0,0,0,0,0,0,0,0,1
Ameer_goje,574,,1,0,0,0,0,0,0,0,0,0,0,0,0,1,0,0,0,0,0,0,0
AihanA72068,574,,2,0,0,0,0,0,0,0,0,0,0,0,0,1,1,0,0,0,0,0,0
Ahmad___Fard,574,,1,0,0,0,0,0,0,0,0,0,0,0,0,0,0,0,0,0,1,0,0
balik_k4n,573,,3,0,0,1,0,0,1,0,0,1,0,0,0,0,0,0,0,0,0,0,0
ares_vale_mars,573,,5,0,0,0,0,0,1,0,1,0,0,0,0,1,0,0,0,1,1,0,0
TodimuAbu,573,,1,0,0,1,0,0,0,0,0,0,0,0,0,0,0,0,0,0,0,0,0
SayyidHussein,573,,4,0,0,0,0,1,0,0,0,1,0,0,1,0,0,0,0,0,1,0,0
Roohi313,573,,1,0,0,0,0,0,0,0,0,0,0,0,0,0,0,0,0,0,1,0,0
LHeglin52255,573,,1,0,0,0,0,0,0,0,0,0,1,0,0,0,0,0,0,0,0,0,0
CynArizona,573,,3,1,0,0,0,0,0,0,0,0,1,0,0,0,0,0,1,0,0,0,0
Amzad8055,573,,1,0,0,0,0,0,0,0,0,0,0,0,0,0,0,0,0,1,0,0,0
Shmh6523,572,,1,0,0,0,0,1,0,0,0,0,0,0,0,0,0,0,0,0,0,0,0
Huma_Siddiqui,572,,1,0,0,1,0,0,0,0,0,0,0,0,0,0,0,0,0,0,0,0,0
FawadMasud,572,,2,0,0,0,0,0,0,0,0,0,0,0,0,0,0,1,0,1,0,0,0
CassanmagnagoA,572,,1,0,0,0,0,0,0,0,1,0,0,0,0,0,0,0,0,0,0,0,0
Alfred_yrn,572,,2,0,0,0,0,0,0,0,0,0,1,1,0,0,0,0,0,0,0,0,0
serhat1775,571,,11,0,0,0,0,1,0,1,0,0,1,1,1,1,1,0,1,1,0,1,1
ghoul314,571,,2,0,0,0,0,1,0,0,0,0,0,0,0,1,0,0,0,0,0,0,0
dokhtarebar_6,571,,2,0,0,0,0,0,0,0,0,0,0,0,0,0,0,0,0,1,1,0,0
Sofya_salam,571,,1,0,0,0,0,0,0,0,0,0,0,0,0,0,0,0,0,0,0,1,0
JecStructural,571,,3,0,0,0,0,0,0,0,0,0,0,0,0,1,1,0,0,0,1,0,0
Daud_Mazhar,571,,1,0,0,0,0,0,0,0,0,0,0,0,0,0,0,0,0,0,0,0,1
Amuktar_,571,,1,0,0,0,0,0,0,0,0,0,0,0,0,0,0,0,0,1,0,0,0
tjct1328,570,,1,0,1,0,0,0,0,0,0,0,0,0,0,0,0,0,0,0,0,0,0
taha18721872,570,,1,0,0,0,0,0,0,0,0,0,0,0,0,0,0,0,0,0,0,0,1
heisblitz,570,,9,1,0,1,1,0,0,0,1,0,1,0,0,0,0,0,0,1,1,1,1
Muhammadfullo,570,,2,0,0,0,0,0,0,0,0,0,1,0,0,0,0,0,1,0,0,0,0
KevinRemington2,570,,2,0,0,0,0,0,0,0,0,1,0,0,0,0,1,0,0,0,0,0,0
KamvelihleNgxo1,570,,6,0,0,0,0,0,1,0,1,0,1,1,0,0,0,0,1,1,0,0,0
roman_uez,569,,3,0,0,0,0,0,0,0,0,0,0,0,0,1,1,0,0,0,0,0,1
harshitg2205,569,,1,0,0,0,0,0,0,0,0,0,0,0,0,0,0,0,0,1,0,0,0
Ukiyo_e,569,,2,0,0,0,0,0,0,0,0,0,0,0,0,0,0,0,0,0,1,0,1
TAEM2Me,569,,2,0,0,0,0,0,0,0,1,0,0,0,0,0,0,0,0,0,0,1,0
OAbieha93991,569,,1,0,0,0,0,0,0,0,0,0,0,0,0,1,0,0,0,0,0,0,0
LeftyBlacksmith,569,,3,0,0,0,0,0,0,0,0,0,1,0,0,0,0,0,0,1,0,0,1
sahil_mansoori,568,,1,0,0,0,0,0,0,0,0,0,0,0,0,0,0,0,1,0,0,0,0
chucky063,568,,1,1,0,0,0,0,0,0,0,0,0,0,0,0,0,0,0,0,0,0,0
anya4yoga,568,,5,0,0,1,0,0,0,1,0,0,1,1,0,1,0,0,0,0,0,0,0
alen_tab,568,,2,0,0,0,0,0,0,0,0,0,1,0,0,0,0,0,0,0,0,0,1
TitoMzamo,568,,1,0,0,0,0,0,0,0,0,0,1,0,0,0,0,0,0,0,0,0,0
ShrimaanAashik,568,,6,0,0,0,0,0,1,0,0,1,0,0,0,1,1,0,0,1,1,0,0
Qoabi_,568,,4,0,0,0,0,0,0,0,1,1,1,0,0,0,0,0,0,0,0,0,1
KyPellettiere,568,,3,0,0,0,0,1,1,0,0,1,0,0,0,0,0,0,0,0,0,0,0
DaniAssaf9322,568,,1,0,0,0,0,0,0,0,0,0,0,0,0,0,0,0,0,0,0,0,1
Ali805790521116,568,,1,0,0,0,0,0,0,0,0,0,0,0,0,0,0,0,0,0,0,0,1
wu_delcastro,567,,3,0,0,0,0,0,0,0,0,0,0,0,0,0,0,0,0,1,0,1,1
n_kanaani,567,,2,0,0,0,0,0,0,0,1,0,1,0,0,0,0,0,0,0,0,0,0
defi_butt,567,,1,0,0,0,0,0,0,0,0,0,0,0,0,0,0,0,0,0,0,0,1
MahadOngom,567,,1,0,0,0,0,0,0,0,0,0,0,0,0,0,0,0,0,0,1,0,0
BinSalem86,567,,1,0,0,0,0,0,0,0,0,0,0,0,0,1,0,0,0,0,0,0,0
Anonlilly,567,,2,1,0,0,0,0,1,0,0,0,0,0,0,0,0,0,0,0,0,0,0
151_aldo,567,,3,0,0,0,0,0,0,0,0,0,0,0,0,1,0,0,1,0,1,0,0
franceskjavier,566,,3,0,0,0,0,0,0,0,0,1,0,0,0,0,0,0,0,0,1,0,1
_Zamakhambule,566,,1,0,0,0,0,0,0,0,0,0,1,0,0,0,0,0,0,0,0,0,0
LION__HUNTER,566,,2,0,0,0,0,0,0,0,0,0,0,0,0,0,0,0,1,0,0,0,1
Javad_ZN77,566,,1,0,0,0,0,0,1,0,0,0,0,0,0,0,0,0,0,0,0,0,0
JORDAN23H,566,,1,0,0,0,0,0,0,0,0,0,1,0,0,0,0,0,0,0,0,0,0
GVargas4617,566,,2,1,0,1,0,0,0,0,0,0,0,0,0,0,0,0,0,0,0,0,0
no_2_isis,565,,10,0,0,0,1,1,0,1,0,1,0,0,0,0,0,1,1,1,1,1,1
memedes1ma,565,,5,0,1,0,0,0,0,1,0,0,1,0,0,1,1,0,0,0,0,0,0
Cyrus791,565,,1,0,0,0,0,0,0,0,0,0,0,0,0,0,0,0,0,0,1,0,0
ClaudetteAarons,565,,1,0,0,0,0,0,0,0,0,0,0,0,0,0,0,0,0,0,0,0,1
moslamicbh,564,,3,0,0,0,0,0,0,0,0,0,1,0,0,0,0,0,0,0,1,1,0
mandla_putu,564,,2,0,0,0,0,0,0,0,0,1,1,0,0,0,0,0,0,0,0,0,0
haystham1,564,,1,0,0,0,0,0,0,0,0,0,0,0,0,0,0,1,0,0,0,0,0
gangakabeta07,564,,1,0,0,0,0,0,0,0,0,1,0,0,0,0,0,0,0,0,0,0,0
Pitafizameer88,564,,1,0,0,0,0,0,0,0,0,0,0,0,0,0,0,0,0,0,0,0,1
Jawad_Rajs_09,564,,1,0,0,0,0,0,0,0,1,0,0,0,0,0,0,0,0,0,0,0,0
CruzRefugi76742,564,,4,0,0,0,0,0,0,0,1,0,0,1,0,1,0,1,0,0,0,0,0
notary1024,563,,1,0,0,0,0,0,1,0,0,0,0,0,0,0,0,0,0,0,0,0,0
dianevmc,563,,1,0,0,0,0,0,0,0,0,0,0,0,0,0,0,0,0,1,0,0,0
S_R_Goddo,563,,10,0,0,0,0,1,0,0,1,1,1,1,1,1,0,1,0,1,0,0,1
PathanAli9,562,,6,0,0,1,0,1,0,0,1,0,0,1,0,0,0,0,0,1,0,0,1
CosCir,562,,3,0,0,0,0,0,0,0,0,0,0,0,0,1,1,0,0,0,0,0,1
AIAbdallah1999,562,,8,1,1,1,1,0,0,0,0,0,0,0,0,0,0,0,1,0,1,1,1
nayabinghiherb,561,,2,0,0,0,0,0,0,0,0,0,0,0,0,0,0,0,1,1,0,0,0
azeiz_moha40252,561,,1,0,0,0,0,0,0,0,0,0,0,0,0,0,0,0,0,0,0,0,1
TomoyaNganzi,561,,2,0,0,0,0,0,0,0,1,0,0,0,0,0,0,0,0,0,1,0,0
SKSteckle,561,,1,0,0,0,0,0,0,0,0,0,0,0,0,0,0,0,0,0,0,0,1
tonynjagi,560,,1,0,0,0,0,0,0,0,0,0,1,0,0,0,0,0,0,0,0,0,0
mmdglb5,560,,2,0,0,0,0,0,0,1,0,0,0,0,0,0,0,0,1,0,0,0,0
_Madoe,560,,2,0,0,0,0,0,0,0,0,0,0,0,0,0,0,1,0,0,0,1,0
Soo55mpd,560,,1,0,0,0,0,0,0,0,0,0,0,0,0,0,0,0,0,0,1,0,0
Odekacrypto6710,560,,1,0,0,0,0,1,0,0,0,0,0,0,0,0,0,0,0,0,0,0,0
KaranSi17341370,560,,5,0,0,0,0,0,1,0,0,1,1,0,0,0,0,0,0,1,0,0,1
IsraelPayes,560,,1,0,0,0,0,0,0,0,1,0,0,0,0,0,0,0,0,0,0,0,0
CarVik00,560,,9,0,0,0,0,0,1,0,1,0,0,1,1,0,1,1,0,1,0,1,1
dianawes,559,,1,0,0,0,0,0,0,0,1,0,0,0,0,0,0,0,0,0,0,0,0
colleggedropout,559,,3,0,0,0,0,0,1,0,0,1,0,0,0,0,0,0,0,0,0,0,1
Abo_saber0,559,,3,0,1,0,0,0,0,1,0,0,0,0,0,0,0,1,0,0,0,0,0
1974sedat,559,,3,0,0,0,0,0,0,0,0,1,1,0,0,0,0,1,0,0,0,0,0
_TIGERSTYLE_,558,,2,0,0,0,0,0,0,0,0,0,0,0,0,0,0,0,1,0,0,0,1
Ashfaqu58044174,558,,1,1,0,0,0,0,0,0,0,0,0,0,0,0,0,0,0,0,0,0,0
saadmaqsood,557,,3,0,0,0,0,0,0,0,0,0,1,0,0,0,0,1,0,1,0,0,0
Xinger888590031,557,,1,0,0,0,0,0,0,0,0,0,0,0,0,0,0,0,0,0,0,1,0
SidiModiboKane4,557,,1,0,0,0,0,0,1,0,0,0,0,0,0,0,0,0,0,0,0,0,0
Libero1012,557,,3,0,0,0,0,0,1,1,0,0,0,0,0,0,0,0,0,0,0,1,0
IgweFrancis16,557,,5,0,0,0,0,1,1,0,0,1,1,0,0,0,0,0,0,1,0,0,0
CezaryTP,557,,2,0,1,0,0,0,1,0,0,0,0,0,0,0,0,0,0,0,0,0,0
Banihashem_ir,557,,2,0,0,0,1,0,0,0,0,0,0,0,0,0,0,0,0,0,1,0,0
moussa_mamba_JB,556,,2,0,0,0,0,0,0,0,1,0,0,1,0,0,0,0,0,0,0,0,0
mikenarshing,556,,1,0,0,0,0,0,0,0,0,0,0,0,0,0,0,0,0,0,0,0,1
merchemermar,556,,2,0,0,0,0,0,0,0,0,0,1,0,0,0,0,1,0,0,0,0,0
marxcinho_,556,,1,1,0,0,0,0,0,0,0,0,0,0,0,0,0,0,0,0,0,0,0
fatsomolo,556,,4,0,1,0,0,0,0,0,1,0,0,1,1,0,0,0,0,0,0,0,0
RaineLang,556,,1,0,0,0,0,0,0,0,0,1,0,0,0,0,0,0,0,0,0,0,0
OELUAM,556,,6,0,0,0,0,0,0,0,0,1,1,1,1,1,1,0,0,0,0,0,0
Mitsecode,556,,4,0,0,0,0,0,0,0,1,0,0,0,0,0,0,0,0,1,1,0,1
Bcbc1027043,556,,3,0,0,0,0,0,0,0,0,0,1,0,0,0,0,0,0,1,1,0,0
saber2428,555,,1,0,0,0,1,0,0,0,0,0,0,0,0,0,0,0,0,0,0,0,0
mikenkosi,555,,17,1,1,0,1,1,0,1,1,1,1,1,1,1,0,1,1,1,1,1,1
iamsr_s,555,,1,0,0,0,0,1,0,0,0,0,0,0,0,0,0,0,0,0,0,0,0
Ongue062024,555,,4,0,1,0,0,0,1,0,0,0,1,0,0,1,0,0,0,0,0,0,0
C_M_2026,555,,2,0,0,0,0,0,1,0,0,0,0,0,0,0,0,0,0,1,0,0,0
haniehbln,554,,1,0,0,0,0,0,0,1,0,0,0,0,0,0,0,0,0,0,0,0,0
Lizzy86753099,554,,1,0,0,0,0,0,0,0,0,0,0,1,0,0,0,0,0,0,0,0,0
LOB2065,554,,3,0,0,0,0,0,0,0,0,0,0,0,0,0,0,0,0,1,1,0,1
Hilalud56886934,554,,1,0,0,0,0,0,0,0,0,0,0,0,0,0,1,0,0,0,0,0,0
DrftlsDissident,554,,1,0,0,0,0,0,0,0,0,0,0,0,0,0,0,0,0,0,1,0,0
bahramfm,553,,2,0,0,0,1,0,0,0,0,1,0,0,0,0,0,0,0,0,0,0,0
SwamadC,553,,4,0,0,0,0,0,0,0,0,1,1,1,0,0,0,0,1,0,0,0,0
Bonyo_Kennedy,553,,3,0,0,0,0,0,0,0,0,0,0,0,0,0,0,0,1,1,1,0,0
samue1420,552,,2,1,0,0,0,0,1,0,0,0,0,0,0,0,0,0,0,0,0,0,0
m31_3q,552,,3,1,0,0,0,0,1,0,0,0,0,0,0,0,0,0,0,1,0,0,0
ideal_freak,552,,7,0,0,1,0,1,0,0,0,1,0,0,1,0,1,0,0,1,0,0,1
hoda_najafii,552,,3,1,0,0,0,0,0,0,0,0,0,0,1,1,0,0,0,0,0,0,0
araromibeach,552,,4,0,0,0,0,0,0,0,1,1,1,0,0,0,0,0,0,0,0,0,1
ShHoseiin,552,,3,0,0,0,0,0,0,0,1,1,1,0,0,0,0,0,0,0,0,0,0
Saeidi_Muhammad,552,,1,0,0,0,1,0,0,0,0,0,0,0,0,0,0,0,0,0,0,0,0
renannmv,551,,13,0,0,1,0,1,1,1,1,0,1,1,1,1,0,1,0,1,0,1,1
lukyamuzi_david,551,,3,0,0,0,0,0,1,0,0,0,0,0,0,0,0,0,0,1,1,0,0
ibgiza,551,,1,0,0,0,0,0,0,0,0,0,1,0,0,0,0,0,0,0,0,0,0
hadisehsadri17,551,,1,0,0,0,0,0,0,0,0,0,0,0,0,0,0,0,0,0,1,0,0
VinVictory777,551,,1,0,0,0,0,0,0,0,0,0,0,0,0,0,0,0,1,0,0,0,0
Saadiq77,551,,6,0,0,0,0,0,0,0,0,1,1,1,0,1,1,0,1,0,0,0,0
HASANeTURGUT,551,,1,0,0,0,0,0,0,1,0,0,0,0,0,0,0,0,0,0,0,0,0
amiralisatar13,550,,1,0,0,1,0,0,0,0,0,0,0,0,0,0,0,0,0,0,0,0,0
SeaHorseDubai,550,,2,0,0,0,0,0,0,0,0,0,0,0,0,0,0,0,1,0,0,0,1
Mohamadpour1355,550,,1,0,0,0,1,0,0,0,0,0,0,0,0,0,0,0,0,0,0,0,0
Kmarxxyz,550,,2,0,1,0,0,0,0,0,0,0,0,0,0,0,0,0,0,0,0,0,1
ComEsencial,550,,4,0,0,1,1,1,1,0,0,0,0,0,0,0,0,0,0,0,0,0,0
Asidays,550,,1,0,0,0,0,0,0,0,1,0,0,0,0,0,0,0,0,0,0,0,0
4pH4ByVKdGtxPRK,549,,1,0,0,0,0,0,0,0,0,0,0,0,0,0,0,0,0,0,0,0,1
hattari16,548,,1,0,0,0,0,0,0,0,0,0,1,0,0,0,0,0,0,0,0,0,0
aseman376,548,,7,0,1,0,1,1,1,1,0,1,0,0,0,0,0,0,0,0,1,0,0
alejoHzOpinando,548,,1,0,0,0,0,0,0,1,0,0,0,0,0,0,0,0,0,0,0,0,0
RuhullahAli79,548,,2,0,0,0,0,0,0,0,0,1,0,0,0,0,0,0,0,0,0,0,1
Anthony_GIMS243,548,,12,0,1,0,0,0,1,1,1,1,0,0,0,1,0,1,1,1,1,1,1
ACaptiano,548,,5,0,0,0,0,0,0,0,1,0,0,0,0,0,0,1,1,1,0,0,1
85_98_,548,,1,0,0,0,0,0,0,0,0,1,0,0,0,0,0,0,0,0,0,0,0
seanyboy_13,547,,2,0,0,0,0,0,1,0,0,0,0,0,0,0,0,0,0,0,0,1,0
phuktuiter,547,,1,0,0,0,0,0,0,0,0,0,0,0,0,0,0,0,0,1,0,0,0
prodractil,546,,1,0,0,0,0,0,0,0,0,0,0,0,0,0,0,0,0,0,0,0,1
enesemrearslan7,546,,1,0,0,0,1,0,0,0,0,0,0,0,0,0,0,0,0,0,0,0,0
OldHeadWisdoms,546,,1,0,0,0,0,0,0,0,0,0,0,0,0,0,0,0,0,0,0,1,0
Oakenblunt,546,,1,0,0,0,0,0,0,0,0,0,0,0,0,0,0,0,0,0,0,1,0
Arbareales,546,,1,0,0,0,0,0,0,0,0,0,0,0,0,0,0,0,1,0,0,0,0
primomprad,545,,1,0,0,0,0,0,0,0,1,0,0,0,0,0,0,0,0,0,0,0,0
hasn_nmer,545,,10,0,0,0,1,1,1,1,1,0,0,1,1,0,1,0,0,0,1,1,0
g_wanggich,545,,3,1,0,0,0,0,0,0,1,0,1,0,0,0,0,0,0,0,0,0,0
NorredStan,545,,1,0,0,0,0,0,0,0,0,0,0,0,0,0,0,0,0,1,0,0,0
GuellichChr,545,,1,0,0,0,0,0,0,0,0,0,0,0,0,0,0,0,0,1,0,0,0
GKajashi,545,,2,0,1,0,0,0,0,1,0,0,0,0,0,0,0,0,0,0,0,0,0
2012Msheik,545,,1,0,0,0,0,0,0,0,0,0,0,0,0,0,0,1,0,0,0,0,0
qamarab123,544,,2,0,0,0,0,0,0,0,0,0,0,0,0,1,1,0,0,0,0,0,0
c_williams77,544,,1,0,0,0,0,0,0,0,0,0,0,0,0,1,0,0,0,0,0,0,0
RashtraNeeti,544,,5,0,0,0,0,0,0,0,0,1,0,1,1,1,0,0,0,0,0,0,1
MdRakib26423796,544,,1,0,0,0,0,0,0,0,0,0,0,0,0,0,0,0,0,1,0,0,0
Iamman_1,544,,3,0,0,0,0,0,0,0,0,1,1,0,0,0,0,0,0,1,0,0,0
EssueEj,544,,1,0,0,0,0,0,0,0,0,0,0,0,0,0,0,0,0,1,0,0,0
bluepenguin_wss,543,,1,0,0,0,0,0,0,0,0,0,0,0,0,0,0,0,1,0,0,0,0
fresh_yawson,542,,1,0,0,0,0,0,0,0,0,0,1,0,0,0,0,0,0,0,0,0,0
boozchaloo,542,,5,0,1,0,1,0,0,0,0,1,1,0,0,1,0,0,0,0,0,0,0
TorterraGrey8,542,,4,0,0,1,0,0,0,0,0,1,0,0,0,0,0,0,0,1,0,1,0
IdelmoMastella,542,,1,0,0,0,0,0,0,0,0,0,1,0,0,0,0,0,0,0,0,0,0
Hosseinnematiii,542,,1,0,0,0,0,0,0,0,0,0,0,0,0,0,0,0,0,0,1,0,0
ProPaternTrader,541,,11,0,1,0,0,0,1,0,1,1,1,1,1,1,0,0,1,1,0,0,1
MmmmrAmmm62694,541,,3,0,0,0,0,0,0,0,0,0,0,1,1,0,0,0,0,0,0,1,0
Carolin5833886,541,,1,0,0,0,0,0,0,0,0,0,0,0,0,0,0,0,0,0,0,0,1
BeingAabdi,541,,1,0,0,0,0,0,0,0,0,0,0,0,0,0,0,0,0,0,0,0,1
sobhanmaghsoudi,540,,1,0,0,0,0,0,0,0,0,0,0,1,0,0,0,0,0,0,0,0,0
finalmacro,540,,2,0,0,0,0,0,0,1,0,0,0,0,0,0,0,0,0,0,0,0,1
faiyaz_alam_81,540,,1,0,0,0,0,0,0,0,0,1,0,0,0,0,0,0,0,0,0,0,0
dokurzaaku,540,,1,0,0,0,0,0,0,0,1,0,0,0,0,0,0,0,0,0,0,0,0
debisaprincess,540,,1,0,0,0,0,0,0,0,0,0,0,0,0,0,0,0,0,1,0,0,0
amin_k22,540,,15,0,0,0,0,1,1,0,1,1,1,1,1,1,1,1,1,1,1,1,1
Nomenclature28,540,,2,0,0,0,0,0,0,0,0,1,1,0,0,0,0,0,0,0,0,0,0
ElCidRudy,540,,6,0,0,0,0,0,1,0,1,0,0,0,0,0,0,0,1,1,0,1,1
EKeshvari44254,540,,6,0,0,0,1,0,0,1,0,1,1,0,0,0,0,0,1,0,1,0,0
B79Boon,540,,1,0,0,0,0,0,0,0,0,0,0,0,0,0,0,0,0,1,0,0,0
yonel112,539,,1,0,0,0,0,0,0,1,0,0,0,0,0,0,0,0,0,0,0,0,0
louis20122,539,,1,0,0,0,0,0,0,0,0,0,0,0,0,0,0,0,0,0,0,1,0
jinnur007,539,,2,0,0,1,0,0,0,1,0,0,0,0,0,0,0,0,0,0,0,0,0
comebacklater90,539,,3,0,0,0,0,0,0,0,0,0,0,0,0,1,0,0,0,1,1,0,0
Neda53146029,539,,3,0,0,0,0,0,0,0,0,1,0,0,0,1,0,0,0,0,0,0,1
AhmedJAbdul1,539,,13,1,0,0,0,0,1,1,1,1,1,1,1,1,0,0,0,1,1,1,1
ursulafarends,538,,8,0,0,0,0,0,0,1,0,0,1,0,0,1,0,1,0,1,1,1,1
bageerahgorbe,538,,18,1,1,1,1,1,1,1,1,1,1,1,1,1,0,0,1,1,1,1,1
YellowSubm45706,538,,1,0,0,0,0,0,0,0,0,0,1,0,0,0,0,0,0,0,0,0,0
Nainna_J,538,,8,1,0,1,0,1,1,0,1,0,1,1,0,1,0,0,0,0,0,0,0
AlanaSmaragda,538,,3,0,0,0,0,0,1,0,0,0,1,0,0,0,0,0,0,1,0,0,0
yosamaa,537,,2,0,0,0,0,0,0,0,0,0,1,0,0,0,0,0,0,0,0,0,1
jarillapampa,537,,2,0,0,0,0,0,0,0,0,0,0,0,0,1,1,0,0,0,0,0,0
fizzbhau,537,,1,0,0,0,0,0,0,0,0,0,0,0,0,0,0,0,0,0,0,1,0
Yondayymme,537,,1,0,0,0,0,0,1,0,0,0,0,0,0,0,0,0,0,0,0,0,0
KenObi420389005,537,,1,0,0,0,0,0,1,0,0,0,0,0,0,0,0,0,0,0,0,0,0
cheeboozo,536,,1,0,0,0,0,0,0,0,1,0,0,0,0,0,0,0,0,0,0,0,0
CosmicPakistani,536,,1,0,0,0,0,0,0,0,0,0,0,0,1,0,0,0,0,0,0,0,0
njftwtf,535,,2,0,0,1,0,0,1,0,0,0,0,0,0,0,0,0,0,0,0,0,0
bfe_love,535,,1,0,0,0,0,0,0,0,0,0,0,0,0,0,0,0,0,0,0,1,0
alex48t,535,,3,0,0,0,0,0,1,0,0,1,0,0,0,0,0,0,0,0,1,0,0
aa_sf23,535,,1,0,0,0,0,0,0,0,0,0,0,0,0,0,0,0,0,0,0,1,0
SamIsAnIdiot77,535,,1,0,0,0,0,0,0,0,0,0,1,0,0,0,0,0,0,0,0,0,0
Progress4Afrika,535,,4,0,0,1,0,0,0,0,0,0,1,0,0,1,1,0,0,0,0,0,0
313_Gomnam_,535,,1,0,0,0,0,0,1,0,0,0,0,0,0,0,0,0,0,0,0,0,0
narmgiis,534,,1,0,0,0,0,0,0,0,0,0,0,0,0,0,0,0,1,0,0,0,0
GeoffreyKron,534,,1,0,0,0,0,0,0,0,0,0,0,0,0,0,0,0,0,0,0,1,0
DeepThroat_Ron,534,,6,0,1,1,0,0,0,0,1,1,0,0,0,0,0,0,0,0,1,0,1
Ahmedkamalkhn,534,,1,0,0,0,0,0,0,1,0,0,0,0,0,0,0,0,0,0,0,0,0
1988Raad,534,,3,0,0,0,0,0,0,0,0,0,1,0,0,0,0,1,0,1,0,0,0
tsplnly,533,,1,0,0,0,0,0,0,0,0,0,0,0,0,0,0,0,0,0,0,0,1
ithnkpositive,533,,1,0,0,0,0,0,0,0,0,0,0,0,0,0,0,0,0,1,0,0,0
h_nasserian,533,,1,0,0,0,0,1,0,0,0,0,0,0,0,0,0,0,0,0,0,0,0
GhoddosiMahdi,533,,2,0,0,0,0,0,0,0,0,0,0,0,0,1,0,0,0,0,0,0,1
FmBrasilVerde,533,,5,0,0,1,0,0,0,1,1,0,0,0,0,0,0,1,0,1,0,0,0
EvolveFiRE,533,,2,0,0,0,0,0,0,0,0,0,0,0,0,1,0,0,0,0,1,0,0
DubStyle92,533,,1,0,0,0,0,0,0,0,0,0,0,0,0,0,0,1,0,0,0,0,0
zukham,532,,1,0,0,0,0,0,0,0,0,0,0,0,0,0,0,0,0,0,0,0,1
TheKDoug,532,,1,0,0,0,0,0,0,0,0,0,0,0,1,0,0,0,0,0,0,0,0
Big_Eni06,532,,9,0,0,0,0,1,1,0,0,0,1,1,0,1,0,0,1,1,1,0,1
Asghari_Sani,532,,4,0,0,0,0,0,1,1,1,0,0,0,0,0,0,0,0,0,1,0,0
A_Rizvi112,532,,2,0,0,0,0,0,1,0,0,0,0,0,0,0,0,0,1,0,0,0,0
9jasGreat,532,,1,0,0,0,0,0,0,0,0,0,0,0,0,0,0,0,0,1,0,0,0
831de5,532,,1,0,0,0,0,0,0,0,0,0,0,0,0,0,0,0,0,0,0,0,1
yaksinhoojnr,531,,1,0,0,0,0,0,0,0,0,0,0,0,0,0,0,1,0,0,0,0,0
thackwell666,531,,10,0,1,0,0,1,1,1,1,1,1,1,0,0,0,0,0,0,0,1,1
mabdrahman79,531,,9,0,0,0,0,0,0,0,0,1,1,0,1,1,1,1,0,1,1,0,1
cl8DkMDALByclAk,531,,1,0,1,0,0,0,0,0,0,0,0,0,0,0,0,0,0,0,0,0,0
black_like_Mao,531,,2,0,0,0,0,0,1,0,0,0,0,1,0,0,0,0,0,0,0,0,0
HusainKapadia,531,,1,0,0,0,0,0,0,0,0,0,0,0,0,0,0,0,0,1,0,0,0
Ahmed0415073516,531,,2,0,0,0,0,0,0,1,0,0,0,1,0,0,0,0,0,0,0,0,0
substratum_,530,,2,0,0,0,0,0,0,0,0,0,1,0,0,0,0,0,0,0,0,0,1
burmesecommie,530,,1,0,0,0,0,0,0,0,0,0,0,0,0,0,0,0,0,0,0,0,1
Updates24h9n,530,,2,0,0,0,0,0,0,0,0,0,1,0,0,0,0,1,0,0,0,0,0
TomasOrpington,530,,2,0,0,0,0,0,0,0,0,0,1,0,0,0,0,0,0,1,0,0,0
Sorelis35030663,530,,1,0,0,0,0,0,1,0,0,0,0,0,0,0,0,0,0,0,0,0,0
ShatteredXLV,530,,1,0,0,0,0,0,0,0,0,0,0,0,0,0,0,0,0,1,0,0,0
QMosvi,530,,5,0,0,0,1,0,0,0,0,0,0,1,0,1,0,1,0,0,0,0,1
FAWWI1,530,,7,0,0,1,0,0,0,0,0,1,0,0,0,1,1,0,1,0,1,0,1
AmirJ3193,530,,5,0,0,0,0,0,0,0,0,1,1,0,0,0,0,0,0,1,1,0,1
thermoconomy,529,,1,0,0,0,0,0,0,0,0,0,0,0,0,0,0,0,0,1,0,0,0
mmohammadpoor1,529,,1,0,0,0,0,0,0,0,0,0,0,0,0,0,0,0,1,0,0,0,0
maf1a_rajput,529,,3,1,0,0,0,1,0,0,0,0,0,0,0,0,0,0,0,1,0,0,0
ildandy_,529,,1,0,0,0,0,0,0,0,0,0,0,0,0,0,0,0,0,1,0,0,0
desb74,529,,1,0,0,0,0,0,0,0,0,0,1,0,0,0,0,0,0,0,0,0,0
abuhadyyahya,529,,1,0,0,0,0,0,1,0,0,0,0,0,0,0,0,0,0,0,0,0,0
BradNumbers0451,529,,1,1,0,0,0,0,0,0,0,0,0,0,0,0,0,0,0,0,0,0,0
ourYemenVictory,528,,2,0,0,0,0,0,0,0,0,0,0,0,0,0,0,1,0,1,0,0,0
mohsenarab71,528,,1,0,0,0,0,0,0,0,0,0,0,0,1,0,0,0,0,0,0,0,0
eljuniortw,528,,2,0,0,0,0,0,0,0,0,0,0,0,0,1,1,0,0,0,0,0,0
bavi1365,528,,3,0,0,0,0,0,0,0,0,0,1,0,0,0,0,0,0,0,1,1,0
ali1995rvp27926,528,,1,0,0,0,0,0,0,0,0,0,0,0,0,0,0,0,0,0,1,0,0
_salmanajmal,528,,1,0,0,0,0,0,0,0,0,0,0,0,0,0,0,0,0,0,0,0,1
PechousBar66153,528,,3,0,0,0,0,0,0,1,0,0,0,0,0,0,1,0,0,0,0,1,0
MahMan1232,528,,1,0,0,0,0,0,0,0,0,0,0,0,0,0,0,1,0,0,0,0,0
Hesambababeig,528,,10,0,0,0,0,1,1,1,1,0,1,1,1,0,0,0,1,1,1,0,0
FITD350954,528,,2,0,0,0,0,0,0,0,0,0,1,0,0,0,0,0,0,1,0,0,0
naveedprs,527,,1,1,0,0,0,0,0,0,0,0,0,0,0,0,0,0,0,0,0,0,0
mmdtiz21,527,,3,0,1,1,1,0,0,0,0,0,0,0,0,0,0,0,0,0,0,0,0
fmlc22,527,,1,0,0,0,0,0,0,0,0,0,0,0,0,0,0,0,0,1,0,0,0
Lennox4321,527,,3,0,0,0,0,0,1,0,1,0,1,0,0,0,0,0,0,0,0,0,0
Bijan43214,527,,3,0,0,0,0,0,0,0,0,0,0,1,0,0,0,0,0,0,1,1,0
sanailing,526,,1,0,0,0,0,0,0,0,0,0,0,0,0,0,0,0,0,0,1,0,0
pishraft_e_fars,526,,2,0,0,0,0,0,0,0,0,0,0,0,0,0,0,0,0,0,0,1,1
nicktamereee,526,,1,0,0,0,0,0,0,0,0,0,0,0,0,0,0,0,0,0,0,0,1
farrahakil,526,,1,0,0,0,0,0,0,0,0,0,0,0,0,0,0,0,1,0,0,0,0
agharishoo,526,,1,0,0,0,0,0,0,0,0,0,0,0,0,0,0,0,0,0,0,0,1
adamJ13924,526,,6,0,0,0,0,0,1,0,1,1,0,0,0,1,1,0,0,0,0,1,0
a_gitonga,526,,1,0,0,0,0,0,0,0,0,0,1,0,0,0,0,0,0,0,0,0,0
Lee_Key_Ball13,526,,5,0,1,0,0,1,1,0,1,1,0,0,0,0,0,0,0,0,0,0,0
mirzamohsen_Gr,525,,1,0,0,0,0,0,0,1,0,0,0,0,0,0,0,0,0,0,0,0,0
ahmad_kz50,525,,1,0,1,0,0,0,0,0,0,0,0,0,0,0,0,0,0,0,0,0,0
ummuayo,524,,1,0,0,0,0,0,0,0,0,0,1,0,0,0,0,0,0,0,0,0,0
mhmaadd989,524,,1,0,0,0,0,0,0,0,1,0,0,0,0,0,0,0,0,0,0,0,0
cheesyDutchy,524,,1,0,0,0,0,0,0,0,0,0,1,0,0,0,0,0,0,0,0,0,0
Taymaz99298832,524,,2,0,0,0,0,0,0,0,0,1,0,0,0,0,0,0,0,0,0,0,1
P65096Pop,524,,1,0,0,0,0,0,0,1,0,0,0,0,0,0,0,0,0,0,0,0,0
IamHSK01,524,,1,0,0,0,0,0,1,0,0,0,0,0,0,0,0,0,0,0,0,0,0
FatemehsadatD,524,,1,0,0,0,0,0,0,0,0,0,0,0,0,1,0,0,0,0,0,0,0
AlexDagnie,524,,9,0,1,0,1,1,1,1,1,0,0,0,1,0,0,0,0,0,1,0,1
mhdrzofficial,523,,3,0,0,0,0,1,0,1,0,0,0,1,0,0,0,0,0,0,0,0,0
james_e_keogh,523,,4,1,0,0,0,0,1,1,0,1,0,0,0,0,0,0,0,0,0,0,0
arahmadimoughad,523,,1,0,0,0,0,0,0,0,0,0,0,0,0,0,0,0,1,0,0,0,0
creekslammer88,522,,6,0,1,0,0,0,1,1,0,0,1,1,1,0,0,0,0,0,0,0,0
biral_r,522,,2,0,0,0,0,1,0,0,1,0,0,0,0,0,0,0,0,0,0,0,0
abulhukama,522,,1,0,0,0,0,0,0,0,0,0,0,0,0,0,0,0,0,0,0,0,1
Yemi_yemi13,522,,2,0,0,0,0,0,0,0,0,0,0,1,0,0,0,0,0,0,1,0,0
Sergioa33719275,522,,1,0,0,0,0,0,0,0,0,0,0,0,0,0,0,0,0,0,1,0,0
S_saqi786,522,,1,0,0,0,0,0,0,0,0,0,1,0,0,0,0,0,0,0,0,0,0
HassanR01380242,522,,6,0,0,0,0,0,1,1,1,1,1,1,0,0,0,0,0,0,0,0,0
DrWaqasuos,522,,1,0,0,0,0,0,0,0,0,0,0,0,0,0,0,0,0,1,0,0,0
zitianothroos,521,,1,0,1,0,0,0,0,0,0,0,0,0,0,0,0,0,0,0,0,0,0
lionkin27360447,521,,1,0,0,0,0,0,0,0,0,0,0,1,0,0,0,0,0,0,0,0,0
lawal0la,521,,1,0,0,0,0,0,0,0,0,0,1,0,0,0,0,0,0,0,0,0,0
andolino_vito,521,,1,0,0,0,0,0,0,0,0,0,0,0,0,1,0,0,0,0,0,0,0
Syed_Jaffri_14,521,,4,0,0,0,0,0,0,0,0,1,1,0,0,1,1,0,0,0,0,0,0
Stephen7BX,521,,1,0,0,0,0,0,0,0,0,0,0,0,0,0,0,0,0,0,0,1,0
ShadiKyan,521,,1,0,0,0,0,0,0,0,0,0,0,0,0,0,0,0,1,0,0,0,0
Set4Empathy,521,,1,0,0,0,0,0,0,0,0,0,1,0,0,0,0,0,0,0,0,0,0
SahrAlgeria,521,,1,0,0,0,0,0,0,0,0,0,0,0,0,0,0,1,0,0,0,0,0
Omicron961,521,,2,0,0,0,1,0,0,0,0,0,1,0,0,0,0,0,0,0,0,0,0
KariukyyKamau,521,,1,0,0,0,0,0,0,0,0,0,0,0,0,0,0,0,0,0,0,0,1
CharlesTomey1,521,,1,0,0,0,0,0,0,0,0,0,0,0,0,0,0,0,0,0,0,0,1
CY0NG,521,,1,0,0,0,0,0,0,0,0,0,0,0,0,0,0,0,0,0,0,0,1
Al_azraq1276,521,,1,0,0,0,0,0,1,0,0,0,0,0,0,0,0,0,0,0,0,0,0
786alhumdulilla,521,,2,0,0,0,0,1,0,0,0,0,0,0,0,0,0,0,0,0,0,0,1
zargar1358,520,,1,0,0,0,0,0,0,0,0,1,0,0,0,0,0,0,0,0,0,0,0
manray244,520,,4,0,0,0,0,0,1,0,0,1,0,0,0,0,0,0,1,0,1,0,0
hookslight,520,,1,0,0,0,0,0,0,0,0,0,1,0,0,0,0,0,0,0,0,0,0
SbrFarah,520,,1,0,0,0,0,0,0,0,0,0,0,0,0,0,0,0,0,0,0,1,0
MortezaAcademia,520,,10,0,1,1,1,0,1,0,0,0,0,1,0,1,0,1,0,1,0,1,1
phmmy,519,,1,0,0,0,0,0,0,0,0,0,0,0,0,0,0,0,0,0,0,0,1
m_mikaeel_2011,519,,1,0,0,0,0,0,0,0,0,0,0,1,0,0,0,0,0,0,0,0,0
RumiRomana,519,,1,0,0,0,0,0,0,0,0,0,0,0,0,0,0,0,0,0,0,0,1
Its_Barone,519,,1,0,0,0,0,0,0,0,0,0,0,0,0,0,0,0,0,0,0,1,0
Amy_S_K_Wong,519,,3,0,0,0,0,0,0,0,1,1,1,0,0,0,0,0,0,0,0,0,0
thefaisalalam,518,,5,0,1,0,0,0,0,1,1,1,0,0,0,0,0,0,0,0,0,1,0
joeljackson74,518,,3,0,0,0,0,0,0,0,0,0,0,0,1,1,1,0,0,0,0,0,0
ammar_zb,518,,1,0,0,0,0,0,0,0,0,0,0,0,0,0,0,0,0,0,1,0,0
TopXiiiiii,518,,1,0,0,0,0,0,0,0,0,0,0,0,0,0,0,0,0,0,0,1,0
S_ahmadpour75,518,,2,1,0,0,0,0,0,0,0,0,0,0,0,0,0,0,0,0,1,0,0
Rezvan63902,518,,2,0,0,0,0,1,0,0,0,0,0,0,0,0,0,0,0,0,1,0,0
Hossein_gh00,518,,6,0,0,0,0,0,0,0,1,1,0,0,0,0,1,0,1,1,0,0,1
trinitron1979,517,,1,0,0,0,0,0,0,0,0,0,0,0,0,0,0,0,0,0,0,0,1
saeedj1367,517,,1,0,0,0,0,0,1,0,0,0,0,0,0,0,0,0,0,0,0,0,0
monica74746334,517,,10,1,1,0,0,0,0,1,1,1,0,1,0,1,1,0,1,0,0,0,1
lthargic,517,,1,0,0,0,0,0,0,0,0,0,0,0,0,0,0,0,0,0,0,0,1
ZNrmashyry84873,517,,1,0,1,0,0,0,0,0,0,0,0,0,0,0,0,0,0,0,0,0,0
UnU_Shory,517,,10,0,1,1,1,0,1,1,0,1,1,1,1,0,0,0,0,0,0,1,0
ShapurBozorg,517,,9,0,1,1,0,0,1,0,1,1,0,0,0,1,0,0,0,1,0,1,1
Aletheia_Edit,517,,7,0,0,0,0,0,0,0,0,1,0,0,1,1,1,0,1,0,1,0,1
MohsinK23,516,,1,0,0,0,0,0,0,0,0,0,0,0,0,0,0,0,0,0,0,0,1
JAMALRAZ,516,,1,0,0,0,0,0,0,0,0,0,0,0,0,0,0,0,0,0,0,0,1
riyaz8101,515,,5,0,0,0,0,1,0,0,1,0,0,0,0,1,0,1,0,1,0,0,0
Sadegh41576135,515,,1,0,0,0,0,0,0,0,0,1,0,0,0,0,0,0,0,0,0,0,0
PegahMaktabi,515,,4,0,0,0,0,0,0,1,0,0,0,0,0,1,0,1,0,0,0,0,1
LynMatt89664666,515,,1,0,0,0,0,0,1,0,0,0,0,0,0,0,0,0,0,0,0,0,0
HelleSamuels,515,,2,0,0,0,0,0,0,1,0,1,0,0,0,0,0,0,0,0,0,0,0
Ghanisarah2350,515,,1,0,0,0,0,0,0,0,0,0,0,0,0,0,1,0,0,0,0,0,0
shah__akbar,514,,1,0,0,0,0,0,0,0,0,0,0,0,0,0,0,0,0,0,1,0,0
panicmaxxing,514,,3,0,1,0,0,0,0,0,0,0,0,0,0,0,0,0,0,0,1,1,0
mstbyn97971,514,,2,0,0,0,1,0,0,1,0,0,0,0,0,0,0,0,0,0,0,0,0
mavera365,514,,1,0,0,0,0,0,0,1,0,0,0,0,0,0,0,0,0,0,0,0,0
jdcecilepet,514,,1,0,0,0,0,0,0,0,0,0,0,0,0,0,0,0,0,0,0,0,1
imjuliburns,514,,1,0,0,0,0,0,0,1,0,0,0,0,0,0,0,0,0,0,0,0,0
iSahib_,514,,5,0,0,0,0,0,0,1,1,0,1,0,1,0,0,0,0,1,0,0,0
edgarlando,514,,1,0,0,0,0,0,1,0,0,0,0,0,0,0,0,0,0,0,0,0,0
PRatgarfar,514,,2,0,0,0,0,0,0,0,0,0,0,1,0,0,0,0,0,0,1,0,0
HilaleLawali,514,,5,0,0,0,1,0,0,1,1,0,0,0,0,0,1,0,0,0,1,0,0
Guide9369,514,,4,0,0,0,0,0,0,0,1,0,1,0,0,1,0,0,0,0,0,0,1
oneworldonehome,513,,1,0,0,1,0,0,0,0,0,0,0,0,0,0,0,0,0,0,0,0,0
Z_I_M_Pakistan,513,,3,0,0,0,0,0,0,0,1,0,0,0,0,0,0,0,0,1,0,0,1
ToobaSanami,513,,1,0,0,0,0,0,0,0,0,1,0,0,0,0,0,0,0,0,0,0,0
sufrjo,512,,2,0,0,0,0,0,0,0,0,0,1,0,0,0,0,0,0,0,0,0,1
p_debenavides,512,,4,0,1,0,0,1,1,0,0,0,0,0,1,0,0,0,0,0,0,0,0
kpenney3,512,,1,0,0,0,0,0,0,0,0,0,0,0,0,0,0,0,0,0,0,0,1
juanholguinrome,512,,1,0,0,0,0,0,0,0,0,1,0,0,0,0,0,0,0,0,0,0,0
javierjaraes,512,,1,0,0,0,0,0,0,0,0,0,0,0,0,0,0,0,0,1,0,0,0
daoldgamer,512,,2,0,0,0,0,0,0,0,0,0,1,0,0,0,0,0,0,1,0,0,0
aroyehunaQBX,512,,7,0,0,0,0,0,0,0,0,1,0,0,1,1,0,1,1,1,1,0,0
WeTheMagpies,512,,1,0,0,0,0,0,0,0,0,0,0,0,0,0,0,0,1,0,0,0,0
SybJons1,512,,19,0,1,1,1,1,1,1,1,1,1,1,1,1,1,1,1,1,1,1,1
LonelyMan1401,512,,1,0,0,0,0,0,0,0,0,1,0,0,0,0,0,0,0,0,0,0,0
Heinstein97,512,,15,0,1,1,1,1,1,0,0,1,1,1,1,1,1,1,0,1,1,0,1
brucekimkr,511,,8,0,1,0,0,1,1,0,1,0,0,0,0,1,0,0,0,0,1,1,1
bellachrista25,511,,2,0,0,0,0,1,0,0,0,0,0,0,0,1,0,0,0,0,0,0,0
al_abd_7,511,,1,0,1,0,0,0,0,0,0,0,0,0,0,0,0,0,0,0,0,0,0
SDurendal55386,511,,1,0,0,0,0,0,1,0,0,0,0,0,0,0,0,0,0,0,0,0,0
Four4id,511,,1,0,0,0,0,0,1,0,0,0,0,0,0,0,0,0,0,0,0,0,0
james_AKE,510,,10,0,0,1,0,1,1,1,1,1,1,1,0,1,1,0,0,0,0,0,0
HaktanHukuk,510,,1,0,0,0,0,0,0,0,1,0,0,0,0,0,0,0,0,0,0,0,0
shenebraskan,509,,1,0,0,0,0,0,0,0,0,0,1,0,0,0,0,0,0,0,0,0,0
laoyeh11,509,,1,0,0,1,0,0,0,0,0,0,0,0,0,0,0,0,0,0,0,0,0
R3llvolv3rOc3lt,509,,1,0,0,0,0,0,0,0,0,0,0,0,0,0,0,0,0,0,0,1,0
Ni3_Dhoni_SRK,509,,1,0,0,0,0,0,0,0,0,0,0,0,0,0,0,0,0,0,0,0,1
Myroussya,509,,1,0,0,0,0,0,1,0,0,0,0,0,0,0,0,0,0,0,0,0,0
Flatliner15,509,,1,0,0,0,0,0,0,0,0,0,0,0,0,1,0,0,0,0,0,0,0
AnsariRashika,509,,13,0,0,0,0,0,1,1,1,1,1,0,1,1,1,1,1,1,1,0,1
nazantugbay,508,,3,0,1,0,0,0,0,0,0,0,0,0,1,0,0,1,0,0,0,0,0
madhog83,508,,4,1,0,1,0,0,0,0,0,0,0,0,0,0,0,0,0,1,0,0,1
SaraaAlii,508,,2,0,0,0,0,0,0,1,1,0,0,0,0,0,0,0,0,0,0,0,0
JEBREEL_SUBAY,508,,1,0,0,0,0,0,0,1,0,0,0,0,0,0,0,0,0,0,0,0,0
Aliforever1234,508,,4,0,0,0,0,0,0,0,0,0,0,1,0,0,0,0,0,1,1,0,1
GrayemE,507,,1,0,0,0,0,0,0,0,0,0,1,0,0,0,0,0,0,0,0,0,0
Ata65108892,507,,19,1,0,1,1,1,1,1,1,1,1,1,1,1,1,1,1,1,1,1,1
verysweetnaked,506,,1,0,0,0,0,0,0,0,0,0,1,0,0,0,0,0,0,0,0,0,0
Yaseeen02,506,,1,0,0,0,0,0,0,0,0,0,0,0,0,0,0,1,0,0,0,0,0
Iran_shhr,506,,1,0,0,0,0,0,0,0,0,0,0,0,0,0,0,0,0,0,0,0,1
ALHAJIKAUR73269,506,,13,0,0,0,0,0,1,1,1,1,1,1,1,1,1,0,1,0,1,1,1
andreas_m8073,505,,1,0,0,0,0,0,0,0,0,0,0,0,0,0,0,0,0,1,0,0,0
amir_hos110,505,,1,0,0,0,0,0,1,0,0,0,0,0,0,0,0,0,0,0,0,0,0
VictorObedHern1,505,,1,0,0,0,0,0,0,0,0,0,0,0,0,0,0,0,0,0,0,0,1
Proxenos_zh,505,,1,0,0,0,0,0,0,0,0,0,1,0,0,0,0,0,0,0,0,0,0
NuriaMa62952421,505,,1,0,0,0,0,0,0,0,0,0,0,0,0,0,0,0,0,1,0,0,0
Matkap_03,505,,1,0,0,0,0,0,0,0,0,0,0,0,0,1,0,0,0,0,0,0,0
MahdiAndalib28,505,,6,0,0,0,0,0,0,1,0,1,0,0,0,1,0,0,0,1,0,1,1
3strikesh0t,505,,1,0,0,0,0,0,0,0,0,0,0,0,0,0,0,0,0,0,1,0,0
sadiq_naabba,504,,16,1,1,1,1,0,1,1,1,1,1,0,1,1,0,0,1,1,1,1,1
michaelfelix711,504,,3,0,0,0,0,0,0,0,0,0,0,0,0,0,0,1,0,1,0,0,1
hh_bint,504,,2,0,0,1,1,0,0,0,0,0,0,0,0,0,0,0,0,0,0,0,0
gisamartinho,504,,2,0,0,0,0,0,0,0,0,0,0,0,0,0,0,1,0,0,1,0,0
TotalWar0,504,,1,0,0,0,0,0,0,0,0,0,0,0,0,0,0,0,1,0,0,0,0
SeyitEsendal,504,,3,0,0,0,0,0,1,0,0,0,0,0,0,1,0,0,0,1,0,0,0
theeternalfire_,503,,2,0,1,0,0,0,1,0,0,0,0,0,0,0,0,0,0,0,0,0,0
musama2123,503,,3,0,0,0,0,0,0,0,0,0,0,0,0,1,1,0,1,0,0,0,0
hussainoid,503,,1,0,0,0,0,0,0,0,0,0,0,0,0,0,0,1,0,0,0,0,0
aliiiiiiiiitfai,503,,2,0,0,0,0,0,0,0,0,0,0,0,1,0,0,0,0,1,0,0,0
aihseyah,503,,8,0,0,0,0,0,1,1,1,1,1,0,1,0,0,0,0,0,0,1,1
zeilem1,502,,1,0,0,0,0,0,0,0,0,0,0,0,0,0,0,0,0,0,1,0,0
tulomotlaq,502,,1,1,0,0,0,0,0,0,0,0,0,0,0,0,0,0,0,0,0,0,0
itstamimakhtar,502,,1,0,0,0,0,0,0,0,0,0,0,0,1,0,0,0,0,0,0,0,0
usmanpk702,501,,4,0,0,0,0,0,0,0,0,0,0,0,0,1,0,1,1,1,0,0,0
mohsani_,501,,2,0,0,0,0,0,0,0,1,0,1,0,0,0,0,0,0,0,0,0,0
fadaeirahbar110,501,,1,0,0,0,0,0,0,0,0,0,0,0,0,0,0,0,0,0,0,1,0
bluephoenix_94,501,,8,0,0,0,1,1,1,0,0,0,1,1,1,1,0,0,0,0,0,0,1
SurelySmMistake,501,,1,0,0,0,0,0,0,0,0,0,0,0,0,0,0,0,0,0,1,0,0
MehdiMalekyan,501,,4,0,0,0,0,0,0,0,0,1,1,0,0,1,0,0,0,0,1,0,0
IiMustfe,501,,1,0,0,0,0,0,0,0,0,0,0,0,0,0,0,1,0,0,0,0,0
HermesProject1,501,,6,0,1,0,0,0,0,0,0,1,1,1,0,1,0,0,0,1,0,0,0
AwdaSalim,501,,1,0,0,0,0,0,0,0,0,0,0,0,0,0,0,1,0,0,0,0,0
AsareGilbert77,501,,2,0,0,0,0,0,0,0,0,0,0,0,0,1,1,0,0,0,0,0,0
Amir_Nuri,501,,8,0,1,1,1,0,0,1,0,0,1,1,0,1,0,0,0,1,0,0,0
AliQasimZohair1,501,,3,1,0,0,0,0,0,0,0,0,0,0,0,0,0,1,0,0,0,0,1
AbdulQuddoss,501,,3,0,0,0,0,1,0,0,1,0,0,0,0,0,0,0,0,0,0,0,1
laeschlein,500,,3,0,0,0,0,1,1,1,0,0,0,0,0,0,0,0,0,0,0,0,0
abujaber162,500,,2,0,0,0,0,0,1,0,0,0,0,0,0,0,0,0,0,1,0,0,0
MishMish77777,500,,1,0,0,0,0,0,0,0,0,0,0,0,0,0,0,0,1,0,0,0,0
zahidali_ali,499,,10,1,1,0,0,1,0,0,1,1,1,0,0,1,0,0,1,0,1,1,0
truebeliever53,499,,1,0,0,0,0,0,0,0,1,0,0,0,0,0,0,0,0,0,0,0,0
tiryaki2184,499,,1,0,0,0,0,0,1,0,0,0,0,0,0,0,0,0,0,0,0,0,0
sydemad9,499,,2,0,0,0,0,1,0,0,0,0,0,0,0,1,0,0,0,0,0,0,0
alarnies,499,,2,0,0,0,0,0,0,0,0,0,0,0,0,1,1,0,0,0,0,0,0
MuundoHai_KE,499,,2,0,0,0,0,0,0,0,0,0,1,0,0,0,0,0,0,0,0,0,1
AnyesVIP,499,,1,0,0,0,0,0,0,0,0,0,0,0,0,0,0,0,0,1,0,0,0
sonoyami,498,,3,0,0,0,0,0,0,1,0,0,1,0,0,0,0,0,0,0,0,0,1
fatmaismailhr,498,,12,0,0,0,0,1,0,0,1,1,1,1,1,1,1,1,1,1,1,0,0
blueowlhouse,498,,1,0,0,0,0,1,0,0,0,0,0,0,0,0,0,0,0,0,0,0,0
XZouby,498,,17,0,1,1,1,1,1,1,1,1,1,1,1,1,0,0,1,1,1,1,1
She64373063,498,,2,0,0,0,0,0,0,0,0,0,0,0,0,0,0,1,0,1,0,0,0
Amer86792187,498,,1,0,0,0,0,0,0,0,0,0,0,0,0,0,0,1,0,0,0,0,0
0418kkk,498,,1,0,0,0,0,0,1,0,0,0,0,0,0,0,0,0,0,0,0,0,0
teddyb047,497,,6,0,0,0,0,0,0,0,0,0,0,0,1,1,1,1,1,1,0,0,0
plstnupdt,497,,1,0,0,0,0,0,0,0,0,0,0,0,0,0,0,0,1,0,0,0,0
mwariki,497,,5,0,0,0,1,0,0,0,1,0,0,0,0,0,0,0,0,1,1,0,1
dailypsyop,497,,1,0,0,0,0,0,0,0,0,0,0,0,0,0,0,0,0,0,0,1,0
NjauMuchira,497,,1,1,0,0,0,0,0,0,0,0,0,0,0,0,0,0,0,0,0,0,0
JDUBG,497,,1,0,0,0,0,0,0,0,0,0,0,0,0,0,0,0,0,1,0,0,0
FathersThor1923,497,,7,0,0,0,1,1,0,0,0,1,1,1,0,1,1,0,0,0,0,0,0
panepoptis,496,,3,0,0,0,0,0,0,0,0,0,1,0,0,0,0,0,1,0,1,0,0
kickzionist,496,,3,1,0,0,0,0,0,0,0,0,1,0,0,0,0,0,0,1,0,0,0
johandemeuleme1,496,,1,0,0,0,0,0,0,0,0,0,0,0,0,0,0,0,0,1,0,0,0
globally_just,496,,1,0,0,0,0,0,1,0,0,0,0,0,0,0,0,0,0,0,0,0,0
clifford_gwada,496,,1,0,0,0,0,0,0,0,0,0,0,0,0,0,0,0,0,0,0,0,1
RapaceXFS7,496,,1,1,0,0,0,0,0,0,0,0,0,0,0,0,0,0,0,0,0,0,0
Raj_4UrEyesOnly,496,,1,0,0,0,0,0,0,0,0,0,1,0,0,0,0,0,0,0,0,0,0
PilarBeltranCu1,496,,1,0,0,0,0,0,0,0,0,0,0,1,0,0,0,0,0,0,0,0,0
randomdudeXR,495,,14,0,1,1,0,0,0,0,1,1,1,1,1,1,1,0,1,1,1,1,1
metrictensor,495,,4,0,0,0,0,1,1,0,0,0,0,0,0,0,0,0,0,1,0,1,0
h_love313,495,,4,0,0,1,0,0,0,0,0,0,0,0,1,0,0,0,0,1,1,0,0
awesomeh5s,495,,1,0,0,0,0,0,0,0,0,0,0,0,0,0,0,0,0,0,0,0,1
PasdarHussainKh,495,,1,0,0,0,0,0,0,0,0,0,0,0,0,0,0,0,0,0,0,0,1
Miguel_Due,495,,2,0,0,0,0,0,0,0,0,0,0,0,0,1,0,0,0,0,0,0,1
Madman_00,495,,6,0,1,0,0,1,1,0,0,1,1,0,0,1,0,0,0,0,0,0,0
JakesMervyn,495,,1,0,0,0,0,0,0,0,0,0,0,0,0,1,0,0,0,0,0,0,0
DanaPensiun22,495,,5,0,0,0,0,0,0,0,0,0,1,0,0,0,0,0,1,1,1,0,1
Abo_sajed_badel,495,,1,0,0,0,0,0,0,0,0,1,0,0,0,0,0,0,0,0,0,0,0
AM_Aghakhani,495,,1,0,0,0,0,0,0,0,0,0,0,0,0,0,0,0,0,0,1,0,0
panah474,494,,1,0,0,0,0,0,0,0,0,0,0,0,0,0,0,0,0,0,1,0,0
mariacr02119022,494,,1,0,0,0,0,0,0,0,0,0,0,0,0,0,0,0,0,0,0,0,1
TedongNag4,494,,16,1,0,1,0,1,1,1,1,0,1,1,1,1,1,1,1,1,1,0,1
Nader1dande,494,,1,0,0,0,0,0,0,0,0,0,0,0,0,0,1,0,0,0,0,0,0
DuhTrendinTopic,494,,1,0,0,0,0,0,0,0,0,0,0,0,0,0,0,0,0,1,0,0,0
Ab_b0000,494,,3,0,0,0,0,0,1,0,0,0,0,0,0,0,0,1,0,0,1,0,0
supercreepsband,493,,1,0,0,0,0,0,0,0,0,0,0,0,0,0,0,0,0,0,0,0,1
nanao_nanagh,493,,3,0,0,1,0,0,0,0,0,0,0,0,0,0,0,0,0,1,0,0,1
hamis01,493,,2,0,0,0,0,0,1,0,0,0,0,0,0,0,0,0,0,0,0,0,1
gene_loh,493,,1,0,0,0,0,0,0,0,0,0,0,0,0,0,0,0,0,0,0,0,1
deniskubasu,493,,2,0,0,0,0,0,0,0,1,0,1,0,0,0,0,0,0,0,0,0,0
dantakum,493,,4,0,0,0,0,0,0,0,0,0,1,0,0,0,0,0,0,1,1,1,0
SemiticZionist,493,,7,0,0,1,0,0,0,0,0,0,1,0,0,1,0,0,0,1,1,1,1
MahdiSoltan88,493,,2,0,0,0,0,0,0,0,0,0,0,0,0,0,0,0,0,1,0,1,0
Imtiyaz91350487,493,,3,1,0,1,0,0,0,0,0,0,0,0,0,0,0,0,0,0,1,0,0
kydaher,492,,1,0,0,0,0,0,0,0,0,0,0,0,0,0,0,1,0,0,0,0,0
YzarraNilton,492,,5,1,0,0,0,1,1,0,0,0,0,1,0,0,0,0,1,0,0,0,0
sh_zi_13,491,,1,0,0,0,0,0,0,0,0,0,0,0,0,1,0,0,0,0,0,0,0
abaskamal201708,491,,1,0,0,0,0,0,0,0,0,0,0,0,0,1,0,0,0,0,0,0,0
YaseminAksakal0,491,,6,0,0,0,0,0,0,1,0,0,0,1,0,0,1,1,1,0,1,0,0
Migratoryb3,491,,9,0,0,1,0,0,0,0,0,1,1,1,0,0,0,1,0,1,1,1,1
Kaal_81,491,,2,0,0,0,0,0,1,0,0,0,0,0,0,0,0,0,1,0,0,0,0
IraninOIC,491,,6,1,0,0,1,0,0,1,1,0,1,0,1,0,0,0,0,0,0,0,0
Cryptob00k_eth,491,,2,0,0,0,0,0,0,0,0,0,1,0,0,0,0,0,0,0,1,0,0
14Waheedabbas,491,,1,0,0,0,0,0,0,0,0,0,0,0,0,0,0,0,0,0,0,0,1
johnwickO10,490,,6,0,0,0,1,1,1,0,1,1,1,0,0,0,0,0,0,0,0,0,0
Yugud001,490,,7,0,0,0,0,0,0,0,0,1,0,0,1,0,0,1,1,1,1,0,1
ShabaniHShabani,490,,1,0,0,0,0,0,0,0,0,0,0,0,1,0,0,0,0,0,0,0,0
Reza6392346,490,,9,1,1,1,1,0,0,1,1,1,0,1,0,0,0,0,0,0,1,0,0
Muhamma61706740,490,,1,0,0,0,0,1,0,0,0,0,0,0,0,0,0,0,0,0,0,0,0
MartinQ89871135,490,,1,0,0,0,0,0,0,0,0,0,0,0,0,1,0,0,0,0,0,0,0
Jonoob1703681,490,,11,0,0,0,0,1,1,0,0,1,1,1,0,1,1,0,1,0,1,1,1
DonnaDeMaria1,490,,3,0,0,0,0,0,0,0,0,1,0,0,0,0,0,0,1,1,0,0,0
omermallhi,489,,1,0,0,0,0,0,1,0,0,0,0,0,0,0,0,0,0,0,0,0,0
mydeere39g,489,,3,0,1,0,0,1,1,0,0,0,0,0,0,0,0,0,0,0,0,0,0
mokonzy2011,489,,1,0,1,0,0,0,0,0,0,0,0,0,0,0,0,0,0,0,0,0,0
gicolino69,489,,1,0,0,0,0,0,1,0,0,0,0,0,0,0,0,0,0,0,0,0,0
bache_modir,489,,3,0,0,0,0,0,1,0,0,0,0,0,0,1,0,0,0,0,0,0,1
alihussain_eth,489,,4,0,0,0,0,0,0,1,0,1,1,0,0,0,0,0,0,0,0,1,0
NymaSyf,489,,1,0,0,0,0,0,0,0,0,0,0,0,0,0,0,1,0,0,0,0,0
Auwalmahmud12,489,,1,0,0,0,0,0,0,0,1,0,0,0,0,0,0,0,0,0,0,0,0
AnasRunka7231,489,,1,0,0,0,0,0,0,0,0,0,1,0,0,0,0,0,0,0,0,0,0
5a85eb87c18e45d,489,,2,0,0,0,0,0,0,0,0,0,0,0,0,0,0,0,0,1,1,0,0
hoseeyn,488,,1,0,0,0,0,0,0,0,0,0,0,0,0,0,0,0,0,0,1,0,0
arturinorth,488,,2,0,1,0,0,0,0,0,0,0,0,0,0,1,0,0,0,0,0,0,0
aowan_29,488,,2,0,0,0,0,0,0,0,1,1,0,0,0,0,0,0,0,0,0,0,0
abdifat68405906,488,,3,1,0,0,0,0,0,0,0,1,0,0,0,1,0,0,0,0,0,0,0
HaroonBajw78793,488,,3,0,0,0,0,0,0,1,0,0,0,0,0,1,0,0,0,0,1,0,0
GraceDawn8,488,,2,0,0,0,0,0,0,0,0,0,0,1,0,0,0,0,0,0,0,1,0
Fazalabbas12125,488,,1,0,0,0,0,0,0,0,0,1,0,0,0,0,0,0,0,0,0,0,0
CachchCarlos,488,,1,0,0,0,0,0,0,0,0,0,0,0,0,0,0,0,0,0,0,1,0
BosiaMarco70557,488,,15,0,0,1,1,0,1,1,1,1,1,1,1,1,0,1,1,0,1,1,1
AMMadelle,488,,2,0,1,0,0,0,0,0,0,0,0,0,0,0,0,0,0,0,0,0,1
mistahlou,487,,1,0,0,0,0,0,0,0,0,0,0,0,0,1,0,0,0,0,0,0,0
Roksanayebaba,487,,1,0,0,0,0,0,0,0,0,0,0,0,1,0,0,0,0,0,0,0,0
Mohit_543,487,,2,0,1,0,0,0,0,0,0,0,1,0,0,0,0,0,0,0,0,0,0
AlisonF41336845,487,,1,0,0,0,0,0,0,0,0,0,0,0,0,0,0,0,0,1,0,0,0
1337gun,487,,5,0,0,0,0,0,0,0,1,1,1,0,0,0,1,0,0,0,0,1,0
yuigowea,486,,1,0,0,0,1,0,0,0,0,0,0,0,0,0,0,0,0,0,0,0,0
sama_lotfi72,486,,1,0,0,0,0,0,0,1,0,0,0,0,0,0,0,0,0,0,0,0,0
dagones4,486,,8,0,0,0,0,0,1,1,0,0,1,0,0,1,0,0,0,1,1,1,1
aleahmadp,486,,16,1,0,0,0,1,1,1,1,1,1,1,1,1,1,0,1,1,1,1,1
_LJJW_,486,,1,0,0,0,0,0,0,0,1,0,0,0,0,0,0,0,0,0,0,0,0
Khodada35272576,486,,2,0,0,0,0,0,1,0,1,0,0,0,0,0,0,0,0,0,0,0,0
KeytoHeaven4All,486,,6,0,0,0,0,0,0,0,1,0,1,0,0,1,0,0,0,1,1,0,1
FATIHA758348766,486,,4,0,0,0,0,0,1,1,0,0,1,0,0,1,0,0,0,0,0,0,0
Elderro_76,486,,3,0,0,0,0,0,1,0,0,0,0,0,0,0,0,0,1,1,0,0,0
BenMohhh,486,,2,0,0,0,0,1,0,0,0,0,0,0,0,0,0,0,0,0,0,0,1
najafnanji,485,,1,0,0,0,0,0,0,0,0,0,1,0,0,0,0,0,0,0,0,0,0
soberapprentice,484,,1,0,0,0,0,0,1,0,0,0,0,0,0,0,0,0,0,0,0,0,0
shamlouzhr,484,,1,0,0,0,0,0,0,0,0,0,0,1,0,0,0,0,0,0,0,0,0
musmyl,484,,6,0,0,1,1,0,0,0,0,0,1,1,0,0,0,0,0,1,0,0,1
mcat1616,484,,1,0,0,0,0,0,0,0,0,0,0,0,0,0,0,0,0,0,0,0,1
gobills11111,484,,1,0,0,0,0,0,0,0,0,0,0,0,1,0,0,0,0,0,0,0,0
VahidD81480,484,,4,0,0,0,0,0,0,0,0,1,0,1,0,1,0,0,0,0,0,1,0
Stam06,484,,1,0,0,0,0,0,0,0,0,0,0,0,0,0,0,0,0,0,0,0,1
MrezaTehrani1,484,,1,0,0,0,0,0,0,0,0,0,0,0,0,0,0,0,0,0,1,0,0
BiotechKarim,484,,1,0,0,0,0,0,0,0,0,0,0,1,0,0,0,0,0,0,0,0,0
yadavhemmady,483,,1,0,0,0,0,0,0,0,0,0,0,0,0,0,0,0,0,0,0,0,1
siddik_abc,483,,1,0,0,0,0,0,0,0,0,0,0,0,0,0,0,0,0,1,0,0,0
iiimranch,483,,2,1,0,0,0,0,0,0,1,0,0,0,0,0,0,0,0,0,0,0,0
deghteghfateh,483,,4,0,0,0,0,0,1,0,0,0,1,0,0,0,1,0,0,0,0,0,1
FreeDaP8,483,,11,1,1,0,0,0,1,1,1,0,1,0,0,1,1,1,0,1,0,1,0
Cardiff008,483,,2,0,0,0,0,0,0,0,0,0,1,0,0,1,0,0,0,0,0,0,0
Amrit_HxH,483,,6,0,0,0,0,0,1,0,0,1,0,0,0,1,0,0,1,1,1,0,0
ABK010,483,,5,0,0,0,0,0,0,1,0,1,0,0,0,0,0,0,0,1,0,1,1
sakaitaro19,482,,1,0,0,0,0,0,0,0,0,0,0,0,0,0,0,0,0,0,1,0,0
jdiazMorena,482,,2,0,0,0,0,0,0,0,0,0,0,0,0,1,1,0,0,0,0,0,0
eunice2980,482,,1,0,0,0,0,0,0,0,0,0,0,0,0,0,0,0,0,0,0,0,1
_maxmex,482,,1,0,0,0,0,0,0,0,0,0,0,0,0,0,0,0,0,0,1,0,0
Vrijmanstaat101,482,,1,0,0,0,0,0,0,0,0,0,0,0,0,0,0,0,0,0,0,0,1
Madam_Hazey,482,,1,0,0,0,0,0,0,0,0,0,0,0,0,0,0,0,0,1,0,0,0
HosseineJallali,482,,1,0,0,0,0,0,1,0,0,0,0,0,0,0,0,0,0,0,0,0,0
borsaciwolf,481,,1,0,0,0,0,0,0,0,0,0,0,0,0,1,0,0,0,0,0,0,0
bigsteve35194,481,,2,0,0,0,0,0,0,0,0,1,0,0,0,0,0,0,1,0,0,0,0
Yasser1324338,481,,1,0,1,0,0,0,0,0,0,0,0,0,0,0,0,0,0,0,0,0,0
SohailPasha19,481,,1,0,0,0,0,0,0,0,0,0,0,0,0,0,0,0,0,0,0,0,1
RochjanaTata,481,,1,0,0,0,0,0,0,0,0,0,0,0,0,0,0,0,0,0,0,0,1
ArtemisBanoo,481,,1,0,0,0,0,0,0,0,0,0,0,0,0,0,0,0,0,0,1,0,0
AdelZgheib,481,,1,0,0,0,0,0,0,0,0,0,0,0,0,0,0,1,0,0,0,0,0
regular4619,480,,1,0,0,0,0,0,0,0,0,0,0,0,0,0,0,1,0,0,0,0,0
nobodydied4you,480,,1,0,0,0,0,0,0,0,0,0,0,0,0,0,0,0,0,0,0,0,1
irilturel,480,,2,0,0,0,0,0,0,0,0,1,1,0,0,0,0,0,0,0,0,0,0
hajk1,480,,2,0,0,0,0,0,0,0,0,0,0,0,0,0,0,0,0,0,0,1,1
artaahmadi253,480,,1,0,0,0,0,0,0,0,0,0,0,0,0,0,0,0,0,0,1,0,0
WitoldStrzelcz4,480,,1,0,0,0,0,0,0,0,0,0,0,0,0,0,0,0,0,0,1,0,0
TaherParawala12,480,,2,0,0,0,0,0,0,0,0,1,0,0,0,0,0,0,0,0,0,0,1
Seyedalirezasa2,480,,1,0,0,0,0,0,0,0,0,0,0,1,0,0,0,0,0,0,0,0,0
mrmohh11,479,,2,0,0,0,0,0,0,0,1,1,0,0,0,0,0,0,0,0,0,0,0
johanes11084,479,,7,0,1,0,0,1,0,0,0,1,1,0,0,0,0,0,1,1,1,0,0
atlasturns,479,,8,0,1,0,0,1,0,0,0,1,1,1,0,1,0,0,0,0,0,1,1
artcartel999,479,,2,0,0,0,0,0,1,0,0,0,0,0,0,0,0,0,1,0,0,0,0
Victor91960962,479,,5,0,1,1,0,0,1,1,0,0,0,0,0,0,1,0,0,0,0,0,0
HoseynAshna,479,,1,0,0,0,0,0,0,0,0,0,0,0,0,0,0,0,1,0,0,0,0
Doctuscanidus,479,,2,0,0,0,0,0,1,0,0,0,0,0,0,1,0,0,0,0,0,0,0
Fowzy__,478,,1,0,0,0,0,0,0,0,0,0,0,0,0,0,0,0,0,0,0,1,0
nkululeko_tau,477,,1,0,0,0,0,0,0,0,0,0,1,0,0,0,0,0,0,0,0,0,0
jonas_strong,477,,3,1,0,0,0,1,0,0,0,0,1,0,0,0,0,0,0,0,0,0,0
fixol4all,477,,2,0,0,0,0,0,0,0,0,0,0,0,0,0,0,0,0,0,0,1,1
cyphermojo,477,,1,0,0,0,0,0,0,0,0,0,0,0,0,0,0,0,0,0,0,1,0
andy_dutta,477,,4,0,0,0,0,0,0,0,0,0,1,0,0,0,0,0,1,1,0,0,1
TardigradoA,477,,7,1,0,1,0,0,1,1,1,1,0,0,0,0,0,0,0,0,0,0,1
Queendom_ENT,477,,1,0,0,0,0,0,0,0,1,0,0,0,0,0,0,0,0,0,0,0,0
AvengrsOfKarbla,477,,2,0,0,0,0,0,0,0,1,0,0,0,0,0,0,0,0,0,0,1,0
king_1953i,476,,1,0,0,0,0,0,0,0,0,0,0,0,0,0,0,0,0,0,1,0,0
grace488987,476,,1,0,0,0,0,0,0,1,0,0,0,0,0,0,0,0,0,0,0,0,0
ancientform13,476,,6,0,0,0,0,0,1,0,0,0,1,0,0,0,0,0,1,1,1,0,1
almosthappy4u,476,,1,0,0,0,0,0,0,1,0,0,0,0,0,0,0,0,0,0,0,0,0
MyNameIsaeed,476,,1,0,0,0,0,0,1,0,0,0,0,0,0,0,0,0,0,0,0,0,0
JosephLimXD,476,,1,0,0,1,0,0,0,0,0,0,0,0,0,0,0,0,0,0,0,0,0
JibranShafiq,476,,1,0,0,0,0,0,0,0,1,0,0,0,0,0,0,0,0,0,0,0,0
Grey_aston101,476,,1,0,0,0,0,0,0,0,0,0,0,0,0,0,0,0,0,1,0,0,0
Aziz_22145,476,,1,0,0,0,0,0,0,0,0,0,0,0,0,0,0,0,0,0,1,0,0
yazahra2000,475,,1,0,0,0,0,0,0,0,0,0,0,0,1,0,0,0,0,0,0,0,0
sobhan9070,475,,1,0,0,0,0,0,0,0,0,0,0,1,0,0,0,0,0,0,0,0,0
linda_brisbane,475,,1,0,0,0,0,0,0,1,0,0,0,0,0,0,0,0,0,0,0,0,0
abGX843o4G29686,475,,2,0,0,0,0,0,0,0,0,1,0,0,0,1,0,0,0,0,0,0,0
Xpresn,475,,1,0,0,0,0,0,0,0,0,0,0,0,0,0,0,0,0,0,1,0,0
WNoorpur,475,,2,0,0,0,0,0,0,0,0,0,0,0,0,0,0,1,1,0,0,0,0
MAMIRISMAIL1,475,,1,0,0,0,0,0,0,0,0,0,0,0,0,0,0,0,0,0,0,0,1
EssexLin,475,,1,0,0,0,0,0,0,0,0,0,0,0,0,0,0,0,1,0,0,0,0
AyahFerGie,475,,1,0,0,0,0,0,0,1,0,0,0,0,0,0,0,0,0,0,0,0,0
AneebRiaz123,475,,1,0,0,0,0,0,0,0,0,0,1,0,0,0,0,0,0,0,0,0,0
AliRezaZare_Sh,475,,1,0,0,0,0,0,0,0,0,0,0,0,0,0,0,0,0,0,1,0,0
sobhanahmadi22,474,,1,0,0,0,0,0,0,0,0,0,0,0,0,1,0,0,0,0,0,0,0
PNWRadTrad,474,,1,0,0,0,0,0,0,0,0,0,0,0,0,0,0,0,0,0,0,1,0
Ezkaferno1373,474,,17,0,1,1,0,1,1,1,1,1,1,1,1,1,1,0,1,1,1,1,1
EvaOrteArte,474,,2,0,0,0,0,0,1,0,0,0,0,0,0,0,0,0,0,1,0,0,0
Devilkhan_143,474,,1,0,0,0,0,0,0,1,0,0,0,0,0,0,0,0,0,0,0,0,0
AsifAli95788859,474,,10,0,0,0,0,0,0,0,0,1,1,1,0,1,0,1,1,1,1,1,1
Aliiisasaniii,474,,1,0,0,0,1,0,0,0,0,0,0,0,0,0,0,0,0,0,0,0,0
Abini9,474,,1,0,0,0,0,0,0,1,0,0,0,0,0,0,0,0,0,0,0,0,0
ivarov54,473,,14,1,0,0,0,0,1,1,1,1,1,0,1,1,1,1,1,1,0,1,1
bintezainbiyoun,473,,1,0,0,0,0,0,0,0,0,0,0,0,0,0,0,0,0,0,0,0,1
YS1859047890583,473,,1,0,0,0,0,0,0,0,0,0,0,0,0,0,0,1,0,0,0,0,0
LetThemTry12,473,,1,0,0,0,0,0,0,0,0,0,0,0,0,0,0,0,0,0,0,0,1
JamilAlfrje,473,,3,0,0,0,0,0,0,0,0,0,0,1,0,1,1,0,0,0,0,0,0
Candyman_2025,473,,3,0,0,0,0,1,0,0,0,1,1,0,0,0,0,0,0,0,0,0,0
silozzy1,472,,1,0,0,0,0,0,0,0,0,1,0,0,0,0,0,0,0,0,0,0,0
MahmudBhaila,472,,1,0,0,0,0,0,0,0,0,0,0,0,0,0,0,0,0,0,0,0,1
IsmailH3695631,472,,1,0,0,0,0,0,0,0,0,0,0,0,0,1,0,0,0,0,0,0,0
prnzrab,471,,1,0,0,0,0,0,0,0,0,0,0,0,0,0,0,0,0,0,0,0,1
plekhmun,471,,1,0,0,0,0,0,0,0,0,0,0,0,0,0,0,0,0,0,0,1,0
lbfran16,471,,2,0,0,0,0,0,1,1,0,0,0,0,0,0,0,0,0,0,0,0,0
REmenac,471,,1,0,0,0,0,0,0,0,1,0,0,0,0,0,0,0,0,0,0,0,0
MohdHaydar,471,,1,0,0,0,0,0,0,0,0,0,0,0,0,0,0,0,1,0,0,0,0
Isis_assasin_,471,,1,0,0,0,0,0,0,0,0,0,0,0,0,0,0,1,0,0,0,0,0
Irajveerkashyap,471,,2,0,0,0,0,0,0,0,0,1,1,0,0,0,0,0,0,0,0,0,0
IMohsinMalix,471,,1,0,0,0,0,0,0,0,1,0,0,0,0,0,0,0,0,0,0,0,0
DonMilano11,471,,1,0,0,0,0,0,0,0,0,1,0,0,0,0,0,0,0,0,0,0,0
AhtyatAhmd83882,471,,1,0,0,0,0,0,0,0,0,0,0,0,0,0,0,1,0,0,0,0,0
zgrteki77869477,470,,2,0,0,0,0,0,0,0,0,0,0,0,0,0,0,0,1,1,0,0,0
koohevandzahra,470,,2,0,0,0,0,0,0,1,0,0,0,0,0,0,0,0,0,0,0,0,1
jaylu61959664,470,,8,1,1,0,0,1,1,1,1,1,0,0,0,0,0,0,0,0,0,1,0
isaaclichen,470,,1,0,0,0,0,0,0,0,0,0,0,0,0,0,0,0,0,0,0,0,1
auddin76,470,,3,0,0,0,0,0,0,1,0,1,0,0,0,0,0,0,1,0,0,0,0
obB7ZamyMuXaVvF,469,,15,0,1,1,1,1,1,1,1,1,1,1,1,1,0,1,1,1,0,0,0
mr_a_ghosh,469,,2,0,0,0,0,0,0,0,0,0,0,0,0,0,0,0,0,1,0,0,1
ibro224,469,,2,0,0,0,0,0,0,0,0,1,0,0,0,1,0,0,0,0,0,0,0
anti_zion2,469,,1,0,0,0,0,0,0,0,0,1,0,0,0,0,0,0,0,0,0,0,0
omarbr213,468,,1,0,0,0,0,0,0,0,1,0,0,0,0,0,0,0,0,0,0,0,0
Leonnniidas,468,,1,0,0,0,0,0,0,0,0,0,0,0,0,0,0,0,0,0,0,0,1
IsfahanMusa,468,,9,0,1,0,0,0,0,0,0,0,1,0,1,0,0,1,1,1,1,1,1
IbadatFakhra,468,,1,0,0,0,0,0,0,0,0,0,0,0,0,0,0,0,0,0,0,0,1
FreeCoffeePods,468,,3,0,0,0,0,0,0,0,0,0,1,0,0,0,0,0,0,1,0,0,1
BodesLBRTY,468,,2,0,0,0,0,0,0,0,1,0,0,0,0,0,0,0,0,0,1,0,0
saiharinathredd,467,,5,0,0,0,0,0,0,0,0,0,1,0,1,0,1,0,1,1,0,0,0
lygilligan,467,,1,0,0,0,0,0,0,0,0,0,0,0,0,1,0,0,0,0,0,0,0
ZnidarcicTom,467,,1,0,0,0,0,0,0,0,0,0,0,0,0,0,0,0,0,1,0,0,0
SarazCh39,467,,1,0,0,0,0,0,0,0,1,0,0,0,0,0,0,0,0,0,0,0,0
MrXperiencez,467,,1,0,0,0,0,0,0,0,0,0,1,0,0,0,0,0,0,0,0,0,0
Kravi009,467,,1,0,0,0,0,0,0,0,0,0,0,0,0,1,0,0,0,0,0,0,0
AhsanNaqvii,467,,1,0,0,0,0,0,0,0,0,1,0,0,0,0,0,0,0,0,0,0,0
slinging_brics,466,,2,0,0,0,0,0,0,0,0,0,0,0,0,1,1,0,0,0,0,0,0
scottandrewb,466,,1,0,0,0,0,0,0,0,0,0,1,0,0,0,0,0,0,0,0,0,0
jahera_donvix,466,,3,0,0,0,0,0,0,0,0,0,0,1,0,0,0,0,0,0,0,1,1
hamidnazem40,466,,1,0,1,0,0,0,0,0,0,0,0,0,0,0,0,0,0,0,0,0,0
deepdowndread,466,,3,0,0,0,0,1,1,0,1,0,0,0,0,0,0,0,0,0,0,0,0
Vvmmwb,466,,4,0,0,0,0,0,1,0,1,0,0,0,0,0,0,0,1,0,0,0,1
PNL_Wizard,466,,1,0,0,0,0,0,0,0,0,0,0,0,0,0,0,0,0,1,0,0,0
Nane6680,466,,1,0,0,0,0,0,0,0,0,0,0,0,0,1,0,0,0,0,0,0,0
JSnyd05,465,,5,0,0,0,0,0,0,0,0,1,1,0,1,0,0,0,0,0,1,1,0
AdigunLuqman,465,,1,0,0,0,0,0,0,0,0,0,0,0,0,0,0,0,0,1,0,0,0
neilrayjones,464,,1,0,0,0,0,0,0,0,0,1,0,0,0,0,0,0,0,0,0,0,0
lingardlee1,464,,3,0,0,0,0,0,1,1,0,0,0,1,0,0,0,0,0,0,0,0,0
keezxhAy,464,,1,0,0,0,0,0,1,0,0,0,0,0,0,0,0,0,0,0,0,0,0
iammohmed_,464,,3,0,0,0,0,1,0,0,1,0,1,0,0,0,0,0,0,0,0,0,0
hassan_takkar,464,,3,0,0,1,0,0,0,0,0,0,0,1,0,0,0,1,0,0,0,0,0
SaniyaS45321303,464,,1,0,0,0,0,0,0,1,0,0,0,0,0,0,0,0,0,0,0,0,0
Mr_Camdo,464,,3,0,1,0,0,0,0,0,0,0,0,0,0,1,0,0,1,0,0,0,0
ErikaSim454418,464,,1,0,0,0,0,0,0,0,0,0,0,0,0,0,0,0,0,0,0,0,1
BenedikteN28186,464,,1,0,0,0,0,0,0,0,0,0,0,0,0,0,0,0,0,0,1,0,0
AjimGKhan,464,,11,0,1,0,1,1,1,0,1,1,1,0,1,1,0,0,1,1,0,0,0
ugolini_g,463,,6,1,0,0,1,1,0,1,1,0,1,0,0,0,0,0,0,0,0,0,0
u_norma,463,,1,0,0,0,0,0,0,0,0,0,0,0,0,0,0,0,0,0,1,0,0
Sartaz_Aziz_17,463,,2,0,0,0,0,0,1,0,0,0,0,0,0,0,0,0,0,0,1,0,0
qaasem80,462,,1,0,1,0,0,0,0,0,0,0,0,0,0,0,0,0,0,0,0,0,0
niemand108,462,,4,0,0,0,0,0,0,0,0,1,1,0,0,1,0,0,0,0,1,0,0
madamglobal,462,,3,0,0,0,0,0,0,0,0,0,1,0,0,0,0,0,0,1,1,0,0
MamoonAftab,462,,1,0,0,0,0,0,0,0,0,0,1,0,0,0,0,0,0,0,0,0,0
MahdiHzq,462,,1,0,0,0,0,0,0,0,0,0,0,0,0,1,0,0,0,0,0,0,0
JustUsama_,462,,1,1,0,0,0,0,0,0,0,0,0,0,0,0,0,0,0,0,0,0,0
Alexandrapavlou,462,,2,0,0,0,0,0,0,0,0,0,0,0,0,1,0,0,0,0,0,0,1
AleRaza15,462,,11,0,0,1,0,0,0,1,1,1,1,0,0,1,1,1,0,0,1,1,1
Abro_27,462,,6,0,0,0,0,1,0,0,0,1,1,1,0,1,0,0,0,0,0,0,1
AMuirhen,462,,1,0,0,0,0,0,0,1,0,0,0,0,0,0,0,0,0,0,0,0,0
lYhTD7e5I9BVtfi,461,,1,0,0,0,0,0,0,0,0,0,1,0,0,0,0,0,0,0,0,0,0
iamYQ_,461,,1,0,0,0,0,0,0,0,0,0,0,0,0,0,0,0,0,0,0,0,1
eiali4,461,,1,1,0,0,0,0,0,0,0,0,0,0,0,0,0,0,0,0,0,0,0
POSITIVE_LIFES1,461,,3,0,0,0,0,0,0,0,0,1,0,0,0,0,0,0,0,0,1,1,0
MohamedALHajri2,461,,1,0,0,0,0,0,0,0,0,0,0,0,0,0,0,1,0,0,0,0,0
IronicRedpill,461,,1,0,0,0,0,0,0,0,0,0,0,0,0,0,0,0,0,0,0,0,1
GreyGloves2K,461,,1,0,0,0,0,0,0,0,0,0,1,0,0,0,0,0,0,0,0,0,0
t_g_arsham,460,,1,0,0,0,0,0,0,0,1,0,0,0,0,0,0,0,0,0,0,0,0
sarbazagha32,460,,2,0,0,0,0,0,0,0,0,0,0,0,0,1,1,0,0,0,0,0,0
mirtahirhussian,460,,1,0,0,0,0,0,0,0,0,0,1,0,0,0,0,0,0,0,0,0,0
mabahrami,460,,1,0,0,0,0,1,0,0,0,0,0,0,0,0,0,0,0,0,0,0,0
jjeebhoy,460,,1,0,0,0,0,0,0,0,0,0,0,0,0,0,0,0,0,0,0,0,1
ipersianwarrior,460,,6,0,1,1,1,1,1,1,0,0,0,0,0,0,0,0,0,0,0,0,0
aadushe,460,,1,0,0,0,0,0,0,0,0,0,0,0,0,0,0,0,0,0,0,1,0
Youngtilldate,460,,1,1,0,0,0,0,0,0,0,0,0,0,0,0,0,0,0,0,0,0,0
JcrPerez,460,,11,0,1,1,1,0,1,1,1,0,1,1,1,1,1,0,0,0,0,0,0
DrKasumbaUmar,460,,2,0,0,0,0,0,0,0,0,0,1,0,0,0,0,0,0,0,1,0,0
Comr_Sanusi1,460,,1,0,0,0,0,0,0,0,0,0,0,0,0,0,0,0,0,1,0,0,0
BameriAli,460,,1,0,0,0,0,0,0,0,0,0,0,0,0,0,0,0,0,0,1,0,0
washington38mar,459,,1,0,0,1,0,0,0,0,0,0,0,0,0,0,0,0,0,0,0,0,0
kropotkin0499,459,,2,0,0,0,0,0,0,0,0,0,1,0,0,0,0,0,0,0,1,0,0
ThinSlice77,459,,2,0,0,0,0,0,0,0,1,1,0,0,0,0,0,0,0,0,0,0,0
Nd21Rdl,459,,7,0,0,1,0,0,0,0,1,0,0,0,1,1,1,0,1,0,0,1,0
Fre48Palestine,459,,2,0,0,0,0,0,0,0,0,0,1,0,0,0,0,0,0,1,0,0,0
persiannee,458,,1,0,0,0,0,0,0,0,0,0,0,0,0,0,0,0,0,0,1,0,0
blitzcloud87,458,,3,0,0,0,0,0,0,0,0,0,0,0,0,0,0,0,1,1,1,0,0
SaineyGibba1,458,,1,0,0,0,0,0,0,0,0,0,1,0,0,0,0,0,0,0,0,0,0
MeenaZarmeena,458,,1,0,0,0,0,0,1,0,0,0,0,0,0,0,0,0,0,0,0,0,0
AJKavanagh3,458,,1,0,0,0,0,0,0,0,0,0,0,0,0,0,0,0,0,0,0,1,0
veritableview1,457,,3,0,1,0,0,0,1,0,0,0,0,0,0,0,0,0,0,1,0,0,0
tbabiieexo,457,,1,1,0,0,0,0,0,0,0,0,0,0,0,0,0,0,0,0,0,0,0
seyed_hastam,457,,4,0,0,0,0,0,1,0,0,0,1,0,0,0,0,0,0,1,1,0,0
mani_shehzad,457,,2,0,0,0,0,0,0,0,0,0,0,0,0,0,0,0,1,0,0,0,1
k1ka1der,457,,4,0,0,1,0,0,0,0,0,0,1,0,0,1,0,0,0,1,0,0,0
Sindiran23,457,,1,0,0,0,0,0,0,0,0,0,0,0,0,0,0,0,0,0,0,1,0
IberReporta,457,,9,0,1,0,0,0,1,0,1,0,1,0,1,0,0,0,1,1,1,0,1
Garbageilo,457,,4,0,0,0,0,0,0,0,1,1,0,0,0,0,0,0,0,1,0,0,1
imsuleman343,456,,1,0,0,0,0,0,0,0,0,0,1,0,0,0,0,0,0,0,0,0,0
ammar63087,456,,3,0,0,0,0,1,0,0,0,0,1,0,1,0,0,0,0,0,0,0,0
Sonu447741112,456,,11,1,0,0,0,1,1,1,1,0,1,1,0,1,0,0,0,1,1,0,1
Shams4musty,456,,1,0,0,0,0,0,0,0,1,0,0,0,0,0,0,0,0,0,0,0,0
MoisesMendoza67,456,,1,0,0,0,0,0,0,0,0,0,0,0,0,0,0,0,0,1,0,0,0
MdNaushad210197,456,,1,0,0,0,1,0,0,0,0,0,0,0,0,0,0,0,0,0,0,0,0
JadeyAfc15,456,,7,0,1,0,0,1,0,0,0,1,1,0,1,0,0,1,0,1,0,0,0
Azamora7,456,,1,0,0,0,0,0,0,0,0,1,0,0,0,0,0,0,0,0,0,0,0
AttilaKalm76521,456,,3,0,0,1,0,0,0,0,0,0,0,0,0,0,0,0,0,0,0,1,1
qkrdmstn123,455,,1,0,0,0,0,0,0,0,0,0,0,0,0,0,0,0,0,0,0,0,1
Narjes8686,455,,3,0,0,0,1,1,0,0,0,0,0,0,0,0,0,0,0,0,0,0,1
willwoods54,454,,2,0,0,0,0,0,1,0,0,0,0,0,0,0,0,0,0,0,1,0,0
seyedhoseen30,454,,1,0,0,0,0,0,0,0,0,0,0,0,1,0,0,0,0,0,0,0,0
logicalvoter,454,,2,0,0,0,0,0,0,0,0,0,0,0,0,1,0,0,0,1,0,0,0
lasdelnilopress,454,,7,0,0,1,0,0,1,1,1,0,0,0,0,0,0,0,1,0,1,0,1
kumailhsyed,454,,1,0,0,0,0,1,0,0,0,0,0,0,0,0,0,0,0,0,0,0,0
ChaffeHuw,454,,2,0,0,0,0,0,0,0,0,0,0,0,0,0,0,1,0,1,0,0,0
AngwenyiKefa,454,,4,0,0,0,0,0,1,0,0,1,0,0,0,0,0,0,0,0,0,1,1
balr_one,453,,3,0,0,0,0,0,0,0,0,0,1,0,0,1,0,0,0,0,1,0,0
WNewtonmburu,453,,1,0,0,1,0,0,0,0,0,0,0,0,0,0,0,0,0,0,0,0,0
TreesaGreene,453,,1,0,0,0,0,0,0,0,0,0,0,0,0,0,0,0,0,0,0,1,0
Mickey00Neil,453,,2,0,0,0,0,0,0,0,0,1,1,0,0,0,0,0,0,0,0,0,0
KarenKn36249961,453,,1,0,0,0,0,0,0,0,0,0,0,0,0,0,0,0,0,0,0,0,1
HasnainEMO,453,,2,0,0,0,0,0,0,0,1,1,0,0,0,0,0,0,0,0,0,0,0
quantumghoul,452,,1,0,0,0,0,0,0,0,0,1,0,0,0,0,0,0,0,0,0,0,0
laltain17,452,,2,0,0,0,0,0,0,1,0,0,0,1,0,0,0,0,0,0,0,0,0
_yar_ALI_,452,,2,0,1,0,0,1,0,0,0,0,0,0,0,0,0,0,0,0,0,0,0
Trulymerian,452,,5,1,1,0,0,0,0,0,0,0,0,1,0,0,0,1,0,0,0,0,1
FawziKhayat,452,,7,0,0,0,0,0,1,0,0,1,1,0,0,1,0,0,1,1,1,0,0
walking_Sadman,451,,1,0,0,0,0,0,0,0,0,0,0,0,0,1,0,0,0,0,0,0,0
toca_republica,451,,1,0,0,0,0,0,0,1,0,0,0,0,0,0,0,0,0,0,0,0,0
thesage9345681,451,,2,0,0,0,0,0,0,0,0,0,1,0,0,0,0,0,0,1,0,0,0
out_of_comision,451,,2,0,0,0,0,0,0,0,0,0,0,0,0,0,0,0,0,0,0,1,1
gerirochford,451,,1,0,0,0,0,0,1,0,0,0,0,0,0,0,0,0,0,0,0,0,0
espadaxespada,451,,3,0,0,0,0,0,0,0,1,0,1,0,0,0,0,0,0,0,0,0,1
drnadimbajkani,451,,1,0,0,0,0,0,0,0,0,1,0,0,0,0,0,0,0,0,0,0,0
TheRealMiff,451,,1,0,0,0,0,0,0,0,0,0,1,0,0,0,0,0,0,0,0,0,0
StoicSarcast,451,,1,0,0,0,0,0,0,0,0,0,0,0,0,1,0,0,0,0,0,0,0
RezaieMasoma,451,,1,0,0,0,0,0,0,0,0,0,0,0,0,1,0,0,0,0,0,0,0
ReedzuanH,451,,1,0,0,0,0,0,0,0,0,0,0,0,0,0,0,0,0,0,0,0,1
InvestorQuito,451,,1,0,0,0,0,0,0,0,0,0,0,0,0,0,0,0,0,0,1,0,0
Bonnie_Osciton1,451,,4,0,0,0,0,0,0,1,1,1,1,0,0,0,0,0,0,0,0,0,0
AkshatKohli7,451,,5,0,0,0,0,1,1,0,0,1,0,0,0,0,0,0,1,0,0,1,0
waltzingmonkey,450,,1,0,0,0,0,0,1,0,0,0,0,0,0,0,0,0,0,0,0,0,0
gorbahram,450,,1,0,0,0,0,0,0,0,0,0,0,0,0,0,0,0,1,0,0,0,0
Zaintweetz,450,,2,0,0,0,0,0,0,0,0,1,1,0,0,0,0,0,0,0,0,0,0
UbaidVector,450,,1,0,0,0,0,0,0,0,0,0,0,0,0,0,0,0,0,0,0,0,1
Soheil_Os,450,,8,0,0,0,0,1,1,0,0,1,1,0,0,0,0,0,0,1,1,1,1
elijahnaemezu,449,,9,0,0,0,0,0,0,1,1,0,1,1,1,1,1,0,0,1,1,0,0
ejlaluna,449,,4,0,0,0,0,0,0,1,0,0,0,0,0,0,0,0,0,0,1,1,1
albertoes9020,449,,1,0,0,0,0,0,0,0,0,0,0,0,0,0,0,0,1,0,0,0,0
BigGuyBry,449,,1,0,0,0,0,0,0,0,0,0,0,0,0,0,0,0,0,1,0,0,0
AnmarAbbas3,449,,6,0,0,0,0,0,1,1,0,1,1,0,0,0,0,0,0,1,0,0,1
verbotipobd,448,,1,0,0,0,0,0,0,0,0,0,0,0,0,0,0,0,0,0,0,0,1
sohailkhan1284,448,,1,0,0,0,0,0,0,0,0,1,0,0,0,0,0,0,0,0,0,0,0
schermoapois,448,,1,0,0,0,0,0,1,0,0,0,0,0,0,0,0,0,0,0,0,0,0
msbabu007bd,448,,1,0,0,0,0,0,0,0,0,0,0,0,0,0,0,0,0,0,0,1,0
mohsen_gol53052,448,,1,0,0,0,0,0,0,0,0,0,0,0,0,1,0,0,0,0,0,0,0
marcy540,448,,12,0,1,1,1,1,1,1,0,0,1,1,1,0,0,0,0,0,1,1,1
LORDNAMER,448,,1,0,0,0,0,0,0,0,0,0,0,0,0,0,0,1,0,0,0,0,0
Javad_zarvandi,448,,1,0,0,0,0,0,0,0,0,0,0,0,0,0,0,0,0,0,1,0,0
H__bio78,448,,1,0,0,0,0,0,0,0,0,0,0,0,0,0,0,1,0,0,0,0,0
HE4DEYES,448,,2,0,0,0,0,0,1,0,0,0,0,0,0,1,0,0,0,0,0,0,0
FarhanIsnt,448,,4,0,0,0,0,0,0,0,0,0,1,0,0,1,0,0,0,0,0,1,1
AsrarAmir1,447,,1,0,0,0,0,0,0,0,0,0,0,0,0,0,0,0,0,0,0,0,1
stillfree69,446,,2,0,0,0,0,0,0,0,0,0,0,0,0,0,0,1,1,0,0,0,0
monocular,446,,2,0,0,0,0,0,0,0,0,0,0,0,0,0,0,0,0,0,1,1,0
SewahRizla,446,,2,0,0,0,0,0,0,0,1,0,0,0,0,0,0,0,0,1,0,0,0
NaDew33,446,,1,0,0,0,0,0,0,0,0,0,0,0,0,0,0,1,0,0,0,0,0
Invitto_7,446,,1,0,0,0,0,0,1,0,0,0,0,0,0,0,0,0,0,0,0,0,0
IgnatiuosA,446,,1,0,0,0,0,0,0,0,0,0,1,0,0,0,0,0,0,0,0,0,0
GIOSECONDO,446,,11,1,1,1,1,1,1,0,0,0,0,1,0,0,0,1,1,1,1,0,0
dontbefooled321,445,,1,0,0,1,0,0,0,0,0,0,0,0,0,0,0,0,0,0,0,0,0
Vaucluse14,445,,1,0,0,0,0,0,0,0,0,0,0,0,0,0,0,0,0,1,0,0,0
Patrick38403611,445,,2,0,0,0,0,0,0,0,0,0,1,0,0,0,0,0,0,0,0,0,1
Hoseinkord55027,445,,2,0,0,0,1,0,0,0,0,0,0,0,0,0,0,0,0,0,0,1,0
AlexSayeem,445,,1,0,0,0,0,0,0,0,0,0,0,0,0,0,0,0,0,0,0,0,1
AdriIllu,445,,2,0,0,0,0,0,0,0,0,0,1,0,0,0,0,0,0,0,0,0,1
wrwmbt,444,,2,0,0,0,0,0,1,0,1,0,0,0,0,0,0,0,0,0,0,0,0
ohneka_,444,,2,0,0,0,0,0,0,0,0,0,0,0,0,0,0,1,0,1,0,0,0
makavelyDragnir,444,,3,0,0,0,0,0,1,0,0,0,1,0,0,1,0,0,0,0,0,0,0
hesha_m2018,444,,2,0,0,0,1,0,0,0,0,0,0,0,0,0,0,0,0,0,0,1,0
ghulam_res13598,444,,2,0,1,0,0,0,0,0,0,0,1,0,0,0,0,0,0,0,0,0,0
ZAkbari19929,444,,1,0,0,0,0,0,0,0,0,0,0,0,0,0,0,0,0,0,0,1,0
Soy_Tariacuri,444,,1,0,0,0,0,0,1,0,0,0,0,0,0,0,0,0,0,0,0,0,0
NDR366,444,,1,0,0,0,0,1,0,0,0,0,0,0,0,0,0,0,0,0,0,0,0
ANeukolnl1,444,,2,0,0,0,0,0,0,0,0,0,0,0,0,0,0,0,0,0,0,1,1
Majidyqb,443,,1,0,0,0,0,0,0,0,1,0,0,0,0,0,0,0,0,0,0,0,0
GUNewsNetwork,443,,1,0,0,0,0,0,1,0,0,0,0,0,0,0,0,0,0,0,0,0,0
Eng_Shady_Ali,443,,1,0,0,0,0,0,0,0,0,0,0,0,0,0,0,0,0,1,0,0,0
Beingsalmandie1,443,,12,0,1,1,0,0,1,1,1,1,1,1,1,1,1,0,1,0,0,0,0
AmiriMahmo33361,443,,1,0,0,0,0,0,0,0,0,0,0,0,0,1,0,0,0,0,0,0,0
otheruser2030,442,,1,0,0,0,0,0,0,0,0,0,0,0,0,0,0,1,0,0,0,0,0
nerevivalist,442,,2,0,0,0,0,0,0,0,0,1,1,0,0,0,0,0,0,0,0,0,0
jonesj,442,,8,0,0,0,0,1,1,0,0,0,1,0,1,1,0,0,0,1,1,1,0
dsids09,442,,10,0,1,0,0,0,0,1,1,1,1,0,0,0,0,1,1,1,1,0,1
blsutton,442,,1,0,0,0,0,0,0,0,0,0,0,0,0,0,0,0,0,0,1,0,0
Sakhile_Gebza,442,,1,0,0,0,0,0,0,0,0,0,0,1,0,0,0,0,0,0,0,0,0
DalriadaBhoy,442,,1,0,0,0,0,0,1,0,0,0,0,0,0,0,0,0,0,0,0,0,0
ClaudiaRacoglez,442,,2,0,0,0,0,0,1,1,0,0,0,0,0,0,0,0,0,0,0,0,0
yasamin1740055,441,,2,0,0,0,0,0,0,0,0,0,0,0,0,0,0,0,0,0,1,1,0
sydmostafa5,441,,1,0,0,0,0,0,0,0,0,0,0,0,0,1,0,0,0,0,0,0,0
nas_yahya,441,,1,0,0,0,0,0,0,0,0,0,0,0,0,0,0,0,0,0,0,0,1
mukarangaweku03,441,,3,0,0,0,0,1,0,0,0,1,0,0,0,1,0,0,0,0,0,0,0
behehshtiium,441,,1,0,0,0,0,0,0,0,0,0,0,1,0,0,0,0,0,0,0,0,0
SedAli_R,441,,1,0,0,0,0,0,0,0,0,0,0,0,0,0,0,1,0,0,0,0,0
rajabali6266618,440,,1,0,0,0,0,0,0,0,0,0,0,0,0,1,0,0,0,0,0,0,0
liiberte7,440,,3,0,0,0,0,1,0,1,0,0,0,1,0,0,0,0,0,0,0,0,0
jennjennforev,440,,1,0,0,0,0,1,0,0,0,0,0,0,0,0,0,0,0,0,0,0,0
ghazzawy_elnemr,440,,1,0,0,0,0,0,0,0,0,0,0,0,0,0,0,0,0,0,0,0,1
deliktas_aytac,440,,6,1,0,0,0,1,1,0,0,0,0,0,0,0,0,0,0,1,1,0,1
TenShagsUtd,440,,1,0,0,0,0,0,1,0,0,0,0,0,0,0,0,0,0,0,0,0,0
Imhsnbzn,440,,1,0,0,0,0,1,0,0,0,0,0,0,0,0,0,0,0,0,0,0,0
ayanlehsaid,439,,1,0,0,0,0,0,0,0,0,1,0,0,0,0,0,0,0,0,0,0,0
_berggeit_,439,,4,0,0,0,0,0,0,0,1,0,1,0,0,0,0,0,1,0,0,1,0
Ruslan11431897,439,,7,0,0,0,0,1,1,0,0,0,1,1,0,1,0,0,0,1,1,0,0
Rezaahadi_ir,439,,1,0,0,0,0,0,0,0,0,0,0,1,0,0,0,0,0,0,0,0,0
Kalam26409265,439,,2,0,0,0,0,0,0,0,0,0,0,0,0,0,0,0,0,0,0,1,1
IrfanPathan1612,439,,10,0,0,1,1,0,0,1,1,1,1,0,0,0,0,1,1,1,1,0,0
ImObaidG,439,,1,0,0,0,0,0,0,0,1,0,0,0,0,0,0,0,0,0,0,0,0
Harish_Mallick1,439,,1,0,0,0,0,0,0,0,0,0,0,0,0,0,0,0,0,0,0,0,1
DGrat3,439,,2,0,0,0,0,0,0,0,0,0,0,0,0,0,0,0,0,0,1,0,1
mitamuk,438,,5,0,0,0,0,1,1,0,0,1,1,0,0,0,0,0,0,1,0,0,0
maryamy5348,438,,1,0,0,0,1,0,0,0,0,0,0,0,0,0,0,0,0,0,0,0,0
mahmudolaguro,438,,5,0,0,0,0,1,0,1,1,1,1,0,0,0,0,0,0,0,0,0,0
e_manning,438,,6,1,0,1,1,1,1,0,0,0,0,0,0,0,0,0,1,0,0,0,0
Zain3Alabiden,438,,1,0,0,0,0,0,0,0,0,0,0,0,0,0,0,1,0,0,0,0,0
WestCoastKid99,438,,2,1,0,0,0,0,0,0,0,0,0,1,0,0,0,0,0,0,0,0,0
Rodneye9110,438,,1,0,0,0,0,0,0,0,0,0,0,0,0,0,0,0,0,0,0,0,1
Officer_003,438,,1,0,0,0,0,1,0,0,0,0,0,0,0,0,0,0,0,0,0,0,0
HsnRda42704,438,,3,0,0,0,0,0,0,1,0,0,0,0,1,0,0,0,0,1,0,0,0
BadBobin,438,,3,0,0,0,0,0,0,0,1,1,0,0,1,0,0,0,0,0,0,0,0
Amirhosein_213_,438,,1,0,0,0,0,0,0,0,0,0,0,1,0,0,0,0,0,0,0,0,0
AbdulQayyum7086,438,,1,0,0,0,0,0,0,0,0,0,0,0,0,0,0,0,0,0,1,0,0
khanmubarakali9,437,,2,0,0,0,0,0,0,1,0,1,0,0,0,0,0,0,0,0,0,0,0
ayanfahiye,437,,1,0,0,0,0,0,0,0,0,0,0,0,0,0,0,0,0,0,1,0,0
ava255f,437,,1,0,0,0,0,0,0,0,0,0,0,0,0,0,0,0,0,1,0,0,0
abw_hamz,437,,1,0,0,0,0,0,0,0,0,0,0,0,0,0,0,1,0,0,0,0,0
VandorCirkusz,437,,1,0,0,0,0,0,0,0,0,1,0,0,0,0,0,0,0,0,0,0,0
SahilAh14741,437,,9,0,0,1,1,1,1,0,1,1,1,0,0,1,0,0,0,1,0,0,0
Saffronboy93,437,,2,0,0,0,0,0,1,0,0,0,0,0,0,0,1,0,0,0,0,0,0
IranSlovenia,437,,7,0,0,0,1,0,0,0,0,0,1,1,1,0,0,1,0,1,0,0,1
FaA63076974,437,,8,0,0,0,0,0,1,0,0,0,0,0,1,1,0,1,1,1,0,1,1
BuchiqGedebe,437,,2,0,0,0,0,0,1,0,1,0,0,0,0,0,0,0,0,0,0,0,0
AntonioHMMx,437,,1,0,0,0,0,0,0,0,0,0,0,0,0,0,0,1,0,0,0,0,0
salam_ab,436,,3,0,0,0,0,0,1,0,0,0,1,0,0,0,0,1,0,0,0,0,0
mohsentanha84,436,,1,0,0,0,0,0,0,1,0,0,0,0,0,0,0,0,0,0,0,0,0
joseandres928,436,,1,0,0,0,0,0,0,0,0,0,1,0,0,0,0,0,0,0,0,0,0
arsallan__,436,,1,0,0,0,0,0,0,1,0,0,0,0,0,0,0,0,0,0,0,0,0
adark_1,436,,1,1,0,0,0,0,0,0,0,0,0,0,0,0,0,0,0,0,0,0,0
JeanJacques1956,436,,1,0,0,0,0,0,0,0,0,0,0,0,0,0,0,0,0,1,0,0,0
JCorrado1931,436,,6,0,0,0,0,0,0,0,0,0,0,1,0,1,0,0,1,1,1,1,0
AmaanQuest,436,,5,0,0,0,0,0,0,0,1,0,1,1,0,0,0,0,0,1,0,0,1
ydr987654321,435,,1,0,0,0,0,0,0,0,0,0,0,0,0,0,0,0,0,0,0,0,1
volgrim,435,,1,0,0,0,0,0,0,0,0,0,0,0,0,0,1,0,0,0,0,0,0
emilmalek8752,435,,2,0,0,0,0,0,0,0,0,1,0,0,0,0,0,0,0,0,0,0,1
currita24,435,,1,0,0,0,0,0,0,0,0,0,0,0,0,0,0,0,0,0,0,0,1
Um_Sabonete,435,,1,0,0,0,0,0,0,0,0,0,0,0,0,0,0,0,0,0,1,0,0
GalichetJoffrey,435,,2,0,0,0,0,0,1,1,0,0,0,0,0,0,0,0,0,0,0,0,0
lasem99,434,,5,0,0,0,0,0,0,0,0,1,1,0,0,1,1,0,0,0,0,1,0
TahaKaramKhani,434,,1,0,0,0,0,0,0,0,0,0,0,0,0,1,0,0,0,0,0,0,0
Karrvi_Baatein,434,,3,1,1,0,0,0,0,0,0,0,0,0,0,0,0,0,0,0,0,0,1
Gerard973154569,434,,4,0,0,0,0,0,1,1,0,0,1,0,1,0,0,0,0,0,0,0,0
El_Winters1348,434,,1,0,0,0,0,0,0,0,0,0,0,1,0,0,0,0,0,0,0,0,0
Bashir280994732,434,,2,0,0,0,0,0,0,0,0,0,0,0,1,1,0,0,0,0,0,0,0
Apurbo_3107,434,,2,0,0,0,0,0,0,0,0,1,0,0,0,0,0,0,0,0,0,0,1
Ankush0543,434,,1,0,0,0,0,0,0,0,1,0,0,0,0,0,0,0,0,0,0,0,0
zahid_haidari,433,,1,0,0,0,0,0,0,0,0,0,0,0,0,0,0,0,1,0,0,0,0
truthvisfalse,433,,1,0,0,0,0,0,0,0,0,0,0,0,0,0,0,0,0,0,0,0,1
mohammadas46191,433,,1,0,0,0,0,0,0,0,0,0,0,0,0,0,0,0,0,0,0,1,0
bowtiedlep,433,,1,0,0,0,0,0,1,0,0,0,0,0,0,0,0,0,0,0,0,0,0
bakingbolshevik,433,,1,0,0,0,0,0,0,0,0,0,1,0,0,0,0,0,0,0,0,0,0
TannerOfEarth,433,,1,0,0,0,0,0,0,0,0,0,0,0,0,0,0,0,0,1,0,0,0
Sunnykasmaei,433,,1,0,0,0,0,0,0,0,0,0,0,1,0,0,0,0,0,0,0,0,0
CnallA,433,,1,0,0,0,0,0,0,0,0,0,1,0,0,0,0,0,0,0,0,0,0
CheersFoods,433,,1,0,0,0,0,0,0,0,0,0,0,0,0,0,0,0,1,0,0,0,0
twt_me,432,,2,1,0,0,0,0,0,0,0,0,0,0,0,0,0,0,0,1,0,0,0
jouissance17,432,,1,0,0,0,0,0,0,0,0,0,0,0,0,0,0,0,0,0,1,0,0
fatemehhos27403,432,,1,0,0,0,0,0,0,0,0,0,0,0,0,1,0,0,0,0,0,0,0
RakanMallak,432,,1,0,0,0,0,0,0,0,0,0,0,0,0,0,0,0,0,1,0,0,0
Moltisanti0807,432,,1,0,0,0,0,0,0,0,0,0,0,0,0,0,0,0,1,0,0,0,0
MichaelJRowley3,432,,2,0,0,0,0,0,0,0,0,0,0,1,0,0,0,0,0,1,0,0,0
MFaezeh7487675,432,,3,0,0,0,0,0,0,0,0,0,0,0,0,1,0,0,0,0,0,1,1
Golazotz,432,,2,0,0,0,0,0,0,0,1,0,1,0,0,0,0,0,0,0,0,0,0
grannyofmax,431,,1,0,0,0,0,0,0,0,0,0,0,1,0,0,0,0,0,0,0,0,0
bigsam7_,431,,2,0,0,0,0,0,0,0,0,1,1,0,0,0,0,0,0,0,0,0,0
aliyousefi313,431,,1,0,0,0,0,0,0,0,0,0,0,0,0,0,0,1,0,0,0,0,0
Warrior6769,431,,14,0,1,0,1,1,1,0,1,1,1,1,1,1,1,0,0,1,1,0,1
Vojin_31,431,,7,0,0,0,0,0,1,0,0,1,1,0,0,1,0,0,0,1,0,1,1
Rickey_de1,431,,4,1,0,0,0,0,0,0,1,0,1,0,1,0,0,0,0,0,0,0,0
PeanakWines,431,,15,1,1,1,0,1,1,1,1,1,1,0,1,0,1,0,1,0,1,1,1
PChandr43659403,431,,12,0,1,0,1,0,0,1,1,1,1,0,0,0,1,1,0,1,1,1,1
MeSepul,431,,1,0,0,0,0,0,1,0,0,0,0,0,0,0,0,0,0,0,0,0,0
MaestroAdrianMP,431,,3,1,0,0,0,0,1,0,0,0,0,0,0,0,0,0,0,1,0,0,0
Lunexalith,431,,1,0,0,0,0,0,0,0,0,0,1,0,0,0,0,0,0,0,0,0,0
ForecastMacro,431,,2,0,0,0,0,0,0,0,0,0,1,0,0,0,0,0,0,0,1,0,0
BiliciFerhad,431,,1,0,0,0,0,0,0,0,0,0,0,0,0,0,0,0,1,0,0,0,0
txurini,430,,1,0,0,0,0,0,0,0,0,0,0,0,0,1,0,0,0,0,0,0,0
missroha128,430,,2,0,0,0,0,0,0,0,0,0,0,0,0,1,0,0,1,0,0,0,0
maslahaikoi,430,,1,1,0,0,0,0,0,0,0,0,0,0,0,0,0,0,0,0,0,0,0
kaschner_sheila,430,,19,0,1,1,1,1,1,1,1,1,1,1,1,1,1,1,1,1,1,1,1
huss1806,430,,1,0,0,0,0,0,0,0,0,0,0,0,0,0,0,0,0,1,0,0,0
UmarKureshi,430,,1,0,0,0,0,0,0,0,0,0,0,0,0,0,0,0,0,1,0,0,0
Gringo_Martin_,430,,1,0,0,0,0,0,0,0,0,0,0,0,0,0,0,0,0,1,0,0,0
AbyramHdz,430,,1,0,0,0,0,0,0,0,0,0,0,0,0,0,0,0,0,0,1,0,0
s94427949,429,,1,0,0,1,0,0,0,0,0,0,0,0,0,0,0,0,0,0,0,0,0
r20212021rrr,429,,1,0,0,0,0,0,0,0,0,0,0,0,0,0,0,1,0,0,0,0,0
iam_Galib,429,,1,0,0,0,0,0,0,0,0,0,1,0,0,0,0,0,0,0,0,0,0
RogueNetizen,429,,1,0,0,0,0,0,0,0,0,0,0,0,0,0,0,0,0,1,0,0,0
JervMax_45,429,,1,0,0,0,0,0,0,0,0,1,0,0,0,0,0,0,0,0,0,0,0
Iman67633,429,,1,0,0,0,0,0,0,0,0,0,0,0,0,0,0,0,0,1,0,0,0
sarasakura14,428,,14,0,0,1,0,0,1,1,1,1,1,1,1,1,0,1,1,1,1,1,0
maryam_shakib17,428,,1,0,0,0,0,0,0,0,0,0,0,0,0,0,0,0,0,0,1,0,0
lilinparis1,428,,2,0,1,0,0,0,0,0,0,0,0,0,0,1,0,0,0,0,0,0,0
LadaClaude,428,,1,1,0,0,0,0,0,0,0,0,0,0,0,0,0,0,0,0,0,0,0
Ibraheem2nd,428,,1,0,0,0,0,0,0,0,0,0,1,0,0,0,0,0,0,0,0,0,0
ArsalanTwt46089,428,,1,0,0,0,0,0,0,1,0,0,0,0,0,0,0,0,0,0,0,0,0
kara96_mehdi,427,,1,0,0,0,0,0,0,0,0,0,0,0,0,0,0,0,0,0,1,0,0
fairyjoon,427,,5,0,0,1,0,0,0,0,0,0,0,0,0,0,0,1,1,1,1,0,0
chargzz,427,,2,0,0,0,0,0,0,0,0,0,0,0,0,0,0,0,0,0,0,1,1
TunjiGbadamosi,427,,3,0,0,0,0,0,0,0,1,0,0,0,0,0,0,0,0,0,0,1,1
SotirisLap,427,,2,0,0,0,0,0,0,0,0,0,0,0,1,0,0,0,0,0,1,0,0
Raqwa3,427,,4,0,0,0,0,0,0,0,1,1,1,0,0,0,0,0,0,0,0,1,0
Aliazadi_1385,427,,1,0,0,0,0,0,0,0,0,1,0,0,0,0,0,0,0,0,0,0,0
loving4friends,426,,1,0,0,0,0,0,0,0,0,0,0,0,0,0,0,0,0,1,0,0,0
langbaai,426,,2,0,0,0,0,0,0,0,0,0,0,0,0,1,1,0,0,0,0,0,0
darksoul2131,426,,1,0,0,0,0,0,0,0,0,0,0,0,0,0,0,0,0,1,0,0,0
amjadhussainch,426,,1,0,0,0,0,0,0,0,0,1,0,0,0,0,0,0,0,0,0,0,0
TweetDisliker,426,,1,0,0,0,0,0,0,0,0,0,0,0,0,0,0,0,0,0,0,0,1
SayyedHossein,426,,6,1,0,1,0,0,0,0,0,0,0,0,0,1,1,0,1,0,1,0,0
MFaheemAnsari4,426,,7,0,0,0,0,0,0,0,0,0,1,1,0,1,0,0,1,0,1,1,1
GajimiIbrahim,426,,11,0,1,0,0,1,1,1,1,1,1,1,0,0,0,0,1,0,1,0,1
sekyls,425,,1,0,1,0,0,0,0,0,0,0,0,0,0,0,0,0,0,0,0,0,0
onaisyabbas,425,,1,0,0,0,0,0,0,0,0,0,0,0,0,0,0,1,0,0,0,0,0
mesopo1776,425,,1,0,0,0,0,0,1,0,0,0,0,0,0,0,0,0,0,0,0,0,0
ZrSadaf95360,425,,4,0,0,0,0,0,0,1,0,0,0,0,0,1,0,1,0,0,0,1,0
Dellahhussein,425,,6,0,0,0,0,0,0,0,1,0,1,1,1,1,0,0,0,1,0,0,0
tower_dk,424,,1,0,0,0,0,0,0,0,0,0,1,0,0,0,0,0,0,0,0,0,0
simpson_dk,424,,2,0,0,0,0,0,0,0,0,0,0,0,0,1,1,0,0,0,0,0,0
paradisebehesht,424,,1,0,0,0,0,0,0,0,0,0,0,0,0,0,0,0,0,1,0,0,0
YiannGe,424,,3,1,1,0,0,0,0,0,0,0,0,0,0,0,0,0,0,0,0,0,1
Sal996R,424,,1,0,0,0,0,0,0,0,0,0,1,0,0,0,0,0,0,0,0,0,0
Juanlittle42,424,,1,0,0,0,0,0,0,1,0,0,0,0,0,0,0,0,0,0,0,0,0
JAM_session_,424,,2,0,0,0,0,0,0,0,0,0,1,0,1,0,0,0,0,0,0,0,0
shah_i_,423,,1,0,0,0,0,0,0,0,0,1,0,0,0,0,0,0,0,0,0,0,0
hakancan1525,423,,1,0,0,0,0,0,1,0,0,0,0,0,0,0,0,0,0,0,0,0,0
chinju1080,423,,1,0,0,0,0,0,0,0,0,0,1,0,0,0,0,0,0,0,0,0,0
MysticTravel5,423,,1,0,0,0,0,0,1,0,0,0,0,0,0,0,0,0,0,0,0,0,0
HsnPyamy7874,423,,19,0,1,1,1,1,1,1,1,1,1,1,1,1,1,1,1,1,1,1,1
nmtraveller36,422,,1,1,0,0,0,0,0,0,0,0,0,0,0,0,0,0,0,0,0,0,0
galf_peto,422,,1,0,0,0,0,0,0,0,0,0,0,0,0,0,0,0,0,1,0,0,0
Sharpsight2026,422,,4,0,1,0,0,0,0,0,1,1,0,0,0,0,0,0,0,0,0,0,1
SH__Hamza,422,,1,0,0,0,0,0,0,0,0,0,0,0,0,0,0,0,0,0,1,0,0
Maser_sha1,422,,3,0,0,0,0,0,1,0,0,1,0,0,0,0,0,1,0,0,0,0,0
Damrod4488,422,,1,0,0,0,0,0,0,0,0,0,0,0,0,0,0,0,0,0,1,0,0
siqgla,421,,6,0,0,0,0,0,0,0,1,0,1,0,0,1,0,1,1,1,0,0,0
manuchao217,421,,7,0,1,0,0,0,0,0,1,0,1,1,1,1,0,0,0,0,0,0,1
heatedgnas12343,421,,1,0,0,0,0,0,0,0,0,0,0,1,0,0,0,0,0,0,0,0,0
SabraFajr,421,,1,0,0,0,0,0,0,0,1,0,0,0,0,0,0,0,0,0,0,0,0
HealingHack,421,,1,0,0,0,0,0,0,0,0,1,0,0,0,0,0,0,0,0,0,0,0
vahidfatahii,420,,1,0,0,0,0,0,0,0,0,0,0,0,0,0,0,0,0,0,0,0,1
thaerrb,420,,2,0,0,0,0,0,0,0,0,0,0,0,0,0,0,0,1,0,0,1,0
shanehussain110,420,,6,0,0,1,0,0,1,0,0,0,1,0,1,0,0,0,1,0,0,0,1
saymynamear,420,,1,0,0,0,0,0,0,0,0,0,1,0,0,0,0,0,0,0,0,0,0
nikolas_ma97338,420,,1,0,0,0,0,0,0,0,0,0,0,0,0,0,0,0,0,0,0,0,1
ZEN5959,420,,2,0,0,0,0,0,0,0,0,0,0,0,0,0,0,0,1,0,0,0,1
NonnaBelle1,420,,2,0,0,0,0,0,0,0,0,1,0,0,0,1,0,0,0,0,0,0,0
Nevsca1,420,,1,0,0,0,0,0,0,0,0,0,0,0,0,1,0,0,0,0,0,0,0
Christophegoka1,420,,1,0,0,0,0,0,0,0,0,0,0,0,0,0,0,0,1,0,0,0,0
imeanit77,419,,3,0,0,0,0,0,0,1,0,0,0,0,0,0,0,0,1,0,0,0,1
drabiddesai,419,,1,1,0,0,0,0,0,0,0,0,0,0,0,0,0,0,0,0,0,0,0
TrumperJill,419,,1,0,0,0,0,0,0,0,0,0,0,0,0,0,0,0,0,0,0,0,1
IddrisuJamal2,419,,1,0,0,0,0,0,0,0,0,0,0,0,0,0,0,0,0,0,0,0,1
Objective_Girl,418,,1,0,0,0,0,0,0,0,0,0,0,0,0,1,0,0,0,0,0,0,0
DennisOmbati275,418,,1,0,0,0,0,0,0,0,0,0,1,0,0,0,0,0,0,0,0,0,0
Bn4Tahr,418,,1,0,0,0,0,0,0,0,0,0,0,0,0,0,0,0,1,0,0,0,0
veeraj3103,417,,2,1,0,0,0,0,0,0,0,0,0,0,0,0,0,0,0,1,0,0,0
tsukaooya,417,,1,0,0,0,0,0,0,0,0,0,0,0,0,0,0,0,1,0,0,0,0
hadrian37,417,,2,0,0,0,0,0,1,0,0,0,0,0,0,1,0,0,0,0,0,0,0
doll_of_Misery,417,,1,0,0,0,0,0,0,0,1,0,0,0,0,0,0,0,0,0,0,0,0
Radwan03975415,417,,1,0,0,0,0,0,0,0,0,1,0,0,0,0,0,0,0,0,0,0,0
MuhammadMGD1,417,,2,0,0,0,0,0,0,0,0,0,0,0,0,1,0,0,0,0,0,0,1
LeratoNigus,417,,1,0,0,0,0,0,0,0,0,0,1,0,0,0,0,0,0,0,0,0,0
JWCtheone,417,,1,0,0,0,0,0,0,0,0,0,0,0,0,0,0,0,0,0,1,0,0
Be_Ruthless_,417,,20,1,1,1,1,1,1,1,1,1,1,1,1,1,1,1,1,1,1,1,1
fakebot696969,416,,1,0,0,0,0,0,0,0,0,0,0,0,0,0,0,0,0,1,0,0,0
basicdream007,416,,1,1,0,0,0,0,0,0,0,0,0,0,0,0,0,0,0,0,0,0,0
KingNikaan11342,416,,2,0,0,0,0,0,0,0,0,0,0,0,0,1,0,0,0,0,0,1,0
mhmdmhdi_asadi,415,,3,1,0,0,1,0,0,0,0,0,0,0,0,0,0,0,0,0,1,0,0
md9835131899784,415,,1,1,0,0,0,0,0,0,0,0,0,0,0,0,0,0,0,0,0,0,0
TigerCapJack,415,,1,0,0,0,0,0,0,0,0,1,0,0,0,0,0,0,0,0,0,0,0
Ali_Hassan_ch,415,,2,0,0,1,0,0,0,0,0,1,0,0,0,0,0,0,0,0,0,0,0
persistenceTa11,414,,2,0,0,0,0,0,0,0,1,0,0,0,0,1,0,0,0,0,0,0,0
la_mediania,414,,1,1,0,0,0,0,0,0,0,0,0,0,0,0,0,0,0,0,0,0,0
albnyn91076,414,,8,0,0,1,0,1,1,1,0,0,0,1,0,1,1,0,0,0,1,0,0
taufique_13,413,,1,0,0,0,0,0,0,0,1,0,0,0,0,0,0,0,0,0,0,0,0
sepehrjamali,413,,1,0,0,0,0,0,0,0,0,0,0,0,0,0,0,0,0,1,0,0,0
arwawani94,413,,2,0,0,0,0,0,0,0,0,0,0,0,0,0,0,0,0,1,1,0,0
SayidMuhammad72,413,,1,0,0,0,0,1,0,0,0,0,0,0,0,0,0,0,0,0,0,0,0
SalIneik1947,413,,14,1,0,1,0,0,1,1,1,1,1,0,1,1,1,1,0,0,1,1,1
PinkoJack92,413,,1,0,0,0,0,0,0,0,0,0,0,0,0,0,0,0,0,0,0,0,1
JustinWied20095,413,,1,0,0,0,0,0,0,0,1,0,0,0,0,0,0,0,0,0,0,0,0
Blue69Ice,413,,1,0,0,0,0,0,0,0,0,0,0,0,0,0,0,0,0,1,0,0,0
westsideguy3,412,,2,0,0,0,0,0,1,0,0,1,0,0,0,0,0,0,0,0,0,0,0
syakirfsam,412,,3,0,0,0,0,0,1,1,0,1,0,0,0,0,0,0,0,0,0,0,0
mahdinik347020,412,,1,0,0,0,0,0,0,0,0,0,0,0,0,1,0,0,0,0,0,0,0
imbensonmabifa,412,,5,0,1,0,0,0,1,1,0,0,1,0,0,0,0,0,0,0,0,0,1
cold0shoulder,412,,1,0,0,0,0,0,0,0,0,0,0,0,0,1,0,0,0,0,0,0,0
anjumzuhaib2002,412,,1,0,0,0,0,0,0,0,0,0,0,0,0,0,0,0,0,0,0,0,1
__mahdiyar313,412,,1,0,0,0,0,0,0,0,0,0,0,1,0,0,0,0,0,0,0,0,0
RubiAli144,412,,3,0,0,0,0,0,0,1,1,0,0,0,0,0,0,0,0,1,0,0,0
MasiPunished,412,,1,0,0,0,0,0,0,0,0,0,0,1,0,0,0,0,0,0,0,0,0
GCazike,412,,2,0,0,0,0,0,1,0,0,0,1,0,0,0,0,0,0,0,0,0,0
Dimaq389484111,412,,1,0,0,0,0,0,0,0,0,0,0,0,0,0,0,0,0,0,1,0,0
wadayhajisaab,411,,1,0,0,0,0,0,0,0,1,0,0,0,0,0,0,0,0,0,0,0,0
hadi_sharifi_19,411,,2,0,0,0,0,0,0,0,0,0,0,0,1,0,0,0,0,0,0,1,0
BhrahmantyaS,411,,8,0,0,0,0,0,1,0,1,1,0,1,0,0,0,1,0,1,0,1,1
BenniseLider,411,,3,0,0,0,0,0,0,0,1,0,1,0,0,0,0,0,0,0,1,0,0
raijunaid16,410,,3,0,0,0,0,0,0,0,0,0,0,1,0,0,0,0,1,1,0,0,0
nazaningolli,410,,1,1,0,0,0,0,0,0,0,0,0,0,0,0,0,0,0,0,0,0,0
TxCoastJason,410,,1,0,0,0,0,0,0,0,0,1,0,0,0,0,0,0,0,0,0,0,0
ghavam284350,409,,1,0,0,0,0,0,0,0,0,0,0,0,0,0,0,0,1,0,0,0,0
aslukas79,409,,1,0,0,0,0,0,0,0,0,1,0,0,0,0,0,0,0,0,0,0,0
ZahnadAgit,409,,2,1,1,0,0,0,0,0,0,0,0,0,0,0,0,0,0,0,0,0,0
KAMAL81308409,409,,3,1,0,0,0,0,0,0,1,0,1,0,0,0,0,0,0,0,0,0,0
EduardTraum,409,,1,0,0,0,0,0,1,0,0,0,0,0,0,0,0,0,0,0,0,0,0
sariftuhinbd,408,,3,0,0,0,0,0,0,0,0,0,0,0,0,0,0,0,1,1,0,1,0
mjyd_lml,408,,2,0,0,0,0,0,0,0,0,0,0,0,0,1,0,0,0,0,0,1,0
eiddor,408,,1,0,0,0,0,0,1,0,0,0,0,0,0,0,0,0,0,0,0,0,0
crsbar,408,,3,0,0,0,0,0,0,0,0,0,0,0,0,0,0,0,1,0,1,0,1
carl_kelly_,408,,1,0,0,0,0,0,0,0,0,0,0,0,0,0,0,0,0,1,0,0,0
bongokun,408,,1,0,0,1,0,0,0,0,0,0,0,0,0,0,0,0,0,0,0,0,0
VahabSamsami,408,,2,0,0,0,1,0,0,0,0,0,0,0,0,0,0,0,0,0,0,0,1
RezaHiwa,408,,2,0,0,0,0,0,0,0,0,0,0,0,0,0,0,1,0,0,0,0,1
Ramazannart9,408,,1,0,0,0,0,0,0,0,0,0,0,0,0,1,0,0,0,0,0,0,0
NikhilKurianN,408,,3,0,0,0,0,0,1,0,0,1,0,0,0,1,0,0,0,0,0,0,0
MesssmerGrace,408,,1,0,0,0,0,0,0,0,0,0,1,0,0,0,0,0,0,0,0,0,0
JimJames951155,408,,1,0,0,0,0,0,0,0,0,0,0,0,0,1,0,0,0,0,0,0,0
JaiBabu123456,408,,3,0,0,0,0,0,0,0,1,1,0,0,0,0,1,0,0,0,0,0,0
CorsaroGim,408,,4,0,0,0,0,0,0,0,1,0,1,0,0,0,0,0,0,1,0,0,1
ShahabGhas81491,407,,1,0,0,0,0,0,0,0,0,0,0,0,0,0,0,0,0,0,0,1,0
RayJackson123,407,,3,0,0,0,0,0,0,0,1,0,0,0,0,0,0,0,0,1,0,0,1
IRANinKazan,407,,11,0,1,0,0,1,1,1,1,1,0,0,0,1,0,0,0,1,1,1,1
HaimeOracle,407,,3,0,0,0,0,0,0,0,1,1,0,0,0,0,0,0,0,0,1,0,0
Fill_light777,407,,1,0,0,0,0,0,0,0,0,0,1,0,0,0,0,0,0,0,0,0,0
Alwy1982390,407,,1,0,0,0,0,0,0,0,0,0,0,0,0,0,0,0,0,0,1,0,0
ADMUHA1,407,,2,0,0,0,0,0,0,0,0,0,0,0,0,1,0,0,0,1,0,0,0
satyendrakanoji,406,,1,0,0,0,0,0,0,0,0,1,0,0,0,0,0,0,0,0,0,0,0
relewinde,406,,12,0,0,1,1,1,1,0,1,1,1,1,1,0,0,1,0,1,0,0,1
parsaei_fa57584,406,,2,0,0,0,0,0,0,0,0,0,0,0,0,1,0,0,0,0,0,1,0
gashtasb_babadi,406,,1,0,0,0,0,0,0,0,0,0,0,1,0,0,0,0,0,0,0,0,0
ali_rukadikar,406,,2,0,0,0,0,0,1,0,0,0,1,0,0,0,0,0,0,0,0,0,0
Tachai_213,406,,2,0,0,0,0,0,0,1,0,0,0,0,0,0,0,0,0,0,1,0,0
MdKhali75223787,406,,10,0,0,0,0,0,1,1,1,0,1,0,1,1,1,1,0,1,0,0,1
BannedLatino,406,,1,0,0,0,0,0,0,0,0,0,0,0,0,0,0,0,0,0,0,0,1
nnamq_,405,,1,0,0,0,0,0,0,0,0,0,0,0,0,0,0,1,0,0,0,0,0
mahdi_meybodi59,405,,6,0,0,0,1,1,0,1,1,0,0,1,0,0,0,0,0,1,0,0,0
isizwengcobo,405,,6,0,0,0,0,0,0,0,1,1,1,0,0,0,0,0,0,1,0,1,1
_selah__,405,,1,0,0,0,0,0,0,0,0,0,0,0,0,0,0,0,0,0,0,0,1
Sardar_Jutt22,405,,2,0,0,0,0,0,0,0,0,0,0,0,0,0,0,0,0,1,0,1,0
HafezSamirAssad,405,,2,0,0,0,0,0,0,0,0,0,0,1,0,0,0,0,0,0,0,0,1
EdilbertoRamr20,405,,3,0,0,0,1,0,0,0,0,0,1,0,0,0,0,0,0,0,1,0,0
tmamimo,404,,1,0,0,0,0,0,0,0,0,0,0,0,0,0,0,0,0,1,0,0,0
mahbubchow24322,404,,3,0,0,0,0,0,1,0,1,0,0,0,0,1,0,0,0,0,0,0,0
ericsphotograff,404,,1,0,0,0,0,0,1,0,0,0,0,0,0,0,0,0,0,0,0,0,0
Valuewhatworths,404,,5,0,0,0,1,0,1,0,0,0,1,0,0,0,0,1,0,1,0,0,0
Sky_Forest1,404,,3,0,1,1,1,0,0,0,0,0,0,0,0,0,0,0,0,0,0,0,0
Seniorita2810,404,,8,0,0,0,1,1,1,0,1,0,1,1,1,1,0,0,0,0,0,0,0
SelimFurqan,404,,2,0,0,0,0,0,0,0,0,0,0,0,0,1,1,0,0,0,0,0,0
SaraMessam,404,,1,0,0,0,0,0,0,0,0,0,0,0,0,0,0,0,0,0,1,0,0
Muhamma11388999,404,,7,1,0,0,0,0,0,0,1,1,1,1,0,1,0,0,0,0,0,0,1
Kadi76097000,404,,1,0,0,0,0,0,0,0,0,0,0,0,0,0,0,0,0,0,0,0,1
parrotsix,403,,1,0,0,0,0,0,0,1,0,0,0,0,0,0,0,0,0,0,0,0,0
norozi9011754,403,,2,0,0,0,0,0,0,0,0,0,0,0,0,1,0,0,0,0,0,1,0
nikolaydmitri,403,,7,0,1,0,0,1,0,0,1,1,0,0,0,1,0,0,1,1,0,0,0
factopener,403,,3,0,0,0,0,0,0,0,1,0,0,0,0,1,0,0,0,0,0,1,0
Nuredin18968925,403,,1,0,0,0,0,0,0,0,0,0,0,0,0,0,0,0,0,0,0,0,1
NujhatJelly,403,,3,0,0,0,0,0,0,0,0,1,0,0,1,1,0,0,0,0,0,0,0
MbshryMahdi,403,,1,0,0,0,0,0,0,0,0,0,0,0,0,0,0,0,0,0,0,1,0
MD_Zarei,403,,4,0,1,0,0,0,0,0,0,0,0,0,1,0,0,0,0,1,1,0,0
Diss_ociation,403,,2,0,0,0,0,0,0,0,0,0,0,0,0,0,0,0,0,0,0,1,1
65_pastek,403,,3,0,0,0,0,0,0,0,1,0,0,0,0,0,0,0,0,1,0,0,1
orhankayurtgan,402,,4,0,0,0,0,1,0,0,1,0,0,1,0,1,0,0,0,0,0,0,0
ali_rah23,402,,9,1,0,0,1,1,1,1,0,0,1,1,1,0,0,0,0,0,1,0,0
TheSlushii88,402,,1,0,0,0,0,0,0,0,1,0,0,0,0,0,0,0,0,0,0,0,0
Kinzajaved45,402,,1,0,0,0,0,0,0,0,0,0,0,0,1,0,0,0,0,0,0,0,0
KingAbraha90013,402,,17,0,1,0,1,0,1,1,1,1,1,1,1,1,1,1,1,1,1,1,1
Ibnu_Maulana22,402,,18,0,1,1,1,1,1,1,1,1,1,1,0,1,1,1,1,1,1,1,1
AKRIJW56AKRIJ,402,,5,0,0,0,0,0,1,0,0,0,1,1,0,0,0,0,1,0,0,1,0
7bqdbsz72v,402,,5,0,0,0,0,0,1,0,0,1,0,0,0,1,0,0,1,1,0,0,0
tarochin_lol,401,,1,0,0,0,0,0,0,0,0,0,0,0,0,0,0,0,0,0,0,0,1
priyaaarora12,401,,1,0,0,0,0,0,0,0,1,0,0,0,0,0,0,0,0,0,0,0,0
Sugnuhlrak,401,,5,0,0,0,0,0,1,0,0,0,0,1,0,0,0,0,0,1,1,1,0
JavadPirah25459,401,,2,0,0,0,0,0,0,0,0,0,0,0,0,1,0,0,0,0,0,1,0
DrLSDeshmukh,401,,1,0,0,0,0,0,0,0,0,1,0,0,0,0,0,0,0,0,0,0,0
ChivendeLenos,401,,5,1,1,1,0,0,0,0,1,0,0,0,0,0,0,0,0,0,0,0,1
javad__jam4,400,,2,0,0,0,0,0,0,0,0,0,0,0,0,1,0,0,0,0,0,1,0
elahehahpp37763,400,,3,0,0,0,0,0,0,0,0,0,0,0,0,1,0,0,0,1,0,1,0
diccogiale21,400,,1,0,0,0,0,0,0,0,0,0,0,0,0,0,0,0,0,0,0,0,1
cbreezy1998,400,,1,0,0,0,0,0,0,0,0,0,1,0,0,0,0,0,0,0,0,0,0
Vladimir1lic,400,,5,0,0,0,0,0,1,0,0,1,1,0,0,0,0,0,0,1,0,0,1
MKioko254,400,,1,0,0,0,0,0,0,0,0,0,1,0,0,0,0,0,0,0,0,0,0
LegendSinwar,400,,1,0,0,0,0,0,0,0,0,0,1,0,0,0,0,0,0,0,0,0,0
KazmiSyed_IK,400,,16,0,1,1,0,1,1,0,0,1,1,1,1,1,1,1,1,1,1,1,1
HamidRe31550108,400,,3,0,0,1,0,1,0,0,0,0,0,0,0,0,0,0,0,0,1,0,0
BrightoneDon,400,,3,0,0,0,0,0,1,0,0,0,0,1,0,0,0,0,0,0,0,0,1
Abhshek_Shinde,400,,4,0,0,1,1,0,1,0,0,0,0,0,0,0,0,0,1,0,0,0,0
sarashiraz17103,399,,2,0,0,0,0,0,0,0,0,0,0,0,0,1,0,0,0,0,0,1,0
reza6780,399,,2,0,0,0,0,1,0,0,0,0,0,0,0,0,0,0,0,0,1,0,0
kirktrades,399,,1,0,0,0,0,0,0,0,0,0,0,0,0,0,0,0,0,1,0,0,0
anthonywoldete1,399,,3,0,0,0,0,0,0,0,0,1,0,0,0,1,0,0,0,1,0,0,0
AliKakakhal,399,,1,0,0,0,0,0,0,0,0,1,0,0,0,0,0,0,0,0,0,0,0
theoverview_,398,,9,0,0,0,1,1,1,0,1,1,0,0,0,1,1,0,0,1,1,0,0
hadorehber,398,,5,0,0,0,0,1,1,1,0,1,0,0,0,0,0,0,0,1,0,0,0
ghader12752,398,,2,0,1,0,0,0,0,1,0,0,0,0,0,0,0,0,0,0,0,0,0
davenyamweya,398,,1,0,0,0,0,0,0,0,1,0,0,0,0,0,0,0,0,0,0,0,0
_sha_boii_,398,,2,0,0,0,0,0,0,0,0,0,0,0,0,0,0,0,1,1,0,0,0
XMLFTH,398,,2,0,0,0,0,0,1,0,0,0,1,0,0,0,0,0,0,0,0,0,0
Negan10866360,398,,1,0,0,0,0,0,0,0,0,0,0,0,0,1,0,0,0,0,0,0,0
Morales7CE,398,,6,1,0,1,0,0,1,0,0,1,0,0,0,0,0,1,0,0,0,0,1
Mahir_Al_Habesh,398,,3,0,0,0,0,0,0,1,1,0,0,1,0,0,0,0,0,0,0,0,0
LuisAnders77005,398,,4,0,0,0,0,0,1,0,0,1,0,0,0,1,0,0,0,1,0,0,0
DhillonAjit,398,,1,0,0,0,0,0,0,0,0,1,0,0,0,0,0,0,0,0,0,0,0
Crypto78614,398,,2,0,0,0,0,0,0,0,0,0,0,0,0,0,0,0,1,1,0,0,0
AbbasEsmaili92,398,,1,0,0,0,0,0,0,0,0,0,0,0,0,0,0,0,0,0,1,0,0
twittle46402935,397,,1,0,0,0,0,0,0,0,0,0,0,0,0,1,0,0,0,0,0,0,0
rogueswagger_,397,,4,0,0,0,0,0,1,0,1,1,1,0,0,0,0,0,0,0,0,0,0
aqilalhamzee23,397,,1,0,0,0,0,0,0,0,0,0,0,0,0,0,0,1,0,0,0,0,0
SteffensenDirk,397,,1,0,0,0,0,0,1,0,0,0,0,0,0,0,0,0,0,0,0,0,0
PeeTapeExpert,397,,2,0,0,0,0,0,0,0,0,0,0,0,0,0,0,1,0,0,1,0,0
MagaSlayer47,397,,1,0,0,0,0,0,1,0,0,0,0,0,0,0,0,0,0,0,0,0,0
MHKEYNIA,397,,4,0,0,0,0,0,1,0,0,0,0,0,0,1,0,1,0,1,0,0,0
Justgetthefacts,397,,9,0,0,1,1,1,1,0,1,1,0,0,0,1,0,0,0,0,0,1,1
mokriamir143504,396,,1,0,0,0,0,0,0,0,0,0,0,0,0,1,0,0,0,0,0,0,0
borjakzan,396,,1,0,1,0,0,0,0,0,0,0,0,0,0,0,0,0,0,0,0,0,0
azadorahahastim,396,,1,0,0,0,0,0,0,0,0,0,0,1,0,0,0,0,0,0,0,0,0
Xavier_2644,396,,2,0,0,0,0,0,0,0,0,0,0,0,0,0,0,1,0,1,0,0,0
ThinkivistBlog,396,,2,1,0,0,0,0,1,0,0,0,0,0,0,0,0,0,0,0,0,0,0
Akaljahwari,396,,2,0,0,0,0,0,1,0,1,0,0,0,0,0,0,0,0,0,0,0,0
xede55,395,,3,0,0,0,0,0,0,0,0,0,1,0,0,0,0,1,0,0,0,0,1
hosmontazeri,395,,2,0,0,0,0,0,0,0,0,1,1,0,0,0,0,0,0,0,0,0,0
fadel_almusawii,395,,2,0,0,0,0,0,0,0,0,0,0,0,0,1,0,0,0,0,0,1,0
YutaabBarzan,395,,4,0,0,0,1,0,0,0,0,0,0,0,0,0,0,0,0,1,0,1,1
HydryMrym13510,395,,1,0,0,0,0,0,0,1,0,0,0,0,0,0,0,0,0,0,0,0,0
Atifrafiq_,395,,4,0,0,0,1,1,0,1,0,0,1,0,0,0,0,0,0,0,0,0,0
zahidm63,394,,2,0,0,0,0,1,0,0,0,1,0,0,0,0,0,0,0,0,0,0,0
salehi_mey6,394,,2,0,0,0,0,0,0,0,0,0,0,0,0,1,0,0,0,0,0,1,0
rayd0ggy4420211,394,,1,0,0,0,0,0,0,0,0,0,0,0,0,1,0,0,0,0,0,0,0
qurban862,394,,1,0,0,0,0,0,0,0,0,1,0,0,0,0,0,0,0,0,0,0,0
jennylbenjamin,394,,1,0,0,0,0,0,0,0,0,0,0,0,0,0,0,1,0,0,0,0,0
hnrandglry,394,,1,0,0,0,0,0,0,0,0,0,0,0,0,0,0,0,0,0,0,0,1
godunov_borys,394,,1,0,0,0,0,0,0,0,0,0,0,0,0,0,0,0,1,0,0,0,0
baghiyatal28450,394,,1,0,0,0,0,1,0,0,0,0,0,0,0,0,0,0,0,0,0,0,0
LBazarian324,394,,1,0,0,0,0,0,1,0,0,0,0,0,0,0,0,0,0,0,0,0,0
CardiBen54681,394,,14,0,1,0,0,1,1,0,1,1,1,1,1,1,0,1,1,1,1,0,1
77hutaI,394,,1,0,0,0,0,0,0,0,0,0,0,0,0,0,0,0,0,0,0,1,0
skizzymullah_,393,,3,0,0,0,0,0,0,0,0,0,0,0,1,1,0,0,0,0,0,0,1
mesecnik1,393,,1,0,0,0,0,0,1,0,0,0,0,0,0,0,0,0,0,0,0,0,0
ali72605587,393,,2,0,0,0,0,0,0,1,0,0,0,1,0,0,0,0,0,0,0,0,0
YolcusuEhlibeyt,393,,1,0,0,1,0,0,0,0,0,0,0,0,0,0,0,0,0,0,0,0,0
NoRightToSpeak_,393,,1,0,0,0,0,0,0,0,0,0,0,0,0,0,0,0,0,0,1,0,0
Hashem68D,393,,3,0,0,0,0,1,0,0,0,0,0,0,0,0,0,1,1,0,0,0,0
DillonPerry7,393,,1,0,0,0,0,0,0,0,0,0,0,0,0,0,0,0,0,1,0,0,0
Amin_Ghorbanii,393,,1,0,0,0,0,0,0,0,0,0,0,0,1,0,0,0,0,0,0,0,0
pyare_khan00000,392,,1,1,0,0,0,0,0,0,0,0,0,0,0,0,0,0,0,0,0,0,0
SadraL60s1g,392,,1,0,0,0,0,0,0,0,0,0,0,0,0,1,0,0,0,0,0,0,0
Ovorss,392,,2,0,0,0,0,0,0,0,0,1,0,0,0,0,0,0,0,1,0,0,0
Hazrat25200057,392,,1,0,0,0,1,0,0,0,0,0,0,0,0,0,0,0,0,0,0,0,0
DaudiOmar5,392,,6,0,0,0,0,0,1,1,1,0,1,0,0,1,0,0,0,0,0,0,1
AyrjRkny94448,392,,1,0,0,0,0,0,0,0,0,0,0,0,0,0,0,0,0,0,0,1,0
sanaabanoo71,391,,1,0,0,0,0,0,0,0,0,0,0,1,0,0,0,0,0,0,0,0,0
albertomantuan3,391,,1,0,0,0,0,0,0,0,0,1,0,0,0,0,0,0,0,0,0,0,0
ZohaibChagani,391,,5,0,0,0,0,1,1,0,0,1,0,0,0,1,0,0,0,1,0,0,0
Moonzara,391,,3,0,0,0,0,0,0,0,0,1,1,0,0,0,0,0,0,0,0,0,1
Masmx313,391,,3,0,0,0,0,0,0,0,0,0,0,0,1,1,1,0,0,0,0,0,0
JungLeoJessica,391,,2,0,0,0,0,0,0,0,0,0,0,0,0,0,0,0,0,1,0,0,1
DulcePeric98049,391,,1,0,1,0,0,0,0,0,0,0,0,0,0,0,0,0,0,0,0,0,0
AGileSilver,391,,1,0,0,0,0,0,0,0,0,0,0,0,0,0,0,0,0,0,0,1,0
p36237,390,,1,0,0,0,0,0,0,0,0,0,0,0,0,0,0,0,0,0,1,0,0
Uurlu128936,390,,1,0,0,0,0,0,0,0,0,0,0,0,1,0,0,0,0,0,0,0,0
SotomayorJames,390,,4,0,0,0,0,0,1,0,0,1,1,1,0,0,0,0,0,0,0,0,0
MahmoudPar85931,390,,2,0,0,0,0,0,0,0,0,0,0,0,0,1,0,0,0,0,0,1,0
LauShot77,390,,17,0,1,1,1,1,1,1,1,1,1,1,1,1,0,1,1,1,1,1,0
taranrask,389,,1,1,0,0,0,0,0,0,0,0,0,0,0,0,0,0,0,0,0,0,0
priyasarasijan,389,,3,0,0,1,1,0,0,0,0,1,0,0,0,0,0,0,0,0,0,0,0
lovelyiran1,389,,1,0,0,0,1,0,0,0,0,0,0,0,0,0,0,0,0,0,0,0,0
igsaiyed,389,,2,0,0,0,0,0,1,0,0,0,0,0,0,0,0,0,0,0,0,0,1
delband_m,389,,1,0,0,0,0,0,0,0,0,0,0,0,0,0,0,0,0,0,1,0,0
daynahmk,389,,2,0,1,0,0,0,0,0,0,0,0,0,0,0,0,0,0,0,0,1,0
comrade_yugo,389,,3,0,0,1,0,0,0,0,0,1,0,0,0,0,0,0,0,0,0,0,1
Max19371,389,,12,1,1,0,0,0,1,0,1,0,1,1,1,1,0,0,1,1,1,0,1
Jodega19,389,,1,0,0,0,0,0,0,0,0,0,0,0,0,0,0,0,0,0,1,0,0
Jaradat2025,389,,1,0,0,0,0,0,0,0,0,0,0,0,0,0,0,0,0,0,0,0,1
IamPfiffikus,389,,11,1,1,0,1,0,1,0,0,1,0,0,1,1,0,0,0,1,1,1,1
GabbuJnr,389,,2,0,0,0,0,0,1,0,0,0,0,0,0,0,0,0,0,1,0,0,0
ArfanMasood2,389,,3,0,0,0,0,0,0,0,0,1,1,1,0,0,0,0,0,0,0,0,0
AlindaKarolyi,389,,1,0,0,0,0,0,0,0,0,0,0,0,0,0,0,0,0,0,0,0,1
1Antizion,389,,3,0,0,0,0,0,0,1,0,0,0,1,0,0,0,0,0,0,1,0,0
lugifer,388,,3,0,0,0,0,0,1,0,1,0,0,0,0,0,0,0,0,1,0,0,0
azamkhannz,388,,1,0,0,0,0,0,1,0,0,0,0,0,0,0,0,0,0,0,0,0,0
amyny33273,388,,3,0,0,0,0,1,0,0,0,0,0,0,0,1,0,0,0,0,0,1,0
_ldl_,388,,1,0,0,0,0,0,0,0,0,0,0,0,0,1,0,0,0,0,0,0,0
Schatten_G_S,388,,5,0,0,0,0,0,1,0,0,0,0,0,1,1,1,0,0,1,0,0,0
KhouryNawa37846,388,,1,0,0,0,0,0,0,0,0,0,0,0,0,0,0,1,0,0,0,0,0
Divyans56950290,388,,2,0,0,0,0,0,0,0,0,0,0,0,0,0,0,0,0,1,0,0,1
ChongGuru,388,,1,0,0,0,0,0,0,0,0,0,0,0,0,0,0,0,0,1,0,0,0
Anthony_Ohi,388,,1,0,0,0,0,0,0,0,0,1,0,0,0,0,0,0,0,0,0,0,0
AMINDANNYA,388,,1,0,0,0,0,0,1,0,0,0,0,0,0,0,0,0,0,0,0,0,0
tsunnaky,387,,1,0,0,0,0,1,0,0,0,0,0,0,0,0,0,0,0,0,0,0,0
azeemal79154073,387,,6,0,0,0,0,0,0,0,1,0,1,0,0,0,0,0,1,1,0,1,1
TrollinJigs,387,,1,0,0,0,0,0,0,0,0,0,0,0,0,0,0,0,0,0,0,1,0
RealMezmo,387,,1,0,0,0,0,0,0,0,0,0,0,0,0,0,0,0,0,1,0,0,0
Pits08012009,387,,5,0,0,0,0,0,1,0,0,1,0,0,0,0,0,1,1,1,0,0,0
HaroonR82800411,387,,6,0,0,0,0,0,0,0,0,1,0,0,1,1,1,0,0,0,0,1,1
AliBeydounAu,387,,2,0,0,0,0,0,1,0,0,0,0,0,0,0,0,0,0,0,0,0,1
AjariGhazi,387,,4,1,0,0,0,0,0,0,0,1,1,0,0,0,0,0,0,0,1,0,0
pascalbrocard1,386,,1,0,0,0,0,0,0,0,0,0,0,0,0,1,0,0,0,0,0,0,0
mispentyouth99,386,,6,0,0,0,0,0,0,0,0,1,0,1,1,1,0,0,1,0,1,0,0
komalkh41564662,386,,1,0,0,0,0,0,0,0,0,0,0,0,0,0,0,0,0,0,0,1,0
kalyanyangon,386,,1,0,0,0,0,0,0,0,0,0,0,0,0,0,0,0,0,0,0,0,1
cryptobrough,386,,1,0,0,0,0,0,0,0,0,1,0,0,0,0,0,0,0,0,0,0,0
ashkan_uyi87,386,,1,0,0,0,0,0,0,0,0,0,0,0,0,1,0,0,0,0,0,0,0
SamanehH42726,386,,2,0,0,0,0,0,0,0,0,0,0,0,0,1,0,0,0,0,0,1,0
Horkegraphix,386,,11,1,0,1,0,1,1,1,1,1,1,0,0,1,0,1,1,0,0,0,0
mehrangizzare,385,,2,0,0,0,0,0,0,0,0,0,0,0,1,0,0,0,0,0,0,0,1
james4699,385,,1,0,0,0,0,0,0,0,0,0,1,0,0,0,0,0,0,0,0,0,0
curried_cbass,385,,1,0,0,0,0,0,0,0,0,0,1,0,0,0,0,0,0,0,0,0,0
asmamunawar9,385,,2,0,0,0,0,0,0,0,0,0,0,1,0,0,0,0,0,1,0,0,0
U2Tsatsu,385,,1,0,0,0,0,0,0,0,0,1,0,0,0,0,0,0,0,0,0,0,0
Themba0381,385,,1,0,0,0,0,0,0,0,0,0,0,0,0,0,0,0,0,0,0,0,1
Sara7sa5vm,385,,1,0,0,0,0,0,0,0,0,0,0,0,0,0,0,0,0,0,0,1,0
NS5003618949538,385,,4,0,0,0,0,1,1,0,0,0,0,0,0,0,0,0,0,0,1,0,1
Gaziskhan777,385,,1,0,0,0,0,0,0,0,0,0,0,0,0,0,0,0,0,0,0,0,1
Franco564676025,385,,1,0,0,0,0,0,0,0,0,0,0,0,1,0,0,0,0,0,0,0,0
5imran5khan,385,,4,0,0,0,0,0,0,0,1,0,0,1,0,0,0,0,0,0,1,0,1
4Anjell,385,,3,0,0,0,0,0,0,0,0,1,0,0,0,0,0,0,0,0,1,0,1
313Trip,385,,1,0,0,0,0,0,0,0,0,1,0,0,0,0,0,0,0,0,0,0,0
yabwfsky55331,384,,2,0,0,0,0,0,0,0,0,1,0,0,0,0,0,1,0,0,0,0,0
scienceisforyou,384,,1,0,0,0,0,0,0,0,0,1,0,0,0,0,0,0,0,0,0,0,0
rlouis123,384,,1,0,0,0,0,0,0,0,0,0,0,0,0,0,0,0,0,0,0,0,1
bocajllessur,384,,1,0,0,0,0,0,0,0,0,0,0,0,0,0,0,0,0,0,0,0,1
__hussainali99,384,,1,0,0,0,0,0,0,0,0,0,0,0,0,0,0,0,0,0,0,1,0
ThePresidentUg,384,,1,0,0,0,0,0,0,0,0,0,0,0,0,0,0,0,0,0,1,0,0
SegawaAndSeon,384,,1,0,0,0,0,0,1,0,0,0,0,0,0,0,0,0,0,0,0,0,0
MahJavar,384,,3,0,0,0,0,0,1,0,0,1,0,0,0,0,0,0,0,0,1,0,0
Hasan_raza_,384,,14,0,0,0,0,1,1,1,0,1,1,1,1,1,0,1,1,1,1,1,1
ExposeZios,384,,1,0,0,0,0,0,0,0,1,0,0,0,0,0,0,0,0,0,0,0,0
thinkwere2late,383,,1,0,0,0,0,0,0,0,0,0,0,0,0,0,0,0,0,1,0,0,0
sach_n01,383,,3,1,0,0,0,0,0,0,1,0,0,0,0,0,0,0,0,0,0,0,1
rebellucion,383,,3,0,0,0,0,1,0,0,0,1,0,0,0,1,0,0,0,0,0,0,0
grishko_new,383,,9,1,1,1,0,0,0,0,0,1,0,0,0,1,1,0,1,0,1,1,0
goli00098,383,,4,0,0,0,0,0,0,0,0,0,0,0,1,1,1,1,0,0,0,0,0
abdolazim_1374,383,,1,0,0,0,0,0,0,0,0,0,0,0,1,0,0,0,0,0,0,0,0
Zurdonelsonp,383,,2,0,0,0,0,0,1,0,0,0,0,0,0,0,0,0,0,1,0,0,0
Thomas_S_Giap,383,,3,0,0,0,0,0,0,1,0,0,0,1,0,0,0,0,0,0,1,0,0
StevenWolf1017,383,,8,0,0,0,0,0,1,0,0,1,0,1,1,1,1,0,0,1,0,1,0
MajdSamin,383,,1,0,0,0,0,0,0,0,0,0,0,0,0,1,0,0,0,0,0,0,0
LifeofTence,383,,1,0,0,0,0,0,0,0,0,0,0,0,0,0,0,0,0,0,0,1,0
KautharMoud786,383,,6,0,0,0,0,0,0,0,1,1,1,0,0,0,0,0,0,0,1,1,1
GonzalesLaRosa,383,,1,0,0,0,0,0,0,1,0,0,0,0,0,0,0,0,0,0,0,0,0
thisismefloping,382,,1,0,0,0,0,0,0,0,0,0,0,0,0,1,0,0,0,0,0,0,0
semes1415,382,,6,0,0,0,0,0,1,0,1,0,0,0,1,0,0,0,1,1,0,0,1
fairnessbwb1,382,,15,0,1,1,0,1,1,1,0,1,1,1,1,1,0,0,1,1,1,1,1
Sonia_B_75,382,,2,0,0,0,0,0,0,0,0,0,0,0,0,1,0,0,1,0,0,0,0
NandhaK92853473,382,,5,0,0,0,0,1,0,0,1,1,1,1,0,0,0,0,0,0,0,0,0
Mansouralipourr,382,,3,0,0,0,0,1,0,0,0,0,0,1,0,0,0,0,0,0,1,0,0
MAHDIW20510182,382,,1,0,0,0,0,0,0,0,0,0,0,0,0,1,0,0,0,0,0,0,0
HarborWind83,382,,2,0,0,0,0,0,0,0,1,1,0,0,0,0,0,0,0,0,0,0,0
DialloPita93,382,,16,1,1,1,1,0,1,1,1,0,1,0,1,1,1,1,1,1,1,0,1
salari_taher,381,,1,0,0,0,0,0,0,0,0,0,0,0,0,1,0,0,0,0,0,0,0
fxy,381,,2,0,0,0,0,0,0,0,0,1,0,0,0,0,0,0,0,1,0,0,0
Leeloo8387,381,,1,0,0,0,0,0,0,0,0,0,0,0,0,0,0,0,0,0,0,0,1
Kyu_Pete,381,,1,0,0,0,0,0,0,0,0,0,1,0,0,0,0,0,0,0,0,0,0
Fahime1627678,381,,2,0,0,0,0,0,0,0,0,0,0,0,0,1,0,0,0,0,0,1,0
CryptosSisters,381,,4,0,0,1,1,0,0,0,0,0,0,0,0,0,0,0,0,0,0,1,1
BahramK77442,381,,2,0,0,0,0,0,0,0,0,0,0,0,0,1,0,0,0,0,0,1,0
76rst7825,381,,2,0,0,0,0,0,0,0,0,0,0,0,0,1,0,0,0,0,0,1,0
g_jamedaran,380,,1,0,0,1,0,0,0,0,0,0,0,0,0,0,0,0,0,0,0,0,0
esmeraldam26511,380,,6,0,0,1,0,0,0,0,0,0,1,0,0,0,0,1,0,1,0,1,1
alirizvi89,380,,2,1,0,0,0,0,1,0,0,0,0,0,0,0,0,0,0,0,0,0,0
Mrafati4,380,,1,1,0,0,0,0,0,0,0,0,0,0,0,0,0,0,0,0,0,0,0
HernsndezSaul,380,,1,0,0,0,0,0,0,0,0,0,0,0,0,0,0,0,0,0,0,0,1
Hayalnal1982,380,,1,0,0,0,0,0,0,0,0,0,0,0,0,0,0,0,0,1,0,0,0
2will_st13,380,,1,0,0,0,0,0,0,0,0,0,0,0,0,0,0,1,0,0,0,0,0
siavash4569,379,,2,0,0,0,0,1,0,0,0,0,0,0,0,0,0,0,0,0,1,0,0
polly_cobb,379,,2,0,0,0,0,0,0,0,0,0,0,0,0,0,0,1,0,1,0,0,0
lillyfdean,379,,1,0,0,0,0,0,1,0,0,0,0,0,0,0,0,0,0,0,0,0,0
j4zynt0,379,,1,0,0,0,0,0,0,1,0,0,0,0,0,0,0,0,0,0,0,0,0
iplerg,379,,8,0,0,0,0,0,1,1,0,0,1,0,1,1,1,1,0,0,1,0,0
fahume,379,,7,0,0,0,1,1,0,0,1,1,1,0,1,1,0,0,0,0,0,0,0
almusawi5121472,379,,6,0,0,1,0,0,0,0,0,1,0,1,1,0,0,0,0,0,0,1,1
Rezabayyat,379,,1,0,0,0,0,0,0,0,0,0,0,1,0,0,0,0,0,0,0,0,0
M_Latif129,379,,1,0,0,0,0,0,0,0,1,0,0,0,0,0,0,0,0,0,0,0,0
Julesy_OG,379,,1,0,0,0,0,0,0,0,0,0,0,0,0,0,0,0,1,0,0,0,0
HasaniShah50798,379,,2,0,0,0,0,0,0,0,0,0,0,0,0,1,0,0,0,0,0,1,0
DeltaVariant20,379,,1,0,1,0,0,0,0,0,0,0,0,0,0,0,0,0,0,0,0,0,0
AyeshaCH70,379,,12,1,1,0,0,1,1,1,0,1,1,0,1,1,0,0,0,1,0,1,1
tym38590379,378,,2,0,0,0,0,0,0,0,1,0,0,0,0,0,0,0,0,0,0,0,1
oneWoP19,378,,1,0,0,0,0,0,1,0,0,0,0,0,0,0,0,0,0,0,0,0,0
mikada1702,378,,1,0,0,0,0,0,0,1,0,0,0,0,0,0,0,0,0,0,0,0,0
itsHEZBULLHid,378,,4,0,0,0,0,1,0,0,1,0,0,0,0,0,0,0,0,1,0,1,0
ianbarker227850,378,,1,0,0,0,0,0,0,0,0,0,0,1,0,0,0,0,0,0,0,0,0
anti_Zionsm4eva,378,,8,0,0,0,0,0,1,0,0,0,0,1,1,1,1,1,1,1,0,0,0
abdussamad259,378,,7,0,0,0,0,0,1,0,1,1,1,1,1,1,0,0,0,0,0,0,0
Ninty__94,378,,6,0,0,0,0,0,1,0,0,1,1,0,1,0,0,0,0,0,0,1,1
AliFahs12345,378,,1,0,0,0,0,0,0,0,0,0,0,0,0,0,0,1,0,0,0,0,0
AAk79758237,378,,4,0,0,0,0,0,1,1,0,0,0,0,0,0,0,0,0,0,1,0,1
wasi_arain_2000,377,,1,0,0,0,0,0,0,0,0,0,0,0,0,1,0,0,0,0,0,0,0
subarustalinist,377,,1,0,0,0,0,0,0,0,0,0,0,0,0,0,0,0,0,0,0,0,1
spbsmnew,377,,6,0,0,0,0,1,0,0,0,1,1,0,0,0,0,0,1,1,0,1,0
nad671,377,,1,0,0,0,0,0,0,0,0,0,1,0,0,0,0,0,0,0,0,0,0
momindilshad,377,,15,1,1,0,0,1,1,1,1,1,1,1,1,0,0,0,1,1,1,1,1
jonyyboyyy,377,,3,0,0,0,0,0,0,0,0,1,0,0,0,1,0,0,0,0,0,1,0
emma_j_saunders,377,,1,0,0,0,0,0,0,0,0,0,0,0,0,0,0,0,0,0,1,0,0
duolaAmeng9011,377,,1,0,0,0,0,0,0,0,0,0,0,0,0,0,0,0,0,1,0,0,0
ToughBeetle,377,,5,0,0,0,0,1,0,0,0,0,0,0,1,0,1,0,0,0,1,0,1
Rc4031,377,,1,0,1,0,0,0,0,0,0,0,0,0,0,0,0,0,0,0,0,0,0
MLY_Iran,377,,2,0,0,0,0,0,0,0,0,0,1,0,0,0,0,0,0,0,1,0,0
JMehnes,377,,1,0,0,0,0,0,0,0,1,0,0,0,0,0,0,0,0,0,0,0,0
HaavaraAccords,377,,1,0,0,0,0,0,0,0,0,1,0,0,0,0,0,0,0,0,0,0,0
GeeLedger,377,,1,0,0,0,0,0,1,0,0,0,0,0,0,0,0,0,0,0,0,0,0
Amirrezaa65651,377,,1,0,0,0,0,0,1,0,0,0,0,0,0,0,0,0,0,0,0,0,0
Ahmed_mq7,377,,1,0,0,0,0,0,0,0,0,0,0,0,0,0,0,0,1,0,0,0,0
shashikantupadh,376,,2,0,0,0,0,0,0,0,0,0,1,0,0,1,0,0,0,0,0,0,0
saeedchehrazad,376,,1,0,0,0,0,0,0,0,0,0,0,0,0,0,0,0,1,0,0,0,0
paisleypansey,376,,3,0,0,0,0,0,1,0,0,1,0,0,0,0,0,0,0,0,0,1,0
muddx_2512,376,,1,0,0,0,0,0,0,0,0,0,0,0,0,0,0,0,0,1,0,0,0
kuffiyeha,376,,9,0,1,1,0,0,1,0,0,1,0,1,1,1,0,0,0,1,0,0,1
jafari_saj38885,376,,1,0,0,0,0,0,0,0,0,0,0,0,0,0,0,0,0,0,0,1,0
camarmir,376,,5,0,1,0,0,0,0,0,1,0,0,0,0,0,0,0,0,1,0,1,1
abbasstarh,376,,1,0,0,0,0,0,0,0,0,0,0,0,0,0,0,1,0,0,0,0,0
PenlopePortill2,376,,4,0,0,0,0,0,0,0,0,0,0,0,0,0,0,0,1,1,1,0,1
Hayabanoo,376,,1,0,0,0,0,0,0,0,0,0,0,0,0,0,0,0,0,0,1,0,0
DrMikeOchoa1,376,,2,0,0,0,0,0,0,0,0,0,1,0,0,0,0,0,0,1,0,0,0
Asdull1Muhammed,376,,6,0,0,0,0,0,0,1,0,0,1,1,0,0,0,0,1,1,0,0,1
AlisterNayi,376,,1,0,0,0,0,0,1,0,0,0,0,0,0,0,0,0,0,0,0,0,0
9hs5n_,376,,2,0,0,0,0,0,0,0,0,1,1,0,0,0,0,0,0,0,0,0,0
vahab_chandkari,375,,1,0,0,0,0,0,0,0,0,0,1,0,0,0,0,0,0,0,0,0,0
HsynSmty14556,375,,4,0,0,0,0,0,0,0,0,1,0,1,0,1,0,0,0,0,0,1,0
Dehartspeaks1,375,,1,0,0,0,0,0,0,0,0,1,0,0,0,0,0,0,0,0,0,0,0
tigershark791,374,,3,0,0,0,0,0,0,0,1,0,0,0,0,0,0,0,0,0,1,0,1
mahdimokhtaries,374,,3,0,0,0,0,0,0,0,0,0,0,0,0,0,0,1,0,0,1,1,0
Yaser_Mojtahedi,374,,1,0,0,0,0,0,0,0,0,0,0,0,0,0,0,0,0,0,0,1,0
StrandingP87372,374,,1,0,0,0,0,0,0,0,0,0,0,0,0,0,0,0,0,0,0,1,0
Beytull42217909,374,,1,0,0,0,0,0,0,0,0,0,0,0,0,1,0,0,0,0,0,0,0
zhrh1010818,373,,3,0,0,0,0,0,0,0,0,1,0,0,0,1,1,0,0,0,0,0,0
cyrus__emp,373,,1,0,0,0,0,0,1,0,0,0,0,0,0,0,0,0,0,0,0,0,0
botana37,373,,1,0,0,0,0,0,0,0,0,0,0,0,0,0,0,0,1,0,0,0,0
alibakhshy,373,,1,0,0,0,0,0,0,0,0,1,0,0,0,0,0,0,0,0,0,0,0
StanleyMachaari,373,,2,0,0,0,0,1,0,0,0,0,0,0,0,0,0,0,0,0,0,0,1
Qasimkh45879102,373,,2,0,0,1,0,0,0,0,0,0,0,0,0,0,0,0,0,0,0,0,1
Muz_m,373,,1,0,0,0,0,0,0,0,0,0,1,0,0,0,0,0,0,0,0,0,0
MrBtoux,373,,4,0,0,0,0,0,0,0,0,0,0,0,0,1,0,0,1,1,1,0,0
Hashtag1o1,373,,1,0,0,0,0,0,0,0,0,0,0,0,0,0,0,0,0,0,1,0,0
mergelink,372,,5,0,0,0,0,0,0,1,0,0,1,0,0,0,0,0,0,1,1,0,1
katutsid,372,,1,0,0,0,0,0,0,0,0,1,0,0,0,0,0,0,0,0,0,0,0
crispain,372,,1,0,0,0,0,0,0,0,0,0,0,0,0,0,0,0,0,0,1,0,0
_ilalang,372,,1,0,0,0,0,0,0,0,0,0,1,0,0,0,0,0,0,0,0,0,0
YusufAAsgar,372,,1,0,0,0,0,0,0,0,0,0,0,0,0,0,0,0,0,1,0,0,0
WIpopcorntime,372,,1,0,0,0,0,0,1,0,0,0,0,0,0,0,0,0,0,0,0,0,0
PassionateCule,372,,6,0,0,0,0,0,1,0,0,1,1,0,1,1,1,0,0,0,0,0,0
Henry__Corbin,372,,1,0,0,0,0,0,0,0,0,0,0,0,0,1,0,0,0,0,0,0,0
syedsabeeth,371,,3,0,0,0,0,0,0,0,0,0,0,0,0,0,0,0,0,0,1,1,1
realJoeGill,371,,1,0,0,0,0,0,0,0,0,0,1,0,0,0,0,0,0,0,0,0,0
Vriv__,371,,1,0,0,0,0,0,0,0,0,0,0,0,0,0,0,0,0,0,0,0,1
Alpha_2_Tango,371,,2,0,0,0,0,0,0,0,0,1,0,0,0,0,0,0,0,0,0,0,1
mugoogo,370,,1,0,0,0,0,0,0,0,0,0,0,0,0,0,0,0,0,1,0,0,0
adriwals,370,,4,0,0,0,0,0,0,0,1,1,0,0,1,0,0,0,0,0,1,0,0
Phenom4Eva,370,,1,0,0,0,0,0,0,0,0,0,0,0,0,0,0,0,0,0,0,1,0
NDAGUMBUKA,370,,1,0,0,0,0,0,0,0,0,0,0,0,0,0,0,0,0,1,0,0,0
M4VERICK_CARTER,370,,1,0,0,0,0,0,0,0,1,0,0,0,0,0,0,0,0,0,0,0,0
Ermiya13751,370,,1,0,0,0,0,0,0,0,0,0,0,0,0,0,0,0,0,0,1,0,0
DolatkhahM92904,370,,2,0,0,0,0,0,0,0,0,0,0,0,0,0,0,0,1,0,0,1,0
nahiid_movahed,369,,2,0,0,0,0,0,0,0,0,0,0,0,0,1,1,0,0,0,0,0,0
mhm80s,369,,3,0,1,0,0,0,0,0,0,0,0,0,0,0,0,1,0,1,0,0,0
kry1lbo54,369,,4,0,0,1,0,0,0,0,0,0,0,0,0,1,1,0,0,0,0,0,1
erfansoros57000,369,,2,0,0,0,0,0,0,0,0,0,0,0,0,1,0,0,0,0,0,1,0
drywshgiy61493,369,,2,0,0,0,0,0,0,0,0,0,0,0,0,1,0,0,0,0,0,1,0
WhyEyed,369,,1,0,0,0,0,0,0,1,0,0,0,0,0,0,0,0,0,0,0,0,0
Tinu19759065190,369,,1,0,0,0,0,0,0,0,0,0,0,0,0,0,0,0,0,0,0,1,0
Sajid_Ali_PPP,369,,1,0,0,0,0,0,0,0,0,0,0,0,0,0,0,0,0,1,0,0,0
Margare58984088,369,,1,0,0,0,0,0,0,0,1,0,0,0,0,0,0,0,0,0,0,0,0
MarcSargent7,369,,6,1,0,0,0,0,1,0,0,0,1,1,1,0,0,0,0,1,0,0,0
IndyRains,369,,1,0,0,0,0,0,0,0,0,0,0,0,0,0,0,0,0,0,0,1,0
Ava252110,369,,1,0,0,0,0,0,1,0,0,0,0,0,0,0,0,0,0,0,0,0,0
AbdullahT786,369,,1,0,0,0,0,0,0,0,0,0,0,0,0,0,0,0,0,1,0,0,0
shaffaafahmed,368,,1,0,0,0,0,0,0,0,0,0,1,0,0,0,0,0,0,0,0,0,0
johnmmcconnell,368,,1,0,0,0,0,0,0,0,0,0,0,0,0,0,0,0,0,0,1,0,0
hamzamaawiye54,368,,2,0,0,0,0,0,0,0,1,0,0,0,0,0,0,0,0,0,0,0,1
foroug_or,368,,1,0,0,0,0,0,0,0,0,0,0,1,0,0,0,0,0,0,0,0,0
RezaMoradi213,368,,1,0,0,0,0,0,0,0,0,0,0,0,0,1,0,0,0,0,0,0,0
MuLi1400,368,,2,0,0,1,0,0,0,0,0,0,0,0,0,0,0,0,1,0,0,0,0
FazlMahdavi,368,,2,0,0,0,0,0,0,0,0,0,0,0,0,1,0,0,0,0,0,1,0
DawnWagner66,368,,1,0,1,0,0,0,0,0,0,0,0,0,0,0,0,0,0,0,0,0,0
BekirAha,368,,5,0,0,0,0,0,1,0,1,0,1,0,0,0,0,1,0,1,0,0,0
BaghbanZm74826,368,,6,0,1,0,1,0,0,0,0,1,0,0,0,0,1,0,0,1,0,1,0
umayr,367,,1,0,0,0,0,0,0,0,0,0,1,0,0,0,0,0,0,0,0,0,0
srwsh_naseri,367,,4,0,0,0,1,0,0,0,0,0,0,0,1,0,0,0,0,0,1,0,1
jazzoniah,367,,1,0,0,0,0,0,0,0,0,0,0,0,0,0,0,0,0,1,0,0,0
imShahjade,367,,2,0,0,0,0,0,0,0,0,0,0,1,0,0,0,0,1,0,0,0,0
aaa13302880290,367,,1,0,0,0,0,0,0,0,0,0,0,0,0,0,0,0,0,0,0,0,1
Sousane79296321,367,,1,0,0,0,0,0,0,0,0,0,0,0,0,0,0,1,0,0,0,0,0
Salbostino,367,,1,0,0,0,0,0,0,0,0,0,1,0,0,0,0,0,0,0,0,0,0
Hamed_safaei,367,,1,0,0,0,0,0,0,0,0,0,0,0,0,0,0,0,0,1,0,0,0
Ashkunwashere,367,,4,0,0,1,0,0,0,0,0,1,0,1,0,0,0,0,0,0,1,0,0
AliIShah12,367,,4,0,0,0,0,0,0,0,0,1,1,0,0,0,0,1,1,0,0,0,0
saladin0070,366,,3,0,0,0,0,0,1,0,1,0,0,0,0,0,0,0,1,0,0,0,0
louay_8,366,,2,0,0,0,0,0,1,0,0,0,0,0,0,0,0,0,0,0,0,0,1
SydHsyny49951,366,,4,0,0,0,0,0,0,0,0,0,0,1,0,1,0,0,0,1,0,1,0
Resistanceonx,366,,12,0,0,1,0,0,0,1,1,1,1,1,0,1,0,1,1,1,1,0,1
OfelasA,366,,1,0,0,0,0,0,0,0,0,0,0,0,0,0,0,0,0,1,0,0,0
KaitMahomed,366,,1,0,0,0,0,0,0,0,0,0,1,0,0,0,0,0,0,0,0,0,0
JungleLawPak,366,,2,0,0,0,0,0,0,0,0,0,0,0,0,0,0,0,0,0,1,0,1
1986javaheri,366,,4,0,0,0,0,1,1,0,0,0,0,0,0,0,0,1,0,1,0,0,0
westandtherest,365,,1,0,0,0,0,0,0,1,0,0,0,0,0,0,0,0,0,0,0,0,0
solcoutocharts,365,,1,0,0,0,0,0,0,0,0,0,0,0,0,1,0,0,0,0,0,0,0
sahan_fagol,365,,6,0,0,0,0,0,0,1,0,0,0,0,0,0,0,0,1,1,1,1,1
moji_abdolahi,365,,2,1,0,0,1,0,0,0,0,0,0,0,0,0,0,0,0,0,0,0,0
hadi_khaleghii,365,,2,0,0,0,0,0,0,0,0,0,0,0,0,1,0,0,0,0,0,1,0
germn400,365,,2,0,0,0,1,0,1,0,0,0,0,0,0,0,0,0,0,0,0,0,0
blacksimurg,365,,3,0,1,0,0,0,1,0,0,0,0,0,0,0,0,0,0,0,0,0,1
anwartjj,365,,1,0,0,0,0,0,1,0,0,0,0,0,0,0,0,0,0,0,0,0,0
Mosesparody,365,,4,0,0,0,0,0,0,0,0,1,0,0,0,1,0,0,0,1,1,0,0
Jam_99X,365,,2,0,0,0,0,0,0,0,0,0,0,0,0,0,0,0,0,0,0,1,1
worldwide7,364,,1,0,0,0,0,0,0,0,0,1,0,0,0,0,0,0,0,0,0,0,0
smostars,364,,1,0,0,0,0,0,0,0,0,0,0,0,0,0,0,0,0,0,0,0,1
fdb313147206,364,,3,1,0,0,0,0,0,0,0,0,0,0,0,1,0,0,0,0,0,1,0
alkulana2,364,,1,0,1,0,0,0,0,0,0,0,0,0,0,0,0,0,0,0,0,0,0
OzymandiasRTRNS,364,,1,0,0,0,0,0,0,0,0,0,0,1,0,0,0,0,0,0,0,0,0
Mohajer_313,364,,1,0,0,0,0,0,0,0,0,0,0,0,0,0,0,0,0,0,1,0,0
MGP44395050,364,,1,0,0,0,0,0,0,0,0,1,0,0,0,0,0,0,0,0,0,0,0
Hosein3133,364,,1,0,0,0,0,0,0,0,0,0,0,0,0,0,0,0,0,0,1,0,0
BLUENINI1,364,,1,0,0,1,0,0,0,0,0,0,0,0,0,0,0,0,0,0,0,0,0
AliJbbar_PhD,364,,2,0,0,0,0,0,1,0,0,0,0,0,0,0,0,0,0,0,0,0,1
shaa_zaa113,363,,11,0,1,0,0,0,1,1,0,0,1,0,1,1,1,1,0,1,1,1,0
ajji_esmat,363,,18,0,1,0,1,1,1,1,1,1,1,1,1,1,1,1,1,1,1,1,1
__MrBear_,363,,20,1,1,1,1,1,1,1,1,1,1,1,1,1,1,1,1,1,1,1,1
TifahEfendijaG,363,,1,0,0,0,0,0,0,1,0,0,0,0,0,0,0,0,0,0,0,0,0
McMuIIah,363,,2,0,0,0,0,0,0,0,0,0,0,1,0,1,0,0,0,0,0,0,0
Marya_Popins,363,,1,0,0,0,0,0,0,1,0,0,0,0,0,0,0,0,0,0,0,0,0
HansGotsche,363,,2,0,0,0,0,0,1,0,0,0,0,0,0,0,0,0,0,0,0,0,1
FarhanK24953,363,,3,0,0,0,0,0,0,0,0,0,1,0,0,0,0,0,0,1,0,0,1
Ekene_Udeze1,363,,2,0,0,0,0,1,1,0,0,0,0,0,0,0,0,0,0,0,0,0,0
AIberSnake,363,,2,0,0,0,0,0,0,0,0,1,0,0,0,0,0,0,0,0,1,0,0
yougiho108,362,,9,0,1,0,0,1,0,0,1,0,0,0,1,1,1,1,0,1,1,0,0
shankarvijay08,362,,2,0,0,0,0,0,0,0,0,0,1,0,0,0,0,0,0,0,1,0,0
mohsen_n63_2,362,,1,0,0,0,0,0,0,0,0,0,0,0,0,0,0,0,0,0,0,0,1
iran18189,362,,1,0,0,0,0,0,0,1,0,0,0,0,0,0,0,0,0,0,0,0,0
binyamin90,362,,3,0,0,0,0,0,1,0,0,1,0,0,0,0,0,0,0,0,0,0,1
abasghader91172,362,,3,0,0,0,1,0,0,0,0,0,0,0,0,1,0,0,0,0,0,1,0
Tribal_2006,362,,2,0,0,0,0,0,0,0,0,1,0,0,0,0,0,0,0,1,0,0,0
PaulForres34735,362,,1,0,0,0,0,0,0,0,0,0,0,0,0,1,0,0,0,0,0,0,0
NoiceKhet,362,,3,0,0,0,0,0,0,0,0,1,0,0,0,1,0,0,0,1,0,0,0
JEregwu,362,,1,0,1,0,0,0,0,0,0,0,0,0,0,0,0,0,0,0,0,0,0
GDalt3,362,,2,0,1,1,0,0,0,0,0,0,0,0,0,0,0,0,0,0,0,0,0
ACaldoon,362,,1,0,0,0,0,0,1,0,0,0,0,0,0,0,0,0,0,0,0,0,0
27maYdei,362,,2,0,1,0,0,1,0,0,0,0,0,0,0,0,0,0,0,0,0,0,0
yanxsetiahardja,361,,2,0,1,0,0,0,0,0,0,1,0,0,0,0,0,0,0,0,0,0,0
voicetool,361,,12,0,0,0,0,0,1,1,1,1,1,1,0,1,1,1,1,1,1,0,0
truthseek3r99,361,,1,0,0,0,0,0,0,0,0,1,0,0,0,0,0,0,0,0,0,0,0
mohamad155591,361,,1,0,0,0,0,0,0,0,0,0,0,0,0,0,0,0,0,0,0,1,0
anacendrero,361,,4,0,1,0,0,0,0,0,0,0,1,0,1,1,0,0,0,0,0,0,0
aharunadauda,361,,3,0,1,0,0,0,0,0,0,1,1,0,0,0,0,0,0,0,0,0,0
Prismaticum1,361,,1,0,0,0,0,0,0,0,0,0,0,0,0,0,0,0,1,0,0,0,0
Elham85412931,361,,1,0,0,0,0,0,0,0,0,0,0,0,0,0,0,0,0,0,1,0,0
EderMarin1,361,,1,0,0,0,0,0,0,0,0,0,0,0,0,0,0,0,0,0,1,0,0
mostafaeroni,360,,3,0,0,0,0,0,0,0,0,0,1,0,1,0,0,0,0,1,0,0,0
kinghh80,360,,4,0,0,0,0,1,0,0,0,0,0,0,0,1,0,0,1,1,0,0,0
dokhtare_ariyi,360,,1,0,0,0,0,0,0,0,0,0,0,0,0,0,0,0,0,0,0,0,1
azamramli0901,360,,1,0,0,0,0,0,0,0,0,0,0,0,0,0,0,0,1,0,0,0,0
IMRANBHATI82,360,,1,0,0,0,0,0,0,1,0,0,0,0,0,0,0,0,0,0,0,0,0
ivvvvvvvvan,359,,1,0,0,0,0,0,0,0,0,0,0,0,0,0,0,0,0,0,0,0,1
f3reed_99,359,,2,0,0,0,0,0,1,0,0,0,0,0,0,0,0,0,0,0,0,1,0
camara_sylli,359,,3,0,1,0,0,0,0,0,0,1,0,0,0,1,0,0,0,0,0,0,0
Sardarzulfikhan,359,,1,0,0,0,0,0,0,0,0,0,0,0,0,1,0,0,0,0,0,0,0
Olohunishola00,359,,1,1,0,0,0,0,0,0,0,0,0,0,0,0,0,0,0,0,0,0,0
Nia__03,359,,7,0,0,0,1,0,1,0,1,0,0,1,0,1,0,0,0,0,1,1,0
KHALIDSJ2050,359,,2,0,0,0,0,0,0,0,1,0,0,0,0,0,0,0,0,1,0,0,0
DaunTehHijau_,359,,1,1,0,0,0,0,0,0,0,0,0,0,0,0,0,0,0,0,0,0,0
ABOMEYSAM12,359,,4,0,0,0,0,0,0,1,1,0,0,0,0,1,0,0,0,0,0,1,0
AAhtharu,359,,1,0,0,0,0,0,0,1,0,0,0,0,0,0,0,0,0,0,0,0,0
sossbosss,358,,3,0,0,0,0,0,1,0,0,1,0,0,0,0,0,0,0,0,0,0,1
smeltsa,358,,1,0,0,0,0,0,0,1,0,0,0,0,0,0,0,0,0,0,0,0,0
quietskepticX,358,,2,0,0,0,0,0,0,0,1,1,0,0,0,0,0,0,0,0,0,0,0
paeyeam,358,,8,0,1,0,0,0,1,1,1,1,0,1,0,1,0,0,0,0,1,0,0
kryptograph3r,358,,5,0,0,1,0,0,1,0,0,1,1,0,0,1,0,0,0,0,0,0,0
cayjun,358,,1,0,0,0,0,0,1,0,0,0,0,0,0,0,0,0,0,0,0,0,0
berriesandsun,358,,2,0,0,0,0,0,0,0,1,0,1,0,0,0,0,0,0,0,0,0,0
SjadSadqy79480,358,,1,0,0,0,0,0,0,0,0,0,0,0,0,0,0,0,0,0,0,1,0
Oschweizi68155,358,,2,0,0,0,0,0,0,0,0,0,0,0,0,0,0,0,0,1,0,1,0
MugheesDogar,358,,3,0,1,0,0,0,0,0,0,0,1,0,0,0,0,0,0,0,0,0,1
MarujoJacinta,358,,9,0,0,0,0,0,0,0,1,1,0,1,1,0,1,1,1,1,0,0,1
Hosseingha64402,358,,1,0,0,0,0,0,1,0,0,0,0,0,0,0,0,0,0,0,0,0,0
Fatih1969MG,358,,9,0,1,0,0,0,1,0,1,1,1,1,0,1,0,0,1,0,0,0,1
wezzyvedore,357,,5,0,0,0,0,1,1,1,0,0,0,0,0,0,0,0,0,0,1,1,0
side_hopelessX,357,,1,0,0,0,0,0,0,0,0,0,0,0,0,0,0,0,0,1,0,0,0
ramrom67,357,,1,0,0,0,0,0,0,0,0,0,0,0,0,0,0,1,0,0,0,0,0
naigelhosein,357,,1,0,0,0,0,0,0,0,0,1,0,0,0,0,0,0,0,0,0,0,0
jlyly18326,357,,2,0,0,0,0,0,0,0,0,0,0,0,0,1,0,0,0,0,0,1,0
biswajit002,357,,2,0,0,0,0,0,1,1,0,0,0,0,0,0,0,0,0,0,0,0,0
ally_yarrow,357,,1,0,0,0,0,0,0,0,0,0,1,0,0,0,0,0,0,0,0,0,0
ZariaziziZry,357,,1,0,0,0,0,0,0,0,0,0,0,1,0,0,0,0,0,0,0,0,0
SRoudehi80303,357,,1,0,0,0,0,1,0,0,0,0,0,0,0,0,0,0,0,0,0,0,0
Baqir00313,357,,4,0,0,0,1,1,1,0,1,0,0,0,0,0,0,0,0,0,0,0,0
AnabtawiKa32900,357,,1,0,0,0,0,0,0,1,0,0,0,0,0,0,0,0,0,0,0,0,0
zeelyofrunkah,356,,3,0,0,0,0,0,0,0,0,0,0,0,1,0,0,0,0,1,0,0,1
zargy824,356,,1,0,0,0,0,0,0,1,0,0,0,0,0,0,0,0,0,0,0,0,0
timothytercel,356,,1,0,0,0,0,0,0,0,0,0,0,0,0,0,0,0,0,0,0,1,0
rezaei_has63844,356,,2,0,0,0,0,0,0,0,0,0,0,0,0,1,0,0,0,0,0,1,0
cleverprime83,356,,1,0,0,0,0,0,0,0,0,0,1,0,0,0,0,0,0,0,0,0,0
azzam_badi,356,,1,0,0,0,0,0,0,0,0,0,0,0,0,0,0,1,0,0,0,0,0
ali_qarai,356,,1,0,0,0,0,0,0,0,0,0,1,0,0,0,0,0,0,0,0,0,0
Innocentkhan110,356,,1,0,0,0,0,0,0,0,0,0,0,0,0,0,0,0,0,0,0,0,1
GoyslopEnjoy3r,356,,4,1,0,0,0,0,0,0,0,1,1,0,0,0,0,0,1,0,0,0,0
heem_uganda,355,,1,0,0,1,0,0,0,0,0,0,0,0,0,0,0,0,0,0,0,0,0
falmata_abdiisa,355,,1,0,0,0,0,0,0,0,0,0,0,0,0,0,0,0,1,0,0,0,0
Yusuf27055686,355,,1,0,0,0,0,0,0,0,0,0,0,1,0,0,0,0,0,0,0,0,0
TheShaikS,355,,9,0,0,1,0,1,0,1,1,0,1,1,1,1,0,0,0,0,1,0,0
Rush1862,355,,1,0,0,0,0,0,0,0,0,0,0,0,0,0,0,0,0,0,0,0,1
Rhizlaine10,355,,5,0,0,0,0,0,1,0,0,0,0,0,0,0,0,0,1,1,0,1,1
OmarKhan3738,355,,3,0,0,0,0,0,1,1,0,0,0,0,0,0,0,0,0,0,0,0,1
Numrahkhalid,355,,6,0,0,0,0,0,0,0,1,1,0,0,0,1,0,0,0,1,0,1,1
HShori78853,355,,2,0,0,0,0,0,0,0,0,0,0,0,0,1,0,0,0,0,0,1,0
Benblag,355,,3,0,0,0,0,0,1,0,0,1,0,0,0,0,0,0,0,0,0,0,1
AnsaariSm,355,,2,0,0,0,0,0,1,0,1,0,0,0,0,0,0,0,0,0,0,0,0
Ali_nawaz_92,355,,2,0,0,1,0,0,1,0,0,0,0,0,0,0,0,0,0,0,0,0,0
3335j6Giso,355,,2,0,0,0,0,0,0,0,0,0,0,0,0,1,0,0,0,0,0,1,0
rmzni56,354,,1,0,0,0,0,0,0,0,0,0,0,0,0,1,0,0,0,0,0,0,0
lostdervishX,354,,5,0,0,1,0,0,0,0,0,0,1,1,0,0,0,0,0,0,1,0,1
khaleds657,354,,1,0,0,0,0,0,0,1,0,0,0,0,0,0,0,0,0,0,0,0,0
kalimullah___,354,,1,0,1,0,0,0,0,0,0,0,0,0,0,0,0,0,0,0,0,0,0
coracao_sombrio,354,,1,0,0,0,0,0,0,0,0,0,0,0,0,0,0,0,1,0,0,0,0
StarhSadat81983,354,,2,0,0,0,0,0,0,0,0,0,0,0,0,1,0,0,0,0,0,1,0
SadiPGujjar,354,,1,0,0,0,0,0,0,0,0,0,0,0,0,0,0,0,0,1,0,0,0
OsmanFehm,354,,6,0,0,0,0,1,1,0,0,1,1,0,1,0,0,0,0,1,0,0,0
MojtabaNoo48189,354,,2,0,0,0,0,0,1,0,0,1,0,0,0,0,0,0,0,0,0,0,0
GretchenCrawf16,354,,6,0,0,0,0,0,1,1,1,0,0,0,1,0,1,0,1,0,0,0,0
DI55ID3NT,354,,2,0,0,0,0,0,0,0,0,0,0,0,0,1,0,0,0,1,0,0,0
naz_suleman1,353,,1,0,0,0,0,0,0,0,0,0,1,0,0,0,0,0,0,0,0,0,0
nangstef,353,,1,0,0,0,0,0,0,0,0,0,0,0,0,1,0,0,0,0,0,0,0
imranvashyr,353,,2,0,0,0,0,0,0,0,0,1,1,0,0,0,0,0,0,0,0,0,0
fatherofideas,353,,1,0,0,0,0,0,0,0,0,0,0,0,0,0,0,0,0,0,1,0,0
bavi008,353,,1,0,0,0,0,0,0,0,0,0,0,0,0,0,0,0,0,0,1,0,0
SulexDongas,353,,3,0,0,0,0,0,0,0,0,0,1,0,1,0,0,0,0,0,1,0,0
SCOTCHNCIGAR,353,,5,0,0,0,0,0,0,1,0,1,0,0,0,0,0,0,0,1,1,1,0
OlivierH41225,353,,1,0,0,0,0,0,0,0,0,0,0,0,0,0,0,0,1,0,0,0,0
MoosaviRaz69202,353,,1,0,0,0,0,0,0,0,0,0,0,0,0,1,0,0,0,0,0,0,0
vahid_zidan,352,,1,0,0,0,0,0,0,0,0,0,0,0,0,0,0,0,0,0,1,0,0
ni_gichuhi,352,,1,0,0,0,0,0,0,0,0,0,0,0,0,0,0,0,0,0,0,0,1
larryhutcherson,352,,1,0,0,0,0,0,0,0,0,0,0,0,0,0,0,0,0,0,0,0,1
haid78166,352,,2,0,0,0,1,0,0,1,0,0,0,0,0,0,0,0,0,0,0,0,0
fluviaff,352,,3,0,0,0,0,0,0,0,1,0,0,0,0,0,0,0,0,0,0,1,1
ebrahimmir25104,352,,1,0,0,0,0,0,0,0,0,0,0,0,0,0,0,0,0,0,0,1,0
dyl_nurul_amin,352,,1,0,0,0,0,0,1,0,0,0,0,0,0,0,0,0,0,0,0,0,0
_financialguy,352,,2,0,0,1,0,0,0,0,0,0,0,0,0,0,0,0,0,0,0,1,0
Mozhdeh_Raad,352,,4,0,0,0,0,0,0,0,0,0,0,1,1,0,0,0,1,0,1,0,0
CabdiqadirAlaa4,352,,1,0,0,0,0,0,0,0,0,0,0,0,0,1,0,0,0,0,0,0,0
unicornrampant6,351,,1,0,0,0,0,0,0,0,0,0,1,0,0,0,0,0,0,0,0,0,0
paieilla,351,,2,0,0,0,0,0,0,0,0,0,0,0,0,1,0,0,0,1,0,0,0
fossens_IC,351,,1,0,0,0,0,0,0,0,0,0,0,0,0,0,0,0,0,0,0,0,1
bossman2850,351,,1,0,0,0,0,0,1,0,0,0,0,0,0,0,0,0,0,0,0,0,0
Yararawiya,351,,1,0,0,0,0,0,0,0,0,0,0,0,0,0,0,0,0,0,0,0,1
WilliamMun69298,351,,4,0,0,0,0,0,1,1,0,1,0,0,0,0,0,0,0,1,0,0,0
TheBitlandPrinc,351,,1,0,0,0,0,0,0,0,0,0,0,0,0,0,0,0,0,1,0,0,0
Pakistani90J,351,,5,0,0,0,0,0,0,1,1,0,0,0,0,1,0,1,0,1,0,0,0
IssaIssack1,351,,7,1,1,0,0,0,0,0,1,0,1,0,0,0,0,1,1,0,0,1,0
IdolineX,351,,10,1,0,0,0,0,1,1,1,0,0,0,1,1,1,0,1,1,1,0,0
HonestlyHussain,351,,2,0,0,0,0,0,0,0,0,1,0,0,0,0,0,0,0,0,1,0,0
muhd_yoo,350,,1,1,0,0,0,0,0,0,0,0,0,0,0,0,0,0,0,0,0,0,0
kennethscott51,350,,3,0,0,0,0,1,1,0,0,0,0,0,0,0,0,0,0,1,0,0,0
aliabbassayed,350,,10,0,0,0,1,1,1,0,0,1,1,1,1,1,0,0,0,1,1,0,0
SC0914,350,,1,0,0,0,0,0,0,1,0,0,0,0,0,0,0,0,0,0,0,0,0
RedArchivist,350,,1,0,0,0,0,0,0,0,0,0,0,0,0,0,0,0,0,0,0,0,1
MarquesGines,350,,3,0,0,0,0,0,0,0,0,0,0,0,1,1,1,0,0,0,0,0,0
LailaAmiri5,350,,6,0,0,0,0,0,0,1,0,1,0,0,1,1,0,0,0,1,1,0,0
BunyGreat,350,,1,0,0,0,0,0,1,0,0,0,0,0,0,0,0,0,0,0,0,0,0
AshishT23548179,350,,14,0,0,1,1,0,1,1,1,1,1,1,1,1,0,1,1,1,0,0,1
serxwese,349,,2,0,0,0,0,0,0,1,0,0,0,0,0,0,0,0,0,1,0,0,0
khaton1152177,349,,1,0,0,0,0,0,0,0,0,0,0,0,0,0,0,0,0,0,0,1,0
cuervingenuo,349,,5,0,0,0,0,0,1,0,0,1,0,0,1,1,0,0,0,1,0,0,0
ayman_ism,349,,2,0,0,0,0,0,1,0,0,0,0,0,0,1,0,0,0,0,0,0,0
arionw131504,349,,2,0,0,0,0,0,0,0,0,0,0,0,0,0,0,0,0,1,0,1,0
LamineD75677343,349,,1,0,0,0,0,0,1,0,0,0,0,0,0,0,0,0,0,0,0,0,0
Biotech_Geek,349,,1,0,0,0,0,0,0,0,0,0,1,0,0,0,0,0,0,0,0,0,0
Bilchain,349,,6,0,0,0,1,0,0,0,0,1,1,1,1,0,0,0,0,1,0,0,0
tammytammmyy,348,,1,0,0,0,0,0,0,0,0,0,0,0,0,0,0,0,0,0,0,0,1
savepakistann,348,,1,0,0,0,0,0,0,0,1,0,0,0,0,0,0,0,0,0,0,0,0
realpaidtriot,348,,1,0,0,0,0,0,1,0,0,0,0,0,0,0,0,0,0,0,0,0,0
raminjafariam,348,,1,0,0,0,0,0,0,0,0,0,0,0,0,0,0,0,0,0,1,0,0
hmdkpr,348,,1,0,0,0,0,0,0,0,0,0,0,0,0,0,0,0,0,1,0,0,0
asma_fatemi313,348,,1,0,0,0,0,0,0,0,0,0,0,0,0,0,0,0,0,0,0,1,0
alhrs96,348,,2,0,0,0,0,0,1,0,0,0,1,0,0,0,0,0,0,0,0,0,0
Xerxes575,348,,8,0,0,0,1,0,0,1,1,1,1,1,1,0,0,0,0,0,0,1,0
Powerplant78,348,,2,0,0,0,0,0,1,0,0,0,0,0,0,0,0,0,1,0,0,0,0
MisbahLaska,348,,2,0,1,1,0,0,0,0,0,0,0,0,0,0,0,0,0,0,0,0,0
DarrenShaqeel,348,,1,0,0,0,0,0,0,0,0,0,0,0,0,0,0,0,0,1,0,0,0
BakedCouchGuy,348,,1,0,0,0,0,0,0,0,0,0,0,0,0,1,0,0,0,0,0,0,0
ArashSyadi1,348,,1,0,0,0,0,0,0,0,0,0,0,0,0,0,0,0,0,0,0,1,0
Ajameirani118,348,,1,0,0,0,0,0,0,0,0,0,0,0,0,1,0,0,0,0,0,0,0
zamani6825354,347,,1,0,0,0,0,0,0,0,0,0,0,0,0,0,0,0,0,0,0,1,0
rabiayayay,347,,2,0,0,0,0,0,0,0,0,0,0,0,0,0,0,0,0,0,0,1,1
ilknurrak3,347,,1,0,0,0,0,0,0,0,0,0,0,0,0,0,0,0,0,1,0,0,0
bas1ji,347,,1,0,0,0,0,0,0,0,0,0,0,0,0,1,0,0,0,0,0,0,0
akreveus,347,,1,0,0,0,0,0,0,0,0,0,0,0,0,0,0,0,0,0,0,1,0
abdolmahdi639,347,,1,0,0,0,0,0,0,0,0,0,0,0,0,0,0,0,0,0,1,0,0
UthmanM70789626,347,,1,0,0,0,0,0,0,0,0,1,0,0,0,0,0,0,0,0,0,0,0
MjydP66083,347,,2,0,0,0,0,0,0,0,0,0,0,0,0,1,0,0,0,0,0,1,0
Dommekloot_01,347,,3,0,0,0,0,0,0,0,0,0,0,0,0,1,1,0,0,0,0,0,1
rohi_mahdi62455,346,,1,0,0,0,0,0,0,0,0,0,0,0,1,0,0,0,0,0,0,0,0
rezvan0028,346,,2,0,0,0,0,1,0,0,0,0,0,0,0,0,0,0,1,0,0,0,0
etrehman,346,,2,0,0,0,0,0,1,0,0,0,0,0,0,0,0,1,0,0,0,0,0
darvishra,346,,1,0,0,0,1,0,0,0,0,0,0,0,0,0,0,0,0,0,0,0,0
Nov9691,346,,3,0,0,0,0,0,0,1,0,0,1,0,1,0,0,0,0,0,0,0,0
KizitoJackson,346,,2,0,0,0,0,0,0,0,0,0,0,0,0,0,0,0,0,0,0,1,1
Kabirmancity,346,,7,0,0,1,0,0,1,0,0,1,0,0,1,1,1,0,1,0,0,0,0
Evilazulan,346,,2,0,0,0,0,0,0,0,0,0,0,0,0,0,0,0,0,1,0,0,1
Almuzty4all,346,,2,0,0,0,1,0,0,0,0,0,1,0,0,0,0,0,0,0,0,0,0
samtito1756,345,,5,0,0,1,0,1,0,0,0,1,0,0,0,0,0,0,1,1,0,0,0
raarsaal,345,,7,0,0,0,0,0,1,0,0,1,1,1,1,0,0,0,0,1,0,1,0
_GeoTakes_,345,,2,0,0,0,0,0,0,0,0,0,1,0,0,0,0,0,0,0,0,0,1
TeslaBull1500,345,,6,1,0,0,0,0,0,0,1,0,1,0,0,0,0,0,0,0,1,1,1
SairaAhmed178,345,,5,0,1,1,0,0,0,0,0,1,0,0,0,1,0,0,1,0,0,0,0
JuniorPlan111,345,,4,0,0,0,0,0,1,0,0,0,0,0,0,1,0,0,1,1,0,0,0
Boring1105,345,,1,0,0,0,0,0,0,0,0,0,0,0,0,0,0,0,0,1,0,0,0
Ahmad_LFG_,345,,1,0,0,0,0,0,0,0,0,0,0,0,1,0,0,0,0,0,0,0,0
AfJourno,345,,1,0,0,0,0,0,0,0,0,0,0,0,0,1,0,0,0,0,0,0,0
okomebiyori,344,,8,0,0,0,0,0,1,0,1,1,1,0,0,0,0,1,0,1,1,0,1
majdibraheem223,344,,2,0,0,0,0,0,0,0,0,0,0,0,0,0,0,0,1,0,0,0,1
lawdefender_,344,,1,0,0,0,0,0,0,0,0,0,1,0,0,0,0,0,0,0,0,0,0
ali_f90245026,344,,2,0,0,0,0,0,0,0,0,0,0,1,0,1,0,0,0,0,0,0,0
TheRealParis,344,,1,0,0,0,0,0,0,0,0,0,0,0,0,0,0,0,0,0,0,1,0
FarshidMirzadah,344,,8,0,0,0,0,0,1,1,1,0,0,0,1,1,0,0,1,1,0,0,1
lqgist,343,,5,0,0,1,0,0,1,1,0,0,0,0,0,0,0,0,0,0,1,0,1
homeless_crypto,343,,1,0,0,0,0,0,0,0,0,0,0,0,0,0,0,0,0,1,0,0,0
garabiglo59649,343,,2,0,0,0,0,0,0,0,0,0,0,0,0,1,0,0,0,0,0,1,0
dobbz777,343,,3,0,0,0,0,1,1,0,0,0,0,0,0,0,0,0,0,1,0,0,0
asif14,343,,1,0,0,0,0,0,0,0,0,0,0,0,0,0,0,0,0,0,0,0,1
Mrblock24,343,,5,0,0,0,0,0,0,0,0,1,0,0,1,1,0,0,0,0,0,1,1
Lavueltaobliga,343,,2,0,0,0,0,0,1,1,0,0,0,0,0,0,0,0,0,0,0,0,0
Lang21067418,343,,1,0,0,0,0,0,0,0,0,0,0,0,0,0,0,0,0,1,0,0,0
Khantmharabaap,343,,1,0,0,0,0,0,0,0,0,1,0,0,0,0,0,0,0,0,0,0,0
HrOk1401,343,,1,0,0,0,0,0,0,0,0,0,0,0,1,0,0,0,0,0,0,0,0
EmWieds,343,,1,0,0,0,0,0,0,0,0,0,0,0,0,1,0,0,0,0,0,0,0
DrShahidHEDP,343,,2,0,0,0,0,0,0,0,0,0,1,0,0,1,0,0,0,0,0,0,0
AleksandarPeru1,343,,1,0,0,0,0,0,0,0,0,0,0,0,0,0,0,0,0,1,0,0,0
1004_brian,343,,1,0,0,0,0,0,0,0,0,1,0,0,0,0,0,0,0,0,0,0,0
mehraban_yasin,342,,6,0,0,0,0,0,0,1,1,1,0,1,0,0,0,0,0,1,0,1,0
jpitsakis,342,,2,0,0,0,0,0,0,0,0,1,0,0,0,0,0,0,0,1,0,0,0
johndotlepage,342,,2,0,0,0,0,0,0,0,1,0,0,0,0,0,0,0,0,0,0,0,1
chathu87,342,,1,0,0,0,0,0,0,0,0,0,0,0,0,0,1,0,0,0,0,0,0
a_althabte,342,,1,0,0,0,0,0,0,0,0,0,0,0,0,0,0,0,0,0,0,0,1
_onyiii,342,,11,0,0,1,0,0,0,0,1,1,1,1,1,0,0,0,1,1,1,1,1
SB4Pali,342,,4,0,0,0,0,0,0,0,0,0,1,0,0,0,0,1,1,0,0,0,1
MohamedMo1610,342,,1,0,0,0,0,0,0,0,0,0,0,0,0,0,0,1,0,0,0,0,0
KaiC25423461,342,,1,0,0,0,0,0,0,0,0,0,0,0,0,0,0,0,0,0,0,0,1
J1618G,342,,9,0,1,0,0,0,0,0,1,0,1,1,1,0,0,1,1,1,1,0,0
BorisBotenov,342,,1,0,0,0,0,0,0,0,0,0,0,0,0,0,0,0,0,1,0,0,0
troyz78,341,,4,0,0,0,0,0,0,0,0,1,1,0,1,0,0,0,0,0,0,0,1
shujahoonmein,341,,12,0,1,0,0,0,1,1,1,1,1,0,1,1,1,0,0,1,1,1,0
mohammadjahans,341,,1,0,0,0,0,0,0,0,0,1,0,0,0,0,0,0,0,0,0,0,0
be0486,341,,5,0,0,0,0,0,0,0,1,1,1,0,0,0,0,0,0,0,0,1,1
NA8EEL,341,,13,1,1,1,0,1,1,1,1,1,0,1,1,1,0,0,0,1,0,0,1
MLotfi71561,341,,2,0,0,0,0,0,0,0,0,0,0,0,0,1,0,0,0,0,0,1,0
Lawrencenamaba,341,,1,0,0,0,0,0,0,0,0,0,1,0,0,0,0,0,0,0,0,0,0
KenedySande,341,,1,0,0,0,0,0,0,0,0,0,1,0,0,0,0,0,0,0,0,0,0
Hamid430300,341,,3,0,1,0,0,0,0,0,0,0,0,0,0,1,0,0,0,0,0,0,1
GhadiriAb,341,,1,0,0,0,0,0,0,0,0,0,0,0,0,1,0,0,0,0,0,0,0
EnergineersNet,341,,1,0,0,0,0,0,0,0,0,0,0,0,0,0,0,0,0,0,0,0,1
Chai_cheeni,341,,1,0,1,0,0,0,0,0,0,0,0,0,0,0,0,0,0,0,0,0,0
CarlStorey10,341,,2,0,0,0,0,1,0,0,0,0,0,0,0,0,0,0,0,1,0,0,0
nazifeyzab32507,340,,2,0,0,0,0,0,0,0,0,0,0,0,0,1,0,0,0,0,0,1,0
maaz_ahsan,340,,9,0,0,0,0,1,1,1,1,1,0,0,0,1,1,0,0,1,0,0,1
m_sarah58,340,,1,0,0,0,0,0,0,0,0,0,1,0,0,0,0,0,0,0,0,0,0
Secret_guy8,340,,1,0,0,0,0,0,0,0,0,0,0,0,0,0,0,1,0,0,0,0,0
PedramAqamoradi,340,,1,0,0,0,0,0,0,0,0,0,0,0,0,0,0,0,0,0,1,0,0
Mohammad_yawar_,340,,8,0,0,0,0,0,0,0,0,1,1,1,0,1,1,1,0,1,1,0,0
smaarttboyy11,339,,1,0,0,0,0,0,0,0,0,1,0,0,0,0,0,0,0,0,0,0,0
shahzada_rah2,339,,2,0,1,0,0,0,0,0,0,0,0,0,0,0,0,0,0,0,0,0,1
sh6858,339,,1,0,0,0,0,0,0,0,0,0,1,0,0,0,0,0,0,0,0,0,0
sb38581125,339,,1,0,0,0,0,0,0,0,0,0,0,0,0,0,0,0,0,0,0,0,1
nudrathussain,339,,1,0,0,0,0,0,0,0,0,0,1,0,0,0,0,0,0,0,0,0,0
irshadk72903409,339,,2,0,0,0,0,0,0,0,0,0,0,0,0,0,0,0,0,1,0,0,1
ghosthermes,339,,1,0,0,0,0,0,0,0,0,0,0,0,0,0,0,0,0,0,0,0,1
baran14281022,339,,1,0,0,0,0,0,0,0,0,0,0,0,0,1,0,0,0,0,0,0,0
bahman_jam27808,339,,2,0,0,0,0,0,0,0,0,0,0,0,0,1,0,0,0,0,0,1,0
_Ab__dul_,339,,3,0,0,0,0,0,0,0,0,0,0,1,0,0,0,0,1,0,1,0,0
WinningBernie,339,,2,1,0,0,0,0,0,0,0,0,0,0,0,0,0,0,0,0,0,0,1
ReNaqvi,339,,11,0,1,0,0,1,0,0,1,1,1,1,1,1,0,0,1,0,0,1,1
ROYA_R0,339,,2,0,0,0,0,0,0,0,1,0,0,0,1,0,0,0,0,0,0,0,0
Emilya3x,339,,2,0,0,0,0,0,0,0,0,0,1,0,0,1,0,0,0,0,0,0,0
BambuMeowww,339,,1,0,0,0,0,0,0,0,1,0,0,0,0,0,0,0,0,0,0,0,0
AryaSafayi31186,339,,3,0,0,0,0,0,0,0,0,0,1,0,0,1,0,0,0,0,0,1,0
4670de2475d64cd,339,,1,0,0,0,0,0,0,0,0,0,0,0,0,1,0,0,0,0,0,0,0
g0nz4l0g0nz4l31,338,,2,0,0,0,0,0,1,0,0,0,0,0,0,1,0,0,0,0,0,0,0
ezway2go,338,,1,0,0,0,0,0,0,0,0,0,0,0,0,0,0,0,0,0,0,1,0
alnass_kid,338,,3,0,0,0,0,0,1,1,0,0,1,0,0,0,0,0,0,0,0,0,0
TipuOsman1,338,,1,0,0,0,0,0,0,0,0,0,0,0,0,0,0,0,0,0,0,0,1
Steady_Lambo,338,,1,0,0,0,0,0,0,0,0,0,1,0,0,0,0,0,0,0,0,0,0
Shumzy33,338,,5,0,0,0,0,0,0,1,1,0,0,0,0,0,0,0,1,1,0,0,1
RTweetos2,338,,2,1,0,0,0,0,0,1,0,0,0,0,0,0,0,0,0,0,0,0,0
Nirvana_r67,338,,5,0,0,0,0,1,0,0,1,1,0,1,0,1,0,0,0,0,0,0,0
Mehmood55801076,338,,1,0,0,0,0,0,0,0,0,0,0,0,0,0,0,0,0,0,0,0,1
Dorud9,338,,1,0,0,0,0,1,0,0,0,0,0,0,0,0,0,0,0,0,0,0,0
BabadiBehrouz,338,,12,1,1,0,1,1,0,1,1,0,0,0,1,1,0,1,1,1,1,0,0
AzizMusarat,338,,1,0,0,0,0,0,0,0,0,0,0,0,0,0,0,0,0,0,1,0,0
AnishTum,338,,1,0,0,0,0,0,0,0,0,0,0,0,0,0,0,0,0,0,0,0,1
xtc_uk,337,,8,0,0,0,0,1,1,0,1,1,1,0,0,0,0,0,1,1,0,0,1
shirley24348765,337,,1,0,0,0,0,0,0,0,0,0,0,0,1,0,0,0,0,0,0,0,0
odaftae,337,,2,0,0,0,0,0,1,0,0,0,0,0,0,0,0,0,0,0,0,0,1
kaneezsayed2,337,,1,0,0,0,0,0,0,0,0,0,0,0,0,0,0,0,0,0,0,0,1
brianbru14,337,,1,1,0,0,0,0,0,0,0,0,0,0,0,0,0,0,0,0,0,0,0
akramjahanian,337,,1,0,0,0,0,0,0,1,0,0,0,0,0,0,0,0,0,0,0,0,0
ahm53375283,337,,1,0,0,0,0,0,1,0,0,0,0,0,0,0,0,0,0,0,0,0,0
SamboUsmanA,337,,1,0,0,0,0,0,0,0,0,0,0,0,0,0,0,0,0,0,0,0,1
RTaghvapoo76296,337,,2,0,0,0,0,0,0,0,0,0,0,0,0,1,0,0,0,0,0,1,0
GoboFraggleX,337,,1,1,0,0,0,0,0,0,0,0,0,0,0,0,0,0,0,0,0,0,0
DDjilali1,337,,1,1,0,0,0,0,0,0,0,0,0,0,0,0,0,0,0,0,0,0,0
AurelieTembo,337,,2,0,0,0,0,0,0,0,0,0,0,0,0,0,0,0,0,0,0,1,1
soulkinprince,336,,1,0,0,0,0,0,0,0,0,0,0,0,0,0,0,0,0,0,0,0,1
minhasabb,336,,1,0,0,0,0,0,0,0,0,0,0,0,0,0,0,0,0,0,0,0,1
assangewiki,336,,1,0,0,0,0,0,0,0,0,0,0,0,0,0,0,0,0,0,1,0,0
Zinad_313,336,,1,0,0,0,0,0,0,0,0,0,0,0,0,0,0,1,0,0,0,0,0
Moheb19840407,336,,1,0,0,0,0,0,0,0,0,0,0,0,0,0,0,0,0,1,0,0,0
MS78611,336,,3,1,0,0,0,0,1,0,0,0,0,0,0,0,0,0,0,1,0,0,0
BakiDiren,336,,1,0,0,0,0,0,0,0,0,0,0,0,0,0,0,0,0,0,0,1,0
AINTABBRUV,336,,1,0,0,0,0,0,1,0,0,0,0,0,0,0,0,0,0,0,0,0,0
zubair3712,335,,1,0,0,0,0,0,0,0,0,1,0,0,0,0,0,0,0,0,0,0,0
zndhmhr,335,,1,0,0,0,0,0,0,0,0,0,1,0,0,0,0,0,0,0,0,0,0
syedshirazi95,335,,11,0,1,0,0,0,1,1,1,1,1,0,1,1,0,0,0,0,1,1,1
paray1,335,,2,0,0,0,0,0,1,1,0,0,0,0,0,0,0,0,0,0,0,0,0
gwilliams_m,335,,2,0,0,0,0,0,0,0,0,1,1,0,0,0,0,0,0,0,0,0,0
Yasooori2,335,,16,1,1,0,1,1,1,1,0,1,1,1,1,1,0,1,0,1,1,1,1
MohamedVidhaadh,335,,1,0,0,0,0,1,0,0,0,0,0,0,0,0,0,0,0,0,0,0,0
M_Chubby1,335,,1,0,0,0,0,0,1,0,0,0,0,0,0,0,0,0,0,0,0,0,0
peakyj_,334,,7,1,0,0,0,0,1,0,0,1,0,0,0,1,1,0,0,1,0,0,1
hx_vtr,334,,1,0,0,0,0,0,0,0,0,1,0,0,0,0,0,0,0,0,0,0,0
hass07070,334,,3,0,1,0,0,0,0,0,0,0,0,1,0,1,0,0,0,0,0,0,0
hasa74288127,334,,1,0,0,0,0,0,0,0,0,0,0,0,0,0,0,0,0,0,1,0,0
canali625293,334,,1,0,0,0,0,0,0,0,1,0,0,0,0,0,0,0,0,0,0,0,0
SanabriaPer,334,,1,0,0,0,0,0,1,0,0,0,0,0,0,0,0,0,0,0,0,0,0
Raavizd,334,,1,0,0,0,0,0,0,0,0,0,1,0,0,0,0,0,0,0,0,0,0
KazemKhazaei,334,,2,0,0,0,0,0,0,0,0,0,0,0,0,1,0,0,0,0,0,1,0
HabibKh34325804,334,,1,0,0,0,0,0,0,0,0,0,0,0,0,1,0,0,0,0,0,0,0
Gods_merrcy,334,,1,0,1,0,0,0,0,0,0,0,0,0,0,0,0,0,0,0,0,0,0
GhassounGh83988,334,,17,1,1,0,1,1,1,1,1,1,1,1,1,1,1,0,1,1,1,0,1
Akinkunmi00,334,,2,0,0,0,0,0,0,0,1,1,0,0,0,0,0,0,0,0,0,0,0
Abdurrahmanibro,334,,1,0,0,0,0,0,0,0,0,0,0,0,0,0,0,0,0,0,1,0,0
segmentintender,333,,1,0,0,0,0,0,0,0,0,0,0,0,0,0,0,0,0,0,1,0,0
ro_taxaccount,333,,3,0,0,0,0,0,0,0,0,0,0,0,0,1,0,0,0,1,1,0,0
caandy_cough,333,,1,0,0,0,0,0,0,0,0,0,0,0,0,0,0,0,0,1,0,0,0
_tissakani,333,,1,0,0,0,0,0,0,0,0,0,1,0,0,0,0,0,0,0,0,0,0
ThisIsBoomer2,333,,2,0,0,0,0,0,0,0,0,0,0,0,0,0,0,0,0,1,0,0,1
RyanE_T_,333,,2,0,0,0,0,0,0,0,0,0,1,1,0,0,0,0,0,0,0,0,0
Nurhawira,333,,1,0,0,0,0,0,0,0,0,0,0,0,0,0,0,0,0,1,0,0,0
MindsetMatter1,333,,3,0,0,0,0,0,0,0,0,0,0,0,0,0,0,0,0,0,1,1,1
MiladTaher30,333,,1,0,0,0,0,0,0,0,0,0,0,0,0,0,0,0,0,0,0,1,0
MAquraishi93,333,,1,0,0,0,0,0,0,0,0,0,0,0,0,1,0,0,0,0,0,0,0
Hymn73983362,333,,2,0,0,0,0,0,0,0,0,1,0,0,0,1,0,0,0,0,0,0,0
HassanPKI,333,,3,0,0,0,0,1,1,0,0,0,0,0,0,0,0,0,0,1,0,0,0
AboifaziS86831,333,,3,0,1,0,0,0,0,0,0,0,0,0,0,1,0,0,0,0,0,1,0
zaryablive,332,,2,0,0,0,0,0,0,1,0,0,0,0,0,0,0,0,0,1,0,0,0
mataronkenny,332,,9,0,1,0,0,1,1,0,0,1,0,0,0,1,1,1,1,1,0,0,0
el_richard_,332,,3,0,0,0,0,0,1,0,0,0,0,0,0,0,0,0,0,1,0,0,1
duty2Xpress,332,,4,0,0,0,0,1,0,0,0,0,0,0,0,1,1,1,0,0,0,0,0
dordanehbaba,332,,1,0,0,0,0,0,0,1,0,0,0,0,0,0,0,0,0,0,0,0,0
TheHeretk,332,,1,0,0,0,0,0,0,0,0,0,0,0,0,0,0,0,0,1,0,0,0
PeteMali,332,,1,0,0,0,0,0,0,0,0,0,0,0,0,0,0,0,0,0,1,0,0
OSesegus,332,,2,0,0,0,0,0,0,1,0,0,1,0,0,0,0,0,0,0,0,0,0
HosseiniRa39464,332,,3,0,0,0,0,0,0,0,0,0,0,1,0,1,0,0,0,0,0,1,0
AliKhaiwaas,332,,1,0,0,0,0,0,0,0,0,0,0,0,0,0,0,0,0,1,0,0,0
resistance21549,331,,1,0,0,0,0,0,0,0,0,0,0,0,0,0,0,0,0,0,1,0,0
rahaazad574101,331,,2,0,0,0,0,0,0,0,0,0,0,0,0,1,0,0,0,0,0,1,0
ksamdani,331,,2,0,0,0,0,0,0,0,0,1,1,0,0,0,0,0,0,0,0,0,0
ali__jam1,331,,1,0,0,0,0,0,0,0,0,0,0,0,0,0,0,0,0,0,0,1,0
Waimea_1946,331,,1,0,0,0,0,0,0,0,0,0,0,0,0,0,0,0,1,0,0,0,0
WTF_WEF2021,331,,6,0,0,0,0,0,0,0,0,1,1,0,0,1,0,0,0,1,1,1,0
TroyShah,331,,1,0,0,0,0,0,0,0,0,0,0,0,0,0,0,0,0,0,0,0,1
SAZ_LLC,331,,1,0,0,0,0,0,0,0,0,0,0,0,0,0,0,0,0,0,0,0,1
MortezaAli1360,331,,4,1,0,0,0,1,1,1,0,0,0,0,0,0,0,0,0,0,0,0,0
JavedPalwal,331,,1,0,0,0,0,0,0,0,0,0,0,0,0,0,0,0,0,1,0,0,0
JahanzaibChoud4,331,,3,0,0,1,0,0,0,0,0,0,0,0,0,0,0,0,0,0,0,1,1
Iseisewilliam,331,,1,0,0,0,0,0,0,0,0,0,1,0,0,0,0,0,0,0,0,0,0
Dave92025002,331,,2,0,1,0,0,0,0,0,1,0,0,0,0,0,0,0,0,0,0,0,0
ChotaChatri0,331,,8,0,1,0,0,0,0,0,1,1,1,1,1,0,1,0,0,1,0,0,0
ynizami7,330,,1,0,0,0,0,0,0,0,0,0,0,0,0,0,0,0,0,0,0,0,1
shihab4513,330,,2,0,0,0,0,0,0,0,0,1,0,0,0,1,0,0,0,0,0,0,0
hiddenraz1981,330,,1,0,0,0,0,0,0,1,0,0,0,0,0,0,0,0,0,0,0,0,0
hbkdeadman10,330,,1,0,0,0,0,0,0,0,0,0,0,0,0,0,0,0,0,0,0,0,1
haidaralghazi,330,,1,0,0,0,0,0,0,0,0,0,0,1,0,0,0,0,0,0,0,0,0
WikiFever,330,,1,1,0,0,0,0,0,0,0,0,0,0,0,0,0,0,0,0,0,0,0
MindsMatterInc1,330,,2,0,0,0,0,0,0,0,0,0,0,0,0,0,0,0,0,0,0,1,1
CountaDr,330,,4,0,0,1,0,0,0,0,1,1,0,1,0,0,0,0,0,0,0,0,0
Commodore931,330,,2,0,0,0,0,0,1,0,0,0,0,0,0,1,0,0,0,0,0,0,0
vuslat_yldrm,329,,2,0,0,0,0,0,0,0,0,0,0,0,1,1,0,0,0,0,0,0,0
nowdanonline,329,,3,0,1,0,0,0,0,0,0,0,0,0,1,0,0,0,0,0,0,0,1
moh_ahmadi1401,329,,1,0,0,0,0,0,1,0,0,0,0,0,0,0,0,0,0,0,0,0,0
mangan62754,329,,1,0,0,0,0,0,0,0,0,0,0,0,0,1,0,0,0,0,0,0,0
kablaee22,329,,3,0,0,0,0,1,0,0,0,0,0,0,0,0,0,0,0,0,1,0,1
hussein11821,329,,1,0,0,0,0,0,0,0,1,0,0,0,0,0,0,0,0,0,0,0,0
ginnto3,329,,6,0,0,0,0,0,0,1,1,0,0,0,1,1,0,1,0,1,0,0,0
arashkborzoo,329,,2,0,0,0,1,0,0,0,0,0,0,0,0,0,0,0,0,0,0,0,1
SandraMillar6,329,,8,0,1,0,0,1,1,0,0,0,1,0,0,0,0,0,1,1,1,1,0
Salam_3_,329,,13,0,0,1,1,1,0,0,1,1,1,1,1,1,1,1,1,1,0,0,0
SaSenseo,329,,2,0,0,0,0,0,1,0,0,0,0,0,0,0,0,0,0,0,0,0,1
Problematic008,329,,1,0,0,0,0,0,0,0,0,1,0,0,0,0,0,0,0,0,0,0,0
NazimAl40672785,329,,1,0,0,0,0,0,0,0,0,0,0,0,0,0,0,0,0,0,1,0,0
HNasiri87543,329,,1,0,0,0,0,0,0,0,0,0,0,0,0,0,0,0,0,0,0,1,0
samadi_zei95969,328,,3,0,1,0,0,0,0,0,0,0,0,0,0,1,0,0,0,0,0,1,0
nilekid,328,,1,0,0,0,0,0,0,0,0,0,0,0,0,0,0,0,0,1,0,0,0
hmydrda24023,328,,2,0,0,0,0,0,0,0,0,0,0,1,0,1,0,0,0,0,0,0,0
MirzaRahmil,328,,1,0,0,0,0,0,0,0,0,0,0,0,0,0,0,0,0,0,0,0,1
GCarleton64,328,,1,0,0,0,0,0,0,0,0,0,0,0,0,0,0,0,0,0,1,0,0
DanielPark43278,328,,1,0,1,0,0,0,0,0,0,0,0,0,0,0,0,0,0,0,0,0,0
DNChangaingai,328,,1,0,0,0,0,0,0,0,0,0,0,0,0,0,0,0,0,1,0,0,0
BIoodyInk,328,,1,0,0,0,0,0,0,0,0,0,0,0,0,0,0,0,0,1,0,0,0
Abdullamosh13,328,,6,0,0,1,0,0,0,0,0,0,0,0,0,0,0,0,1,1,1,1,1
AMohaqeqi41508,328,,3,0,1,0,0,0,0,0,0,0,0,0,0,1,0,0,0,0,0,1,0
uyahia2,327,,1,0,0,0,0,0,0,0,0,0,1,0,0,0,0,0,0,0,0,0,0
isamarinho311,327,,1,0,0,0,0,0,0,0,0,0,0,0,0,0,0,0,0,0,1,0,0
hasan_s_tweet,327,,1,0,0,0,0,0,0,0,0,1,0,0,0,0,0,0,0,0,0,0,0
ebradarbule11,327,,2,0,0,0,0,0,0,0,0,1,0,0,0,0,0,0,0,1,0,0,0
bird107w,327,,2,0,0,0,0,0,0,0,0,0,0,0,0,0,0,0,0,0,1,1,0
abbashawk,327,,1,0,0,0,0,0,0,0,0,0,0,0,0,0,0,0,0,0,0,1,0
ShahabadiX,327,,1,0,0,0,0,0,0,0,0,0,0,0,0,0,0,0,0,0,1,0,0
MXoreyz58721,327,,1,0,0,0,0,0,0,0,0,0,0,0,0,0,0,0,1,0,0,0,0
KadirAnfield,327,,2,0,0,0,0,0,0,0,0,0,1,0,1,0,0,0,0,0,0,0,0
JhajiaDankar,327,,1,0,0,0,0,0,0,0,0,1,0,0,0,0,0,0,0,0,0,0,0
IsaRouhani,327,,2,0,0,0,0,0,0,0,0,0,0,0,0,1,0,0,0,0,0,1,0
IrfanQasimPHR,327,,3,0,0,0,0,0,0,0,0,0,0,0,0,0,0,0,0,1,0,1,1
73_miilad5,327,,2,0,0,0,0,0,0,0,0,0,0,0,0,1,0,0,0,0,0,1,0
41555Mina40646,327,,2,0,0,0,0,0,0,0,0,0,0,0,0,1,0,0,0,0,0,1,0
Yaghin_110,326,,1,0,0,0,0,0,0,0,0,0,0,0,0,0,0,0,0,0,1,0,0
TheCruzCruise,326,,1,0,0,0,0,0,0,0,0,0,0,0,0,1,0,0,0,0,0,0,0
NasimHaider2,326,,1,0,0,0,0,0,0,0,0,0,0,0,0,0,0,1,0,0,0,0,0
MobuliMalik,326,,1,0,0,0,0,0,0,0,0,1,0,0,0,0,0,0,0,0,0,0,0
KakaLupita,326,,6,0,0,0,0,1,0,0,1,1,0,0,0,1,0,1,0,0,1,0,0
HARJGTWO,326,,1,0,0,0,0,0,0,0,0,0,0,0,0,0,0,0,0,0,1,0,0
Eliasabiy3,326,,2,0,0,0,0,0,0,0,0,0,1,0,0,0,0,0,0,0,1,0,0
AtiqSiddique5,326,,3,0,0,0,0,0,0,1,0,1,0,0,0,0,0,0,0,0,1,0,0
mahdavi98967721,325,,1,0,0,0,0,0,0,0,0,0,0,0,0,0,0,0,0,0,1,0,0
hussain_111q,325,,13,0,0,0,0,0,1,1,1,1,1,1,1,1,1,0,1,1,1,1,0
TunesNotWords,325,,5,1,0,0,0,0,0,0,0,1,0,0,0,0,0,0,1,1,0,0,1
TBombadilf,325,,1,0,0,0,0,0,0,0,0,0,0,0,0,0,0,0,0,0,0,1,0
Roohullahjan911,325,,1,0,0,0,0,0,0,0,0,0,0,0,0,0,0,0,0,1,0,0,0
HamzehYouS,325,,2,0,0,0,0,0,0,0,0,0,0,0,0,1,0,0,0,0,0,1,0
Erfan923356,325,,3,0,0,1,0,0,0,0,0,0,0,0,0,1,0,0,0,0,0,1,0
DeRubrouck,325,,1,0,0,0,0,0,0,0,0,0,0,0,0,1,0,0,0,0,0,0,0
CleonPrism,325,,6,0,0,0,0,0,0,0,0,0,1,0,0,0,1,1,1,1,0,0,1
zainalabdin22,324,,1,0,0,0,0,0,0,0,0,0,0,0,0,0,0,1,0,0,0,0,0
sooshu94,324,,2,0,0,0,0,1,1,0,0,0,0,0,0,0,0,0,0,0,0,0,0
saharqureshi125,324,,4,0,1,0,0,0,1,0,0,1,0,1,0,0,0,0,0,0,0,0,0
neubauer_seth,324,,8,0,0,0,0,0,0,1,1,0,1,0,0,1,0,1,0,1,1,1,0
kvarol,324,,4,0,0,0,0,0,1,1,0,0,0,0,0,1,0,0,1,0,0,0,0
khaled353751,324,,1,0,0,0,0,0,1,0,0,0,0,0,0,0,0,0,0,0,0,0,0
huseindikko,324,,4,0,0,0,0,0,1,0,0,1,1,0,0,1,0,0,0,0,0,0,0
__Camil0__,324,,1,0,0,0,0,0,0,0,0,0,0,0,0,0,0,0,0,0,0,0,1
Realoilguy,324,,1,0,0,0,0,0,0,0,0,0,0,0,0,1,0,0,0,0,0,0,0
Najrani1,324,,1,0,0,0,0,0,1,0,0,0,0,0,0,0,0,0,0,0,0,0,0
Najdorf250,324,,1,0,0,0,0,0,1,0,0,0,0,0,0,0,0,0,0,0,0,0,0
M_NaqviBukhari,324,,2,0,0,0,0,0,0,0,0,0,0,0,0,1,0,0,1,0,0,0,0
DeeKonneh,324,,1,0,0,1,0,0,0,0,0,0,0,0,0,0,0,0,0,0,0,0,0
Bahraniyah,324,,3,0,0,0,0,0,0,0,0,0,0,0,0,0,0,1,0,1,0,0,1
AmirNaderifard,324,,5,0,0,0,1,1,0,0,0,0,1,0,0,1,0,0,0,0,0,0,1
xlw_01,323,,3,0,0,0,0,0,0,0,0,0,0,0,0,0,0,0,0,1,1,0,1
shabbr_naqvi,323,,1,0,0,0,0,0,0,0,0,0,0,0,0,1,0,0,0,0,0,0,0
mukamaibrahim1,323,,3,0,0,0,0,0,0,0,1,1,0,1,0,0,0,0,0,0,0,0,0
mstfahsini65,323,,5,0,1,0,1,0,0,0,0,0,0,0,0,0,0,0,1,0,1,0,1
moodi1825183,323,,1,0,0,0,0,0,0,0,0,0,0,0,0,0,0,0,0,0,0,1,0
macaclunes,323,,2,0,0,0,0,0,1,0,0,0,0,1,0,0,0,0,0,0,0,0,0
killthepedophil,323,,1,0,0,0,0,0,0,0,0,0,0,0,0,0,0,0,0,1,0,0,0
igpeib,323,,2,0,0,0,0,0,1,0,0,0,0,0,0,0,0,0,1,0,0,0,0
hamzakhn46,323,,3,0,0,0,0,0,0,0,0,0,0,0,0,0,0,0,1,1,0,0,1
gaschet06,323,,7,0,1,1,1,0,0,0,0,0,1,1,1,0,0,0,0,0,1,0,0
dehghannja27644,323,,2,0,0,0,1,0,0,0,0,0,0,0,0,0,0,0,0,0,0,1,0
abolfazl_NS313,323,,1,0,0,0,0,0,0,0,0,0,0,0,0,0,0,0,0,0,0,0,1
J051291,323,,1,0,0,0,0,0,0,0,0,0,0,0,0,0,0,0,0,1,0,0,0
CitizenWorldEU,323,,3,1,0,0,0,0,1,0,0,1,0,0,0,0,0,0,0,0,0,0,0
radar_kameradin,322,,1,0,0,0,0,0,0,0,0,0,0,0,0,0,0,0,0,0,0,0,1
latiff_halim,322,,1,0,0,0,0,0,0,0,0,0,0,0,0,0,0,0,0,1,0,0,0
elahe68314015,322,,2,0,0,0,0,0,0,0,0,0,0,1,0,0,0,0,0,0,0,1,0
bitbydog,322,,1,0,0,0,0,0,0,0,0,0,0,0,0,0,0,0,0,0,1,0,0
MbuyiseliSomya,322,,1,0,0,0,0,0,0,0,0,0,1,0,0,0,0,0,0,0,0,0,0
Afghanistan899,322,,2,0,0,0,0,1,0,0,0,0,0,0,0,1,0,0,0,0,0,0,0
tuomas_voh34744,321,,1,0,0,0,0,0,0,0,0,0,0,0,0,0,0,0,0,0,1,0,0
tonogr23,321,,1,0,0,0,0,0,0,0,0,1,0,0,0,0,0,0,0,0,0,0,0
draptorsbackup,321,,4,0,0,0,0,1,1,1,0,0,0,0,0,0,1,0,0,0,0,0,0
dapper200,321,,5,0,0,1,0,0,0,0,0,1,0,0,0,0,0,0,1,1,1,0,0
ZulfiManto,321,,1,0,0,0,0,0,0,0,0,0,0,0,0,0,0,0,0,0,0,0,1
YYlanaveva,321,,1,0,0,0,0,0,0,0,0,0,0,0,0,0,0,0,0,0,0,0,1
SlayerSissyall,321,,1,0,0,0,0,0,0,0,0,0,0,0,0,0,0,0,0,0,0,0,1
Shehryar_9,321,,4,0,0,0,0,0,0,0,0,1,0,0,0,0,0,0,1,1,0,0,1
SRazavee,321,,13,1,0,0,1,0,1,0,1,1,0,1,1,1,1,1,0,1,1,0,1
MechaRedEarth,321,,4,0,0,0,0,0,1,0,0,0,0,1,0,0,0,1,0,1,0,0,0
MajidGhanb37260,321,,1,0,0,0,0,0,0,0,0,0,0,0,0,1,0,0,0,0,0,0,0
GHusaain35811,321,,1,0,0,0,0,0,0,0,0,0,0,0,0,0,0,0,0,0,0,1,0
DavidBe28174891,321,,1,0,0,0,0,0,0,0,1,0,0,0,0,0,0,0,0,0,0,0,0
BeatTheOdds21,321,,1,0,0,0,0,0,0,0,0,1,0,0,0,0,0,0,0,0,0,0,0
prakashlalam,320,,1,0,1,0,0,0,0,0,0,0,0,0,0,0,0,0,0,0,0,0,0
mini_zabawa,320,,7,0,1,0,0,0,0,0,0,1,0,0,0,1,0,0,0,1,1,1,1
liquidtrain,320,,1,0,0,0,0,0,0,0,0,0,1,0,0,0,0,0,0,0,0,0,0
krimi157806,320,,2,0,0,0,0,0,0,0,0,0,0,0,0,1,0,0,0,0,0,1,0
karim0139698088,320,,1,0,0,0,0,0,0,0,0,0,0,0,0,1,0,0,0,0,0,0,0
alibeh44,320,,1,0,0,0,0,1,0,0,0,0,0,0,0,0,0,0,0,0,0,0,0
TraderYs,320,,2,0,0,0,0,0,1,0,0,0,1,0,0,0,0,0,0,0,0,0,0
SL65000,320,,1,1,0,0,0,0,0,0,0,0,0,0,0,0,0,0,0,0,0,0,0
RezaIrani2,320,,3,0,0,0,0,0,0,0,0,0,0,0,0,1,1,0,0,1,0,0,0
Mrjenabi,320,,1,0,0,0,0,0,1,0,0,0,0,0,0,0,0,0,0,0,0,0,0
Melikaghrbn,320,,1,0,0,0,0,0,0,0,0,0,0,0,0,0,0,0,0,0,0,1,0
KhwrshydSadeghi,320,,3,0,0,0,0,0,0,0,0,0,1,0,0,1,0,0,0,0,0,1,0
Carusoytgs,320,,13,0,1,0,1,0,1,0,0,1,1,1,1,1,1,0,0,1,1,1,1
Abbakaraffaan,320,,11,0,0,0,0,0,1,1,1,1,0,1,1,1,1,0,1,1,1,0,0
zunnunYN,319,,1,0,0,0,0,0,0,0,0,1,0,0,0,0,0,0,0,0,0,0,0
syahirom,319,,1,0,0,0,0,0,0,0,0,0,0,0,0,0,0,0,0,0,1,0,0
amirshaban72169,319,,2,0,0,0,1,0,0,1,0,0,0,0,0,0,0,0,0,0,0,0,0
Wabbit_Soul2,319,,1,0,0,0,0,0,1,0,0,0,0,0,0,0,0,0,0,0,0,0,0
OioStrategy,319,,5,0,0,0,1,0,0,0,0,1,1,1,0,0,0,0,0,0,1,0,0
Intezar_Mohd,319,,1,1,0,0,0,0,0,0,0,0,0,0,0,0,0,0,0,0,0,0,0
GMarvus,319,,3,0,0,0,0,0,0,0,0,1,0,0,0,0,0,0,0,0,1,0,1
AbdulDabite,319,,3,0,1,0,0,0,1,0,0,0,0,0,0,1,0,0,0,0,0,0,0
morteza62129344,318,,1,0,0,0,0,0,0,0,0,0,0,0,0,1,0,0,0,0,0,0,0
lushlins2,318,,1,0,0,0,0,0,0,0,0,0,0,0,0,0,0,0,0,1,0,0,0
emmygrey6,318,,3,1,0,0,0,0,0,0,0,1,0,0,0,0,0,0,0,0,0,0,1
arcadas67,318,,1,0,0,0,0,0,0,0,0,0,0,0,0,0,0,0,0,0,0,0,1
alhsynbnly3,318,,1,0,0,0,0,0,1,0,0,0,0,0,0,0,0,0,0,0,0,0,0
WajmaO,318,,1,0,0,0,0,0,0,0,0,0,0,0,0,0,0,0,0,0,0,1,0
Usmanab29085265,318,,12,0,1,0,0,1,1,1,0,1,1,1,0,1,1,0,0,1,1,0,1
Shinwarimama_,318,,1,0,0,0,0,0,0,0,1,0,0,0,0,0,0,0,0,0,0,0,0
RealAntiMason,318,,1,0,0,0,0,0,0,0,0,0,0,0,0,0,0,0,0,0,1,0,0
Proxima8,318,,6,1,0,1,0,0,0,0,0,0,0,0,0,0,0,1,1,1,1,0,0
Nietzschevive66,318,,1,0,0,0,0,0,0,0,0,0,0,0,0,0,1,0,0,0,0,0,0
MrymZmany70791,318,,1,0,0,0,0,0,0,0,0,0,0,0,0,1,0,0,0,0,0,0,0
MASOUD1775403,318,,1,0,0,0,0,0,0,0,0,0,0,0,0,0,0,0,0,0,0,1,0
J51057K,318,,1,0,0,0,0,0,0,0,0,0,0,0,0,0,0,0,0,0,0,1,0
AmmaarSarim569,318,,1,0,0,0,0,0,0,0,0,0,0,0,0,0,0,1,0,0,0,0,0
zahra_Mahs,317,,2,0,0,0,0,0,0,1,0,0,0,0,0,1,0,0,0,0,0,0,0
nagbanaganna,317,,1,1,0,0,0,0,0,0,0,0,0,0,0,0,0,0,0,0,0,0,0
morteza1447361,317,,1,0,0,0,0,0,0,0,0,0,0,0,0,0,0,0,0,0,0,1,0
levantkrey,317,,1,0,0,0,0,1,0,0,0,0,0,0,0,0,0,0,0,0,0,0,0
dialectic1812,317,,2,0,0,0,0,0,0,0,0,0,0,0,0,1,1,0,0,0,0,0,0
darbaweyne,317,,1,0,0,0,0,0,0,0,0,0,0,0,0,0,0,0,1,0,0,0,0
Smoker727,317,,1,0,0,0,0,0,0,0,0,0,0,0,0,0,0,0,0,1,0,0,0
ReadyToWin2026,317,,1,0,0,0,0,0,1,0,0,0,0,0,0,0,0,0,0,0,0,0,0
HabibRasoly1,317,,4,0,0,0,0,0,1,0,0,0,0,0,0,1,0,0,0,0,1,0,1
DoyHelix,317,,6,0,0,0,0,0,1,0,0,0,1,0,0,1,0,0,1,1,1,0,0
s_alireza61,316,,1,0,0,0,0,0,0,0,0,0,0,0,0,0,0,0,0,1,0,0,0
rezaeskand93378,316,,2,0,0,0,0,0,0,0,0,0,0,0,0,1,0,0,0,0,0,1,0
killerB003,316,,15,0,1,1,1,0,1,0,1,1,1,1,1,1,0,1,1,1,1,0,1
iamtauheed3737,316,,1,0,0,0,0,0,1,0,0,0,0,0,0,0,0,0,0,0,0,0,0
basedpine,316,,1,0,0,0,0,0,0,0,0,0,0,0,0,0,0,0,0,0,0,0,1
akhlaqahmad2000,316,,5,0,1,0,0,1,0,1,0,0,0,0,0,1,0,1,0,0,0,0,0
SeyedSeyfi,316,,4,1,0,0,0,1,1,0,0,0,0,0,1,0,0,0,0,0,0,0,0
NAHZaidi,316,,1,0,0,0,0,0,0,0,0,0,0,0,0,1,0,0,0,0,0,0,0
Jaswind83175034,316,,1,0,0,0,0,0,0,0,0,1,0,0,0,0,0,0,0,0,0,0,0
HapPyCarDUdE,316,,4,0,0,0,0,1,0,1,1,1,0,0,0,0,0,0,0,0,0,0,0
DaReal_REZ,316,,1,0,0,0,0,0,0,0,0,0,1,0,0,0,0,0,0,0,0,0,0
Apong386,316,,1,0,0,0,0,0,0,0,0,0,0,0,0,0,0,0,0,0,0,0,1
Abunwasi_2,316,,1,0,0,0,0,0,0,0,0,0,1,0,0,0,0,0,0,0,0,0,0
wardhigleey,315,,3,0,0,0,0,0,0,1,0,1,1,0,0,0,0,0,0,0,0,0,0
sara28124352679,315,,1,0,0,0,0,0,0,0,0,0,0,0,0,1,0,0,0,0,0,0,0
nooni786,315,,2,1,0,0,0,0,0,1,0,0,0,0,0,0,0,0,0,0,0,0,0
eibraheeim,315,,1,0,0,0,0,0,0,0,0,0,0,0,0,0,0,0,0,0,0,0,1
boudyamin17,315,,1,0,0,0,0,0,0,0,1,0,0,0,0,0,0,0,0,0,0,0,0
PaulSalvador26,315,,1,1,0,0,0,0,0,0,0,0,0,0,0,0,0,0,0,0,0,0,0
Ja_Aleg0,315,,1,0,0,0,0,0,0,0,0,0,0,0,0,0,0,0,0,0,0,1,0
Hoodonmi,315,,19,1,1,1,1,1,1,1,1,1,1,1,1,1,1,0,1,1,1,1,1
Andre3Verzaal,315,,8,0,0,0,1,0,1,0,1,1,0,0,0,1,1,0,0,1,1,0,0
AmirHmt329062,315,,1,0,1,0,0,0,0,0,0,0,0,0,0,0,0,0,0,0,0,0,0
Alponari,315,,1,0,0,0,0,0,0,0,0,0,1,0,0,0,0,0,0,0,0,0,0
Alkhalil73,315,,1,0,0,0,0,0,0,0,0,0,0,0,0,0,0,0,0,0,0,0,1
theislandnewz,314,,1,0,0,1,0,0,0,0,0,0,0,0,0,0,0,0,0,0,0,0,0
primetimes4u,314,,4,0,0,0,0,0,0,1,0,0,0,0,1,1,0,0,1,0,0,0,0
myjocica,314,,2,0,0,0,0,0,0,0,0,0,0,0,0,0,0,0,1,0,0,0,1
marzi9688548343,314,,1,0,0,0,0,0,0,0,0,0,0,0,0,0,0,0,0,0,0,1,0
m2kapa,314,,1,0,0,0,0,0,0,0,0,1,0,0,0,0,0,0,0,0,0,0,0
hikingpath,314,,1,0,0,0,0,0,0,0,0,0,0,0,0,0,0,0,0,1,0,0,0
georgemutegeki,314,,1,0,0,0,0,0,0,0,0,0,0,0,0,0,0,0,0,0,1,0,0
fazel_rajabipor,314,,6,0,1,1,0,0,0,0,0,0,0,0,0,1,1,0,1,0,1,0,0
MOHADSHAFIQKHA1,314,,1,0,0,0,1,0,0,0,0,0,0,0,0,0,0,0,0,0,0,0,0
Lozalinuxoko,314,,8,0,0,0,0,1,0,1,1,0,0,0,0,1,0,1,1,1,0,1,0
Kiikaley,314,,4,0,0,1,0,0,0,0,0,0,0,0,0,1,0,0,1,0,0,0,1
JusticeG59980,314,,1,0,0,0,0,0,1,0,0,0,0,0,0,0,0,0,0,0,0,0,0
DuneDweller20,314,,4,0,0,1,0,0,0,0,0,0,0,0,0,0,0,0,1,1,0,1,0
AineGeorge2,314,,5,1,0,1,1,0,0,0,0,1,1,0,0,0,0,0,0,0,0,0,0
Adelb73,314,,4,0,0,0,0,0,0,0,0,0,1,0,0,0,0,1,1,0,0,0,1
stauktrader101,313,,9,0,0,1,0,0,1,0,0,1,1,0,0,1,0,0,0,1,1,1,1
mansoor3378,313,,7,0,0,0,0,1,1,0,1,1,0,1,0,0,0,0,1,0,1,0,0
ija_soil_obinna,313,,4,0,0,0,0,0,1,1,0,1,0,0,0,0,0,0,0,0,0,0,1
balabappayo,313,,1,0,0,0,0,0,0,0,0,0,0,0,1,0,0,0,0,0,0,0,0
amirmog75539090,313,,1,0,0,0,0,0,0,0,0,0,0,0,0,1,0,0,0,0,0,0,0
RameshY47,313,,3,0,0,0,0,1,1,0,0,0,0,0,0,0,0,0,0,0,0,0,1
MineAndDine1204,313,,3,0,0,0,0,0,0,0,0,1,1,0,0,0,0,0,0,0,0,0,1
MatForPeace,313,,19,0,1,1,1,1,1,1,1,1,1,1,1,1,1,1,1,1,1,1,1
Konjour,313,,3,0,0,0,0,0,0,0,0,0,0,0,1,0,0,0,0,1,1,0,0
Kiyankhan,313,,1,0,0,1,0,0,0,0,0,0,0,0,0,0,0,0,0,0,0,0,0
JadThiab66550,313,,1,0,0,0,0,0,0,0,0,0,0,0,0,1,0,0,0,0,0,0,0
Aligholami111,313,,1,0,0,0,0,1,0,0,0,0,0,0,0,0,0,0,0,0,0,0,0
malik_bds,312,,1,0,0,0,0,0,0,0,1,0,0,0,0,0,0,0,0,0,0,0,0
iranwins2030,312,,1,0,0,0,0,0,0,0,0,0,0,0,0,0,0,0,0,1,0,0,0
abdulai79593230,312,,1,0,0,0,0,0,0,0,0,0,0,0,0,0,0,1,0,0,0,0,0
_Legendlegacy__,312,,3,0,1,0,0,0,0,0,0,1,1,0,0,0,0,0,0,0,0,0,0
TheLastSeries00,312,,1,0,0,0,0,0,0,0,0,0,0,0,0,0,0,0,0,1,0,0,0
Safwan83266340,312,,2,0,1,0,0,0,0,0,0,0,0,0,0,0,0,1,0,0,0,0,0
Nitish_YR,312,,1,0,0,0,0,0,0,0,0,0,0,0,0,0,0,0,0,0,1,0,0
JoohShiesty,312,,2,0,0,0,0,0,0,0,0,0,0,0,0,0,0,0,0,0,0,1,1
IthenthM,312,,1,0,0,0,0,0,0,0,0,0,0,0,0,0,0,0,0,0,0,1,0
HBiliardh,312,,2,0,0,0,0,0,0,1,0,0,0,0,0,0,0,0,0,0,0,1,0
Fed38817Rosanna,312,,2,0,0,0,0,0,1,0,0,0,1,0,0,0,0,0,0,0,0,0,0
F_Society01A,312,,4,0,0,0,0,0,1,0,0,1,0,0,0,1,0,0,1,0,0,0,0
AchPoso7457,312,,6,0,0,0,0,0,1,0,0,0,0,0,1,0,1,1,0,1,1,0,0
14babojan,312,,5,0,0,0,0,0,0,1,1,1,0,0,0,0,0,1,0,1,0,0,0
vida_rezai30877,311,,2,0,0,0,0,0,0,0,0,0,0,1,0,0,0,0,0,1,0,0,0
shaprk4,311,,1,0,0,0,1,0,0,0,0,0,0,0,0,0,0,0,0,0,0,0,0
pickledwords,311,,4,0,0,0,0,0,0,1,0,0,0,1,0,0,0,0,0,0,1,1,0
ninasfreedom,311,,8,0,1,0,0,0,1,0,0,0,1,0,0,1,0,1,0,1,1,0,1
mikaail130,311,,1,0,0,0,0,0,0,0,0,0,0,0,0,0,0,1,0,0,0,0,0
kinchann11,311,,1,0,0,1,0,0,0,0,0,0,0,0,0,0,0,0,0,0,0,0,0
casy1001,311,,1,0,0,0,0,0,0,0,0,0,0,0,0,0,0,0,0,0,1,0,0
bilalifyy_,311,,1,0,0,0,0,0,0,0,0,0,0,0,0,0,0,0,0,1,0,0,0
ahmadjsm717,311,,1,0,0,0,0,0,1,0,0,0,0,0,0,0,0,0,0,0,0,0,0
abdmuhaimin_a,311,,1,0,0,0,0,0,0,0,0,0,0,0,0,0,0,0,0,0,0,1,0
SonyaJoseS,311,,4,0,0,0,0,0,0,0,1,0,1,0,0,0,0,0,0,1,0,0,1
SocialistFry,311,,1,0,0,0,1,0,0,0,0,0,0,0,0,0,0,0,0,0,0,0,0
Sjay1000x,311,,1,0,0,0,0,0,0,0,0,0,0,0,0,0,0,0,0,0,1,0,0
KarenBu33164370,311,,2,0,0,0,0,0,0,0,0,0,0,1,0,0,0,0,0,1,0,0,0
FarsAlmsaw9246,311,,2,0,0,0,0,0,0,1,0,0,0,0,1,0,0,0,0,0,0,0,0
Esmail2001201K,311,,2,0,0,0,0,0,0,1,0,0,0,0,0,0,0,0,1,0,0,0,0
Diphasi_,311,,2,0,0,0,0,0,1,0,0,1,0,0,0,0,0,0,0,0,0,0,0
Alixsan66487018,311,,3,0,0,0,0,1,1,1,0,0,0,0,0,0,0,0,0,0,0,0,0
reza264066,310,,1,0,0,0,0,0,0,0,0,0,0,0,0,0,0,0,0,0,0,1,0
bahram350683,310,,4,0,1,0,1,1,0,1,0,0,0,0,0,0,0,0,0,0,0,0,0
amiramanipour,310,,1,0,0,0,0,0,0,0,0,0,0,0,0,0,0,0,0,0,1,0,0
abubakarr885,310,,2,0,0,1,0,0,0,0,0,1,0,0,0,0,0,0,0,0,0,0,0
Yes_The_Real_Me,310,,1,0,0,0,0,0,1,0,0,0,0,0,0,0,0,0,0,0,0,0,0
MdeeWiz,310,,1,0,0,0,0,0,1,0,0,0,0,0,0,0,0,0,0,0,0,0,0
Marco_Eff,310,,1,0,0,0,0,0,0,0,0,0,0,0,0,0,0,0,0,1,0,0,0
Abbasinan73,310,,2,0,0,0,0,0,0,0,0,0,0,0,0,1,1,0,0,0,0,0,0
tico_tonito,309,,1,0,0,0,0,0,0,0,0,0,0,0,0,0,0,0,0,0,0,0,1
thelichhking,309,,2,0,0,0,0,0,0,0,0,0,0,0,0,0,0,1,0,1,0,0,0
atuldugar88,309,,1,0,0,0,0,0,0,0,0,0,0,0,0,0,0,0,0,0,0,0,1
SosseConservare,309,,2,0,0,0,0,0,0,1,0,0,1,0,0,0,0,0,0,0,0,0,0
SHab29092021,309,,6,0,0,0,0,0,1,0,0,1,0,1,1,0,0,0,0,0,1,1,0
MnswrS97807,309,,2,0,0,0,0,0,0,0,0,0,0,0,0,1,0,0,0,0,0,1,0
Malik_Sam7,309,,1,0,0,0,0,0,0,0,0,0,0,0,0,0,0,0,1,0,0,0,0
JJ_H2K,309,,1,0,0,0,0,0,0,0,0,0,0,0,0,0,0,0,0,0,0,1,0
Ebrahimmoh40771,309,,1,0,0,0,0,0,0,0,0,0,0,0,0,1,0,0,0,0,0,0,0
Carlosart07,309,,4,0,0,0,0,1,1,0,0,1,0,0,0,0,0,0,0,1,0,0,0
BigDera247,309,,2,0,0,0,0,0,0,0,0,0,0,0,0,0,0,1,0,1,0,0,0
AramT961,309,,10,0,1,1,0,1,0,0,1,0,1,0,0,0,0,0,1,1,1,1,1
s_peligroso,308,,4,1,0,0,0,0,0,0,0,0,0,0,0,0,0,0,1,1,0,1,0
mehra1380,308,,2,0,0,0,0,0,1,0,0,0,0,0,0,0,0,0,0,0,0,1,0
finallyfamous02,308,,1,0,0,0,0,0,0,0,0,0,0,0,0,0,0,0,1,0,0,0,0
dinduNuffin2003,308,,1,0,0,0,0,0,0,0,0,0,0,0,0,0,0,0,0,0,0,1,0
bd_alzra,308,,1,0,0,0,0,0,0,0,0,0,0,0,1,0,0,0,0,0,0,0,0
TybhQ73689,308,,1,0,0,0,0,0,0,0,0,0,0,0,0,0,0,0,0,0,0,1,0
Raffrock78,308,,2,0,0,0,0,0,1,0,0,0,0,0,0,0,0,0,0,1,0,0,0
Gooddeedmyg,308,,19,0,1,1,1,1,1,1,1,1,1,1,1,1,1,1,1,1,1,1,1
FabriceCaline,308,,1,0,0,0,0,0,0,0,0,0,0,0,1,0,0,0,0,0,0,0,0
zdaisygirl,307,,1,0,0,0,0,0,0,0,0,0,0,0,0,1,0,0,0,0,0,0,0
kanimazn,307,,1,0,0,0,0,0,0,0,0,0,0,0,0,0,0,0,0,0,0,1,0
Zijne_Hoogheid,307,,1,0,0,0,0,0,1,0,0,0,0,0,0,0,0,0,0,0,0,0,0
Murtalaadoyaha1,307,,4,0,0,0,0,0,1,0,0,0,1,1,0,0,0,0,0,0,0,0,1
Mohamad31309976,307,,1,0,0,0,0,0,1,0,0,0,0,0,0,0,0,0,0,0,0,0,0
HatterpillerCat,307,,2,0,0,0,0,1,0,0,0,0,0,0,0,1,0,0,0,0,0,0,0
C0YFS,307,,1,0,0,0,0,0,0,0,0,0,0,0,0,0,0,0,0,0,0,0,1
yyxyhannie,306,,1,0,0,0,0,0,0,0,0,0,0,0,0,0,0,0,0,0,0,0,1
vicferr,306,,1,0,0,0,0,0,0,0,0,1,0,0,0,0,0,0,0,0,0,0,0
umarbarry25,306,,1,0,0,0,0,0,0,1,0,0,0,0,0,0,0,0,0,0,0,0,0
realkabirmkyola,306,,2,0,0,0,0,0,0,1,1,0,0,0,0,0,0,0,0,0,0,0,0
dibozijr,306,,3,0,0,0,0,0,0,0,1,0,1,0,0,0,0,0,0,0,0,1,0
aligardezi005,306,,2,0,0,0,0,0,0,0,0,0,0,0,0,0,0,0,0,0,1,0,1
YasirUl53055082,306,,1,0,0,0,0,0,0,0,0,0,0,0,0,0,0,0,1,0,0,0,0
TourageNikkhah7,306,,1,0,0,0,0,0,0,0,0,0,0,0,0,1,0,0,0,0,0,0,0
Stardustiam9,306,,1,0,0,0,0,0,0,1,0,0,0,0,0,0,0,0,0,0,0,0,0
MariamAlkh13338,306,,1,0,0,0,0,0,0,0,0,0,0,0,0,0,0,1,0,0,0,0,0
HOnas4,306,,2,0,0,0,0,0,0,0,0,0,0,0,0,0,0,0,0,1,0,0,1
GhalibounHaydar,306,,3,0,0,0,0,0,0,0,0,0,0,0,0,0,0,0,0,0,1,1,1
zarefz,305,,1,0,0,0,0,0,0,0,0,0,0,0,0,0,0,0,0,1,0,0,0
msnmansouri,305,,1,0,0,0,0,0,0,0,0,0,0,0,0,1,0,0,0,0,0,0,0
gazalandkay,305,,2,0,0,0,0,0,0,0,0,0,1,0,0,0,0,0,0,0,0,1,0
cryptoquai,305,,3,1,0,0,0,0,1,0,0,0,0,0,0,0,0,0,0,1,0,0,0
antideception1,305,,1,0,0,0,0,0,0,0,0,0,0,0,0,0,0,0,0,0,0,0,1
ali_hoseinee,305,,1,0,0,0,0,0,0,0,0,0,0,0,1,0,0,0,0,0,0,0,0
VoidFuturist,305,,1,0,0,0,0,0,0,0,0,0,0,0,0,0,0,0,0,0,1,0,0
TipoSolitario,305,,1,0,0,0,0,0,0,0,0,0,0,0,0,0,0,0,0,1,0,0,0
SThesamal,305,,1,0,0,0,0,0,0,0,0,0,0,0,0,0,0,0,1,0,0,0,0
OlooBenodhiambo,305,,2,0,0,0,0,0,1,0,0,0,0,0,0,0,0,0,0,1,0,0,0
Ms_hamedi,305,,1,0,0,0,0,0,0,0,0,0,0,0,0,1,0,0,0,0,0,0,0
Hiro_2000000yen,305,,2,0,0,0,0,0,0,0,0,0,0,1,0,1,0,0,0,0,0,0,0
thearchitect075,304,,1,0,0,0,0,0,0,0,0,0,0,0,0,0,0,0,0,0,1,0,0
smyr1478995,304,,2,0,0,0,0,0,0,0,0,0,0,1,0,0,0,0,0,0,0,1,0
obal68,304,,1,0,0,0,0,0,0,0,0,0,0,0,0,0,0,1,0,0,0,0,0
humzah119,304,,1,0,0,0,0,0,0,0,0,0,0,0,0,0,0,0,0,0,0,1,0
allthingsninja,304,,1,0,0,0,0,0,0,0,0,0,0,0,0,0,0,0,0,1,0,0,0
XENO319,304,,1,0,0,0,0,0,0,0,0,0,0,0,0,0,0,0,1,0,0,0,0
OwlCottage73580,304,,1,0,0,0,0,0,0,0,0,0,0,1,0,0,0,0,0,0,0,0,0
NM33745449,304,,8,0,0,0,0,0,1,0,1,0,1,1,0,1,0,1,0,1,0,0,1
IgnaciodelaTorr,304,,2,0,0,0,0,0,1,0,0,0,0,0,0,0,0,0,0,0,0,0,1
FranzDaga,304,,2,0,0,0,0,0,0,1,0,1,0,0,0,0,0,0,0,0,0,0,0
BedruIdris,304,,6,1,0,0,1,1,1,1,0,1,0,0,0,0,0,0,0,0,0,0,0
Bashir_2021,304,,1,0,0,0,0,0,0,0,0,0,0,0,0,0,0,0,0,0,1,0,0
Ba_al__Zebub,304,,1,0,0,0,0,0,0,0,0,0,0,0,0,0,0,0,0,1,0,0,0
Aqibleo13,304,,2,0,0,0,0,0,0,0,0,0,1,0,0,1,0,0,0,0,0,0,0
toranj100,303,,3,0,0,0,0,0,0,0,0,0,0,0,0,0,0,0,1,1,1,0,0
s_amirmirahadi,303,,1,0,0,0,0,0,0,0,0,0,0,0,0,0,0,0,0,0,1,0,0
ivannabbh0,303,,2,0,0,0,0,0,0,0,0,0,1,0,0,1,0,0,0,0,0,0,0
itsansiofficial,303,,1,0,0,0,0,0,1,0,0,0,0,0,0,0,0,0,0,0,0,0,0
faizabul212,303,,1,0,0,0,0,0,1,0,0,0,0,0,0,0,0,0,0,0,0,0,0
eclipticalD,303,,2,0,0,0,0,0,0,0,1,0,1,0,0,0,0,0,0,0,0,0,0
dearisleo,303,,1,0,0,0,0,0,0,0,0,1,0,0,0,0,0,0,0,0,0,0,0
aSILVERSQUEEZE,303,,2,0,1,0,0,0,0,0,0,0,0,0,0,1,0,0,0,0,0,0,0
RanaNas75592685,303,,1,0,0,0,0,0,0,0,0,0,0,0,0,1,0,0,0,0,0,0,0
QLalet,303,,3,0,1,0,0,0,1,0,0,0,0,0,1,0,0,0,0,0,0,0,0
FamousPlan,303,,1,0,0,0,0,0,0,0,0,0,0,0,0,0,0,0,0,0,0,0,1
Cyb_Exaucyy,303,,1,0,0,0,0,0,0,0,0,0,1,0,0,0,0,0,0,0,0,0,0
woc__,302,,1,0,0,0,0,0,0,0,0,0,0,0,0,0,0,0,0,1,0,0,0
isomethyl,302,,3,0,0,0,0,0,0,0,0,0,0,0,0,1,0,0,0,0,1,0,1
healthycheekums,302,,1,0,0,0,0,0,0,0,0,1,0,0,0,0,0,0,0,0,0,0,0
davood630136990,302,,2,0,0,0,0,0,0,0,0,0,0,0,0,1,0,0,0,0,0,1,0
biggmeee,302,,1,0,0,0,0,0,0,0,1,0,0,0,0,0,0,0,0,0,0,0,0
aliro56517,302,,1,0,0,0,0,0,0,0,0,0,0,0,0,0,0,0,0,1,0,0,0
WachiuriG,302,,2,0,0,0,0,0,0,0,0,1,1,0,0,0,0,0,0,0,0,0,0
Muhamma01530586,302,,7,0,0,0,0,0,0,0,1,1,0,1,0,1,0,0,0,1,0,1,1
MohammadRe606,302,,2,0,1,0,0,0,1,0,0,0,0,0,0,0,0,0,0,0,0,0,0
LotfiKhomeini,302,,3,0,0,0,0,0,0,0,1,0,1,0,0,0,0,1,0,0,0,0,0
AswathVelayudh1,302,,1,0,0,0,0,0,0,0,0,0,0,0,0,0,0,0,0,1,0,0,0
420Ravens,302,,2,0,0,0,0,0,0,0,0,0,1,0,0,0,0,0,0,0,1,0,0
javedud7,301,,2,0,0,0,0,0,1,0,1,0,0,0,0,0,0,0,0,0,0,0,0
ishizakii7070,301,,1,0,0,0,0,0,0,0,0,0,0,0,0,0,0,0,0,0,1,0,0
fmcapo,301,,1,0,0,0,0,0,0,0,1,0,0,0,0,0,0,0,0,0,0,0,0
TundeOlayba,301,,1,0,0,0,0,0,0,0,0,0,0,0,0,0,0,0,0,0,0,0,1
SAS13205034,301,,4,0,1,0,0,0,0,0,1,1,0,0,0,0,0,0,0,0,0,0,1
Patzigzagzig,301,,1,0,0,0,0,0,0,0,0,1,0,0,0,0,0,0,0,0,0,0,0
Nehalah25240292,301,,1,0,0,0,0,0,0,0,0,0,0,0,0,0,0,0,0,0,0,0,1
Jnoubiyeh12,301,,1,0,0,0,0,0,0,0,0,0,0,0,0,0,0,0,1,0,0,0,0
IAKNIAZI1,301,,2,0,0,0,0,0,0,0,0,0,0,0,0,0,0,1,0,1,0,0,0
Ever_Sure,301,,1,0,0,0,0,0,0,0,0,1,0,0,0,0,0,0,0,0,0,0,0
zmolml,300,,2,0,0,0,0,0,0,0,0,0,0,0,0,1,0,0,0,0,0,1,0
sanjaghakebishe,300,,1,0,0,0,0,0,0,0,0,0,0,0,1,0,0,0,0,0,0,0,0
mdsaif_alikhan,300,,1,0,0,0,0,0,0,0,0,0,0,0,0,0,0,0,0,0,0,0,1
billy_mugambi,300,,1,0,0,0,0,0,0,0,0,0,0,0,0,0,0,0,0,1,0,0,0
ZJalalian43877,300,,3,0,0,0,0,0,0,1,1,0,0,0,0,0,0,0,0,0,1,0,0
TheRealKingSthe,300,,1,0,0,0,0,0,0,0,0,0,1,0,0,0,0,0,0,0,0,0,0
ShawnDelta6,300,,1,0,0,0,0,0,0,0,0,1,0,0,0,0,0,0,0,0,0,0,0
Peanut468,300,,1,0,0,0,0,0,0,0,0,0,1,0,0,0,0,0,0,0,0,0,0
Hlowe8,300,,1,0,0,0,0,0,0,0,0,0,0,0,0,0,0,0,0,0,0,0,1
HeinrichMatthee,300,,5,0,0,0,0,0,0,0,0,1,1,1,0,0,0,0,0,0,0,1,1
AydanaTaji73393,300,,1,0,0,0,0,0,0,0,0,0,0,0,0,0,0,0,0,0,0,1,0
AngelBango,300,,1,0,0,0,0,0,0,0,0,0,0,0,0,0,0,0,0,0,0,0,1
AlexQuor,300,,1,0,0,0,0,0,0,0,0,1,0,0,0,0,0,0,0,0,0,0,0
shirazpic,299,,1,0,0,0,0,0,1,0,0,0,0,0,0,0,0,0,0,0,0,0,0
sankarahh,299,,1,0,0,0,0,0,1,0,0,0,0,0,0,0,0,0,0,0,0,0,0
mrkodexbash123,299,,4,0,0,0,0,0,0,0,1,0,1,0,0,0,0,0,1,1,0,0,0
ibraheemwunty,299,,1,0,0,0,0,0,0,0,0,1,0,0,0,0,0,0,0,0,0,0,0
aslamy_srbaz,299,,1,0,0,0,0,0,0,0,0,0,0,0,0,0,0,0,0,0,1,0,0
anticipator11,299,,1,0,0,0,0,0,0,0,0,0,0,0,1,0,0,0,0,0,0,0,0
Vijay40612217,299,,1,0,0,1,0,0,0,0,0,0,0,0,0,0,0,0,0,0,0,0,0
The_Nation_Hood,299,,1,0,0,0,0,0,0,0,0,1,0,0,0,0,0,0,0,0,0,0,0
SelemSer97938,299,,1,0,0,0,0,0,0,0,0,0,0,0,0,0,0,1,0,0,0,0,0
RBhati23,299,,1,0,0,0,0,0,0,0,0,1,0,0,0,0,0,0,0,0,0,0,0
Neda_lady39,299,,3,0,1,0,0,0,0,0,1,0,0,0,0,1,0,0,0,0,0,0,0
Eskepi_,299,,1,0,0,0,0,0,0,0,0,0,0,0,0,1,0,0,0,0,0,0,0
ChroniclesDegen,299,,11,0,1,0,1,0,1,0,0,0,1,1,0,1,0,0,1,1,1,1,1
Blend45333301,299,,2,0,0,0,0,0,0,0,0,0,0,0,0,1,1,0,0,0,0,0,0
AlakwaAnas,299,,11,0,0,0,1,0,0,0,0,0,1,1,1,1,1,1,1,1,1,0,1
275deQI,299,,1,0,0,0,0,0,0,0,0,0,0,0,0,0,0,0,0,1,0,0,0
xxadiqk,298,,1,0,0,0,0,0,0,0,0,0,1,0,0,0,0,0,0,0,0,0,0
samedaysameplac,298,,7,0,1,1,0,0,0,0,1,1,1,0,1,0,0,0,1,0,0,0,0
mohsen_abouei,298,,8,0,1,0,0,0,1,0,0,0,1,0,1,0,0,0,1,0,1,1,1
j_smith83632,298,,1,0,0,0,0,0,0,0,0,0,0,0,0,0,0,0,0,1,0,0,0
dipptak,298,,2,1,0,0,0,0,1,0,0,0,0,0,0,0,0,0,0,0,0,0,0
_konradpaul,298,,2,0,0,0,0,0,1,0,0,0,0,0,0,0,0,0,0,0,1,0,0
WrTLnPsr8HRhfcq,298,,5,0,0,0,0,1,0,0,0,1,0,0,0,1,0,0,0,1,1,0,0
ShahinN71,298,,1,0,0,0,0,0,0,0,0,0,0,1,0,0,0,0,0,0,0,0,0
Mel_S_7,298,,1,0,0,0,0,0,0,0,0,0,0,0,0,0,0,0,0,0,0,1,0
KingSmartist,298,,4,0,0,0,0,0,0,0,0,0,1,0,0,0,0,0,1,1,1,0,0
Intelante,298,,4,0,0,0,0,0,1,0,0,1,0,0,0,0,0,0,1,1,0,0,0
__tundeO,297,,1,0,0,0,0,0,0,0,0,0,0,0,0,0,0,0,0,0,0,0,1
TuyauPierre,297,,2,0,0,0,0,0,1,0,0,0,0,0,0,0,0,0,0,0,0,0,1
SyedSagarAlEe5,297,,17,1,1,1,0,1,1,1,1,1,1,1,1,1,1,1,1,1,0,0,1
GiovanniKadachi,297,,1,0,0,0,0,0,0,0,0,0,0,0,0,0,0,0,0,0,0,0,1
CaptainShiaaaaa,297,,2,0,0,0,0,0,0,0,0,0,1,0,0,0,0,1,0,0,0,0,0
hossein_ko3099,296,,2,0,0,0,0,0,0,0,0,0,0,0,0,0,0,0,0,0,0,1,1
dandapat_mukesh,296,,1,0,0,0,0,0,0,0,0,0,0,0,0,0,0,0,0,0,0,0,1
Famouss26,296,,5,0,1,1,0,0,1,0,0,0,0,0,1,1,0,0,0,0,0,0,0
F_CEAFE,296,,2,0,0,0,0,0,0,0,0,1,0,0,0,0,0,0,0,1,0,0,0
ElianaRoch16323,296,,11,0,0,0,1,1,1,1,1,1,1,0,1,0,1,0,0,0,1,0,1
Au_Shira,296,,6,0,0,0,0,0,1,0,0,0,0,0,1,1,0,1,0,1,1,0,0
5m4rt5tuff,296,,1,0,0,0,0,0,0,0,0,1,0,0,0,0,0,0,0,0,0,0,0
westwontfail,295,,1,0,0,0,0,0,0,0,0,0,0,0,0,0,0,0,0,1,0,0,0
saleem_1771,295,,3,0,0,0,0,0,0,1,0,1,0,0,0,0,0,0,1,0,0,0,0
mahdifeizi49668,295,,2,0,0,0,0,0,0,0,0,0,0,0,0,1,0,0,0,0,0,1,0
lisaadiliyet,295,,1,0,0,0,0,0,0,0,0,0,0,0,0,1,0,0,0,0,0,0,0
limitedinfinit,295,,5,0,0,1,1,0,0,0,0,1,1,0,0,0,0,0,0,0,0,0,1
i1gsuv,295,,1,0,0,0,0,0,0,0,0,0,0,0,0,1,0,0,0,0,0,0,0
diasporazm,295,,1,0,0,0,0,0,0,0,0,0,1,0,0,0,0,0,0,0,0,0,0
Vladimir77Lenin,295,,5,0,0,0,0,0,1,1,0,1,0,0,0,0,0,0,0,1,0,0,1
SecretAgent_313,295,,1,0,0,0,0,0,0,0,0,0,0,1,0,0,0,0,0,0,0,0,0
OoKauai,295,,1,0,0,0,0,0,0,0,0,0,0,0,0,0,0,0,0,0,0,0,1
NildoMauricio,295,,10,1,1,1,1,1,0,1,0,0,1,1,0,0,0,1,1,0,0,0,0
JoeCerny93397,295,,1,0,0,0,0,0,0,0,0,0,0,0,0,1,0,0,0,0,0,0,0
Abolaji_H_A,295,,2,0,0,0,0,0,0,0,0,0,0,0,0,0,0,0,1,0,0,1,0
tweetasad1,294,,1,0,0,0,0,1,0,0,0,0,0,0,0,0,0,0,0,0,0,0,0
shahid_77n,294,,1,0,0,0,0,0,0,1,0,0,0,0,0,0,0,0,0,0,0,0,0
kofi_owia,294,,2,0,0,0,0,0,0,0,1,1,0,0,0,0,0,0,0,0,0,0,0
inclusiveenerg,294,,2,1,0,0,0,0,0,0,0,0,0,0,0,0,0,0,0,0,1,0,0
NdabaFactual,294,,1,0,0,0,0,0,0,0,0,0,0,0,0,0,0,0,1,0,0,0,0
Madfethoy,294,,1,0,0,0,0,0,0,0,0,0,0,0,0,0,0,0,0,0,1,0,0
MBaqry22439,294,,2,0,0,0,0,0,0,0,0,0,0,0,0,1,0,0,0,0,0,1,0
KartharKing,294,,4,0,0,0,0,0,0,0,0,0,0,0,1,1,0,0,0,0,0,1,1
Gurilla17,294,,2,0,0,0,0,0,0,0,0,0,0,0,0,0,0,0,0,1,1,0,0
256Hustlers,294,,1,0,0,0,0,0,0,0,0,0,0,0,0,1,0,0,0,0,0,0,0
seyyidann,293,,2,0,0,0,0,1,0,0,1,0,0,0,0,0,0,0,0,0,0,0,0
lboezio,293,,2,0,0,0,0,0,0,0,0,0,0,0,0,0,0,1,0,1,0,0,0
ib_finest,293,,3,0,0,0,0,0,0,0,1,0,0,0,1,0,0,0,0,1,0,0,0
everydaytrek,293,,1,0,0,0,0,0,0,0,0,0,1,0,0,0,0,0,0,0,0,0,0
elkevinchico,293,,1,0,0,0,0,0,0,0,0,0,0,0,0,1,0,0,0,0,0,0,0
alwar_742,293,,1,1,0,0,0,0,0,0,0,0,0,0,0,0,0,0,0,0,0,0,0
alimala70226191,293,,1,0,0,0,0,0,0,1,0,0,0,0,0,0,0,0,0,0,0,0,0
ZaidAlAllan,293,,1,0,0,0,0,0,0,0,0,0,0,0,0,0,0,0,0,1,0,0,0
ZahidKh735121,293,,5,0,0,0,0,0,0,0,0,0,1,0,0,1,0,0,0,0,1,1,1
Titoqteimporta,293,,1,0,0,0,0,0,0,0,0,0,0,0,0,0,0,0,0,0,1,0,0
Tilewa54,293,,3,0,0,0,0,0,0,0,0,0,0,0,0,0,0,0,1,1,0,0,1
SalimianAm72368,293,,1,0,0,0,0,0,0,0,0,0,0,0,0,1,0,0,0,0,0,0,0
SahinNulu,293,,1,0,0,0,0,0,1,0,0,0,0,0,0,0,0,0,0,0,0,0,0
KurskPobeda,293,,1,0,0,0,0,0,1,0,0,0,0,0,0,0,0,0,0,0,0,0,0
Amin64861235,293,,2,0,0,0,0,0,0,0,0,0,0,0,1,1,0,0,0,0,0,0,0
rzgreksen,292,,2,0,0,0,0,0,0,0,0,0,0,0,0,1,0,0,0,0,0,0,1
aninymkanske,292,,10,0,0,0,0,0,0,1,1,1,1,1,1,0,0,1,1,1,0,0,1
SamerMElChami,292,,7,0,0,0,0,0,1,0,1,1,1,1,0,1,0,1,0,0,0,0,0
JaySocialX,292,,3,1,0,0,0,0,1,0,0,1,0,0,0,0,0,0,0,0,0,0,0
ItsdrealGreat,292,,1,0,0,0,0,0,0,0,0,0,0,0,0,0,0,0,0,0,0,1,0
AsithaChandimal,292,,5,0,0,1,0,0,0,0,0,1,0,0,1,1,0,0,0,0,0,1,0
moosiuo7,291,,1,0,0,0,0,0,1,0,0,0,0,0,0,0,0,0,0,0,0,0,0
mesuhailmir,291,,1,0,0,0,0,0,0,0,0,0,0,0,0,0,0,0,0,0,0,0,1
meanpunchtake,291,,5,0,0,1,0,0,0,1,1,0,1,0,0,1,0,0,0,0,0,0,0
jkengonzi,291,,1,0,0,0,0,0,0,0,1,0,0,0,0,0,0,0,0,0,0,0,0
aminghasemi1992,291,,2,0,0,0,0,0,0,0,0,0,0,0,0,1,1,0,0,0,0,0,0
Yemenihwr,291,,1,0,0,0,0,0,0,0,0,0,0,0,0,0,0,0,0,0,0,0,1
SUHTSO,291,,1,0,0,0,0,0,0,0,0,0,0,0,0,0,0,0,0,0,0,1,0
Ivansperspectiv,291,,5,0,1,0,0,0,1,1,1,0,1,0,0,0,0,0,0,0,0,0,0
HaywoodEdison,291,,3,0,0,0,0,0,1,0,0,0,1,1,0,0,0,0,0,0,0,0,0
Canego1940,291,,1,0,0,0,0,1,0,0,0,0,0,0,0,0,0,0,0,0,0,0,0
4UandMEnews,291,,1,0,0,0,0,0,1,0,0,0,0,0,0,0,0,0,0,0,0,0,0
tarzan48948,290,,1,0,0,0,0,0,0,0,0,0,0,0,0,0,0,0,0,0,1,0,0
surfing_mujahid,290,,5,0,0,0,0,0,1,1,1,0,1,0,0,1,0,0,0,0,0,0,0
as99781961,290,,1,0,0,0,0,0,0,0,0,0,0,0,0,0,0,0,0,0,1,0,0
ZaidNabuls6728,290,,2,0,0,0,0,0,0,0,0,0,0,0,0,0,0,0,0,1,0,0,1
ShemaLione1410,290,,4,0,0,0,0,0,0,0,0,0,0,0,0,0,0,1,0,1,1,0,1
NF_KappaB_TF,290,,2,0,0,0,0,0,0,0,0,0,0,0,0,0,0,0,0,0,1,0,1
LoulaZbest,290,,1,0,0,0,0,1,0,0,0,0,0,0,0,0,0,0,0,0,0,0,0
KrmyAmyr3567,290,,2,0,0,0,0,0,0,0,0,0,0,0,0,1,0,0,0,0,0,1,0
CynicistCapital,290,,1,0,0,0,0,0,0,0,0,1,0,0,0,0,0,0,0,0,0,0,0
Berlin8x6,290,,1,0,0,0,0,0,1,0,0,0,0,0,0,0,0,0,0,0,0,0,0
zhongnanhai88,289,,1,0,0,0,0,0,0,0,0,0,1,0,0,0,0,0,0,0,0,0,0
navjam1,289,,2,0,0,0,0,0,0,0,0,1,0,1,0,0,0,0,0,0,0,0,0
intothemoon12,289,,2,0,0,0,0,0,0,0,0,0,0,0,0,0,0,0,0,0,0,1,1
alfthegrey,289,,1,0,0,0,0,0,0,0,0,1,0,0,0,0,0,0,0,0,0,0,0
TTHenry90,289,,2,0,1,0,0,0,0,0,1,0,0,0,0,0,0,0,0,0,0,0,0
Shuuun1kubo,289,,1,0,0,0,0,0,0,0,0,1,0,0,0,0,0,0,0,0,0,0,0
RSalroo53778,289,,2,0,0,0,0,0,0,0,0,1,0,0,0,0,0,0,0,0,0,0,1
LiamCruz9955,289,,4,0,0,0,0,1,1,0,0,0,0,0,0,1,1,0,0,0,0,0,0
JerPico_,289,,3,0,0,1,1,0,0,0,0,0,1,0,0,0,0,0,0,0,0,0,0
realhombrearana,288,,1,0,1,0,0,0,0,0,0,0,0,0,0,0,0,0,0,0,0,0,0
mortezaram89828,288,,1,0,0,0,0,0,0,0,0,0,0,0,0,1,0,0,0,0,0,0,0
bodshole,288,,1,0,0,0,0,0,0,0,0,0,0,0,1,0,0,0,0,0,0,0,0
SinanAykur74242,288,,2,0,1,0,0,0,0,0,0,0,0,0,0,1,0,0,0,0,0,0,0
Ramin38285764,288,,2,0,0,1,0,1,0,0,0,0,0,0,0,0,0,0,0,0,0,0,0
No_strin,288,,5,0,0,0,0,0,1,0,0,0,1,0,0,0,0,0,1,1,1,0,0
Mohammadpooya_,288,,4,0,0,0,0,0,1,0,0,1,0,1,1,0,0,0,0,0,0,0,0
LeslieBrow58567,288,,1,0,0,0,0,0,0,0,0,0,0,0,0,0,1,0,0,0,0,0,0
Behnamed,288,,2,0,0,0,1,0,1,0,0,0,0,0,0,0,0,0,0,0,0,0,0
AhmdyMthrh66836,288,,1,0,0,0,0,0,0,0,0,0,0,1,0,0,0,0,0,0,0,0,0
AbabeelTheBird,288,,1,0,0,0,0,0,0,0,0,0,0,0,0,0,0,0,0,0,0,0,1
1marceloandrade,288,,6,0,0,0,1,0,0,0,1,0,0,0,0,0,0,1,1,1,1,0,0
lalalisaa237,287,,1,0,0,0,0,0,0,0,0,1,0,0,0,0,0,0,0,0,0,0,0
l_resistez,287,,1,0,0,0,0,0,0,0,0,0,0,0,0,1,0,0,0,0,0,0,0
krayemfadi1,287,,1,0,0,0,0,0,0,0,0,0,0,0,0,0,0,0,1,0,0,0,0
aslam_tarashid,287,,1,0,0,0,0,0,0,0,0,0,0,1,0,0,0,0,0,0,0,0,0
RANDOM_NAME221,287,,5,0,0,0,0,0,1,0,1,1,1,0,0,0,0,0,0,1,0,0,0
PulseOfPeac,287,,2,0,0,0,0,1,1,0,0,0,0,0,0,0,0,0,0,0,0,0,0
JulietBabie1,287,,2,0,0,0,1,0,0,0,0,0,0,0,0,0,0,1,0,0,0,0,0
ContrarianPanda,287,,2,0,0,0,0,0,0,0,0,0,0,0,0,0,0,0,0,1,1,0,0
AMehdi134446760,287,,1,0,0,0,0,0,0,0,0,0,0,0,0,0,0,0,0,0,0,1,0
watchextra,286,,3,0,0,0,0,0,0,0,0,0,0,0,0,0,0,1,1,0,1,0,0
vatandoust12,286,,4,0,0,0,0,0,0,0,1,1,0,0,0,1,0,0,0,0,1,0,0
nexusmarket,286,,7,0,0,0,0,0,1,0,1,1,1,0,0,1,0,0,0,1,1,0,0
b_cheune,286,,1,0,0,0,0,0,1,0,0,0,0,0,0,0,0,0,0,0,0,0,0
abamieda44,286,,1,0,0,0,0,0,0,0,0,0,0,0,0,0,0,0,0,0,0,0,1
UurMomma,286,,1,0,0,0,0,0,1,0,0,0,0,0,0,0,0,0,0,0,0,0,0
Ronnyzabal89700,286,,1,0,0,0,0,0,0,0,0,0,0,0,0,1,0,0,0,0,0,0,0
NaggerzUnited,286,,1,0,0,0,0,0,1,0,0,0,0,0,0,0,0,0,0,0,0,0,0
MegosChicco,286,,2,0,0,0,0,1,0,0,0,0,1,0,0,0,0,0,0,0,0,0,0
GShahid66,286,,1,0,0,0,0,0,0,0,0,0,0,0,0,0,0,0,0,0,1,0,0
FarmaniBeh6169,286,,1,0,0,0,0,0,0,0,0,0,0,0,0,0,0,0,0,0,1,0,0
CKawczy,286,,1,0,0,0,0,0,0,1,0,0,0,0,0,0,0,0,0,0,0,0,0
BaqrySyna52545,286,,2,0,0,0,0,0,0,0,0,0,0,0,0,1,0,0,0,0,0,1,0
AsgardianKing01,286,,1,0,0,0,0,0,0,0,0,0,0,0,0,0,0,0,0,0,0,0,1
4RealForeal,286,,1,0,0,0,0,0,0,0,0,0,0,0,0,0,0,0,0,0,1,0,0
mehdi_kiyaniyan,285,,1,0,0,0,0,0,1,0,0,0,0,0,0,0,0,0,0,0,0,0,0
mariellaprez3,285,,1,1,0,0,0,0,0,0,0,0,0,0,0,0,0,0,0,0,0,0,0
light_ofQ,285,,1,0,0,0,0,0,0,0,0,0,1,0,0,0,0,0,0,0,0,0,0
lentilcake,285,,1,0,0,0,0,0,0,0,1,0,0,0,0,0,0,0,0,0,0,0,0
intentionz007,285,,1,0,0,0,0,0,0,0,0,0,0,0,0,0,0,0,0,0,0,0,1
death2theI_d_f,285,,1,0,0,0,0,0,0,0,0,1,0,0,0,0,0,0,0,0,0,0,0
aniskhanspeaks,285,,1,0,0,0,0,0,0,1,0,0,0,0,0,0,0,0,0,0,0,0,0
alikuwaiti89,285,,1,0,0,0,0,0,0,0,0,0,0,0,0,0,0,0,0,0,0,1,0
PalestinianHere,285,,1,0,0,0,0,0,0,0,0,1,0,0,0,0,0,0,0,0,0,0,0
KyleReed1495416,285,,1,0,0,0,0,0,0,0,0,1,0,0,0,0,0,0,0,0,0,0,0
Isidro197756,285,,1,0,0,0,0,0,1,0,0,0,0,0,0,0,0,0,0,0,0,0,0
yolara153144,284,,1,0,0,0,0,0,0,0,0,0,0,0,0,1,0,0,0,0,0,0,0
jasaki1,284,,1,0,0,0,0,0,0,0,0,0,0,0,0,0,0,0,0,0,1,0,0
fanidunya1111,284,,2,0,0,0,0,0,0,0,0,0,0,0,0,0,0,1,0,0,0,0,1
ShadmanfarM,284,,1,0,0,0,0,0,0,0,0,0,0,0,0,0,0,0,0,0,1,0,0
Sagacious_E,284,,1,0,0,0,0,0,0,0,0,0,1,0,0,0,0,0,0,0,0,0,0
RyjitaRose,284,,1,0,0,0,0,0,0,0,0,0,0,0,0,0,0,0,0,1,0,0,0
NewBlackson,284,,1,0,0,0,0,0,0,0,0,0,0,0,0,0,0,0,0,0,0,1,0
Muhamma63369145,284,,1,0,0,0,0,0,0,0,0,0,0,0,0,0,0,0,0,0,0,1,0
HansLandaQ,284,,8,1,0,0,0,1,1,1,0,1,1,0,0,0,0,0,0,0,1,0,1
Amirarsalaann,284,,4,0,0,0,0,0,0,0,0,0,1,1,1,1,0,0,0,0,0,0,0
74_Farhad,284,,3,0,0,0,0,0,0,0,0,1,0,0,0,0,0,0,1,0,0,0,1
usufadamz,283,,1,0,0,0,0,0,0,0,0,0,0,0,0,0,0,0,1,0,0,0,0
saisoko,283,,3,0,0,0,0,0,0,0,1,0,0,1,0,0,0,0,0,0,1,0,0
karugo27,283,,2,0,0,0,0,1,0,0,0,0,0,0,0,1,0,0,0,0,0,0,0
josemipango,283,,1,0,0,0,0,0,0,0,1,0,0,0,0,0,0,0,0,0,0,0,0
gang_mu63970,283,,2,0,0,0,0,0,0,0,1,0,0,0,0,0,0,0,0,0,0,0,1
drtksaad,283,,3,0,0,0,0,0,0,0,0,0,0,0,0,0,0,0,1,1,1,0,0
ayowhatsgoodtho,283,,6,0,0,0,0,0,0,0,0,1,0,1,1,0,0,0,0,1,1,1,0
PrivatSahabo,283,,1,0,0,0,0,0,0,0,0,0,0,0,0,0,0,1,0,0,0,0,0
DrJMedina,283,,1,0,0,0,0,0,0,0,0,0,0,0,0,0,0,0,0,0,0,1,0
BluzMonk,283,,1,0,0,0,0,0,0,0,0,0,0,0,0,0,0,0,0,0,0,0,1
yahmeali,282,,9,0,0,0,0,0,0,0,1,1,1,1,1,0,0,1,1,1,1,0,0
razaghimorteza1,282,,15,0,0,1,1,1,1,1,1,1,1,1,1,0,0,0,1,1,1,1,1
feten888,282,,3,0,0,0,0,0,0,0,0,0,0,0,0,1,0,0,0,0,1,0,1
arete23,282,,4,0,0,0,0,0,0,0,1,0,0,0,1,0,0,0,0,1,0,0,1
YousifA24,282,,6,0,0,0,0,1,1,0,0,1,0,0,0,0,0,1,1,1,0,0,0
Uzumaki_Mateo_,282,,1,0,0,0,0,0,0,0,0,0,0,0,0,0,0,0,0,0,0,0,1
GaganOBhardwaj,282,,1,0,0,0,0,0,1,0,0,0,0,0,0,0,0,0,0,0,0,0,0
ExquisiteGhost_,282,,1,0,0,0,0,0,0,0,0,0,0,0,0,0,0,0,0,0,0,0,1
swazy450,281,,1,0,0,0,0,0,0,0,1,0,0,0,0,0,0,0,0,0,0,0,0
shahramtorabi48,281,,1,0,0,0,0,0,0,0,0,0,0,0,0,0,0,0,0,0,1,0,0
sandzzzzl,281,,1,0,0,0,0,0,0,0,1,0,0,0,0,0,0,0,0,0,0,0,0
lesilleofficial,281,,2,0,0,0,0,0,0,0,0,0,0,0,0,1,0,0,1,0,0,0,0
_JavierCast_,281,,1,0,0,0,0,0,0,0,0,0,0,0,0,0,0,0,0,0,1,0,0
Rob73437828,281,,2,0,0,0,0,0,0,0,0,0,1,0,1,0,0,0,0,0,0,0,0
QasimQasim342,281,,6,0,1,0,0,0,1,0,0,0,0,0,0,1,1,1,0,1,0,0,0
Mori_edris,281,,1,0,0,0,0,0,0,0,0,0,0,0,0,0,0,0,0,0,0,1,0
Hermitage742562,281,,1,0,0,0,0,0,1,0,0,0,0,0,0,0,0,0,0,0,0,0,0
BazariZabih,281,,2,0,0,1,0,0,0,0,0,0,0,0,1,0,0,0,0,0,0,0,0
AMIRALi149818,281,,1,0,0,0,0,0,0,0,0,0,0,0,0,0,0,0,0,0,0,1,0
samanmahmoudi9,280,,1,0,0,0,0,1,0,0,0,0,0,0,0,0,0,0,0,0,0,0,0
nima263894,280,,1,0,0,0,0,0,0,0,0,0,0,0,0,1,0,0,0,0,0,0,0
kaf_non53,280,,1,0,0,0,0,0,0,0,0,0,0,0,0,1,0,0,0,0,0,0,0
icmosha,280,,2,0,0,0,0,0,0,0,0,1,1,0,0,0,0,0,0,0,0,0,0
hasnain_taaj,280,,2,0,0,0,0,0,0,0,1,1,0,0,0,0,0,0,0,0,0,0,0
darya81666,280,,1,0,0,0,0,0,0,0,0,0,0,0,0,0,0,0,0,0,1,0,0
arb57235262,280,,1,0,0,0,0,0,0,0,0,0,0,0,0,0,0,0,0,1,0,0,0
ak47_pti,280,,1,1,0,0,0,0,0,0,0,0,0,0,0,0,0,0,0,0,0,0,0
PeacefulLaurie,280,,12,1,1,1,0,1,1,0,0,1,1,0,1,0,0,0,1,1,1,0,1
Pancorral,280,,1,0,0,0,0,0,0,0,0,0,0,0,0,0,0,0,0,0,0,0,1
Melanie90777036,280,,1,0,0,0,0,0,0,0,0,0,1,0,0,0,0,0,0,0,0,0,0
LysenkoGorilla,280,,4,0,0,1,0,0,0,0,0,1,0,0,0,1,0,0,0,0,0,0,1
Kitakamilton2,280,,2,0,0,0,0,0,0,0,0,1,0,0,0,0,0,0,1,0,0,0,0
Ic0n0class,280,,7,0,0,0,0,0,0,1,0,0,1,1,1,1,1,0,0,0,0,0,1
AeyyAi10,280,,1,0,0,0,0,0,0,0,0,0,0,0,0,0,0,0,0,0,0,0,1
AA82882199,280,,1,0,0,0,0,0,0,0,0,0,0,0,0,0,0,0,0,0,1,0,0
yoyamil1,279,,1,0,0,0,0,0,1,0,0,0,0,0,0,0,0,0,0,0,0,0,0
sushilk31082682,279,,1,0,0,0,0,0,0,0,0,1,0,0,0,0,0,0,0,0,0,0,0
qnqrc,279,,5,0,1,0,0,0,1,0,0,0,0,0,0,0,0,0,1,0,1,0,1
omar_farouq00,279,,6,0,1,0,0,0,1,0,0,1,0,0,0,1,0,1,1,0,0,0,0
noorkhalid07,279,,4,0,1,0,0,0,0,0,1,0,0,0,0,1,0,0,1,0,0,0,0
Sajid10119633,279,,14,0,1,1,0,1,1,1,1,1,1,1,0,1,1,0,0,1,0,1,1
RaatsR93740,279,,1,0,0,0,0,0,1,0,0,0,0,0,0,0,0,0,0,0,0,0,0
PineconeTofu,279,,6,0,0,0,0,1,1,0,0,1,0,0,0,1,0,0,1,0,1,0,0
PardonPaix01,279,,1,0,0,0,0,0,1,0,0,0,0,0,0,0,0,0,0,0,0,0,0
IAlquazi72515,279,,2,0,0,0,0,0,0,0,0,0,0,0,1,1,0,0,0,0,0,0,0
Ha1d3r1,279,,1,0,0,0,0,0,0,0,0,0,0,0,0,0,0,0,0,1,0,0,0
Eng_Wawire,279,,4,0,0,0,0,0,0,0,0,1,0,0,0,1,0,0,0,0,1,0,1
Devinerule,279,,3,0,0,0,0,0,1,0,0,0,0,0,0,0,0,0,1,0,0,0,1
1Afshin,279,,2,0,0,0,0,0,0,0,0,0,0,0,0,0,0,0,1,1,0,0,0
roshangard,278,,1,0,0,0,1,0,0,0,0,0,0,0,0,0,0,0,0,0,0,0,0
palacejester,278,,2,0,0,0,0,0,0,0,1,0,0,0,0,0,0,0,0,0,0,0,1
leonathh,278,,10,0,0,0,0,0,1,0,1,1,1,0,1,1,0,0,1,1,1,0,1
Vageta1181,278,,7,0,1,0,0,1,1,0,0,0,0,1,0,0,0,1,0,1,1,0,0
RanoRana59729,278,,1,0,0,0,0,0,0,0,0,0,0,0,0,0,0,0,0,0,1,0,0
PcsAtlas,278,,1,0,0,0,0,0,0,0,0,0,0,0,0,0,0,0,0,0,1,0,0
OsoroOsoroKE,278,,1,0,0,0,0,0,0,0,0,0,0,0,0,0,0,0,0,1,0,0,0
Manchuriatrump,278,,1,0,0,0,0,0,0,0,0,0,0,0,0,0,0,0,0,1,0,0,0
HamidRMAA,278,,2,0,0,0,0,0,1,0,0,0,0,0,0,0,0,0,0,1,0,0,0
BlakeCa38089571,278,,2,0,0,0,0,0,1,0,1,0,0,0,0,0,0,0,0,0,0,0,0
AmadZubair12,278,,5,0,0,0,0,0,0,0,0,0,1,0,1,0,0,0,0,1,0,1,1
sree94684626,277,,1,0,0,0,0,0,0,0,0,0,0,0,0,0,0,0,0,1,0,0,0
muthee_wamuyu,277,,4,0,0,0,0,0,0,1,1,1,1,0,0,0,0,0,0,0,0,0,0
kleptocurrency1,277,,1,0,0,0,0,0,0,0,0,0,1,0,0,0,0,0,0,0,0,0,0
hakverdi23,277,,5,0,0,0,0,0,1,1,0,0,0,0,0,1,0,0,0,1,1,0,0
amalik47194453,277,,11,0,0,1,1,1,1,0,0,0,1,1,0,1,0,1,1,1,1,0,0
YasinGarden,277,,3,0,0,0,0,0,0,0,0,1,0,1,0,1,0,0,0,0,0,0,0
DokushoShiko,277,,1,0,0,0,0,0,0,0,0,0,0,0,0,0,0,0,0,0,0,0,1
ABDULMALIK64744,277,,6,0,0,0,0,0,0,0,1,1,0,0,0,0,0,1,1,1,0,1,0
samichohen,276,,2,0,1,0,0,0,0,0,0,1,0,0,0,0,0,0,0,0,0,0,0
rajivkhan786,276,,1,0,0,0,0,0,0,0,0,1,0,0,0,0,0,0,0,0,0,0,0
nzhad8016,276,,5,0,0,0,0,0,0,0,0,0,0,0,0,1,1,0,0,1,1,1,0
mirzaa_mosaieb,276,,3,0,0,0,1,0,0,0,0,0,0,0,1,1,0,0,0,0,0,0,0
khayhongo88381,276,,1,0,0,0,0,0,0,0,1,0,0,0,0,0,0,0,0,0,0,0,0
halfmantuano,276,,1,0,0,0,0,0,0,0,1,0,0,0,0,0,0,0,0,0,0,0,0
fcopibe33,276,,3,0,0,0,0,0,0,0,0,0,0,0,1,0,0,0,1,0,1,0,0
chrissyo1313,276,,9,0,1,0,0,1,0,0,0,1,1,1,1,1,1,1,0,0,0,0,0
alihstem,276,,9,0,0,0,0,1,0,1,0,0,0,0,1,1,1,1,1,1,0,0,1
MalikFahad29323,276,,2,0,0,0,0,0,1,0,0,0,1,0,0,0,0,0,0,0,0,0,0
Idli_Dosaa,276,,1,0,0,0,0,0,0,0,0,0,0,0,0,0,0,0,0,1,0,0,0
8patacuz,276,,1,0,0,0,0,0,0,0,0,0,0,0,0,0,0,0,0,1,0,0,0
wleng23,275,,1,0,0,0,0,0,0,0,0,0,0,0,0,0,0,0,0,0,0,0,1
parra_miryan,275,,3,1,0,0,0,0,1,1,0,0,0,0,0,0,0,0,0,0,0,0,0
hos_mahdavi,275,,1,0,0,0,0,0,1,0,0,0,0,0,0,0,0,0,0,0,0,0,0
frkankscu01,275,,3,0,0,0,0,0,1,0,0,0,0,0,0,1,0,0,1,0,0,0,0
XandelXan,275,,1,0,0,0,0,0,0,0,0,0,0,0,0,1,0,0,0,0,0,0,0
SadafShamimlfc,275,,7,0,0,0,0,1,0,1,0,1,0,1,1,1,1,0,0,0,0,0,0
MHeydari5433144,275,,1,0,0,0,0,0,0,0,0,0,1,0,0,0,0,0,0,0,0,0,0
ILoveTirpitz001,275,,1,1,0,0,0,0,0,0,0,0,0,0,0,0,0,0,0,0,0,0,0
Ho3einSard59601,275,,2,0,1,0,0,0,0,0,0,0,0,0,0,0,0,0,0,0,0,1,0
HansDampfWasser,275,,3,0,0,0,0,0,0,0,1,1,0,0,0,0,0,0,1,0,0,0,0
ET_Comms_Zim1,275,,3,0,1,0,0,0,0,0,0,0,1,0,0,0,0,0,0,0,0,0,1
nasrat_fazli,274,,1,0,1,0,0,0,0,0,0,0,0,0,0,0,0,0,0,0,0,0,0
lkmlvc,274,,2,0,0,0,0,0,0,0,0,1,0,0,0,0,0,0,0,0,0,0,1
TARizvi,274,,3,1,0,0,0,0,1,0,0,1,0,0,0,0,0,0,0,0,0,0,0
ME71094827,274,,1,0,0,0,0,0,0,1,0,0,0,0,0,0,0,0,0,0,0,0,0
raphorhe,273,,1,0,0,1,0,0,0,0,0,0,0,0,0,0,0,0,0,0,0,0,0
apocalypse5ever,273,,1,0,0,0,0,0,0,0,0,0,0,0,0,0,0,0,0,1,0,0,0
aliakbri189951,273,,2,0,0,0,0,0,0,0,0,0,0,1,0,0,0,0,1,0,0,0,0
PermissionlessM,273,,1,0,0,0,0,0,0,0,0,0,0,0,0,0,0,0,0,0,1,0,0
Laroas63,273,,1,0,0,0,0,0,1,0,0,0,0,0,0,0,0,0,0,0,0,0,0
CyrusPGM,273,,1,0,0,0,0,0,1,0,0,0,0,0,0,0,0,0,0,0,0,0,0
CamelAnon,273,,1,0,0,0,0,0,0,0,0,0,0,0,0,0,0,0,0,0,1,0,0
BlackTempar,273,,1,0,0,0,0,0,0,0,0,0,0,0,0,0,0,0,0,0,0,0,1
vimbly,272,,2,0,0,0,0,0,1,0,1,0,0,0,0,0,0,0,0,0,0,0,0
riccarda_de,272,,2,0,0,0,0,0,1,0,0,0,0,0,0,0,0,0,0,0,0,1,0
n0b1lity,272,,4,0,1,0,0,0,1,0,0,0,0,0,0,0,0,0,0,1,1,0,0
mehmerzouk,272,,2,0,0,0,0,0,0,0,0,1,0,0,0,0,0,0,0,0,0,0,1
karangtaba,272,,1,0,0,0,0,0,0,0,0,0,0,0,0,0,0,0,0,0,0,0,1
fibonyacci,272,,1,0,0,0,0,0,0,0,0,0,0,0,0,0,0,0,0,1,0,0,0
evie__rocks,272,,5,0,0,0,1,0,0,0,0,1,1,1,0,0,0,0,0,1,0,0,0
eliazadi,272,,6,0,1,0,0,1,0,0,0,1,1,1,0,0,0,0,1,0,0,0,0
dkingfisher001,272,,2,0,0,0,0,0,0,0,1,0,1,0,0,0,0,0,0,0,0,0,0
_itz_jaybee,272,,1,0,0,0,0,0,0,0,0,0,1,0,0,0,0,0,0,0,0,0,0
TrznHvn,272,,3,0,0,0,0,0,0,0,1,0,0,0,0,0,0,0,1,0,0,0,1
Ahesanvadu,272,,5,0,0,0,0,0,0,0,1,1,0,0,0,0,0,1,1,1,0,0,0
theknowledgebit,271,,1,0,0,0,0,0,0,0,0,0,1,0,0,0,0,0,0,0,0,0,0
ssaj110,271,,1,0,0,0,0,0,0,0,0,0,0,0,0,0,0,0,0,1,0,0,0
majid_YM,271,,1,0,0,0,0,0,0,0,0,0,0,0,0,0,0,0,0,1,0,0,0
jdb595803075592,271,,1,0,0,0,0,0,0,0,0,0,0,0,0,0,0,0,0,0,0,0,1
abolfazlhypi,271,,2,0,0,1,0,1,0,0,0,0,0,0,0,0,0,0,0,0,0,0,0
_Mahdiyavar,271,,1,0,0,0,0,0,1,0,0,0,0,0,0,0,0,0,0,0,0,0,0
Zeno25,271,,1,0,0,0,0,0,0,0,0,0,0,0,1,0,0,0,0,0,0,0,0
ThistlesandFigs,271,,1,0,0,0,0,0,0,0,0,0,0,0,0,0,0,0,0,0,0,1,0
SchollFused,271,,3,0,0,0,1,0,0,0,0,0,0,0,0,0,0,0,0,0,1,1,0
Samanth35837441,271,,3,0,1,0,0,0,1,0,0,1,0,0,0,0,0,0,0,0,0,0,0
Pire_kharabati,271,,20,1,1,1,1,1,1,1,1,1,1,1,1,1,1,1,1,1,1,1,1
NoFilterJOnn,271,,1,0,0,0,0,0,0,0,0,0,0,0,0,0,0,0,0,0,0,1,0
Nahidlachini,271,,2,0,0,0,0,0,1,0,0,0,0,0,0,0,0,0,0,0,1,0,0
ElFrailejon_,271,,2,0,0,0,0,0,0,0,0,0,0,0,0,1,0,0,1,0,0,0,0
DanCoop91869630,271,,16,1,0,1,0,0,0,1,1,1,1,1,1,1,1,1,1,1,1,1,1
BrigithaFC,271,,4,0,0,0,0,0,0,0,1,0,1,1,0,0,0,1,0,0,0,0,0
AgarAbdulkerim,271,,1,0,0,0,0,0,0,0,0,0,0,0,0,0,0,0,0,1,0,0,0
sh54091502,270,,1,0,0,0,0,0,0,0,0,0,0,0,0,0,0,0,0,0,0,0,1
paki_yvr,270,,4,1,1,0,0,0,0,0,0,0,0,0,1,0,0,0,1,0,0,0,0
omidfj133,270,,2,0,0,0,0,1,1,0,0,0,0,0,0,0,0,0,0,0,0,0,0
mariaprecious12,270,,2,1,0,0,0,0,0,1,0,0,0,0,0,0,0,0,0,0,0,0,0
jannessr1,270,,1,0,0,0,0,0,0,0,0,0,0,0,0,0,0,0,0,0,1,0,0
guerrilla_psy0p,270,,10,0,0,0,0,1,1,0,1,1,1,1,0,1,1,0,0,0,0,1,1
ghanbari_h49004,270,,1,0,0,0,0,0,0,0,0,0,0,0,0,0,0,0,0,0,0,1,0
RikoPamung,270,,1,0,0,1,0,0,0,0,0,0,0,0,0,0,0,0,0,0,0,0,0
OShaktin35778,270,,3,0,0,0,0,0,0,0,0,0,0,0,0,1,0,1,0,0,0,0,1
MujibSafidcheh5,270,,3,0,0,0,0,0,0,0,0,0,0,0,1,1,1,0,0,0,0,0,0
Kishore253964,270,,5,0,0,0,0,0,1,1,0,0,0,0,0,0,0,0,1,1,0,0,1
BLarson567,270,,1,0,0,0,0,0,1,0,0,0,0,0,0,0,0,0,0,0,0,0,0
AhmedMo30516464,270,,1,0,0,0,0,0,0,0,0,0,0,0,0,0,0,1,0,0,0,0,0
sara_khan56730,269,,1,0,0,0,0,0,0,0,0,0,0,0,0,0,0,0,0,0,0,0,1
rha_rhayy,269,,1,0,0,0,0,0,1,0,0,0,0,0,0,0,0,0,0,0,0,0,0
qoroqchian,269,,1,0,0,0,0,0,0,0,0,0,0,1,0,0,0,0,0,0,0,0,0
pontiuspilateIR,269,,20,1,1,1,1,1,1,1,1,1,1,1,1,1,1,1,1,1,1,1,1
maheralbahrani,269,,1,0,0,0,0,0,0,0,0,0,0,0,0,0,0,1,0,0,0,0,0
imrishikesh143,269,,1,0,0,0,0,0,0,0,0,0,0,0,0,0,0,0,0,0,1,0,0
hoseininejad_a,269,,5,0,0,0,0,0,0,0,0,1,0,1,0,1,0,0,1,0,0,1,0
fitzgerald47166,269,,1,0,0,0,0,0,0,0,0,0,0,0,0,0,0,0,0,0,0,0,1
caterina77i,269,,4,0,0,0,1,0,0,0,0,0,1,1,0,0,0,0,1,0,0,0,0
TimothyBaguma5,269,,1,0,0,0,0,0,0,0,0,0,1,0,0,0,0,0,0,0,0,0,0
Rhman74737210,269,,1,0,0,0,0,0,0,0,0,1,0,0,0,0,0,0,0,0,0,0,0
Omiid33,269,,7,0,1,0,0,1,1,0,0,0,0,0,0,1,0,0,0,0,1,1,1
Niel76013379643,269,,1,0,0,0,0,0,0,0,0,0,0,0,0,1,0,0,0,0,0,0,0
MomeniSadeq,269,,1,0,0,0,0,0,0,0,0,1,0,0,0,0,0,0,0,0,0,0,0
z_ali_z_reza,268,,1,0,0,0,0,0,0,0,0,0,0,0,0,1,0,0,0,0,0,0,0
wkashoo,268,,8,0,0,0,0,0,0,1,1,1,1,1,0,0,0,0,0,1,1,1,0
ruch3003,268,,3,0,0,0,0,1,1,0,0,0,0,0,0,0,0,0,0,1,0,0,0
mohsen__a,268,,1,0,0,0,0,0,0,0,0,0,0,0,0,0,1,0,0,0,0,0,0
mehdi_sham33820,268,,1,0,0,0,0,0,0,0,0,0,0,0,0,0,0,0,0,0,0,1,0
mahmudisa529599,268,,1,0,0,0,0,0,0,0,0,0,1,0,0,0,0,0,0,0,0,0,0
hajjiwashangton,268,,2,0,0,0,0,0,1,0,0,0,0,0,1,0,0,0,0,0,0,0,0
gutfranski,268,,1,0,0,0,0,0,0,0,0,0,0,0,0,0,0,0,0,0,0,0,1
classicsebego10,268,,1,0,0,0,0,0,0,0,0,0,0,0,0,0,0,0,0,0,0,0,1
_MOALVA_,268,,1,0,0,0,0,0,0,0,0,0,0,0,0,0,0,0,0,0,1,0,0
SorodiMehd,268,,4,0,0,0,0,0,0,1,0,0,0,0,0,1,0,0,1,1,0,0,0
HRhymy53441,268,,2,0,0,0,0,0,1,0,0,0,0,1,0,0,0,0,0,0,0,0,0
Annewithane27,268,,1,0,0,0,0,0,0,0,0,0,0,0,0,0,0,0,0,0,1,0,0
zhr_mirzaei135,267,,1,0,0,0,0,0,0,0,0,0,0,0,0,1,0,0,0,0,0,0,0
uday7rao,267,,1,0,0,0,0,0,0,0,1,0,0,0,0,0,0,0,0,0,0,0,0
rnslms,267,,1,0,0,0,0,0,0,0,0,0,0,0,0,0,0,0,0,0,0,1,0
pidgineglish,267,,13,0,1,1,0,1,0,1,1,1,0,0,0,1,0,1,1,1,1,1,1
hkoc810,267,,4,0,0,0,0,0,0,0,0,0,0,0,0,1,0,1,1,1,0,0,0
feralapricot,267,,1,0,0,0,0,0,0,0,0,0,0,0,0,0,0,0,0,0,0,0,1
alvinjay_alvin,267,,2,0,0,0,0,0,0,0,0,0,0,0,0,0,0,0,0,0,0,1,1
Ruben_The_D33r,267,,1,0,0,0,0,0,0,0,0,0,0,0,0,0,0,0,0,0,0,0,1
ReporterHate,267,,1,0,0,0,0,0,0,0,0,0,1,0,0,0,0,0,0,0,0,0,0
OnceInWest,267,,1,0,0,0,0,0,0,0,0,0,0,1,0,0,0,0,0,0,0,0,0
InspireFusion,267,,1,0,0,0,0,0,0,0,0,0,1,0,0,0,0,0,0,0,0,0,0
FahdAlizai,267,,2,0,0,0,0,0,0,0,0,0,0,0,0,0,0,1,0,1,0,0,0
9Elenventh,267,,1,0,0,0,0,0,0,0,0,0,0,0,0,0,0,1,0,0,0,0,0
thisis_hari_,266,,2,0,0,0,0,0,1,0,1,0,0,0,0,0,0,0,0,0,0,0,0
realKeithAlbert,266,,1,0,0,0,0,0,0,0,0,0,1,0,0,0,0,0,0,0,0,0,0
_ismailbaig,266,,4,0,0,0,0,1,0,1,0,0,1,0,0,0,0,0,0,1,0,0,0
Yasser_Noun1,266,,1,0,0,0,0,0,0,0,0,0,0,0,0,0,0,1,0,0,0,0,0
Tyrambo,266,,2,0,1,0,0,0,0,0,0,0,0,0,0,0,0,0,0,0,0,0,1
Skappy19,266,,1,0,0,0,0,0,0,0,0,1,0,0,0,0,0,0,0,0,0,0,0
RezaGan17245,266,,5,0,1,0,1,0,1,0,0,1,0,0,0,0,0,0,0,0,1,0,0
NewValuechasing,266,,9,0,0,0,0,0,1,0,1,1,0,0,0,1,0,1,1,1,1,1,0
ModernHeretic13,266,,3,0,0,0,0,0,1,0,0,1,0,0,0,1,0,0,0,0,0,0,0
Maria67491293,266,,2,0,0,0,0,0,1,0,0,0,0,0,0,0,0,0,0,0,0,0,1
MDC_1988,266,,4,0,0,0,0,0,1,0,0,0,0,0,0,1,0,1,1,0,0,0,0
KingDrey34,266,,1,0,0,0,0,0,0,0,0,1,0,0,0,0,0,0,0,0,0,0,0
HalidBinVeled,266,,1,0,0,0,0,0,0,0,0,0,0,0,0,1,0,0,0,0,0,0,0
Haidery05,266,,2,0,0,0,0,0,0,0,0,0,0,0,0,1,1,0,0,0,0,0,0
GhaithAhmed117,266,,12,0,0,1,0,1,1,0,1,1,0,0,1,1,1,1,1,1,1,0,0
8Namrod,266,,1,0,0,0,0,0,0,0,0,0,0,0,0,0,0,0,0,1,0,0,0
ritamhakam,265,,1,0,0,0,0,0,0,0,0,0,0,0,0,0,0,1,0,0,0,0,0
ripsonar,265,,2,0,0,0,0,1,0,0,0,0,0,0,0,1,0,0,0,0,0,0,0
inja_san,265,,2,0,0,0,0,0,1,1,0,0,0,0,0,0,0,0,0,0,0,0,0
hd_teacher31019,265,,4,0,0,0,0,0,0,0,0,1,1,0,0,0,0,0,1,0,0,0,1
gqureshi07,265,,2,0,0,0,0,0,1,0,0,0,0,0,0,0,0,0,0,1,0,0,0
dspnakss,265,,1,0,0,0,0,0,0,0,0,1,0,0,0,0,0,0,0,0,0,0,0
Sonsofcyrus,265,,9,1,0,0,1,0,1,1,0,1,0,0,0,0,0,0,0,1,1,1,1
MohammadPournik,265,,2,0,0,0,0,0,0,0,0,0,0,0,0,0,0,0,0,0,0,1,1
GAbbasFazli,265,,1,1,0,0,0,0,0,0,0,0,0,0,0,0,0,0,0,0,0,0,0
Breezyzzrl,265,,2,0,1,0,0,0,0,0,0,0,1,0,0,0,0,0,0,0,0,0,0
ArtacusRex,265,,2,0,0,0,0,0,0,0,0,0,0,0,0,0,0,0,1,1,0,0,0
AdnanAhmadRana2,265,,1,0,0,0,0,0,0,0,0,0,0,0,0,0,0,0,0,1,0,0,0
cirilop89073615,264,,1,0,0,0,0,0,0,0,0,0,0,0,0,0,0,0,0,0,1,0,0
aboespersu,264,,1,0,0,0,0,0,0,0,1,0,0,0,0,0,0,0,0,0,0,0,0
_265__,264,,1,0,0,0,0,0,0,0,1,0,0,0,0,0,0,0,0,0,0,0,0
Wanderask1,264,,8,0,1,0,0,0,0,0,0,0,0,0,1,1,0,1,0,1,1,1,1
TWFAM2,264,,2,0,0,0,0,0,0,0,0,0,0,0,0,1,1,0,0,0,0,0,0
RezaHassanvand8,264,,2,0,0,0,0,0,0,0,0,0,0,1,0,0,0,0,0,0,1,0,0
Mustafa57414833,264,,2,0,0,0,0,0,0,0,0,1,1,0,0,0,0,0,0,0,0,0,0
BareaIlsa2,264,,2,0,0,0,0,0,1,0,0,0,0,0,0,0,0,0,0,1,0,0,0
syed_suleman1,263,,16,0,1,1,0,1,1,1,1,1,1,1,1,1,0,1,0,1,1,1,1
sports_4L,263,,1,0,0,0,0,1,0,0,0,0,0,0,0,0,0,0,0,0,0,0,0
scribblehard,263,,1,0,1,0,0,0,0,0,0,0,0,0,0,0,0,0,0,0,0,0,0
ne_ka_wa,263,,1,0,0,0,0,0,0,0,0,0,0,0,0,0,0,0,0,1,0,0,0
najib__daud,263,,1,0,0,0,0,0,0,0,0,0,0,0,0,0,0,0,0,1,0,0,0
eye_on_globe,263,,1,0,0,0,0,0,0,0,0,0,0,0,0,0,0,0,0,0,0,0,1
Tanakam2005,263,,1,0,0,0,0,0,0,0,0,0,1,0,0,0,0,0,0,0,0,0,0
RostamiRey59231,263,,1,0,0,0,0,0,0,0,0,0,0,0,0,1,0,0,0,0,0,0,0
Reihane_110,263,,3,0,0,0,0,0,1,0,0,0,1,1,0,0,0,0,0,0,0,0,0
Nabileziani1,263,,1,1,0,0,0,0,0,0,0,0,0,0,0,0,0,0,0,0,0,0,0
Kooshy16,263,,15,0,0,0,1,0,1,1,1,1,1,0,1,1,1,1,1,1,1,1,1
Hojatkatebi,263,,1,0,1,0,0,0,0,0,0,0,0,0,0,0,0,0,0,0,0,0,0
DaGuy20,263,,3,0,0,0,0,0,0,0,0,0,0,1,0,0,0,0,1,1,0,0,0
BenjJames_,263,,1,0,0,0,0,0,0,0,0,0,0,0,0,0,0,0,0,0,0,0,1
mnori671,262,,1,1,0,0,0,0,0,0,0,0,0,0,0,0,0,0,0,0,0,0,0
leamingtonspas1,262,,1,0,0,0,0,0,0,0,0,0,0,0,0,0,0,0,0,0,0,1,0
hairwaytosteve,262,,1,0,0,0,0,0,1,0,0,0,0,0,0,0,0,0,0,0,0,0,0
coolash73,262,,10,0,0,0,0,0,1,1,0,1,1,0,1,0,1,1,1,0,1,1,0
bdallh_kha11470,262,,2,0,0,0,0,0,1,0,1,0,0,0,0,0,0,0,0,0,0,0,0
alamotal,262,,1,0,0,0,0,0,0,0,0,1,0,0,0,0,0,0,0,0,0,0,0
SeyyedBi,262,,2,0,0,0,0,0,0,0,0,0,0,0,0,1,0,0,0,0,1,0,0
RamanvirGrewal,262,,6,1,0,0,0,0,1,1,0,0,0,0,0,1,1,0,0,0,0,0,1
NiaziSammer,262,,1,0,0,0,0,0,0,0,0,0,0,0,0,0,0,0,0,1,0,0,0
Mirzamir,262,,8,1,0,1,1,1,1,1,1,0,0,0,0,1,0,0,0,0,0,0,0
KamranH09589941,262,,5,0,1,1,0,0,0,0,0,0,1,0,0,0,1,0,0,1,0,0,0
HodaJ85696,262,,1,0,0,0,0,0,0,0,0,0,0,0,0,1,0,0,0,0,0,0,0
the_haiderali,261,,1,0,0,0,0,0,1,0,0,0,0,0,0,0,0,0,0,0,0,0,0
smstsi1,261,,1,0,0,0,0,0,0,0,1,0,0,0,0,0,0,0,0,0,0,0,0
muzomuhle_ntuli,261,,1,0,0,0,0,0,0,0,0,0,1,0,0,0,0,0,0,0,0,0,0
mohit2chaudhary,261,,1,0,0,0,0,0,0,0,0,0,0,0,0,0,0,0,0,1,0,0,0
jpee_empire,261,,4,1,0,0,0,0,0,0,1,0,0,0,0,1,0,0,0,0,0,0,1
jorginioxp,261,,1,0,0,0,0,0,0,0,0,0,0,0,0,0,0,0,0,0,1,0,0
ir_karmah1375,261,,1,0,0,0,0,0,1,0,0,0,0,0,0,0,0,0,0,0,0,0,0
dinara59920357T,261,,1,0,0,0,0,0,0,0,0,0,0,0,0,1,0,0,0,0,0,0,0
bineshoony,261,,2,0,0,0,0,0,0,0,0,0,0,0,0,0,0,0,1,0,0,0,1
asier_geme,261,,1,0,0,0,0,0,0,0,0,0,0,0,0,0,0,0,0,0,0,0,1
shaararsha,260,,10,0,0,0,1,0,1,0,0,1,1,0,1,1,0,0,1,1,0,1,1
newentropian,260,,5,0,0,0,0,0,0,0,0,0,0,0,1,0,0,1,1,1,0,1,0
mohammadta75873,260,,1,0,0,0,0,0,0,0,0,0,0,0,0,0,0,0,0,0,0,1,0
maebrusselhead2,260,,1,0,0,0,0,1,0,0,0,0,0,0,0,0,0,0,0,0,0,0,0
RezaAghababaei1,260,,3,0,0,0,0,0,1,0,0,0,0,0,0,1,0,0,0,0,1,0,0
ReadLi1010,260,,1,0,0,0,0,0,1,0,0,0,0,0,0,0,0,0,0,0,0,0,0
PapaQuaino,260,,1,0,0,0,0,0,0,0,0,1,0,0,0,0,0,0,0,0,0,0,0
Joel0014833,260,,5,0,0,1,0,0,0,0,0,0,0,0,0,0,0,1,0,1,0,1,1
Hosnakamali,260,,1,0,0,0,1,0,0,0,0,0,0,0,0,0,0,0,0,0,0,0,0
Giwwaaaa,260,,1,0,0,0,0,0,0,0,0,0,0,0,0,0,0,0,0,1,0,0,0
Armanullah93280,260,,1,0,0,0,0,0,0,0,0,0,0,0,0,0,0,0,0,0,0,0,1
AnnieMacim,260,,1,0,0,0,0,0,0,0,0,0,0,0,0,0,0,1,0,0,0,0,0
tabaas365822,259,,1,0,0,0,0,0,0,0,0,0,0,0,0,1,0,0,0,0,0,0,0
suz33n,259,,1,0,0,0,0,0,0,0,0,0,0,0,0,1,0,0,0,0,0,0,0
sshakerpour,259,,1,0,0,0,0,0,0,0,0,0,0,0,0,0,0,0,0,0,1,0,0
mrym3388,259,,1,0,0,0,0,0,0,0,0,0,0,0,0,0,0,1,0,0,0,0,0
maad_,259,,1,0,0,0,0,0,0,0,0,0,1,0,0,0,0,0,0,0,0,0,0
combovermullet,259,,4,0,0,0,0,1,0,0,0,0,0,0,0,0,0,0,1,0,1,0,1
artmis22156,259,,2,0,0,1,0,0,0,0,0,0,0,0,0,0,0,0,0,0,1,0,0
VIA1030836,259,,3,0,0,1,0,0,0,0,0,0,1,0,0,0,0,0,0,1,0,0,0
SekuruKeith,259,,1,0,0,0,0,0,0,0,0,0,1,0,0,0,0,0,0,0,0,0,0
HannibalBarca85,259,,8,1,0,0,0,1,1,1,1,1,0,0,0,1,0,0,0,0,0,0,1
HUSN_KHASKHELI,259,,1,0,0,0,0,0,0,0,0,0,0,0,0,0,0,0,0,1,0,0,0
CnwlStudent,259,,2,0,0,0,0,0,0,0,0,0,0,0,0,0,0,0,1,0,0,0,1
CloudSea_Pirate,259,,2,0,0,0,0,0,0,0,0,0,0,0,0,1,0,0,0,1,0,0,0
BindassPrasad,259,,2,0,0,0,0,0,0,0,0,1,0,0,0,1,0,0,0,0,0,0,0
shujakazmi11,258,,4,0,0,0,0,1,0,0,0,0,0,0,0,0,0,0,0,1,0,1,1
rank_j,258,,1,0,1,0,0,0,0,0,0,0,0,0,0,0,0,0,0,0,0,0,0
nothingisreal76,258,,1,0,0,0,0,0,0,0,0,0,0,0,0,0,0,0,0,0,1,0,0
niceboy975,258,,8,0,1,1,0,0,0,0,0,0,1,0,1,1,0,0,1,1,0,1,0
mustufa_hasan,258,,3,1,0,0,0,0,0,1,0,0,1,0,0,0,0,0,0,0,0,0,0
lynasraldyn2,258,,1,0,0,0,0,0,0,0,0,0,0,0,0,0,0,0,0,0,0,1,0
lamper9999,258,,15,0,1,0,0,1,1,1,1,1,1,0,1,1,1,0,1,1,1,1,1
fortierrosanne9,258,,1,0,0,0,0,0,0,1,0,0,0,0,0,0,0,0,0,0,0,0,0
altug_husnu,258,,1,0,0,0,0,0,0,0,0,0,0,0,0,1,0,0,0,0,0,0,0
abhinavtyagii,258,,3,0,0,0,0,0,0,0,0,0,0,0,0,1,0,1,0,1,0,0,0
Mugiwara_No_Ali,258,,6,1,0,1,0,1,0,0,0,0,0,1,0,1,0,0,0,0,0,0,1
LSplitttt,258,,1,0,0,0,0,0,0,0,0,0,0,0,0,0,0,0,0,1,0,0,0
JasmerBerwal,258,,2,0,0,0,0,0,0,0,0,0,0,0,0,1,1,0,0,0,0,0,0
HamidHeida50546,258,,2,0,0,0,0,0,0,0,0,0,0,0,0,1,0,0,0,0,0,1,0
AshkanPirzadeh,258,,2,0,0,0,0,0,0,0,0,1,1,0,0,0,0,0,0,0,0,0,0
Asad_ullah9,258,,1,0,0,0,0,0,0,0,0,0,0,0,0,0,0,0,0,1,0,0,0
frn44480935,257,,2,0,0,0,0,0,1,0,0,0,0,0,0,0,0,0,0,0,1,0,0
bahadiroglu41,257,,2,0,0,0,0,0,0,0,0,0,0,0,1,0,0,0,0,1,0,0,0
awadakerikeri_1,257,,1,0,0,0,0,0,1,0,0,0,0,0,0,0,0,0,0,0,0,0,0
Thomas30123136,257,,1,0,0,0,0,0,0,0,0,1,0,0,0,0,0,0,0,0,0,0,0
HaroonShahAce,257,,1,0,0,0,0,0,0,0,0,0,0,0,0,0,0,0,0,0,0,0,1
AmirHossein_Ra4,257,,1,0,0,0,0,0,0,0,0,0,0,0,0,0,0,0,0,1,0,0,0
1MarkD,257,,1,0,0,0,0,0,0,0,0,0,0,0,0,0,0,0,0,1,0,0,0
vpndotcom,256,,2,0,0,0,0,0,0,0,0,0,0,0,0,0,0,1,1,0,0,0,0
sdriankhmeinist,256,,1,0,0,0,0,0,0,0,0,0,0,0,0,0,0,0,1,0,0,0,0
raheel25255056,256,,3,0,0,0,0,0,0,0,1,0,0,1,0,0,0,0,1,0,0,0,0
katorin926,256,,2,0,0,0,0,0,0,0,0,0,0,0,0,0,0,0,0,0,1,0,1
annoyingue,256,,1,0,0,0,0,0,0,0,0,0,0,0,0,0,0,0,0,1,0,0,0
TumourousGuy,256,,2,0,0,0,0,0,0,0,0,0,1,0,0,0,0,0,0,0,0,0,1
TemitayoMo53170,256,,1,0,0,1,0,0,0,0,0,0,0,0,0,0,0,0,0,0,0,0,0
Seyyed_A_Hasan,256,,1,0,0,0,0,0,0,0,0,0,0,0,0,0,0,0,0,0,1,0,0
Roushan83350294,256,,1,0,0,0,0,0,0,0,0,0,0,0,1,0,0,0,0,0,0,0,0
KomaWatan,256,,3,0,0,0,0,0,0,0,0,0,0,0,0,0,0,0,1,1,0,0,1
KMssterr,256,,1,0,0,0,0,0,0,0,0,0,1,0,0,0,0,0,0,0,0,0,0
AsghrSlymy74711,256,,1,0,0,0,0,0,0,0,0,0,0,0,0,1,0,0,0,0,0,0,0
ehsan_1362,255,,1,0,0,0,0,1,0,0,0,0,0,0,0,0,0,0,0,0,0,0,0
TameezAli1,255,,5,0,0,0,0,0,0,1,1,1,0,1,0,0,0,0,0,0,1,0,0
KhazzanAl,255,,2,0,0,0,0,0,0,0,1,1,0,0,0,0,0,0,0,0,0,0,0
GuncelGercek667,255,,3,0,0,0,0,1,1,0,0,0,0,0,0,0,0,0,0,0,1,0,0
BIG__ISAAC,255,,1,0,0,0,0,0,0,0,0,0,0,0,0,0,0,0,1,0,0,0,0
slammed12523,254,,2,0,1,0,0,0,0,0,0,0,0,0,0,0,0,0,0,0,1,0,0
oe_tect,254,,2,0,0,0,1,0,0,0,1,0,0,0,0,0,0,0,0,0,0,0,0
mstevenpablo,254,,2,0,0,1,0,0,1,0,0,0,0,0,0,0,0,0,0,0,0,0,0
machostocks,254,,1,0,0,0,0,0,0,0,0,0,0,0,0,0,0,0,0,0,0,1,0
kouroshzandfani,254,,1,0,0,0,0,0,1,0,0,0,0,0,0,0,0,0,0,0,0,0,0
fightback1917,254,,1,0,0,0,0,0,0,0,0,0,0,0,0,0,0,0,0,0,0,0,1
ebMercury,254,,12,0,0,1,0,1,0,0,1,1,1,1,0,1,0,0,1,1,1,1,1
bleaverin1,254,,1,0,0,0,0,0,0,0,0,0,0,0,0,1,0,0,0,0,0,0,0
aad345,254,,1,0,0,0,0,0,0,0,0,0,0,0,0,0,0,0,0,0,0,0,1
The_Last_RollUp,254,,2,0,0,0,0,0,0,0,0,0,0,0,0,0,0,1,0,1,0,0,0
Sparkle4044,254,,2,0,0,0,0,0,0,0,0,1,1,0,0,0,0,0,0,0,0,0,0
HammAdKakar67,254,,2,0,0,0,0,0,0,0,0,0,0,0,0,0,0,0,0,1,0,0,1
GianlucaNarisi,254,,1,0,0,0,0,0,0,0,0,0,0,0,0,0,0,0,0,1,0,0,0
Desi_Daru_369,254,,4,0,0,0,0,0,0,1,0,1,0,0,0,1,0,0,0,0,0,0,1
Breezyofficial9,254,,2,0,0,0,0,0,0,0,0,0,0,0,0,0,1,0,0,0,0,0,1
Bitchfromd98737,254,,1,0,0,0,0,0,0,0,0,0,1,0,0,0,0,0,0,0,0,0,0
pablodean,253,,2,1,0,0,0,0,0,0,0,0,0,0,0,1,0,0,0,0,0,0,0
king0fheartsz,253,,3,0,0,0,0,0,1,0,0,1,1,0,0,0,0,0,0,0,0,0,0
MockingbirdEric,253,,6,0,0,0,0,1,0,1,0,0,1,1,0,0,0,0,1,0,1,0,0
Iron_Nomad42,253,,1,0,0,0,0,0,1,0,0,0,0,0,0,0,0,0,0,0,0,0,0
HermesOuranios,253,,5,0,0,0,0,0,1,0,0,1,0,0,0,1,0,0,0,0,1,0,1
shimada145,252,,1,0,0,0,0,0,0,0,0,0,0,0,0,0,0,0,1,0,0,0,0
rumiwali,252,,1,0,0,0,0,0,0,0,0,0,1,0,0,0,0,0,0,0,0,0,0
lemin97,252,,1,0,0,0,0,0,0,0,1,0,0,0,0,0,0,0,0,0,0,0,0
kn_mostafa,252,,1,0,0,0,0,0,0,0,0,0,0,0,0,0,0,0,0,0,1,0,0
dadsgroceries,252,,1,0,0,0,0,0,0,0,0,0,0,0,0,0,0,0,0,1,0,0,0
borsada1ihsan,252,,2,0,0,0,0,0,1,0,0,0,0,0,0,0,0,0,0,1,0,0,0
askwaseemafridi,252,,15,0,1,0,1,1,1,1,1,1,1,0,1,1,0,1,1,1,1,1,0
alireza_RN,252,,1,0,0,0,0,0,0,0,0,0,0,0,0,0,0,0,0,1,0,0,0
Wahakalaka1,252,,1,0,0,0,0,0,0,0,0,0,0,0,0,0,0,0,0,0,0,0,1
TheJumaAjuma,252,,9,0,1,0,0,1,1,0,0,0,1,1,1,1,0,0,1,0,0,0,1
Mostafasad23543,252,,1,0,0,0,0,0,0,0,0,0,0,0,0,0,0,0,0,0,0,1,0
Mavicamin,252,,8,1,0,0,0,0,1,0,1,0,0,0,0,1,0,1,1,1,1,0,0
MMehreganfar,252,,1,0,0,0,1,0,0,0,0,0,0,0,0,0,0,0,0,0,0,0,0
LukidDreamer,252,,1,0,0,0,0,0,0,0,0,0,0,0,0,0,0,0,0,0,0,1,0
FarvaharMo54273,252,,2,0,0,0,0,0,0,0,0,0,0,0,0,1,0,0,0,0,0,1,0
Az____zz,252,,1,0,0,0,0,0,0,0,0,0,1,0,0,0,0,0,0,0,0,0,0
AiliaJJ1214,252,,1,0,0,0,0,0,0,0,0,0,1,0,0,0,0,0,0,0,0,0,0
A6udawud,252,,1,0,0,0,0,0,0,0,0,1,0,0,0,0,0,0,0,0,0,0,0
vonpeu,251,,2,0,0,0,0,0,1,0,1,0,0,0,0,0,0,0,0,0,0,0,0
thibault_touch,251,,1,1,0,0,0,0,0,0,0,0,0,0,0,0,0,0,0,0,0,0,0
mushtaq_ir82468,251,,7,0,0,0,0,1,1,0,0,1,0,0,0,0,0,0,1,1,0,1,1
madaki_III,251,,1,0,0,0,0,0,0,0,0,1,0,0,0,0,0,0,0,0,0,0,0
kasraist10,251,,1,0,0,0,0,0,0,0,0,0,0,0,0,0,0,0,0,0,1,0,0
jackptii,251,,3,0,0,0,0,0,0,0,0,0,1,0,0,0,1,0,0,1,0,0,0
RGV_Design,251,,2,0,0,0,0,0,1,0,0,0,0,1,0,0,0,0,0,0,0,0,0
Ftmh188567,251,,1,0,0,0,0,0,0,0,0,0,0,1,0,0,0,0,0,0,0,0,0
Amir_For_Peace,251,,1,0,0,0,0,0,0,0,0,0,0,0,1,0,0,0,0,0,0,0,0
AAlphonce_,251,,3,0,0,0,0,0,1,0,1,1,0,0,0,0,0,0,0,0,0,0,0
shei78216,250,,11,0,1,1,0,1,1,1,1,0,1,1,0,1,0,0,1,1,0,0,0
desertpower97,250,,1,0,0,0,0,0,0,0,0,1,0,0,0,0,0,0,0,0,0,0,0
RuhiErdem7,250,,1,0,0,0,0,0,0,0,0,0,1,0,0,0,0,0,0,0,0,0,0
RaceMemory,250,,1,0,0,0,0,0,0,0,0,0,1,0,0,0,0,0,0,0,0,0,0
Lily1604505303,250,,2,0,0,0,0,0,0,0,0,0,0,0,0,1,1,0,0,0,0,0,0
Hassba1324,250,,1,0,0,0,0,0,0,0,0,0,0,0,0,0,0,0,0,1,0,0,0
AsxxiMoham11341,250,,1,0,0,0,0,0,0,0,0,0,0,0,0,0,0,0,0,0,1,0,0
wilmerivan1975,249,,1,0,0,0,0,0,0,0,0,0,0,0,0,0,0,0,0,1,0,0,0
soroush_sarlak,249,,6,0,1,0,0,0,1,0,0,0,0,0,0,1,1,0,1,0,1,0,0
shaamir_n,249,,7,0,0,0,0,0,0,0,0,0,1,0,0,1,0,1,0,1,1,1,1
omashyash,249,,1,0,0,0,0,0,0,0,0,0,0,0,0,0,0,0,0,0,0,0,1
nasir_tauhid,249,,2,0,0,0,0,0,0,0,0,0,0,0,0,0,0,0,1,1,0,0,0
imti1806_imtiaz,249,,3,0,0,0,0,0,0,0,0,0,0,0,0,0,0,0,1,1,0,0,1
ikefort80,249,,1,0,0,0,0,0,0,0,0,0,0,0,0,0,0,0,0,0,0,0,1
foroozap,249,,2,0,0,0,0,1,0,0,0,1,0,0,0,0,0,0,0,0,0,0,0
ekramwaris,249,,1,0,0,0,0,0,0,0,0,0,0,1,0,0,0,0,0,0,0,0,0
_BuxBeta,249,,1,0,0,0,0,0,0,0,0,0,1,0,0,0,0,0,0,0,0,0,0
YassTargaryen,249,,1,0,0,0,0,0,0,0,1,0,0,0,0,0,0,0,0,0,0,0,0
Othmanovich4,249,,1,0,0,0,0,0,0,0,0,0,0,0,0,0,0,1,0,0,0,0,0
Najm80A,249,,1,0,0,0,0,0,0,0,0,0,0,0,0,0,0,1,0,0,0,0,0
Maranga_O,249,,1,0,0,0,0,0,0,0,0,1,0,0,0,0,0,0,0,0,0,0,0
erfoooon,248,,1,0,0,0,1,0,0,0,0,0,0,0,0,0,0,0,0,0,0,0,0
adel94071,248,,1,1,0,0,0,0,0,0,0,0,0,0,0,0,0,0,0,0,0,0,0
Muhamma46707571,248,,1,0,0,0,0,0,0,0,0,0,1,0,0,0,0,0,0,0,0,0,0
Mubark_Rashid99,248,,1,0,0,0,0,0,0,0,0,0,0,0,0,0,0,0,0,1,0,0,0
JUZZSKI,248,,1,0,0,0,0,0,0,0,0,0,0,0,0,0,0,0,0,0,0,0,1
Canaanite_Soul,248,,1,0,0,0,0,0,0,0,0,0,0,0,0,0,0,0,0,0,0,1,0
Angela587164701,248,,1,0,0,0,0,0,0,0,0,0,1,0,0,0,0,0,0,0,0,0,0
1353_ahmadi,248,,2,0,0,0,0,0,0,0,0,0,0,0,0,0,0,0,0,0,1,1,0
sadtheartist1,247,,1,0,0,0,0,0,0,0,0,0,0,0,0,0,0,1,0,0,0,0,0
moh_ys7,247,,9,0,0,0,1,0,1,1,0,1,1,1,0,1,0,0,0,1,0,0,1
mehdiposts,247,,3,0,0,0,0,1,0,0,0,1,0,0,0,0,0,0,0,1,0,0,0
k_sevgiyle,247,,1,0,0,0,1,0,0,0,0,0,0,0,0,0,0,0,0,0,0,0,0
hiranur28868852,247,,16,1,1,0,1,1,1,1,1,1,1,1,1,1,1,0,1,1,0,0,1
dussardp,247,,3,0,0,0,0,0,0,0,0,0,0,0,0,0,0,0,0,0,1,1,1
aq_anonymous,247,,5,1,1,0,0,0,0,0,0,0,0,0,0,0,0,0,1,0,1,0,1
alhaytham_s,247,,1,0,0,0,0,0,0,0,1,0,0,0,0,0,0,0,0,0,0,0,0
MimiStukes,247,,3,0,1,0,0,0,0,0,0,0,0,0,0,1,0,0,0,0,0,1,0
McCloskeyShauna,247,,3,0,0,0,0,0,0,0,0,0,1,0,0,1,0,0,0,1,0,0,0
HP48Family,247,,2,0,0,0,0,0,0,1,1,0,0,0,0,0,0,0,0,0,0,0,0
FFacile26301,247,,3,0,0,0,0,0,1,0,0,0,0,0,0,1,0,0,0,1,0,0,0
CliffordMorara,247,,1,0,0,0,1,0,0,0,0,0,0,0,0,0,0,0,0,0,0,0,0
Cin84686,247,,1,1,0,0,0,0,0,0,0,0,0,0,0,0,0,0,0,0,0,0,0
BCResource,247,,3,0,1,0,0,0,1,0,0,0,0,0,0,0,0,0,1,0,0,0,0
Anjan8894631,247,,2,0,0,0,0,0,0,0,1,1,0,0,0,0,0,0,0,0,0,0,0
rafi_bokhari,246,,1,0,0,0,0,0,0,0,0,0,0,0,0,0,0,0,0,0,1,0,0
nilelapis,246,,5,0,1,1,0,0,0,0,0,0,0,0,0,0,0,0,0,1,0,1,1
marde_jawan,246,,1,0,0,0,0,0,0,0,0,0,0,0,0,0,0,0,0,0,0,1,0
benitoCEREpk,246,,1,0,0,0,0,0,0,0,0,0,0,0,0,1,0,0,0,0,0,0,0
SirVinQ,246,,1,0,0,0,0,0,0,0,0,0,0,0,0,0,0,0,0,0,0,1,0
Momo_Saleh_SN,246,,2,0,0,0,0,0,0,0,0,1,0,0,0,0,0,0,0,0,0,0,1
MiaSelly1,246,,1,0,0,0,0,0,0,0,0,0,0,0,0,0,0,0,0,0,0,0,1
MadEquities,246,,1,0,0,0,0,0,1,0,0,0,0,0,0,0,0,0,0,0,0,0,0
Komokxxxx,246,,1,0,0,0,0,0,1,0,0,0,0,0,0,0,0,0,0,0,0,0,0
HaloJumper77,246,,5,0,0,0,0,0,0,0,1,0,1,0,0,0,0,1,0,0,0,1,1
EhdiSabur22506,246,,1,0,0,0,0,0,0,0,0,0,0,0,0,0,0,0,0,0,0,0,1
Beunique_zahra,246,,1,0,0,0,0,0,0,0,0,0,1,0,0,0,0,0,0,0,0,0,0
AlAqeelJawad1,246,,1,0,0,0,0,0,0,0,0,0,0,0,0,0,0,0,0,0,0,1,0
zamann23,245,,1,0,0,0,0,0,1,0,0,0,0,0,0,0,0,0,0,0,0,0,0
zaidalhinai0,245,,2,0,0,0,0,0,0,0,0,0,0,0,0,0,0,0,0,1,1,0,0
mohammad000s000,245,,2,0,0,0,0,0,1,0,0,0,0,0,0,0,0,0,1,0,0,0,0
al_gadaffy,245,,4,0,0,0,0,0,0,0,1,0,1,0,0,0,0,0,1,1,0,0,0
abrahamovicle,245,,1,0,0,0,0,0,0,0,0,0,0,0,0,0,0,0,0,0,1,0,0
ShaheenSD619,245,,8,0,0,1,0,1,0,0,1,0,0,1,0,0,0,0,1,1,0,1,1
Oliver70454,245,,2,0,0,0,0,0,0,0,0,0,0,0,0,0,0,0,0,0,0,1,1
Karrar_Montazer,245,,2,0,0,0,0,0,0,0,0,1,0,0,0,0,0,0,0,0,1,0,0
JD0408,245,,1,0,0,0,0,0,0,1,0,0,0,0,0,0,0,0,0,0,0,0,0
mahi1959,244,,1,0,0,0,0,0,1,0,0,0,0,0,0,0,0,0,0,0,0,0,0
m_zolfagharian,244,,1,0,0,0,0,0,0,0,0,0,0,0,0,0,1,0,0,0,0,0,0
lexH369,244,,4,0,0,0,0,0,0,0,1,1,1,0,0,0,0,0,0,1,0,0,0
javadi62219,244,,2,0,0,0,0,0,0,0,0,0,0,0,0,1,0,0,0,0,0,1,0
Zaratustra7777,244,,4,0,0,0,0,0,1,0,0,1,0,0,0,1,0,0,0,1,0,0,0
VladeMaxFlava,244,,1,0,0,0,0,0,0,0,0,0,0,0,0,0,0,1,0,0,0,0,0
SilverSqueeze,244,,1,0,0,0,0,0,0,0,0,0,0,0,0,1,0,0,0,0,0,0,0
RazaLeaks,244,,1,0,0,0,0,0,0,0,0,0,0,0,0,0,0,0,0,0,0,1,0
RM_Gombe,244,,5,0,0,0,0,0,0,0,0,1,0,1,0,0,0,0,1,1,1,0,0
Manazir79179862,244,,1,0,0,0,0,0,0,0,0,1,0,0,0,0,0,0,0,0,0,0,0
MAsgari19,244,,1,0,0,0,0,0,0,0,0,0,0,0,0,0,0,0,0,0,1,0,0
Flashbotnic,244,,2,0,0,0,0,0,0,0,1,0,0,0,0,1,0,0,0,0,0,0,0
telephonic1892,243,,3,0,0,0,0,0,0,0,0,1,1,0,1,0,0,0,0,0,0,0,0
soymanuzepeda,243,,1,0,0,0,0,0,0,0,0,0,0,0,0,0,0,0,0,0,1,0,0
papaxycym,243,,1,0,0,0,0,0,0,0,0,0,0,0,0,1,0,0,0,0,0,0,0
mohammad136613,243,,1,0,0,0,1,0,0,0,0,0,0,0,0,0,0,0,0,0,0,0,0
krupalmakwana,243,,1,0,0,0,0,0,0,0,0,0,0,0,0,1,0,0,0,0,0,0,0
SiriusUli7919,243,,1,0,0,0,0,0,0,1,0,0,0,0,0,0,0,0,0,0,0,0,0
KB4JB2024,243,,3,0,0,0,0,0,0,1,0,1,0,0,0,0,0,0,0,1,0,0,0
JSmyh38360,243,,2,0,0,0,0,0,0,0,0,0,0,0,1,0,0,0,0,0,1,0,0
GenZInvestor,243,,2,0,0,0,0,0,0,0,0,1,1,0,0,0,0,0,0,0,0,0,0
GadhaviDevang23,243,,1,0,0,0,0,0,0,0,0,0,0,0,1,0,0,0,0,0,0,0,0
Balarabe_Mbi,243,,1,0,0,0,0,0,0,0,0,0,1,0,0,0,0,0,0,0,0,0,0
Abolfazl441,243,,2,0,0,0,0,0,0,0,0,0,1,0,0,0,0,0,0,0,1,0,0
vienawaitsforu,242,,8,1,0,0,0,1,1,0,1,0,1,0,0,1,0,0,1,0,0,1,0
shikiba_haghani,242,,1,0,0,0,0,0,0,0,0,0,0,0,0,0,0,0,1,0,0,0,0
samaher2kh,242,,1,0,0,0,0,1,0,0,0,0,0,0,0,0,0,0,0,0,0,0,0
ptshapes,242,,3,0,0,0,0,0,0,0,0,1,1,0,0,0,0,0,0,0,0,0,1
owksphere,242,,1,0,0,0,0,0,0,0,0,0,0,0,0,0,0,0,0,0,1,0,0
ib_hussain_,242,,1,0,0,0,0,0,0,0,0,0,0,0,0,0,0,0,0,0,0,0,1
eduardo_mustaff,242,,2,0,1,0,0,1,0,0,0,0,0,0,0,0,0,0,0,0,0,0,0
HubbulRaja1,242,,4,0,0,0,0,1,0,1,1,0,0,0,0,0,0,1,0,0,0,0,0
Gillybruno99,242,,1,0,0,0,0,0,0,0,0,0,0,0,0,0,0,0,0,1,0,0,0
timesofscar,241,,5,0,0,0,0,0,1,0,1,1,0,0,1,1,0,0,0,0,0,0,0
realindridcold,241,,2,0,0,0,0,0,0,0,0,0,0,0,0,0,0,0,0,0,1,1,0
isaactendela,241,,1,0,0,0,0,0,0,0,0,0,0,0,0,0,0,0,0,0,1,0,0
iddi_bashora,241,,3,0,0,0,0,0,0,0,0,1,0,0,0,0,0,0,1,1,0,0,0
godsbodkin,241,,3,0,0,0,0,0,0,0,0,0,0,0,0,0,0,0,0,1,0,1,1
daddyfaizalCAN,241,,1,0,0,0,0,0,1,0,0,0,0,0,0,0,0,0,0,0,0,0,0
alliswelly_name,241,,1,0,0,0,0,0,0,0,1,0,0,0,0,0,0,0,0,0,0,0,0
alirazavi_1394,241,,1,0,0,0,0,0,0,0,0,0,0,1,0,0,0,0,0,0,0,0,0
alimoonj,241,,1,0,0,0,0,0,0,0,0,0,0,0,0,0,0,1,0,0,0,0,0
Mtoto_Mkaidi,241,,12,0,1,0,0,1,1,0,0,1,1,0,1,0,1,1,1,1,1,0,1
Manbidj,241,,1,0,0,0,0,0,0,0,0,0,0,0,0,0,0,0,0,0,0,1,0
KhSafarpoor,241,,3,0,0,0,0,1,0,0,0,0,0,0,0,0,1,0,0,0,1,0,0
HistoryVersion,241,,1,0,0,0,0,0,0,0,0,0,0,0,0,0,0,0,0,0,1,0,0
xaanxxaanx,240,,4,0,0,0,0,0,0,0,0,1,1,0,1,0,0,0,0,1,0,0,0
warViewer1,240,,1,0,0,0,0,0,0,0,0,0,0,0,1,0,0,0,0,0,0,0,0
mxhrezprop,240,,1,0,0,0,0,0,0,0,0,0,0,0,0,0,1,0,0,0,0,0,0
lexlex99722746,240,,4,0,0,0,0,0,0,0,0,0,0,0,0,1,0,1,0,1,1,0,0
anodyn3,240,,2,0,0,0,0,0,0,0,0,0,0,0,0,0,0,0,0,0,0,1,1
aaaa_fuuun,240,,4,0,0,1,0,0,1,1,0,0,0,0,0,1,0,0,0,0,0,0,0
_rego___,240,,1,1,0,0,0,0,0,0,0,0,0,0,0,0,0,0,0,0,0,0,0
Syed_RazaHasan,240,,2,0,0,0,0,0,0,0,0,1,1,0,0,0,0,0,0,0,0,0,0
SummayalH,240,,2,0,0,0,0,0,1,1,0,0,0,0,0,0,0,0,0,0,0,0,0
RabbiBENJUDAH,240,,1,0,0,0,0,0,0,0,0,1,0,0,0,0,0,0,0,0,0,0,0
PerfectGoGetIt,240,,1,0,0,0,0,0,0,0,0,0,1,0,0,0,0,0,0,0,0,0,0
MukitHRahman,240,,10,0,0,0,1,0,1,1,1,0,1,1,0,1,0,0,1,1,0,0,1
MAK_45456T,240,,1,0,0,0,0,0,0,0,0,0,0,0,0,0,0,0,0,0,0,0,1
JohnSmith49hko,240,,1,0,1,0,0,0,0,0,0,0,0,0,0,0,0,0,0,0,0,0,0
Amirali_behesht,240,,2,0,0,0,0,0,1,0,0,0,0,0,0,1,0,0,0,0,0,0,0
AmanUllah499,240,,1,0,0,0,0,0,0,0,0,0,0,0,0,0,0,0,1,0,0,0,0
AfzalHusain_9,240,,2,0,0,0,0,0,1,1,0,0,0,0,0,0,0,0,0,0,0,0,0
tehmarali,239,,1,0,0,0,0,0,0,1,0,0,0,0,0,0,0,0,0,0,0,0,0
p_o_berubah,239,,2,0,0,0,1,0,0,0,0,0,1,0,0,0,0,0,0,0,0,0,0
hscarpenter2019,239,,1,0,0,0,0,0,0,0,0,0,1,0,0,0,0,0,0,0,0,0,0
dayani_aquino,239,,1,0,0,0,0,0,0,0,0,0,0,0,0,0,0,0,0,0,0,0,1
abbashindi786,239,,11,0,1,1,0,0,1,1,1,0,0,1,1,1,0,0,0,1,0,1,1
Rumba75306062,239,,2,1,0,0,0,0,0,0,0,0,0,0,0,0,0,0,0,1,0,0,0
RfyqM24383,239,,1,0,0,0,0,0,0,0,0,0,0,0,0,0,0,1,0,0,0,0,0
RKs_garderob,239,,1,0,0,0,0,0,0,0,0,0,0,0,0,0,0,0,0,0,0,0,1
CoolAbhi0,239,,2,0,0,0,0,0,0,0,1,1,0,0,0,0,0,0,0,0,0,0,0
Ash03921337,239,,1,0,0,0,0,0,0,0,0,0,0,0,0,0,0,0,0,0,0,0,1
Arsalan_Att,239,,7,0,1,1,1,0,0,0,0,1,0,1,0,0,0,0,0,0,1,0,1
yasin757422,238,,2,0,0,0,0,0,0,0,0,0,0,0,0,1,0,0,0,0,0,1,0
taysirlove,238,,1,0,0,0,0,0,0,0,0,0,0,0,0,0,0,0,0,0,0,0,1
lasota73,238,,2,0,0,0,0,0,0,0,0,0,0,0,0,1,1,0,0,0,0,0,0
jb01986,238,,1,0,0,0,0,0,0,0,0,0,0,0,0,0,0,0,0,0,0,0,1
geoexopolitic,238,,1,0,0,0,0,0,0,0,0,0,0,0,0,0,0,0,0,0,0,0,1
elvir_zornic,238,,1,1,0,0,0,0,0,0,0,0,0,0,0,0,0,0,0,0,0,0,0
buaLippa,238,,1,0,0,0,0,0,0,0,0,0,0,1,0,0,0,0,0,0,0,0,0
bayonettaNYC,238,,3,0,0,0,0,0,1,0,0,0,0,0,0,0,0,0,1,1,0,0,0
antizio_c,238,,10,0,1,1,0,0,0,0,0,1,0,0,1,1,0,1,1,1,0,1,1
adtramp,238,,1,1,0,0,0,0,0,0,0,0,0,0,0,0,0,0,0,0,0,0,0
SoulimanDiraa,238,,1,0,0,0,0,0,0,0,0,0,0,0,0,0,0,0,0,0,0,0,1
PATRICKTHUITA12,238,,1,0,0,0,0,0,0,0,0,0,1,0,0,0,0,0,0,0,0,0,0
MustafaMusavi4,238,,2,0,0,0,0,0,0,0,0,1,1,0,0,0,0,0,0,0,0,0,0
JorgeRoble71559,238,,1,0,0,0,0,0,0,0,0,0,0,0,0,0,0,0,0,0,0,0,1
IPE_UT,238,,5,0,0,0,0,0,0,0,0,1,0,1,1,0,0,0,0,1,1,0,0
sbzsrj,237,,1,0,0,0,0,0,0,0,0,0,0,0,0,1,0,0,0,0,0,0,0
mikaeilp444,237,,7,0,0,0,0,1,1,1,0,0,0,0,0,1,1,0,1,0,1,0,0
mariveen8,237,,3,0,0,0,0,0,1,1,0,1,0,0,0,0,0,0,0,0,0,0,0
gregsparry,237,,1,0,0,0,0,0,0,0,0,0,0,0,0,0,0,0,0,1,0,0,0
earthling051,237,,1,0,0,0,0,0,0,0,0,1,0,0,0,0,0,0,0,0,0,0,0
ai870875,237,,2,0,0,0,0,0,0,0,0,1,0,0,0,0,0,0,0,0,1,0,0
YusufuDaudaKan2,237,,1,0,0,0,0,0,0,1,0,0,0,0,0,0,0,0,0,0,0,0,0
SonOfAli_,237,,2,0,0,0,0,0,0,0,0,1,0,1,0,0,0,0,0,0,0,0,0
RohdeC94470,237,,1,0,0,0,0,0,0,0,0,0,0,0,0,0,0,0,0,0,1,0,0
McwPx,237,,1,0,0,0,0,0,0,0,0,0,0,0,0,1,0,0,0,0,0,0,0
MarshalBobBob,237,,1,0,0,0,0,0,0,0,0,0,0,0,0,0,0,0,0,0,0,0,1
MarbleQ47289,237,,3,0,0,0,0,0,0,0,0,0,1,0,0,0,0,0,0,0,0,1,1
KwthryS25726,237,,4,0,0,0,0,0,0,0,0,1,0,1,0,1,0,0,0,0,0,1,0
Fidoha_9,237,,1,0,0,0,0,0,0,0,0,0,1,0,0,0,0,0,0,0,0,0,0
CowOil_,237,,3,0,0,0,0,0,0,0,0,0,0,0,0,1,0,0,1,0,1,0,0
BigManHammer576,237,,4,0,0,0,0,0,0,0,1,0,0,0,0,0,0,0,0,0,1,1,1
A1Slimshady,237,,4,0,1,1,0,0,0,1,0,0,0,0,0,0,0,0,0,0,0,0,1
konvyslick,236,,1,0,0,0,0,0,0,1,0,0,0,0,0,0,0,0,0,0,0,0,0
baanoyeiranii,236,,1,0,0,0,0,0,0,0,0,0,0,0,0,0,0,0,0,0,1,0,0
amra634,236,,1,0,0,0,1,0,0,0,0,0,0,0,0,0,0,0,0,0,0,0,0
VicenteDiazt,236,,3,0,0,0,0,0,0,0,0,0,1,0,0,0,0,0,0,0,1,1,0
Thee_Last_Bon,236,,1,0,0,0,0,0,1,0,0,0,0,0,0,0,0,0,0,0,0,0,0
SVKant_83,236,,1,0,0,0,0,0,1,0,0,0,0,0,0,0,0,0,0,0,0,0,0
MarkKoekkelkor1,236,,11,0,0,1,0,1,1,0,0,0,1,0,1,1,1,0,0,1,1,1,1
MahdiAhmadbeigi,236,,3,0,0,1,0,0,0,0,1,1,0,0,0,0,0,0,0,0,0,0,0
EUOXIV,236,,1,0,0,0,0,0,0,0,0,0,0,0,0,0,0,0,0,0,0,0,1
itheumar,235,,1,0,0,0,0,0,0,0,0,1,0,0,0,0,0,0,0,0,0,0,0
heisemerie,235,,1,0,0,0,0,0,0,0,0,0,0,0,0,0,0,0,0,1,0,0,0
err0rnugget,235,,1,0,0,0,0,0,0,0,0,0,0,0,0,1,0,0,0,0,0,0,0
damianlr1,235,,1,1,0,0,0,0,0,0,0,0,0,0,0,0,0,0,0,0,0,0,0
beenawf,235,,1,0,0,0,0,0,0,1,0,0,0,0,0,0,0,0,0,0,0,0,0
TerrySolle,235,,2,0,0,0,0,0,0,0,0,0,0,0,0,0,0,0,0,0,1,0,1
Salim_Jayz,235,,3,0,0,0,0,0,0,0,0,0,1,0,0,0,0,0,0,0,1,0,1
MukeshK33048334,235,,1,0,0,0,0,0,0,0,0,1,0,0,0,0,0,0,0,0,0,0,0
AKWFresh24,235,,4,0,1,0,0,0,1,0,1,0,0,0,0,0,0,0,0,1,0,0,0
saeedanti666,234,,1,0,0,0,0,0,0,0,0,0,0,0,0,0,0,0,0,0,1,0,0
michaelmel42822,234,,2,0,0,0,0,0,0,1,0,0,0,0,0,0,0,0,0,0,0,1,0
mahtabshab14,234,,1,0,0,0,0,0,0,0,0,1,0,0,0,0,0,0,0,0,0,0,0
javanebasiji,234,,2,0,0,0,0,0,0,0,0,0,0,0,0,0,0,0,0,1,1,0,0
javadbat,234,,1,0,0,0,0,0,0,0,0,0,0,0,0,0,0,0,0,0,1,0,0
igomemay,234,,1,0,1,0,0,0,0,0,0,0,0,0,0,0,0,0,0,0,0,0,0
doglakihaters,234,,1,0,0,0,0,0,0,0,0,0,0,0,0,0,0,0,1,0,0,0,0
d_detectiv40968,234,,10,0,0,1,0,0,1,0,0,1,1,0,0,1,0,0,1,1,1,1,1
ayubbk11,234,,11,1,0,0,0,1,0,1,1,1,1,1,1,1,0,0,1,0,1,0,0
Zacariarf,234,,4,0,0,0,0,0,0,0,0,0,0,0,1,1,0,0,0,1,0,0,1
Raviraj_Desai_,234,,1,0,0,0,0,0,0,0,0,0,0,0,0,0,0,0,0,0,0,0,1
PeaceMaple23,234,,15,1,1,0,1,1,1,1,1,0,0,1,1,1,1,0,1,1,1,1,0
Alvi676,234,,3,0,0,0,0,0,0,0,0,0,0,1,0,0,0,0,0,1,0,0,1
vasseq,233,,2,0,0,0,0,0,0,0,1,1,0,0,0,0,0,0,0,0,0,0,0
hossein9088,233,,1,0,0,0,0,0,0,0,0,0,0,0,0,0,0,0,0,0,1,0,0
heed7709,233,,1,0,0,0,0,0,0,0,0,0,0,0,0,0,0,0,0,0,0,1,0
haniehJ12,233,,2,0,0,0,0,0,0,0,0,0,0,0,0,1,0,0,1,0,0,0,0
duplicateghost9,233,,1,0,0,0,0,0,0,0,1,0,0,0,0,0,0,0,0,0,0,0,0
dbkey23,233,,1,0,0,0,0,0,1,0,0,0,0,0,0,0,0,0,0,0,0,0,0
MIGSFARNUM48,233,,1,0,0,0,0,0,0,0,0,0,0,0,0,0,0,0,0,0,1,0,0
Choud60799Waris,233,,9,0,0,1,0,1,0,1,0,1,0,1,1,1,0,0,0,0,1,0,1
Abbas_Qamar96,233,,1,0,0,0,0,0,0,0,0,0,1,0,0,0,0,0,0,0,0,0,0
vipervenum_x,232,,2,0,0,0,0,0,0,0,1,1,0,0,0,0,0,0,0,0,0,0,0
moltisantiiiiii,232,,1,0,0,0,0,0,0,0,0,0,0,0,0,1,0,0,0,0,0,0,0
behnamtalebi2,232,,7,0,1,0,0,0,1,1,1,0,0,0,0,0,0,1,0,1,0,0,1
RozaJaparova,232,,1,0,0,0,0,0,0,0,0,0,0,0,0,0,0,1,0,0,0,0,0
RodrigoFGT,232,,3,0,0,0,0,0,0,0,0,0,0,0,0,1,0,0,0,0,1,0,1
OrdoniShok9477,232,,1,0,0,0,0,0,0,0,0,0,0,0,0,0,0,0,0,0,0,1,0
MobBarl86108247,232,,3,0,0,0,0,0,0,0,0,0,0,0,0,0,0,0,0,1,1,1,0
MiraiMirain,232,,1,0,0,0,0,0,0,0,0,0,1,0,0,0,0,0,0,0,0,0,0
M66Mi141359,232,,1,0,0,0,0,0,0,0,0,0,1,0,0,0,0,0,0,0,0,0,0
EngineerMeena20,232,,3,0,0,0,0,0,0,0,0,1,0,1,0,1,0,0,0,0,0,0,0
Astro9848,232,,1,0,0,0,0,0,0,0,0,0,0,0,0,0,0,0,0,0,0,0,1
yukeks,231,,5,0,0,0,0,0,1,1,1,0,0,0,0,1,0,0,0,0,1,0,0
yporquenoporque,231,,1,0,0,0,0,0,0,0,0,0,0,0,0,0,0,0,0,1,0,0,0
m_unfckwitable,231,,2,0,0,0,0,0,0,0,0,0,0,0,0,0,0,0,0,1,1,0,0
jaseem2411,231,,1,0,0,0,0,0,0,0,0,0,0,0,0,0,0,0,0,0,0,0,1
danxiwer,231,,2,0,0,0,0,0,0,0,0,0,0,0,0,0,0,0,0,1,0,0,1
azadi1366,231,,1,0,0,0,0,0,0,0,0,0,0,0,0,0,0,0,0,0,1,0,0
aryaitihasa,231,,1,0,0,0,0,0,0,0,0,0,0,0,0,0,0,0,0,0,0,0,1
PaddyKeenan0121,231,,2,0,0,0,0,0,0,0,0,1,0,0,0,0,0,0,0,0,0,0,1
JBoyata,231,,9,0,0,0,0,1,0,0,1,0,1,0,0,0,0,1,1,1,1,1,1
smustakim087,230,,1,0,0,1,0,0,0,0,0,0,0,0,0,0,0,0,0,0,0,0,0
nadiavin25,230,,1,0,0,0,0,0,0,0,0,0,0,0,0,0,0,0,0,0,1,0,0
lee_dapo,230,,1,0,0,0,0,0,0,0,1,0,0,0,0,0,0,0,0,0,0,0,0
kwthrbaqrry,230,,3,0,0,0,0,0,0,0,0,0,0,0,0,0,0,1,1,0,1,0,0
jeremy576134160,230,,1,0,0,0,0,0,0,0,0,1,0,0,0,0,0,0,0,0,0,0,0
annaphelps86,230,,2,0,0,0,0,0,0,0,1,0,0,0,0,0,0,0,0,0,0,1,0
ahmedanimates,230,,1,0,0,0,0,0,0,0,0,0,0,0,0,0,0,0,0,0,0,0,1
Hatefhatef,230,,3,0,0,0,0,0,0,0,0,0,1,0,0,1,1,0,0,0,0,0,0
AhmedKeshta970,230,,1,0,0,0,0,0,0,0,0,0,0,0,0,0,0,0,0,0,0,1,0
yufsco,229,,1,0,0,0,0,0,0,1,0,0,0,0,0,0,0,0,0,0,0,0,0
urmomsuranium,229,,1,0,0,0,0,0,0,0,0,0,0,0,0,0,0,0,0,0,1,0,0
systemcall30,229,,2,0,0,0,0,0,0,0,0,0,1,0,0,0,0,0,0,1,0,0,0
abed71190215,229,,3,0,0,0,1,0,0,1,0,0,0,0,0,0,0,0,0,0,1,0,0
_andres_z_,229,,1,0,1,0,0,0,0,0,0,0,0,0,0,0,0,0,0,0,0,0,0
SubterfugeAtlas,229,,4,0,1,0,0,0,0,0,0,1,0,0,0,0,0,1,0,0,1,0,0
MuskaanMujahid,229,,3,0,0,0,0,1,0,0,0,0,0,0,0,1,0,0,0,1,0,0,0
Moses79staff,229,,3,0,0,0,0,0,1,1,0,1,0,0,0,0,0,0,0,0,0,0,0
Mobamba32,229,,3,0,0,0,0,0,0,0,0,1,0,0,0,1,1,0,0,0,0,0,0
HadyNwrwzy,229,,1,0,0,0,0,0,1,0,0,0,0,0,0,0,0,0,0,0,0,0,0
FarzanHusain1,229,,8,0,0,0,0,1,1,0,1,1,0,1,1,1,0,0,0,0,0,0,1
DavoodSoltani,229,,1,0,0,0,0,0,0,0,0,0,1,0,0,0,0,0,0,0,0,0,0
o0hk_,228,,1,0,0,0,0,0,0,0,0,0,0,0,0,0,0,0,0,0,0,0,1
jaccogardner7,228,,2,0,0,0,0,1,0,0,1,0,0,0,0,0,0,0,0,0,0,0,0
functionalistis,228,,1,0,0,0,0,0,0,0,0,0,0,0,0,0,0,0,0,1,0,0,0
fatima_ras01,228,,2,0,0,0,0,0,0,0,0,0,1,0,0,0,0,0,0,0,1,0,0
dawn2042,228,,2,0,0,1,0,0,0,0,0,0,0,0,0,1,0,0,0,0,0,0,0
asobercannibal,228,,3,0,0,0,0,0,0,0,0,0,1,0,1,0,0,1,0,0,0,0,0
allohelene,228,,2,0,0,0,0,0,1,0,0,0,1,0,0,0,0,0,0,0,0,0,0
Zibana_jelvebaz,228,,4,0,0,0,1,0,0,0,0,0,1,0,1,1,0,0,0,0,0,0,0
NancyCa39652373,228,,2,0,0,0,0,0,0,0,0,0,0,0,0,0,0,0,1,0,0,1,0
MartinKoshy,228,,4,0,0,0,0,0,0,0,0,0,1,0,0,1,0,0,0,1,1,0,0
General_Kerm1t,228,,1,1,0,0,0,0,0,0,0,0,0,0,0,0,0,0,0,0,0,0,0
CorniotC40475,228,,2,0,0,0,0,0,0,0,0,0,0,0,0,0,0,0,0,0,1,0,1
AngelZehra10,228,,1,0,0,0,0,0,0,0,0,0,0,0,0,1,0,0,0,0,0,0,0
AliKanji4,228,,2,0,0,0,0,0,0,0,0,0,0,1,0,0,0,0,0,0,1,0,0
AbstractHermit,228,,1,0,0,0,0,0,0,0,0,1,0,0,0,0,0,0,0,0,0,0,0
waseemwaseem998,227,,1,0,0,0,0,0,0,0,0,1,0,0,0,0,0,0,0,0,0,0,0
sidimb3,227,,2,0,0,0,0,0,0,1,0,0,0,0,0,0,1,0,0,0,0,0,0
rurarurira,227,,2,0,0,0,0,0,0,0,0,1,0,0,1,0,0,0,0,0,0,0,0
johncar31572065,227,,1,0,0,0,0,0,0,0,0,0,0,0,0,0,0,0,0,0,0,1,0
hussainhasani,227,,8,0,1,0,0,1,1,0,1,0,0,0,1,1,1,0,1,0,0,0,0
carlivar,227,,1,0,0,0,0,0,0,0,0,0,0,0,0,0,0,0,0,0,0,1,0
Warriors152,227,,1,0,0,0,0,0,1,0,0,0,0,0,0,0,0,0,0,0,0,0,0
MwebazePeace1,227,,1,0,0,0,0,0,0,0,0,0,0,0,0,0,0,0,1,0,0,0,0
KatGee20,227,,1,0,0,0,0,0,0,0,0,0,1,0,0,0,0,0,0,0,0,0,0
IRLknowledge,227,,1,0,0,0,0,0,0,0,0,0,0,0,0,0,0,0,0,1,0,0,0
IKIdeaEndorser,227,,10,0,0,0,1,1,0,0,0,1,1,1,0,1,0,0,1,1,1,0,1
Habibur16524174,227,,12,0,1,1,1,0,1,0,1,0,1,1,1,0,0,1,1,1,0,0,1
CeeDaMan71,227,,2,0,0,0,0,0,0,0,0,0,1,0,0,0,0,0,0,0,0,0,1
AramRuhig,227,,2,0,0,0,0,0,0,0,0,0,0,1,0,0,0,0,1,0,0,0,0
AbdulKaadeer,227,,2,0,0,0,0,0,0,0,1,0,1,0,0,0,0,0,0,0,0,0,0
wills_carloss,226,,1,0,0,1,0,0,0,0,0,0,0,0,0,0,0,0,0,0,0,0,0
abbas_ayaran,226,,1,0,0,0,0,0,0,1,0,0,0,0,0,0,0,0,0,0,0,0,0
Roshi_76,226,,5,0,0,0,0,0,0,1,0,1,0,0,0,1,0,0,1,0,1,0,0
PorahN17560,226,,1,0,0,0,0,0,0,0,1,0,0,0,0,0,0,0,0,0,0,0,0
LiberalLeopard,226,,1,0,0,0,0,0,0,0,0,0,0,0,0,0,0,0,0,0,0,1,0
Fuzzygish,226,,1,0,0,0,0,0,0,0,0,0,0,0,0,0,0,0,0,0,0,0,1
Ashi__Mashi,226,,4,0,0,0,0,0,1,0,0,0,0,0,0,1,0,0,0,1,1,0,0
Americanregime4,226,,16,1,0,0,1,0,1,1,1,1,1,1,0,1,1,1,1,1,1,1,1
mcbarry450,225,,2,0,0,0,0,0,1,0,0,0,0,0,1,0,0,0,0,0,0,0,0
leaf_op,225,,1,0,0,0,0,0,0,1,0,0,0,0,0,0,0,0,0,0,0,0,0
javy_p15,225,,4,1,0,0,0,1,1,0,0,1,0,0,0,0,0,0,0,0,0,0,0
izi_zahara,225,,1,0,0,0,0,0,0,1,0,0,0,0,0,0,0,0,0,0,0,0,0
f1z1l,225,,3,0,0,0,0,0,0,0,0,0,0,0,0,1,1,0,0,1,0,0,0
arnold_kara24,225,,1,0,0,0,1,0,0,0,0,0,0,0,0,0,0,0,0,0,0,0,0
aliqumber44,225,,2,0,0,0,0,0,0,0,0,0,0,0,0,1,0,0,1,0,0,0,0
abediny_ar,225,,1,0,0,0,0,0,0,0,0,1,0,0,0,0,0,0,0,0,0,0,0
TahirKh29609867,225,,2,0,0,0,0,0,0,0,0,0,0,0,0,0,0,0,1,1,0,0,0
JosephBongani2,225,,1,0,0,0,0,0,0,0,0,0,1,0,0,0,0,0,0,0,0,0,0
Daisymaymegan,225,,2,0,0,0,0,0,0,0,0,0,1,0,0,0,0,1,0,0,0,0,0
88Niiiko,225,,1,0,0,0,0,0,0,0,1,0,0,0,0,0,0,0,0,0,0,0,0
reyhanehjabarii,224,,2,0,0,0,0,0,0,0,0,0,0,0,0,0,0,0,1,0,1,0,0
mohal_04,224,,4,0,0,0,0,0,0,0,0,0,1,0,0,0,0,1,1,0,0,0,1
hajahmad1970,224,,5,0,0,0,0,0,0,0,0,0,0,1,0,1,1,0,1,0,1,0,0
gov_truth,224,,1,0,0,0,0,0,0,0,0,0,0,0,0,0,0,0,0,0,1,0,0
bugrasaltukhan,224,,2,0,0,0,0,0,0,0,1,0,0,0,0,1,0,0,0,0,0,0,0
Semito52331978,224,,7,0,0,0,1,0,0,1,0,1,0,1,0,0,0,0,0,0,1,1,1
Pk_iAhsan,224,,1,0,0,0,0,0,0,0,0,0,0,0,0,0,0,0,0,1,0,0,0
Ma7h7mad,224,,1,0,0,0,0,0,0,0,0,0,0,0,0,0,0,1,0,0,0,0,0
HeidiMelbourne,224,,1,0,0,0,0,0,0,0,0,0,0,0,0,0,0,1,0,0,0,0,0
Ebrahimsanati,224,,6,0,0,0,0,0,1,0,0,0,1,0,0,1,1,0,0,1,1,0,0
spacejamba,223,,1,0,0,0,0,0,0,0,0,1,0,0,0,0,0,0,0,0,0,0,0
mwdmwd122654,223,,2,0,0,0,0,0,0,0,0,0,0,0,1,0,0,0,0,0,1,0,0
mohammedzain55,223,,1,0,0,0,0,0,0,0,0,0,0,0,0,0,0,0,0,0,0,1,0
jimmyfanuk,223,,1,0,0,0,0,0,0,0,0,0,0,0,0,0,0,0,0,0,0,1,0
happilyvikE,223,,2,0,0,0,0,0,0,0,0,0,1,0,0,0,0,0,0,0,0,0,1
gtavasoli,223,,2,0,0,0,0,0,1,0,0,0,0,0,0,0,0,0,0,0,1,0,0
elygud,223,,1,0,0,0,1,0,0,0,0,0,0,0,0,0,0,0,0,0,0,0,0
ahmad_saakib,223,,3,0,0,0,0,0,1,0,0,1,0,0,0,0,0,0,0,1,0,0,0
Zahra__sn,223,,1,0,0,0,0,0,0,0,0,0,0,0,0,1,0,0,0,0,0,0,0
UmairIsmai36267,223,,1,0,0,0,0,0,0,0,0,0,0,0,0,0,0,0,0,1,0,0,0
TayebAhsanSiddi,223,,1,0,0,0,0,0,0,0,0,0,0,0,0,0,0,0,0,0,0,1,0
SalSweetSalt,223,,1,0,0,0,0,0,0,0,0,0,0,0,0,0,0,0,0,1,0,0,0
ODasanayake,223,,2,0,1,0,0,0,0,0,0,0,1,0,0,0,0,0,0,0,0,0,0
Hioshimas,223,,2,0,0,0,0,0,0,0,0,0,0,0,0,1,1,0,0,0,0,0,0
shahcontractor1,222,,1,0,0,0,0,0,0,0,0,0,0,0,0,0,0,0,0,0,0,0,1
sajjad195422,222,,1,0,0,0,0,0,0,0,1,0,0,0,0,0,0,0,0,0,0,0,0
rgv911llc,222,,1,0,0,0,0,0,0,0,0,0,0,0,0,1,0,0,0,0,0,0,0
rap1stcat,222,,1,0,0,0,0,0,0,0,0,0,0,0,0,0,0,0,0,0,1,0,0
paulv4608,222,,5,0,0,0,0,0,0,0,1,1,1,1,0,1,0,0,0,0,0,0,0
iameagle786,222,,9,0,0,0,0,1,1,1,0,1,0,1,0,0,0,1,0,0,1,1,1
cvj04,222,,1,0,0,0,0,0,0,0,0,1,0,0,0,0,0,0,0,0,0,0,0
careberryjay,222,,2,0,0,0,0,0,0,1,0,0,0,0,0,0,0,0,0,0,0,1,0
PF61644273,222,,1,0,0,0,0,0,0,1,0,0,0,0,0,0,0,0,0,0,0,0,0
Nafisehhh_,222,,5,1,0,0,0,0,1,0,0,0,0,0,0,0,0,1,1,0,1,0,0
MariaPa89480999,222,,1,0,0,0,0,0,0,0,0,0,1,0,0,0,0,0,0,0,0,0,0
HZiIfipK3xCmzUI,222,,1,0,0,0,0,0,0,0,0,0,0,0,0,0,0,0,0,0,1,0,0
DrGhaziAfg,222,,1,0,0,0,0,1,0,0,0,0,0,0,0,0,0,0,0,0,0,0,0
Dianne1099243,222,,2,0,0,0,0,0,0,0,0,0,0,0,0,0,0,0,0,1,0,0,1
83da34,222,,1,0,0,0,0,0,0,0,0,0,0,0,0,0,0,0,1,0,0,0,0
httbyf,221,,8,0,1,1,0,0,1,0,0,1,0,1,1,0,1,0,1,0,0,0,0
hmohammadi1981,221,,1,0,0,0,0,0,0,0,0,0,0,0,0,0,0,0,0,0,1,0,0
c795b336c5424b5,221,,3,0,0,1,0,0,0,0,0,0,1,0,0,0,0,1,0,0,0,0,0
bobkhanna,221,,1,0,0,0,0,0,0,0,0,0,0,0,0,1,0,0,0,0,0,0,0
VerySeriousPP,221,,1,0,0,0,0,0,0,0,0,0,0,0,0,0,0,0,0,0,0,0,1
SethRic48846411,221,,1,1,0,0,0,0,0,0,0,0,0,0,0,0,0,0,0,0,0,0,0
EckhouseGabe,221,,2,0,0,0,0,0,0,0,1,0,0,0,0,1,0,0,0,0,0,0,0
DeMiomandre,221,,1,0,0,0,0,0,0,0,0,0,0,0,0,0,0,0,1,0,0,0,0
syed_israk,220,,1,0,0,0,0,0,0,0,1,0,0,0,0,0,0,0,0,0,0,0,0
shutkimach,220,,2,0,0,0,0,0,0,0,0,0,0,0,0,0,0,0,0,1,0,1,0
shahrul_annuar,220,,1,0,0,0,0,0,0,0,0,0,0,0,0,0,0,0,0,1,0,0,0
khurramgoraya2,220,,1,0,0,0,0,0,0,0,0,1,0,0,0,0,0,0,0,0,0,0,0
khawajausman92,220,,1,1,0,0,0,0,0,0,0,0,0,0,0,0,0,0,0,0,0,0,0
fadlallahhusse5,220,,1,0,0,0,0,0,0,0,0,0,0,0,0,0,0,1,0,0,0,0,0
ShafaqUsman66,220,,2,0,0,1,0,1,0,0,0,0,0,0,0,0,0,0,0,0,0,0,0
SamareZehra12,220,,2,0,0,0,0,0,0,0,0,0,0,0,0,0,0,0,0,0,1,1,0
Mustafiz_RA,220,,1,0,0,0,0,0,1,0,0,0,0,0,0,0,0,0,0,0,0,0,0
Makhdoommohiud7,220,,3,0,0,0,0,0,0,1,0,1,0,0,0,0,0,0,0,0,0,0,1
JosephBroome9,220,,1,0,0,0,0,0,0,0,0,0,1,0,0,0,0,0,0,0,0,0,0
IperuOlamilekan,220,,3,0,0,1,0,0,0,0,1,0,0,0,0,0,0,0,0,1,0,0,0
CostasBruli91,220,,1,0,0,0,0,0,0,0,0,0,0,0,0,0,0,0,0,0,0,0,1
AsgharA26134567,220,,5,1,1,1,0,0,1,0,1,0,0,0,0,0,0,0,0,0,0,0,0
soulinmountains,219,,1,0,0,0,0,0,0,0,0,0,0,1,0,0,0,0,0,0,0,0,0
kingmoss0,219,,2,0,0,0,0,0,1,0,0,0,0,0,0,1,0,0,0,0,0,0,0
ikhanquetta,219,,4,1,0,0,0,0,0,0,0,0,0,0,1,0,0,0,0,1,1,0,0
hadibeheshtiii,219,,1,0,0,0,1,0,0,0,0,0,0,0,0,0,0,0,0,0,0,0,0
crmsnglry,219,,2,0,0,0,0,0,0,0,0,1,0,0,0,1,0,0,0,0,0,0,0
c10_amine,219,,2,0,0,0,0,0,0,0,0,1,0,0,0,0,0,1,0,0,0,0,0
TahirRazak,219,,4,0,0,0,0,0,0,1,0,1,0,0,0,1,0,0,0,0,0,0,1
Sheriffmoh_,219,,2,0,0,0,0,0,0,0,0,1,0,0,0,1,0,0,0,0,0,0,0
Power2842799410,219,,6,0,0,0,0,0,1,0,0,1,1,0,0,1,0,0,1,1,0,0,0
Kikashinigami8,219,,1,0,0,0,0,0,1,0,0,0,0,0,0,0,0,0,0,0,0,0,0
Kate91926748,219,,1,0,0,0,0,0,0,0,0,0,0,0,0,0,0,0,0,0,1,0,0
Ibraheemkbr35,219,,1,0,0,0,0,0,0,0,0,1,0,0,0,0,0,0,0,0,0,0,0
unseen_light,218,,1,0,0,0,0,0,0,0,0,0,0,0,0,1,0,0,0,0,0,0,0
khaldro53747048,218,,11,1,1,0,1,1,1,0,0,0,0,0,0,1,0,1,1,1,1,0,1
catheri74619234,218,,6,1,0,0,0,0,0,0,0,0,0,0,1,1,0,0,0,1,1,0,1
_Reshoketswe_,218,,1,0,0,0,0,0,0,0,0,0,0,0,0,0,0,0,0,1,0,0,0
Sravichand,218,,1,0,0,0,0,0,0,0,0,0,0,0,0,0,0,0,0,0,1,0,0
Riahi_asl,218,,1,0,0,0,0,0,0,1,0,0,0,0,0,0,0,0,0,0,0,0,0
NTavabi,218,,1,0,0,0,0,0,0,0,0,0,0,0,0,0,0,0,0,0,0,0,1
Muzzammilsalim,218,,1,0,1,0,0,0,0,0,0,0,0,0,0,0,0,0,0,0,0,0,0
ManojTy89675880,218,,1,0,0,0,0,0,0,0,0,1,0,0,0,0,0,0,0,0,0,0,0
DMCQ74,218,,1,0,0,0,0,0,0,0,0,0,0,0,0,0,0,0,0,0,0,1,0
BeFreeEternally,218,,2,1,0,0,0,0,1,0,0,0,0,0,0,0,0,0,0,0,0,0,0
Badkarma881,218,,1,0,0,0,0,0,1,0,0,0,0,0,0,0,0,0,0,0,0,0,0
AhmedNasir6,218,,1,0,0,0,0,0,0,0,0,0,0,0,0,0,0,0,0,1,0,0,0
atadyemen,217,,1,0,0,0,0,0,0,0,0,0,0,0,0,0,0,1,0,0,0,0,0
__TingusPingus,217,,1,0,0,0,0,0,0,0,0,0,1,0,0,0,0,0,0,0,0,0,0
Shahab_CAS,217,,1,0,0,0,0,0,0,0,0,0,0,0,0,0,0,0,0,0,0,0,1
PlasmaAsma,217,,2,0,0,0,0,0,0,0,0,0,0,0,0,1,0,0,1,0,0,0,0
MagajiWorld,217,,10,0,0,0,0,0,0,1,0,1,1,0,0,1,0,1,1,1,1,1,1
Lester_WJAZ,217,,1,0,0,0,0,0,0,0,0,0,0,0,0,0,0,0,0,1,0,0,0
KermanIran88,217,,2,0,0,0,0,0,0,0,0,0,1,0,0,0,0,0,0,1,0,0,0
AhmadNa24486272,217,,2,0,0,0,0,0,0,0,0,0,0,0,0,1,0,0,1,0,0,0,0
7Hadilou,217,,3,0,1,0,1,0,0,0,0,0,0,0,0,0,0,0,0,0,0,0,1
tirmizi_ii,216,,1,0,0,0,0,0,0,0,0,0,0,0,0,1,0,0,0,0,0,0,0
natheee2,216,,1,0,0,0,0,0,0,0,0,0,1,0,0,0,0,0,0,0,0,0,0
jo3FNgcjfTuS7Mw,216,,2,0,0,0,0,0,1,0,1,0,0,0,0,0,0,0,0,0,0,0,0
insanlk131314,216,,2,0,0,0,0,0,0,0,0,1,0,0,0,1,0,0,0,0,0,0,0
hat_asimov,216,,4,0,0,0,0,0,0,1,0,1,0,0,0,1,0,0,0,1,0,0,0
azeb_khattak,216,,1,0,0,0,0,0,0,0,0,0,1,0,0,0,0,0,0,0,0,0,0
YassenAshtree,216,,1,0,0,0,0,0,0,0,0,0,0,0,0,0,0,0,0,0,0,1,0
WHATNEWSL,216,,1,0,0,0,0,0,0,0,0,0,0,0,0,0,0,0,0,1,0,0,0
Ssaeedmadani,216,,1,0,0,0,0,0,0,0,0,0,1,0,0,0,0,0,0,0,0,0,0
Omida4k,216,,13,0,0,1,1,1,0,0,1,1,1,1,1,1,1,1,0,1,0,1,0
MuhammadXi38326,216,,2,0,0,0,0,0,0,0,0,0,1,0,0,0,0,0,0,1,0,0,0
MlleYintifada,216,,2,0,0,0,0,0,0,0,0,0,0,0,0,0,0,0,0,0,0,1,1
KSRH787,216,,2,0,0,0,0,0,0,0,0,1,0,0,0,1,0,0,0,0,0,0,0
JackMintt,216,,1,0,0,0,0,0,0,0,0,0,0,0,0,0,0,0,0,1,0,0,0
DCO_IHP,216,,1,0,1,0,0,0,0,0,0,0,0,0,0,0,0,0,0,0,0,0,0
Aliiiizam,216,,2,1,0,0,0,0,0,0,0,0,0,0,1,0,0,0,0,0,0,0,0
v4_t223,215,,4,0,0,0,0,0,0,0,0,1,0,1,0,0,0,0,0,1,0,0,1
usmanqadri280,215,,1,0,0,0,0,0,0,0,0,0,1,0,0,0,0,0,0,0,0,0,0
landomr_,215,,5,0,0,0,0,0,1,0,1,1,0,0,0,0,0,0,0,1,0,0,1
emaswarisan,215,,1,0,0,0,0,0,0,0,0,0,0,0,0,0,0,0,0,0,1,0,0
alirida_mb,215,,13,1,1,0,1,1,1,1,1,1,1,1,1,0,0,1,0,1,0,0,0
abujaako,215,,1,0,0,0,0,0,0,0,0,0,0,1,0,0,0,0,0,0,0,0,0
TumuAbdullahi,215,,1,1,0,0,0,0,0,0,0,0,0,0,0,0,0,0,0,0,0,0,0
Stephan23886490,215,,1,0,0,0,0,0,0,1,0,0,0,0,0,0,0,0,0,0,0,0,0
SamFearnside,215,,1,0,0,0,0,0,0,0,0,0,0,0,0,1,0,0,0,0,0,0,0
Richcast1234,215,,4,0,0,0,0,1,0,1,0,1,0,0,0,0,0,0,0,1,0,0,0
KushWGeorge,215,,1,0,0,0,0,0,1,0,0,0,0,0,0,0,0,0,0,0,0,0,0
Krishna37012563,215,,2,0,0,0,0,0,0,0,1,0,0,0,0,0,0,0,0,0,1,0,0
JoeyNoTora,215,,1,0,0,0,0,0,0,0,0,0,0,1,0,0,0,0,0,0,0,0,0
JBizz09,215,,1,0,0,0,0,0,1,0,0,0,0,0,0,0,0,0,0,0,0,0,0
IAJT1210_2,215,,1,0,0,0,0,0,1,0,0,0,0,0,0,0,0,0,0,0,0,0,0
Akakhan243,215,,2,0,0,0,0,0,0,0,0,0,0,0,0,0,1,0,0,1,0,0,0
9dnxq46n2s,215,,2,0,0,0,0,1,1,0,0,0,0,0,0,0,0,0,0,0,0,0,0
wolska_polska,214,,4,0,0,0,0,0,0,0,0,0,0,1,0,0,0,0,1,1,0,0,1
momereal1,214,,1,0,1,0,0,0,0,0,0,0,0,0,0,0,0,0,0,0,0,0,0
mehdisep313,214,,1,0,0,0,0,0,0,0,0,0,0,0,0,0,0,0,0,1,0,0,0
magnificantkhan,214,,1,0,0,0,0,0,0,0,0,1,0,0,0,0,0,0,0,0,0,0,0
levent873456874,214,,1,0,0,0,0,0,0,0,0,0,0,0,0,0,0,1,0,0,0,0,0
iamAmadSiddiqui,214,,2,0,0,0,0,0,0,0,0,1,0,0,0,0,1,0,0,0,0,0,0
UAtiogen,214,,1,0,0,1,0,0,0,0,0,0,0,0,0,0,0,0,0,0,0,0,0
TheZane14,214,,1,0,0,0,0,0,0,0,0,0,0,0,0,1,0,0,0,0,0,0,0
Shawnfour,214,,2,0,0,0,0,0,1,0,1,0,0,0,0,0,0,0,0,0,0,0,0
Saeed9935najafi,214,,3,0,0,0,0,0,0,0,0,1,0,0,0,1,1,0,0,0,0,0,0
M_Amirpour,214,,10,1,0,1,1,0,0,1,1,1,1,1,0,1,0,0,0,0,1,0,0
JoyOlgun,214,,1,0,0,0,0,0,0,0,0,0,1,0,0,0,0,0,0,0,0,0,0
Iskander25_,214,,2,1,0,0,0,0,0,1,0,0,0,0,0,0,0,0,0,0,0,0,0
Hammad7665,214,,14,0,1,0,0,0,1,1,1,1,1,1,0,1,0,1,1,1,1,1,1
GrantReds,214,,8,0,1,1,0,0,0,1,1,1,0,0,0,0,0,0,0,0,1,1,1
Danish37907351,214,,4,0,0,0,0,0,0,0,0,1,0,0,1,1,0,0,0,1,0,0,0
AlfMabrook69,214,,1,0,0,0,0,0,1,0,0,0,0,0,0,0,0,0,0,0,0,0,0
59ranjbar,214,,3,0,0,0,1,0,0,1,0,0,0,0,0,0,0,0,0,0,1,0,0
vittorio_b01,213,,8,0,0,1,0,0,0,0,0,1,1,1,1,1,1,0,0,1,0,0,0
schwapniel,213,,1,0,0,0,0,0,0,0,0,0,0,0,0,0,0,0,0,0,0,0,1
safiullah_rahu,213,,3,0,0,0,0,0,0,0,0,1,0,0,0,0,0,0,0,0,1,0,1
pastiakandatang,213,,1,0,0,0,0,0,0,0,0,0,0,0,0,1,0,0,0,0,0,0,0
osinthexagone,213,,1,0,0,0,0,0,0,0,0,0,0,0,0,0,0,0,0,0,0,0,1
moradi_abozar,213,,3,0,1,0,0,0,0,0,0,0,0,0,1,1,0,0,0,0,0,0,0
mahendran_87070,213,,14,0,1,1,1,1,1,1,1,1,1,1,1,0,0,1,0,1,1,0,0
evapomez,213,,1,0,0,0,0,0,0,0,0,0,1,0,0,0,0,0,0,0,0,0,0
William44459942,213,,2,0,0,0,0,0,1,0,0,0,0,0,0,0,0,0,0,0,0,1,0
WSyb22,213,,1,0,0,0,0,0,0,0,0,0,0,0,0,0,0,0,0,0,0,0,1
SulaimanKhan_X,213,,1,0,0,0,0,0,0,0,0,0,0,0,0,0,0,0,0,1,0,0,0
SScanali,213,,3,0,0,0,0,0,1,0,0,0,1,1,0,0,0,0,0,0,0,0,0
Piotr791095,213,,1,0,0,0,0,0,0,0,0,0,0,0,0,1,0,0,0,0,0,0,0
Mslim122653,213,,2,0,0,0,0,1,0,1,0,0,0,0,0,0,0,0,0,0,0,0,0
IMPREZAGDBF,213,,2,0,0,0,0,1,0,0,0,1,0,0,0,0,0,0,0,0,0,0,0
Hashmi_2016,213,,1,0,0,0,0,0,0,0,0,0,0,0,0,0,0,0,0,0,0,0,1
BazanesMaria,213,,2,0,0,0,0,0,0,1,0,0,0,0,0,1,0,0,0,0,0,0,0
Asim_AlGhamari1,213,,1,0,0,0,0,0,0,0,0,0,1,0,0,0,0,0,0,0,0,0,0
Amin_apple20,213,,1,0,0,0,0,0,0,0,0,0,0,0,0,0,0,0,0,0,1,0,0
yokabud,212,,1,0,0,0,0,0,0,0,0,0,0,1,0,0,0,0,0,0,0,0,0
moh_pak96,212,,8,0,0,0,0,0,1,1,0,0,1,1,0,0,0,0,1,0,1,1,1
h4msterr,212,,2,0,0,0,0,0,0,0,0,0,0,0,0,1,0,0,0,1,0,0,0
bihari538,212,,1,0,1,0,0,0,0,0,0,0,0,0,0,0,0,0,0,0,0,0,0
atilla34aybars,212,,1,0,0,0,0,0,0,0,0,0,0,0,0,0,0,0,0,0,0,1,0
abbasjaun01,212,,1,0,0,0,0,0,0,0,0,0,0,0,0,0,0,0,0,0,1,0,0
a7mad_Ebee,212,,2,0,0,0,0,0,0,0,0,0,0,0,0,0,0,1,0,0,0,0,1
JuventudCamba2,212,,1,0,0,0,0,0,0,0,0,0,0,0,0,0,0,0,0,1,0,0,0
Junior41904286,212,,2,1,0,0,0,0,0,0,0,0,0,0,0,0,0,0,0,1,0,0,0
INFINITE_MKH,212,,1,0,0,0,0,0,0,0,0,1,0,0,0,0,0,0,0,0,0,0,0
FahadAMisson,212,,1,0,0,0,0,0,0,0,1,0,0,0,0,0,0,0,0,0,0,0,0
EliSol2509,212,,1,0,0,0,0,0,0,0,0,0,0,0,0,0,0,0,0,0,0,0,1
DRYasHajiii,212,,3,0,0,0,0,0,0,0,0,1,0,0,0,1,0,0,0,0,1,0,0
skhan2775,211,,2,0,0,0,0,0,0,0,0,0,0,0,0,0,0,1,0,0,0,0,1
mochelii,211,,1,0,0,0,1,0,0,0,0,0,0,0,0,0,0,0,0,0,0,0,0
justicelovepeac,211,,1,0,0,0,0,0,0,0,0,0,0,0,0,0,0,0,0,1,0,0,0
ghostus88,211,,1,0,0,0,0,0,0,0,0,0,0,0,0,0,0,0,0,1,0,0,0
danm_ke,211,,5,0,0,0,0,0,0,0,0,0,0,0,0,0,0,1,0,1,1,1,1
aresudis,211,,1,0,0,0,0,0,0,0,0,0,0,0,0,0,0,0,0,0,0,0,1
Zanstonks,211,,2,0,0,0,0,0,1,0,0,0,0,0,0,0,0,0,0,0,0,0,1
StateCatholic07,211,,6,0,1,0,0,0,0,0,0,1,1,0,0,1,1,0,0,1,0,0,0
LogicalWatcher,211,,1,0,0,0,0,0,0,0,0,0,0,0,0,1,0,0,0,0,0,0,0
HoshyarZeryan,211,,7,1,1,0,0,0,0,0,0,1,1,1,0,0,0,0,0,1,1,0,0
BigPappieEndo,211,,1,0,0,0,0,0,0,0,0,0,0,0,0,0,0,0,0,0,0,0,1
sherif_oloyede,210,,2,0,0,0,0,0,0,0,1,0,1,0,0,0,0,0,0,0,0,0,0
rezatabrizi,210,,1,0,1,0,0,0,0,0,0,0,0,0,0,0,0,0,0,0,0,0,0
mmdlgryby350049,210,,1,0,0,0,0,0,0,0,0,0,0,0,0,0,0,0,1,0,0,0,0
home__land__,210,,1,0,0,0,0,0,0,0,0,0,0,0,0,1,0,0,0,0,0,0,0
elahez2026,210,,1,0,0,0,0,0,0,0,0,0,0,1,0,0,0,0,0,0,0,0,0
caas1912,210,,2,0,0,0,0,0,0,0,1,1,0,0,0,0,0,0,0,0,0,0,0
biboubibamodoss,210,,4,0,0,0,0,0,0,1,1,0,0,0,0,0,0,0,1,0,0,0,1
bhavik_shrimal,210,,1,0,0,0,0,0,0,0,0,0,0,0,0,0,0,0,0,1,0,0,0
Zaza38778420,210,,2,0,0,0,0,0,0,0,0,0,1,0,1,0,0,0,0,0,0,0,0
Taban137070,210,,1,0,0,0,0,1,0,0,0,0,0,0,0,0,0,0,0,0,0,0,0
OrinJericho,210,,2,0,0,0,0,0,1,0,0,0,0,0,0,0,0,0,0,1,0,0,0
MokiJoon89,210,,1,0,0,0,0,0,0,0,0,0,0,0,0,0,0,0,0,0,0,0,1
Mnah1ee,210,,1,0,0,0,0,0,0,0,1,0,0,0,0,0,0,0,0,0,0,0,0
Eng_WahBa_56,210,,2,0,0,0,0,0,0,0,0,0,0,1,0,0,0,0,0,0,0,1,0
CorinaJimmij,210,,1,0,0,0,0,1,0,0,0,0,0,0,0,0,0,0,0,0,0,0,0
AliZanganeh1_ir,210,,1,0,0,0,0,0,0,0,0,0,0,1,0,0,0,0,0,0,0,0,0
AhmedMasoo63521,210,,1,0,0,0,0,0,0,0,0,0,0,0,0,0,0,0,0,0,0,0,1
A_Mehdi92,210,,15,0,1,1,1,1,1,1,1,1,1,1,1,1,0,1,0,1,0,0,1
rachel_aas,209,,2,0,0,0,0,0,0,0,1,0,0,1,0,0,0,0,0,0,0,0,0
po_dion,209,,3,0,0,0,0,0,0,0,0,0,0,1,0,0,0,1,0,1,0,0,0
haschenmaher,209,,6,0,0,0,0,1,1,0,1,0,1,0,0,0,0,1,0,1,0,0,0
haroldyuen,209,,5,0,1,0,0,0,0,0,1,0,1,0,0,0,0,1,0,0,1,0,0
SuperMan1750089,209,,9,0,1,1,1,1,1,1,1,1,0,1,0,0,0,0,0,0,0,0,0
KarachiFoodshed,209,,1,0,0,0,0,0,0,0,0,1,0,0,0,0,0,0,0,0,0,0,0
AttarSeyyed,209,,1,0,0,0,0,0,1,0,0,0,0,0,0,0,0,0,0,0,0,0,0
zappsocio,208,,5,0,0,0,0,1,0,0,0,0,1,1,1,1,0,0,0,0,0,0,0
xxia767,208,,3,0,0,0,0,0,0,0,0,1,0,0,0,0,0,0,0,0,0,1,1
svetechno,208,,1,0,0,0,0,0,0,0,0,1,0,0,0,0,0,0,0,0,0,0,0
sharzil92,208,,2,0,0,0,0,0,0,0,0,1,0,0,0,0,0,0,0,1,0,0,0
newloony_tunes,208,,1,0,0,0,0,0,0,0,0,0,0,0,0,0,0,0,0,0,0,0,1
mohammadma46043,208,,2,0,0,0,1,0,0,0,0,0,0,0,0,0,0,0,1,0,0,0,0
mbasilm1,208,,2,0,0,0,0,0,0,0,0,0,0,0,0,1,0,0,0,1,0,0,0
jm2_Fab,208,,1,0,0,0,0,0,0,0,0,0,0,0,0,0,0,0,0,1,0,0,0
itoldyousodude,208,,1,0,0,0,0,1,0,0,0,0,0,0,0,0,0,0,0,0,0,0,0
hajamin167,208,,2,0,0,0,0,0,1,0,0,0,0,0,0,0,0,0,0,0,1,0,0
bytheditch,208,,1,0,0,0,0,0,0,0,0,0,0,0,0,0,0,0,1,0,0,0,0
amir110hr,208,,1,0,0,0,0,1,0,0,0,0,0,0,0,0,0,0,0,0,0,0,0
Uncle_STULIN,208,,5,0,0,0,1,0,1,0,0,1,1,0,0,0,0,0,0,0,1,0,0
Rafaelrey_7,208,,1,0,0,0,0,0,0,0,0,1,0,0,0,0,0,0,0,0,0,0,0
NoMoreOccupying,208,,1,0,0,0,0,0,0,0,0,0,0,0,0,0,0,0,0,1,0,0,0
MusharrafAmin,208,,1,0,0,0,0,0,0,0,0,0,0,0,0,0,0,0,0,0,0,0,1
Elaheh69228485,208,,2,0,0,0,0,1,0,0,0,0,0,0,0,1,0,0,0,0,0,0,0
DonJulioII,208,,1,0,0,0,0,0,0,0,0,0,0,0,0,0,0,0,0,0,1,0,0
iamkhan638282,207,,7,0,1,0,0,1,0,0,1,1,1,1,0,0,0,0,0,0,0,0,1
hoda_kazemi1997,207,,1,0,0,0,0,0,0,0,0,0,0,0,0,0,0,0,0,0,1,0,0
gm_TalhaBayub,207,,3,0,0,0,0,0,0,0,0,0,0,0,0,0,0,0,0,1,1,0,1
RezaeianHamid,207,,1,0,0,0,0,0,0,0,0,0,0,0,0,1,0,0,0,0,0,0,0
Mostafa_abikar,207,,1,0,0,0,0,0,0,0,0,0,0,0,0,0,0,0,0,0,0,0,1
MiaLegidoQ,207,,6,0,0,0,0,1,0,0,0,1,1,0,0,1,1,0,0,1,0,0,0
KINGJUDAH14477,207,,1,0,0,0,0,0,0,0,0,1,0,0,0,0,0,0,0,0,0,0,0
shayan_niknam,206,,2,0,0,0,0,0,0,1,0,1,0,0,0,0,0,0,0,0,0,0,0
mrhostyle,206,,1,0,0,0,0,0,0,0,0,0,0,0,0,0,0,0,0,0,0,0,1
maxmaganap,206,,3,0,0,0,0,0,0,0,0,0,0,0,0,1,0,0,0,0,1,0,1
maha_sad313,206,,1,0,0,0,0,0,0,0,0,0,0,0,0,0,0,0,0,0,0,1,0
irhma17,206,,2,0,0,0,0,0,0,0,0,0,0,0,0,1,0,0,0,0,1,0,0
illegalwiretap,206,,1,0,0,0,0,0,0,0,0,0,0,0,0,0,0,0,0,0,0,0,1
hosseini_t,206,,5,0,0,0,0,1,0,0,1,1,0,1,0,1,0,0,0,0,0,0,0
constnt_trvlr,206,,1,0,0,0,1,0,0,0,0,0,0,0,0,0,0,0,0,0,0,0,0
bernardpok178,206,,2,0,0,0,0,0,0,0,0,0,0,0,0,0,0,0,0,0,0,1,1
akbari1441,206,,2,1,0,0,0,0,0,0,0,0,0,0,0,0,0,0,0,0,0,0,1
Tweittweit,206,,3,0,0,0,1,1,0,0,0,1,0,0,0,0,0,0,0,0,0,0,0
S_majidi110,206,,9,0,0,0,1,0,1,1,1,0,1,1,1,1,1,0,0,0,0,0,0
Ommolbaninnik,206,,1,0,0,0,0,0,0,0,0,0,0,1,0,0,0,0,0,0,0,0,0
HermesVase753,206,,4,0,1,0,0,0,1,0,0,1,0,0,0,1,0,0,0,0,0,0,0
HassounHaydar,206,,1,0,0,0,0,0,0,0,0,0,0,0,0,0,0,1,0,0,0,0,0
FellowColonist,206,,1,0,0,0,0,0,0,0,0,0,0,0,0,0,0,0,0,0,0,1,0
Ehsan48899803Md,206,,11,0,0,0,1,0,0,1,1,1,1,1,0,1,0,1,1,1,1,0,0
DJSlammin,206,,6,0,0,0,0,0,1,0,0,1,1,1,0,0,0,0,0,0,1,0,1
CommieCarney,206,,1,0,0,0,0,0,0,0,1,0,0,0,0,0,0,0,0,0,0,0,0
4_freePalestine,206,,5,0,0,0,0,1,0,0,0,0,0,0,0,1,1,0,0,1,0,0,1
tioho3,205,,10,0,0,0,0,1,1,1,1,1,1,0,1,0,0,0,1,1,1,0,0
dibbidydum,205,,1,0,1,0,0,0,0,0,0,0,0,0,0,0,0,0,0,0,0,0,0
ZohreZarei,205,,5,0,0,0,0,0,0,0,1,0,1,0,1,0,0,0,0,1,0,1,0
Waxxybaby1,205,,1,0,0,0,0,0,0,0,0,0,0,0,0,0,0,0,0,0,0,0,1
UMAhmad920,205,,1,0,0,0,0,0,0,0,0,0,0,0,0,0,0,0,0,0,1,0,0
Roninsuper5,205,,1,0,0,0,0,0,0,0,0,0,0,0,0,0,0,0,0,0,1,0,0
OrugaMarvin,205,,12,0,0,0,0,0,1,1,1,1,1,0,0,1,1,0,1,1,1,1,1
KingDanyalH,205,,1,0,0,0,0,0,0,0,1,0,0,0,0,0,0,0,0,0,0,0,0
CaineroMirella,205,,1,0,0,0,0,0,0,0,0,0,1,0,0,0,0,0,0,0,0,0,0
AndyKrypto,205,,1,0,0,0,0,0,0,0,1,0,0,0,0,0,0,0,0,0,0,0,0
mrs_rje,204,,3,0,0,0,0,0,1,0,0,0,0,1,0,0,0,0,0,0,1,0,0
mao_maxi2,204,,1,0,0,0,0,0,0,0,0,0,0,0,0,0,0,0,0,0,0,0,1
gazanboy123,204,,3,0,0,1,0,0,0,0,0,0,0,0,1,0,0,0,0,0,0,0,1
Tiffanyyoung1s,204,,9,0,0,0,0,1,1,0,0,1,1,1,1,1,1,0,0,1,0,0,0
SovietNecromanc,204,,1,0,0,0,0,0,0,0,0,0,0,0,0,0,0,0,0,0,0,1,0
HARBINGERXKR54,204,,1,0,0,0,0,0,0,0,0,0,0,0,0,0,0,0,0,0,0,0,1
FRFdeLiberal,204,,1,0,0,0,0,0,0,0,0,0,0,0,0,0,0,0,0,1,0,0,0
Delvinhastam,204,,1,0,0,0,0,0,0,0,0,0,0,0,0,1,0,0,0,0,0,0,0
BEEEY18,204,,8,0,0,0,1,1,1,0,0,1,1,0,0,0,0,1,1,0,1,0,0
stephyandjj,203,,1,0,0,0,0,0,1,0,0,0,0,0,0,0,0,0,0,0,0,0,0
salar69182334,203,,1,0,0,0,0,0,0,0,0,0,1,0,0,0,0,0,0,0,0,0,0
md_sahid41637,203,,1,0,0,0,0,0,1,0,0,0,0,0,0,0,0,0,0,0,0,0,0
log44og,203,,1,0,0,0,0,0,0,0,0,0,0,0,0,0,0,0,0,0,0,0,1
faryalak,203,,1,0,0,0,0,0,0,0,0,0,0,1,0,0,0,0,0,0,0,0,0
chaat_papri,203,,2,1,0,0,0,0,0,0,0,0,0,0,0,0,0,0,0,1,0,0,0
arif6009,203,,1,0,0,0,0,0,0,0,0,1,0,0,0,0,0,0,0,0,0,0,0
adil_to,203,,2,0,0,0,0,0,1,0,0,0,0,0,0,0,0,0,0,0,0,0,1
_proud_bangali_,203,,1,0,0,0,0,0,0,0,0,0,0,0,0,0,0,0,0,0,0,0,1
Noboby,203,,1,0,0,0,0,0,0,0,0,0,0,0,0,0,0,0,0,1,0,0,0
NeneKhone,203,,1,0,0,0,0,0,0,0,0,0,0,1,0,0,0,0,0,0,0,0,0
Masrii21,203,,1,0,0,0,0,0,0,0,0,0,0,0,0,0,0,0,0,0,0,0,1
EastblockS3,203,,3,0,0,0,0,0,0,0,0,0,0,0,0,1,0,0,0,1,0,0,1
marquessdesists,202,,6,0,0,0,0,0,0,0,0,1,0,0,0,0,0,0,1,1,1,1,1
kevinzas425,202,,1,0,0,0,0,0,0,0,0,0,0,0,0,0,0,0,0,1,0,0,0
ashoochehr,202,,1,0,0,0,0,0,0,0,0,0,0,0,0,1,0,0,0,0,0,0,0
arthurpsouza,202,,1,0,0,0,0,0,0,0,0,0,0,0,0,0,0,0,0,1,0,0,0
alitoufeyl,202,,1,1,0,0,0,0,0,0,0,0,0,0,0,0,0,0,0,0,0,0,0
abid072,202,,2,0,0,0,0,0,0,0,0,0,1,0,0,0,0,0,0,0,1,0,0
_Jfreedom,202,,5,0,0,0,0,0,0,0,0,0,1,0,0,1,0,1,0,1,0,1,0
VianaSando75747,202,,1,0,0,0,0,0,0,0,0,0,0,0,0,0,0,1,0,0,0,0,0
MaticBets,202,,2,0,0,0,0,0,0,0,0,0,1,0,0,0,0,0,0,1,0,0,0
KyleWLawrence,202,,9,0,1,0,0,0,0,0,0,0,1,0,1,1,0,1,1,1,0,1,1
BayatOdhiambo4,202,,1,0,0,0,0,0,0,0,0,0,0,0,0,0,0,0,0,0,0,0,1
BBWWblack1,202,,11,1,1,1,0,1,1,1,0,1,1,0,1,0,0,0,1,1,0,0,0
Ariii107,202,,2,0,0,0,0,0,0,0,0,1,0,0,0,0,0,0,0,1,0,0,0
AlamAsadyyz,202,,1,0,0,0,0,0,0,0,0,0,0,0,0,0,0,0,0,0,0,0,1
0xnvllptr,202,,1,0,0,0,0,0,0,0,0,0,0,1,0,0,0,0,0,0,0,0,0
zulsery,201,,1,0,0,0,0,0,0,1,0,0,0,0,0,0,0,0,0,0,0,0,0
yurvensis,201,,2,0,0,0,0,0,0,0,0,0,0,0,0,0,0,0,0,1,0,1,0
solosabs,201,,3,0,0,0,0,0,0,0,0,0,0,0,0,0,0,0,0,1,0,1,1
rupeshpandey432,201,,2,0,0,0,0,0,0,0,1,0,0,0,0,0,0,0,0,0,0,0,1
manheb,201,,1,0,0,0,0,0,0,0,0,0,0,1,0,0,0,0,0,0,0,0,0
lattxo_,201,,1,0,0,0,0,0,0,0,0,0,1,0,0,0,0,0,0,0,0,0,0
hsm13607611403,201,,3,0,0,0,0,0,0,1,1,0,0,0,0,0,0,0,0,0,0,0,1
haikopp,201,,1,0,0,0,0,0,0,0,0,0,0,0,0,0,0,0,0,1,0,0,0
fatema575,201,,2,0,0,0,0,0,0,0,0,0,0,1,0,0,0,0,0,0,1,0,0
ali_roshani,201,,1,0,0,0,1,0,0,0,0,0,0,0,0,0,0,0,0,0,0,0,0
Ummah1One,201,,2,0,0,0,0,0,0,0,0,0,0,0,0,0,0,0,0,1,0,0,1
ShyamikaPerera,201,,4,0,0,0,0,0,0,0,0,0,0,0,0,1,0,0,1,1,1,0,0
Scalabanga,201,,1,0,0,0,0,0,0,0,0,0,0,0,0,0,0,0,0,0,0,0,1
NfEPbJE8UY5uNS0,201,,1,0,0,0,0,0,0,0,0,0,0,0,0,0,0,0,0,0,0,1,0
Janvani2,201,,3,0,0,0,0,0,0,0,0,0,0,0,0,1,0,0,0,1,1,0,0
DigitalLeaf4,201,,2,0,0,0,0,0,0,1,0,0,0,0,0,1,0,0,0,0,0,0,0
BriefMogadishu,201,,1,0,0,0,0,0,0,0,0,0,0,0,0,0,0,0,0,0,0,1,0
winekas,200,,4,1,0,0,0,0,0,0,0,0,0,0,0,0,0,0,0,1,0,1,1
talc_m,200,,1,0,0,1,0,0,0,0,0,0,0,0,0,0,0,0,0,0,0,0,0
masterg_ns,200,,2,0,0,0,0,0,0,0,0,0,0,1,1,0,0,0,0,0,0,0,0
khashayarjl,200,,1,0,0,0,0,0,0,0,0,0,0,0,1,0,0,0,0,0,0,0,0
integra9290,200,,10,0,0,0,0,0,0,1,1,1,1,0,1,1,1,1,0,1,0,0,1
bryomuch,200,,1,0,0,0,0,0,0,0,0,0,0,0,0,0,0,1,0,0,0,0,0
batoulghaith_,200,,1,0,0,0,0,0,0,0,0,0,0,0,0,0,0,1,0,0,0,0,0
ahsanzzzz,200,,1,0,0,0,0,0,1,0,0,0,0,0,0,0,0,0,0,0,0,0,0
Zara_Kyan,200,,2,0,0,0,0,0,0,0,1,0,0,0,0,0,0,0,0,0,0,0,1
YHeidarpoor,200,,1,0,0,0,0,0,0,0,0,0,1,0,0,0,0,0,0,0,0,0,0
MohammadAlinez5,200,,6,0,0,0,1,0,0,0,1,1,1,1,1,0,0,0,0,0,0,0,0
MOHAMMADMM03,200,,1,0,0,0,0,0,0,0,0,0,0,0,0,0,0,0,0,0,1,0,0
CaraRamage0503,200,,2,0,0,0,0,0,0,0,0,0,0,0,0,0,0,0,1,0,1,0,0
CIO100x,200,,5,0,0,1,0,0,0,0,0,0,0,0,0,1,0,0,0,1,0,1,1
A1i313wqq,200,,3,0,0,0,0,0,1,0,0,1,0,0,0,1,0,0,0,0,0,0,0
zmohebian,199,,4,0,0,0,0,0,0,0,0,0,0,0,0,1,0,0,0,0,1,1,1
the_9th_hokage,199,,6,0,0,0,0,0,0,0,0,0,1,0,1,0,0,1,1,1,1,0,0
silveirinhat34,199,,5,0,1,1,0,0,0,0,0,0,1,1,0,0,0,0,0,0,0,0,1
loveinkomugi,199,,2,0,0,0,0,0,0,0,0,0,1,0,0,0,0,0,0,1,0,0,0
cnslman,199,,3,1,0,0,0,1,0,1,0,0,0,0,0,0,0,0,0,0,0,0,0
bobbyknucksss,199,,3,0,0,0,0,0,1,0,0,0,0,1,0,0,0,0,0,0,1,0,0
a_mujahideen,199,,1,0,0,0,0,0,0,0,0,0,1,0,0,0,0,0,0,0,0,0,0
_DilipReddy,199,,1,0,0,0,0,0,0,0,0,1,0,0,0,0,0,0,0,0,0,0,0
NaveedA54344181,199,,1,0,0,0,0,1,0,0,0,0,0,0,0,0,0,0,0,0,0,0,0
MarkoKralj50103,199,,2,0,0,0,0,0,0,0,1,0,0,0,0,0,0,0,0,0,1,0,0
Lacuevadelpensa,199,,1,0,0,0,0,0,0,0,0,0,0,0,0,0,0,0,0,0,0,0,1
JupiterKnowsIt,199,,1,0,0,0,0,0,0,0,0,0,0,0,0,0,0,0,0,0,0,0,1
FatimaF92506,199,,1,0,0,0,0,0,0,0,0,0,0,0,0,0,0,1,0,0,0,0,0
DaveShiv8,199,,1,0,0,0,0,0,0,0,0,0,0,0,0,0,0,0,0,1,0,0,0
whiteboyislam,198,,1,0,0,0,0,0,0,0,0,0,0,1,0,0,0,0,0,0,0,0,0
payan_bi51866,198,,1,0,0,0,0,0,0,0,0,0,0,0,0,0,0,0,0,0,1,0,0
mortezagarmroud,198,,1,0,0,0,0,0,0,0,0,0,0,0,0,0,0,0,0,0,0,0,1
majidwo,198,,1,0,0,0,0,0,0,0,0,0,0,0,0,0,0,0,0,0,1,0,0
ibnealisyed6,198,,4,0,0,0,0,0,0,0,0,1,0,0,0,1,0,0,0,0,1,0,1
i_am_astraw,198,,1,0,0,0,0,0,0,0,0,0,1,0,0,0,0,0,0,0,0,0,0
Zanusbd,198,,1,0,0,0,0,0,0,0,0,0,0,0,0,0,0,1,0,0,0,0,0
Yyc81M93127,198,,8,0,0,0,0,0,1,0,1,1,1,1,0,1,0,1,0,0,1,0,0
MashoubiEl,198,,1,1,0,0,0,0,0,0,0,0,0,0,0,0,0,0,0,0,0,0,0
yuvi4real,197,,1,0,0,0,1,0,0,0,0,0,0,0,0,0,0,0,0,0,0,0,0
truthsocialy,197,,1,0,0,0,0,0,0,0,0,0,0,0,0,0,0,0,0,1,0,0,0
seyednoorbakhsh,197,,4,0,0,0,0,0,0,1,0,0,0,0,0,1,1,0,0,0,1,0,0
pouletquiaunvis,197,,5,0,1,1,0,0,0,0,0,1,0,0,1,0,0,0,0,0,1,0,0
kasno_1,197,,5,0,0,0,0,0,0,0,0,1,0,0,1,0,0,1,0,1,1,0,0
jp_mlf,197,,2,0,0,0,0,0,0,0,0,0,0,0,0,0,0,0,1,0,0,0,1
farhadmehrabi56,197,,1,0,0,0,0,0,0,0,0,0,0,0,0,0,0,0,1,0,0,0,0
drwhale686,197,,1,0,0,0,0,0,1,0,0,0,0,0,0,0,0,0,0,0,0,0,0
ctec233467,197,,1,0,0,0,0,0,0,0,0,0,0,0,0,0,0,0,0,1,0,0,0
MondayGodfreyW1,197,,1,0,0,0,0,0,0,0,0,0,0,0,0,0,0,0,0,0,1,0,0
BartolichMM,197,,1,0,0,0,0,0,0,0,0,0,0,0,0,0,0,0,0,0,1,0,0
Avicenna2r,197,,1,0,0,0,1,0,0,0,0,0,0,0,0,0,0,0,0,0,0,0,0
udyn07,196,,1,0,0,0,0,0,0,0,0,0,0,0,0,0,0,0,0,0,0,1,0
sadeghbrave,196,,1,0,0,0,0,0,0,0,0,0,0,0,0,0,0,0,0,0,1,0,0
psycheprofiler,196,,1,0,0,0,0,0,0,0,0,0,0,0,0,0,0,0,0,0,1,0,0
juani_ron0,196,,1,0,0,0,0,0,1,0,0,0,0,0,0,0,0,0,0,0,0,0,0
cog_roos,196,,1,0,0,0,0,0,0,0,0,0,0,0,0,0,0,0,0,0,0,1,0
UrduNaamWala,196,,2,0,0,0,0,0,1,0,0,1,0,0,0,0,0,0,0,0,0,0,0
TheOnlyR_EL,196,,10,0,1,0,1,0,1,1,1,0,1,1,1,1,0,0,0,0,0,0,1
ProfessorHt,196,,1,0,0,0,0,0,0,0,0,0,0,0,0,0,0,0,0,0,0,0,1
PhillipJcry,196,,13,0,0,0,1,1,0,0,1,1,1,1,0,1,1,0,1,1,1,1,1
Nora_Libey,196,,4,0,0,0,0,0,0,0,0,0,0,1,0,1,1,0,0,0,0,0,1
Kiyastiah,196,,2,0,0,0,0,0,0,0,0,0,0,0,0,0,0,0,0,1,0,0,1
KingDavidash1,196,,7,0,0,0,0,0,0,1,0,0,1,1,0,1,0,1,1,1,0,0,0
KTO160,196,,1,0,0,0,0,0,0,0,0,0,0,0,0,0,0,0,0,0,0,1,0
HimuraElBatusai,196,,3,0,0,0,0,0,1,0,0,0,0,1,0,0,0,0,0,1,0,0,0
ruhel_k,195,,2,0,0,0,0,0,0,0,0,0,1,0,0,0,0,0,0,1,0,0,0
rimawahab_,195,,2,0,0,0,0,0,0,0,1,0,0,0,0,0,0,0,1,0,0,0,0
leylajun,195,,5,0,0,0,0,0,0,0,0,0,0,0,0,1,1,0,0,1,1,1,0
kikerae,195,,1,0,0,0,0,0,0,0,0,0,0,0,0,1,0,0,0,0,0,0,0
kazoudine,195,,2,0,0,0,0,0,1,0,0,0,0,0,0,0,0,0,0,0,0,0,1
fawadakhan,195,,3,0,0,0,0,0,0,0,1,0,1,0,0,0,0,0,0,0,1,0,0
arionarzan,195,,1,0,0,0,0,0,0,1,0,0,0,0,0,0,0,0,0,0,0,0,0
alton_triana,195,,3,0,0,0,0,0,1,0,0,0,0,0,0,0,0,0,1,1,0,0,0
Trader_Sayeed,195,,1,0,0,0,0,0,0,0,0,0,0,0,0,0,0,0,0,0,0,1,0
TAlfqyh34737,195,,2,0,0,0,0,1,0,0,0,0,0,0,0,0,0,0,1,0,0,0,0
Senteuk1,195,,1,0,0,0,0,0,1,0,0,0,0,0,0,0,0,0,0,0,0,0,0
Sea_soul777,195,,4,0,0,0,0,1,0,0,0,1,0,0,0,0,0,0,1,0,0,1,0
Rabia_Mughni,195,,1,0,0,0,0,0,0,0,0,0,0,0,0,0,0,0,0,0,0,0,1
NFLProBowlFan,195,,1,0,0,0,0,0,0,0,0,0,1,0,0,0,0,0,0,0,0,0,0
LAltbr25222,195,,4,0,0,0,0,1,0,0,0,1,1,0,0,0,0,1,0,0,0,0,0
Karar75768423,195,,1,0,0,0,0,1,0,0,0,0,0,0,0,0,0,0,0,0,0,0,0
GununKonusu,195,,3,0,0,0,0,1,0,0,0,1,0,0,0,0,0,0,0,1,0,0,0
GhannadiMohsen,195,,4,0,0,0,0,1,0,1,0,0,0,0,0,1,1,0,0,0,0,0,0
ETHVICTIM,195,,1,0,0,0,0,0,0,0,0,1,0,0,0,0,0,0,0,0,0,0,0
yucelozgur12,194,,7,0,0,0,0,0,0,0,0,0,0,0,1,1,0,1,1,1,1,0,1
rajatsaha_,194,,1,0,0,0,0,0,0,0,0,0,0,0,0,0,0,0,0,1,0,0,0
khademi_m33806,194,,8,0,0,0,1,1,1,1,0,0,0,1,1,1,1,0,0,0,0,0,0
ghmotavase,194,,1,1,0,0,0,0,0,0,0,0,0,0,0,0,0,0,0,0,0,0,0
doofenshme41344,194,,1,0,0,0,0,0,0,0,0,0,0,0,0,1,0,0,0,0,0,0,0
donfelohke,194,,4,0,0,0,0,0,0,0,0,1,1,1,0,0,0,0,0,1,0,0,0
cemeterymoss,194,,1,0,0,0,0,0,0,0,0,0,0,0,0,0,0,0,0,0,0,0,1
btw_Its_Aftab,194,,1,0,0,0,0,0,0,0,0,1,0,0,0,0,0,0,0,0,0,0,0
analcapone666,194,,5,0,0,0,0,0,0,0,0,0,0,0,1,1,1,0,0,1,0,0,1
YSinvar28671,194,,2,0,1,0,0,0,0,0,0,0,0,0,0,1,0,0,0,0,0,0,0
UnthinKing1,194,,4,0,0,0,0,0,0,1,0,0,0,1,0,0,1,0,0,1,0,0,0
UNammu9,194,,1,0,0,0,0,0,0,0,0,0,0,0,0,0,0,0,0,0,0,0,1
Mohammad_B22,194,,1,0,0,0,0,0,0,0,0,0,0,0,0,0,0,1,0,0,0,0,0
MianNabeelIkram,194,,2,0,0,0,0,0,0,0,0,0,0,0,1,0,0,0,0,1,0,0,0
Mairali_Sageer,194,,14,1,1,1,1,1,1,1,1,1,0,1,1,0,0,0,1,1,0,0,1
JFF062024,194,,5,0,0,0,0,0,1,0,0,0,0,0,0,0,0,1,1,1,0,0,1
HSR2014,194,,1,0,0,0,0,0,0,0,0,0,0,0,0,0,0,1,0,0,0,0,0
Dr_es313,194,,3,0,0,1,0,0,0,0,0,0,0,0,0,1,0,0,0,0,1,0,0
DevAlikhani,194,,1,0,0,1,0,0,0,0,0,0,0,0,0,0,0,0,0,0,0,0,0
tanwirovich,193,,2,0,0,0,0,0,1,0,0,0,0,0,0,0,0,0,0,0,1,0,0
esmile27,193,,1,0,0,0,0,0,0,0,0,0,1,0,0,0,0,0,0,0,0,0,0
amir_sarpoulaki,193,,1,0,0,0,0,1,0,0,0,0,0,0,0,0,0,0,0,0,0,0,0
ZZ8663,193,,1,0,0,0,0,0,0,0,0,0,0,0,0,0,0,1,0,0,0,0,0
V_Bakhtiari_313,193,,1,0,0,0,0,0,1,0,0,0,0,0,0,0,0,0,0,0,0,0,0
S_J_S_SHIRAZI_,193,,1,0,0,0,0,0,0,0,1,0,0,0,0,0,0,0,0,0,0,0,0
Mogwai_Man,193,,1,1,0,0,0,0,0,0,0,0,0,0,0,0,0,0,0,0,0,0,0
MariaCa28207786,193,,1,0,0,0,0,0,0,0,0,0,0,0,0,0,0,0,0,0,0,0,1
Haider_Raza3,193,,1,0,0,0,0,0,0,0,0,0,0,0,0,1,0,0,0,0,0,0,0
FredEngels5,193,,1,0,0,1,0,0,0,0,0,0,0,0,0,0,0,0,0,0,0,0,0
Conkreta1,193,,3,0,0,0,0,0,0,0,0,1,0,0,0,0,0,0,0,1,1,0,0
Bronwen739004,193,,2,1,0,0,0,0,0,0,0,0,0,0,0,0,0,0,0,0,0,0,1
BlahBlaaaah,193,,1,0,0,0,0,0,0,0,0,0,0,0,0,0,0,0,0,1,0,0,0
BahaduriHasib,193,,1,0,0,0,0,0,0,0,0,0,0,0,0,0,0,0,0,0,1,0,0
Anya__4th,193,,1,0,0,0,0,0,0,0,0,0,0,0,0,0,0,0,0,0,0,0,1
siniorarash,192,,1,0,0,0,0,0,0,0,0,0,0,0,0,0,0,0,0,1,0,0,0
oguzeskici,192,,2,0,0,0,0,0,1,0,1,0,0,0,0,0,0,0,0,0,0,0,0
naiksar,192,,1,0,0,0,0,0,0,0,0,0,1,0,0,0,0,0,0,0,0,0,0
kernowkid1,192,,1,0,0,0,0,0,0,0,0,0,0,1,0,0,0,0,0,0,0,0,0
Vigilantmona,192,,1,0,1,0,0,0,0,0,0,0,0,0,0,0,0,0,0,0,0,0,0
VV5rQycmE980528,192,,1,0,0,0,0,0,1,0,0,0,0,0,0,0,0,0,0,0,0,0,0
GuiOhm2,192,,1,0,0,0,0,0,0,0,0,0,0,0,0,1,0,0,0,0,0,0,0
AbwJhaf94045,192,,3,0,0,0,0,1,0,0,0,0,0,0,0,1,1,0,0,0,0,0,0
Abu_Reyhan96,192,,1,0,0,0,0,0,0,0,0,0,0,0,1,0,0,0,0,0,0,0,0
marxzit,191,,1,0,0,0,0,0,0,0,0,0,0,0,1,0,0,0,0,0,0,0,0
maranja01,191,,1,0,0,0,0,0,0,0,0,0,1,0,0,0,0,0,0,0,0,0,0
joru_josh,191,,1,0,0,0,0,0,0,0,0,1,0,0,0,0,0,0,0,0,0,0,0
albrnsaz8888,191,,5,0,0,0,0,1,1,0,1,0,0,0,0,1,1,0,0,0,0,0,0
ThomasJohn84554,191,,1,0,0,0,0,0,0,0,0,0,0,0,0,0,0,0,1,0,0,0,0
SigurRos69829,191,,3,0,0,0,0,0,0,0,0,0,0,1,0,1,0,0,0,0,0,0,1
Shahzad76417269,191,,1,0,0,0,0,0,0,0,0,0,1,0,0,0,0,0,0,0,0,0,0
Sedjavad_,191,,1,0,0,0,0,0,0,0,0,0,0,0,0,0,0,0,0,0,1,0,0
NazAbis,191,,1,0,0,0,0,0,0,0,0,0,0,0,0,0,0,1,0,0,0,0,0
NHSh_2,191,,1,0,0,0,0,0,0,0,0,0,0,0,0,0,0,0,0,0,0,0,1
KareemAkbar11,191,,1,0,0,0,0,0,0,1,0,0,0,0,0,0,0,0,0,0,0,0,0
JK06041842,191,,3,0,0,0,0,0,1,0,0,0,0,0,0,0,0,0,0,1,0,0,1
GianlucaDAgos13,191,,1,0,0,0,0,0,0,0,0,0,0,0,0,0,1,0,0,0,0,0,0
EricMuthiani7,191,,6,0,0,0,0,0,0,1,1,0,0,1,1,1,0,0,0,0,0,0,1
Dante1172863,191,,1,0,0,0,0,0,1,0,0,0,0,0,0,0,0,0,0,0,0,0,0
Bolhalbol,191,,2,0,0,0,0,0,0,0,0,0,0,0,0,0,0,0,1,1,0,0,0
Amal_Ali80,191,,1,0,0,0,0,0,1,0,0,0,0,0,0,0,0,0,0,0,0,0,0
Alimaktabii,191,,1,0,0,0,1,0,0,0,0,0,0,0,0,0,0,0,0,0,0,0,0
AKTanara,191,,1,0,0,0,0,0,0,0,0,0,0,0,0,0,0,0,0,0,1,0,0
victoriraq,190,,1,0,0,0,0,0,0,0,0,0,1,0,0,0,0,0,0,0,0,0,0
thefostdotcom,190,,1,0,0,0,0,0,0,0,0,0,1,0,0,0,0,0,0,0,0,0,0
munchinthesun,190,,1,0,0,0,0,0,0,0,0,0,1,0,0,0,0,0,0,0,0,0,0
mubashirali861,190,,2,0,0,0,0,0,0,0,0,0,0,0,0,0,0,0,0,0,0,1,1
mohsensstn,190,,1,0,0,0,0,0,0,0,0,0,0,0,0,0,0,0,0,0,0,1,0
f_mozaffari,190,,1,0,0,0,0,0,0,0,0,0,0,0,0,1,0,0,0,0,0,0,0
aless_seo,190,,1,0,0,0,0,0,1,0,0,0,0,0,0,0,0,0,0,0,0,0,0
Mhenga78,190,,1,0,0,0,0,0,0,0,1,0,0,0,0,0,0,0,0,0,0,0,0
Mdmurtaza_10,190,,1,0,0,0,0,0,0,0,0,0,0,0,0,0,0,0,0,0,1,0,0
Light_Quix,190,,9,0,0,0,1,0,0,0,0,0,0,0,1,1,0,1,1,1,1,1,1
IranAlAire,190,,2,0,0,0,0,0,0,0,0,0,0,0,0,1,0,0,0,0,1,0,0
Iam_SjafferS,190,,13,0,0,1,0,0,1,1,0,1,0,1,1,1,1,1,1,1,0,1,1
Advanced_Iran,190,,6,0,0,1,0,0,0,1,0,1,0,0,0,0,0,0,0,1,0,1,1
vedder_andy,189,,1,0,0,0,0,0,0,0,0,0,0,0,0,0,0,0,0,1,0,0,0
maroofanjum11,189,,5,0,0,0,0,0,1,0,0,1,0,0,0,1,0,0,0,1,1,0,0
elcapitanleb,189,,1,0,0,0,0,0,0,0,0,0,0,0,0,0,0,1,0,0,0,0,0
cambouzia,189,,2,0,0,0,0,0,0,0,0,0,0,0,1,0,0,0,0,0,1,0,0
bergbauern4,189,,5,0,0,1,0,1,0,0,0,0,1,0,0,0,0,0,0,1,1,0,0
Tarcante,189,,2,0,0,0,0,0,1,0,0,0,0,0,0,1,0,0,0,0,0,0,0
Libano145,189,,7,0,0,0,0,0,0,0,1,1,1,0,0,0,0,1,0,1,0,1,1
KeshaniSajad,189,,2,0,0,0,0,0,0,0,0,0,1,0,0,1,0,0,0,0,0,0,0
Jeff_J_Mitchell,189,,4,0,0,0,0,0,1,0,0,0,0,0,1,1,0,0,1,0,0,0,0
JamesMartinKer1,189,,2,0,0,0,0,0,1,0,0,0,0,0,0,0,0,0,0,1,0,0,0
GregGioffredo,189,,1,0,0,0,0,0,0,0,0,0,0,0,0,0,0,0,1,0,0,0,0
Charlie140962,189,,4,0,0,0,0,1,0,0,1,1,0,0,0,1,0,0,0,0,0,0,0
Benin_Messiah,189,,1,0,1,0,0,0,0,0,0,0,0,0,0,0,0,0,0,0,0,0,0
110Iliya110,189,,1,0,0,0,0,0,1,0,0,0,0,0,0,0,0,0,0,0,0,0,0
yusufvali_yusuf,188,,1,0,0,0,0,0,0,0,0,0,0,0,0,1,0,0,0,0,0,0,0
tamergawish,188,,1,0,0,0,0,0,0,0,0,0,0,0,0,0,0,0,0,0,1,0,0
muhammed_adas,188,,2,0,0,0,0,0,1,0,0,0,0,0,0,1,0,0,0,0,0,0,0
lokutmokutt,188,,1,0,0,0,1,0,0,0,0,0,0,0,0,0,0,0,0,0,0,0,0
kinyua_franc,188,,1,0,0,0,0,0,0,0,0,0,1,0,0,0,0,0,0,0,0,0,0
fasahat_110,188,,4,0,0,0,0,0,0,0,0,0,0,1,0,1,1,0,0,0,0,0,1
dokhtare_khan1,188,,1,0,0,0,0,0,0,0,0,0,0,0,0,0,0,0,0,0,1,0,0
behdarpour,188,,4,0,1,0,1,1,0,0,0,0,0,0,0,0,0,0,0,0,1,0,0
ahmed_omais,188,,1,0,0,0,0,0,0,0,0,0,0,0,0,0,0,0,0,0,1,0,0
SiriusXSimurgh,188,,1,0,0,0,0,0,0,0,0,0,0,1,0,0,0,0,0,0,0,0,0
PorterKregness,188,,2,0,0,0,0,0,0,0,0,0,0,0,0,1,1,0,0,0,0,0,0
Mtalibani01,188,,1,0,0,0,0,0,0,0,0,0,1,0,0,0,0,0,0,0,0,0,0
Mahmadcr,188,,1,0,0,0,0,0,0,0,0,0,0,0,0,0,0,1,0,0,0,0,0
Khapar25,188,,1,0,0,0,0,0,0,0,1,0,0,0,0,0,0,0,0,0,0,0,0
Hello_India4u,188,,2,0,0,0,0,0,1,1,0,0,0,0,0,0,0,0,0,0,0,0,0
Danial9014,188,,1,0,0,0,0,0,0,0,0,1,0,0,0,0,0,0,0,0,0,0,0
DISASTER__X,188,,1,0,0,0,0,0,0,0,0,0,0,0,0,0,0,0,0,0,0,0,1
AllAall369071,188,,1,0,0,0,0,0,0,0,0,0,0,0,0,0,0,1,0,0,0,0,0
AlainPa1,188,,1,0,0,0,0,0,1,0,0,0,0,0,0,0,0,0,0,0,0,0,0
Ahmed97Ab,188,,1,1,0,0,0,0,0,0,0,0,0,0,0,0,0,0,0,0,0,0,0
wotdafookm8,187,,1,0,0,0,0,0,0,0,1,0,0,0,0,0,0,0,0,0,0,0,0
jerry444livenl1,187,,1,0,0,0,0,0,0,0,0,1,0,0,0,0,0,0,0,0,0,0,0
gabito108,187,,1,0,0,0,0,0,0,0,0,0,0,0,0,0,0,0,0,0,1,0,0
camilo2946,187,,1,0,0,0,0,0,0,1,0,0,0,0,0,0,0,0,0,0,0,0,0
beijbabeij,187,,1,0,1,0,0,0,0,0,0,0,0,0,0,0,0,0,0,0,0,0,0
alihuss08629903,187,,1,0,0,0,0,0,0,0,0,0,0,0,0,0,0,1,0,0,0,0,0
_x_handle_,187,,2,1,0,0,0,0,1,0,0,0,0,0,0,0,0,0,0,0,0,0,0
PrandtlSama,187,,1,0,0,0,0,0,0,0,0,1,0,0,0,0,0,0,0,0,0,0,0
MostlyMoral,187,,1,0,0,0,0,0,1,0,0,0,0,0,0,0,0,0,0,0,0,0,0
Mehranred,187,,1,0,0,0,0,0,1,0,0,0,0,0,0,0,0,0,0,0,0,0,0
Mehr_ay,187,,1,0,0,0,1,0,0,0,0,0,0,0,0,0,0,0,0,0,0,0,0
Amir_ekt,187,,1,0,0,0,0,0,0,0,0,0,0,0,0,0,0,0,0,0,1,0,0
AhuddKhan,187,,1,0,0,0,0,0,0,0,0,0,0,0,0,0,0,0,0,0,0,1,0
ubaidbaggio,186,,11,1,1,0,0,1,1,0,1,0,1,1,0,0,0,1,0,1,1,1,0
sizi92779,186,,1,0,0,0,0,0,0,0,0,0,1,0,0,0,0,0,0,0,0,0,0
shiathetruth,186,,3,0,0,0,0,0,1,0,0,0,1,0,0,0,0,0,0,1,0,0,0
samer10168,186,,4,0,0,0,0,0,0,0,0,0,1,0,0,0,0,1,1,0,0,0,1
sadiq_jelle,186,,1,0,0,0,0,0,0,0,0,0,0,0,0,0,0,0,0,0,0,0,1
persi4cs,186,,1,0,0,0,0,0,0,0,0,0,0,0,0,0,0,0,0,0,1,0,0
nohmanali123,186,,4,1,0,0,0,1,0,0,0,0,0,0,0,0,0,0,1,1,0,0,0
itsjnoubcity,186,,1,0,0,0,0,0,1,0,0,0,0,0,0,0,0,0,0,0,0,0,0
hajkhanooomm,186,,1,0,0,0,1,0,0,0,0,0,0,0,0,0,0,0,0,0,0,0,0
anthropoorlogy,186,,2,0,0,0,0,0,0,0,0,0,0,0,0,0,0,0,0,0,0,1,1
V56096x,186,,1,0,0,0,0,0,0,0,0,0,0,0,0,0,0,0,0,0,0,0,1
SakibReja787,186,,2,0,0,0,0,0,0,0,0,0,0,0,0,0,0,0,0,0,0,1,1
MosesVet012,186,,2,0,0,0,0,0,0,0,0,0,0,0,0,1,0,1,0,0,0,0,0
JohnDoeOSINT,186,,2,0,0,0,0,0,0,0,0,0,0,0,0,1,1,0,0,0,0,0,0
GOAT9000,186,,1,0,0,0,0,0,0,0,0,0,0,0,0,0,0,0,0,0,0,0,1
EschatologyM,186,,6,1,0,0,0,0,0,0,0,1,1,0,0,0,0,0,0,0,1,1,1
DcDxii,186,,3,0,0,0,0,0,1,0,1,0,0,0,0,1,0,0,0,0,0,0,0
zQ3310,185,,1,1,0,0,0,0,0,0,0,0,0,0,0,0,0,0,0,0,0,0,0
tarpagad,185,,1,0,0,0,0,0,0,0,0,0,0,0,0,0,0,0,0,1,0,0,0
namaloomafrad96,185,,1,0,0,0,0,0,0,0,0,0,0,0,0,0,0,0,0,0,1,0,0
moosamoosaavi,185,,2,0,0,0,0,0,0,0,0,0,1,0,0,0,0,0,0,0,0,0,1
marukh129,185,,1,0,0,0,0,0,0,0,0,0,0,0,0,0,0,0,0,0,0,0,1
djavous,185,,2,0,1,0,0,0,0,0,0,0,0,0,0,0,0,0,0,0,0,0,1
castro_scar,185,,2,0,0,0,0,0,0,0,0,0,0,0,0,0,0,0,0,1,0,0,1
alikarimdoost90,185,,15,0,0,1,0,0,1,1,1,0,1,1,1,1,1,1,1,1,1,1,1
Sinabhg,185,,4,0,0,0,1,1,0,0,0,1,0,0,0,0,1,0,0,0,0,0,0
NastaranMahjoob,185,,2,0,0,0,0,0,0,0,0,0,0,0,1,1,0,0,0,0,0,0,0
MattHyd64533465,185,,1,0,0,0,0,0,0,0,0,0,0,0,0,0,0,0,0,0,0,0,1
Mahdi23298423,185,,2,0,0,0,0,0,0,0,0,0,0,0,0,0,0,0,1,0,1,0,0
Gilgameesh_,185,,14,1,1,1,1,1,1,0,1,1,1,1,1,1,0,0,1,1,0,0,0
DariuszRzeszow,185,,1,0,0,0,0,0,0,0,0,0,0,0,0,0,0,0,0,0,0,0,1
zolekaM1,184,,1,1,0,0,0,0,0,0,0,0,0,0,0,0,0,0,0,0,0,0,0
urooj_ak12,184,,1,0,0,0,0,0,0,0,0,0,1,0,0,0,0,0,0,0,0,0,0
nonoemqq,184,,1,0,0,0,0,0,0,0,0,0,0,0,0,0,0,0,0,1,0,0,0
heyazadeh,184,,2,0,0,0,0,0,0,0,1,0,0,0,0,0,0,0,0,0,0,0,1
charlesmirrors,184,,1,0,0,0,0,0,0,0,0,0,0,0,0,0,0,0,0,0,0,0,1
boomdooomcycle,184,,1,0,0,0,0,0,0,0,0,0,0,0,0,0,0,0,0,0,0,1,0
Syedhasnain_92,184,,1,0,0,1,0,0,0,0,0,0,0,0,0,0,0,0,0,0,0,0,0
ShabirAliBhat1,184,,5,0,0,1,1,0,0,0,1,1,0,1,0,0,0,0,0,0,0,0,0
MNaqi15,184,,3,0,0,0,0,0,0,0,0,0,0,0,0,0,0,1,0,1,0,0,1
MA_zi97,184,,1,0,0,0,0,0,0,0,0,0,0,0,0,0,0,1,0,0,0,0,0
Louqie_,184,,4,0,0,0,0,0,0,0,1,0,1,0,0,1,0,1,0,0,0,0,0
JeshuaRox,184,,1,0,0,0,0,0,0,0,0,0,0,0,0,0,0,0,1,0,0,0,0
ImzeN7,184,,1,0,0,0,0,0,0,1,0,0,0,0,0,0,0,0,0,0,0,0,0
GamilKanaa97637,184,,4,0,0,0,0,0,0,0,1,1,0,1,0,0,0,0,0,1,0,0,0
Christi40560374,184,,1,0,0,0,0,0,0,0,0,0,0,0,0,0,0,0,0,1,0,0,0
BilawalAhsan99,184,,1,0,0,0,0,0,0,0,0,0,0,0,0,0,0,0,0,0,1,0,0
1Godfearingsoul,184,,11,0,0,0,1,0,0,1,1,1,1,1,1,1,1,0,0,1,0,0,1
vmorenobon,183,,8,0,0,1,0,0,0,1,1,1,1,1,0,0,0,0,0,0,1,0,1
stranger034,183,,3,0,0,0,0,0,0,0,0,0,1,0,0,0,0,0,0,0,1,0,1
smalam087,183,,2,0,0,0,0,0,0,0,0,1,0,0,1,0,0,0,0,0,0,0,0
siddig_asim1,183,,1,0,0,0,0,0,0,0,0,0,1,0,0,0,0,0,0,0,0,0,0
kolani96,183,,1,0,0,0,0,0,1,0,0,0,0,0,0,0,0,0,0,0,0,0,0
hllyn155667,183,,2,0,0,0,0,1,1,0,0,0,0,0,0,0,0,0,0,0,0,0,0
hadisenafs,183,,2,0,0,0,0,1,1,0,0,0,0,0,0,0,0,0,0,0,0,0,0
critical_entry,183,,9,0,0,1,0,0,0,1,1,0,0,0,1,1,1,0,1,1,0,0,1
asadansari110,183,,1,0,0,0,0,0,0,0,0,1,0,0,0,0,0,0,0,0,0,0,0
PeddyBlue,183,,1,0,0,0,0,0,1,0,0,0,0,0,0,0,0,0,0,0,0,0,0
Panah121,183,,8,1,1,1,1,1,1,0,0,1,1,0,0,0,0,0,0,0,0,0,0
LuqMat,183,,1,0,0,0,0,0,1,0,0,0,0,0,0,0,0,0,0,0,0,0,0
Leiva92M,183,,1,0,0,0,0,0,0,0,0,0,1,0,0,0,0,0,0,0,0,0,0
K_North_Bold,183,,1,0,0,0,0,0,0,0,0,0,0,0,0,0,0,0,0,0,1,0,0
HP_222_92,183,,1,0,0,0,0,0,0,0,0,0,1,0,0,0,0,0,0,0,0,0,0
FTweets789,183,,1,0,0,0,0,0,0,0,0,0,1,0,0,0,0,0,0,0,0,0,0
AlfonsoCas11689,183,,7,0,1,0,0,1,1,1,0,0,1,0,0,1,0,0,0,1,0,0,0
slam_slamshah67,182,,1,0,0,0,0,0,0,0,0,0,0,0,0,0,0,0,0,0,0,0,1
mdameerbaig,182,,2,0,0,0,0,0,0,0,0,0,0,0,0,0,0,0,0,0,1,0,1
kartiksriniva12,182,,1,0,0,0,0,0,0,0,0,0,0,0,0,0,0,0,0,1,0,0,0
f_krissie,182,,1,1,0,0,0,0,0,0,0,0,0,0,0,0,0,0,0,0,0,0,0
chigozie1188,182,,3,0,0,1,0,0,0,0,0,1,0,0,0,0,0,0,0,0,0,0,1
OOnetone,182,,15,0,1,1,1,0,0,0,1,1,1,0,1,1,1,1,1,1,1,1,1
Mathias90290430,182,,1,0,0,0,0,0,0,0,0,0,0,0,0,1,0,0,0,0,0,0,0
Kalimer99657451,182,,2,0,0,0,0,0,0,0,0,0,0,0,0,0,0,0,0,0,0,1,1
Drshahzebmrwt99,182,,1,0,0,0,0,0,0,0,0,0,0,0,0,0,0,0,0,1,0,0,0
Catalonia011,182,,7,0,0,0,0,1,1,0,1,1,1,0,0,1,0,0,0,0,0,0,1
BestFurqan,182,,3,0,0,0,0,0,0,0,0,1,0,0,0,0,0,0,0,0,1,1,0
vishalbaldaniya,181,,1,0,0,0,0,0,0,0,0,0,1,0,0,0,0,0,0,0,0,0,0
dsgbuu,181,,1,0,0,0,0,0,0,0,0,0,0,0,0,0,0,0,0,1,0,0,0
amardmukhriz,181,,1,0,0,0,0,0,0,0,0,0,0,0,0,0,0,0,0,0,0,0,1
Mazenis,181,,1,0,0,0,0,0,0,1,0,0,0,0,0,0,0,0,0,0,0,0,0
LailaSalime,181,,2,0,0,0,0,0,0,0,0,0,0,0,0,0,0,1,0,0,1,0,0
Kibmenops,181,,2,0,0,0,0,0,0,0,0,0,0,0,0,0,1,0,0,1,0,0,0
Crossroads_2022,181,,3,0,0,0,0,0,0,0,0,0,0,0,0,0,0,0,1,0,1,1,0
AdnanBa34614107,181,,1,0,0,0,0,0,0,0,0,0,0,0,0,0,0,0,0,0,1,0,0
sasuke364964ani,180,,1,0,0,0,0,0,0,0,1,0,0,0,0,0,0,0,0,0,0,0,0
nabuchodonosorx,180,,4,0,0,0,0,0,1,1,1,1,0,0,0,0,0,0,0,0,0,0,0
mirdilmurad,180,,11,1,1,0,1,1,1,0,1,1,0,0,1,0,0,0,0,1,1,0,1
Shinzo20260319,180,,1,0,0,0,0,0,0,0,1,0,0,0,0,0,0,0,0,0,0,0,0
Iamiasnaveen,180,,2,0,0,0,0,0,1,0,0,0,0,0,0,0,0,0,1,0,0,0,0
Emmanue61585479,180,,16,0,1,1,1,1,1,0,1,1,1,1,1,1,1,1,1,1,1,0,0
xFabulous7,179,,1,0,0,0,0,0,0,0,0,0,1,0,0,0,0,0,0,0,0,0,0
wiknelli,179,,1,0,0,0,0,0,0,0,0,0,0,0,0,0,0,0,0,0,0,0,1
syedonalt,179,,5,0,0,0,0,1,0,0,0,0,0,1,0,1,1,1,0,0,0,0,0
niaoshanyi1988,179,,1,0,0,0,0,0,0,0,0,0,0,0,0,0,0,0,0,0,0,0,1
margoacecha,179,,1,0,0,0,0,0,0,0,0,0,0,0,0,0,0,0,0,0,1,0,0
ionaryu,179,,9,0,0,1,0,1,1,0,1,1,0,0,1,0,0,0,0,1,1,1,0
haatkalika,179,,1,0,0,0,0,0,0,0,0,0,0,0,0,1,0,0,0,0,0,0,0
ghasem1200,179,,1,0,0,0,0,0,0,1,0,0,0,0,0,0,0,0,0,0,0,0,0
faizy099,179,,11,0,0,0,0,1,1,0,1,0,1,0,1,1,0,1,1,1,1,0,1
esmaeren44,179,,1,0,0,0,0,0,0,0,0,0,0,0,0,0,0,0,0,0,0,0,1
SpessMehreens,179,,1,0,0,0,0,0,0,0,0,0,0,0,0,0,0,0,1,0,0,0,0
SheikhWaleedM,179,,1,0,0,0,0,0,0,0,0,0,0,0,0,0,0,0,0,0,0,0,1
MohamadiEdu,179,,1,0,0,0,1,0,0,0,0,0,0,0,0,0,0,0,0,0,0,0,0
HossienMazloum,179,,7,0,0,0,1,1,0,0,0,0,1,1,0,1,0,1,0,0,1,0,0
Der_Invisible,179,,3,0,0,0,0,0,0,0,0,0,0,0,0,1,0,1,1,0,0,0,0
BaxtermoBS,179,,2,0,0,0,0,0,0,0,0,0,1,0,0,0,0,0,0,1,0,0,0
vatanparasttv,178,,1,0,0,0,0,0,0,0,0,0,0,0,0,0,0,1,0,0,0,0,0
pj140398,178,,1,0,0,1,0,0,0,0,0,0,0,0,0,0,0,0,0,0,0,0,0
musawase11,178,,5,0,0,0,0,0,0,0,1,1,1,0,1,0,0,1,0,0,0,0,0
loemahdhoo,178,,2,0,0,0,0,0,1,0,0,0,0,0,0,0,0,1,0,0,0,0,0
kayoishokuan,178,,2,0,0,0,0,0,0,0,0,1,0,0,1,0,0,0,0,0,0,0,0
etemad_vahid,178,,2,0,0,0,0,0,0,0,0,0,0,0,0,0,0,0,1,0,1,0,0
akhir_hussain,178,,1,0,0,0,0,0,0,0,1,0,0,0,0,0,0,0,0,0,0,0,0
MuhdTasiuisah2,178,,1,0,0,0,0,0,0,0,0,1,0,0,0,0,0,0,0,0,0,0,0
Muhammadiali786,178,,1,0,0,0,0,0,1,0,0,0,0,0,0,0,0,0,0,0,0,0,0
MakdaTofiq,178,,1,0,0,0,0,0,0,0,1,0,0,0,0,0,0,0,0,0,0,0,0
HouseDecrypto,178,,3,0,0,0,0,0,1,0,0,0,1,0,0,0,0,0,0,1,0,0,0
Hassan702067558,178,,1,0,0,0,0,0,0,0,0,0,0,0,0,0,0,0,0,0,0,0,1
weneedcontext,177,,2,0,0,0,0,0,0,0,0,0,0,0,0,0,0,0,0,1,1,0,0
s_saz25,177,,1,0,0,0,0,0,0,0,0,0,1,0,0,0,0,0,0,0,0,0,0
mimtheman1940,177,,8,0,1,0,0,0,0,0,0,0,0,0,1,1,0,1,1,1,1,1,0
mdmujtaba19,177,,5,0,0,0,0,0,1,1,0,1,0,0,0,0,0,0,1,1,0,0,0
maryamjamk,177,,1,0,0,0,0,0,0,0,0,0,1,0,0,0,0,0,0,0,0,0,0
lilyoftheeast1,177,,1,0,0,0,0,0,0,0,0,0,0,0,0,0,0,0,0,0,0,0,1
fulihang2009,177,,1,0,0,0,0,0,0,0,0,0,0,0,0,0,0,0,0,0,0,0,1
eczaui,177,,2,0,0,0,0,0,0,0,0,0,0,0,0,0,0,0,0,0,0,1,1
dragonmama79,177,,3,0,0,0,0,0,0,0,0,1,0,0,1,1,0,0,0,0,0,0,0
bsnanar,177,,1,0,0,0,0,0,0,0,1,0,0,0,0,0,0,0,0,0,0,0,0
behimim_bckup,177,,1,0,0,0,0,0,0,0,0,0,1,0,0,0,0,0,0,0,0,0,0
alirezabab62238,177,,4,0,0,0,0,0,0,0,0,0,0,0,0,1,1,0,0,0,0,1,1
a_ajaved,177,,5,0,0,0,1,0,1,0,0,0,1,0,0,0,0,0,0,0,0,1,1
SarahDuboi31373,177,,2,1,0,0,0,0,0,0,0,0,0,0,0,0,0,0,0,0,0,0,1
S_m_sherafat,177,,1,0,0,0,0,0,0,0,0,0,0,0,0,0,0,0,0,0,1,0,0
RisingJinnahPak,177,,1,0,0,0,0,0,0,0,0,0,0,0,0,0,0,0,1,0,0,0,0
PonziMormon,177,,1,0,0,0,0,0,0,0,0,0,0,0,0,0,0,0,0,0,0,0,1
Maveric42931811,177,,6,0,0,0,0,0,1,1,1,1,0,0,0,0,0,0,0,1,0,0,1
Mariano_Amelio,177,,1,1,0,0,0,0,0,0,0,0,0,0,0,0,0,0,0,0,0,0,0
Kirsten1068,177,,1,0,0,0,0,0,0,1,0,0,0,0,0,0,0,0,0,0,0,0,0
I27fo9aSTaxUMzW,177,,11,0,0,0,0,1,1,1,0,1,1,1,0,1,0,0,0,1,1,1,1
Bashir_A_Muhd,177,,1,0,0,0,0,0,0,0,0,0,0,0,0,0,0,0,0,1,0,0,0
snakefruit44,176,,1,0,0,0,0,0,0,0,0,0,0,1,0,0,0,0,0,0,0,0,0
shazipower,176,,1,0,0,0,0,0,0,0,0,0,0,0,0,0,0,0,1,0,0,0,0
sabahattinai,176,,1,0,0,0,0,0,0,0,0,0,0,0,1,0,0,0,0,0,0,0,0
moh_M11111,176,,1,0,0,0,0,0,1,0,0,0,0,0,0,0,0,0,0,0,0,0,0
millionguru,176,,9,0,1,0,0,0,1,1,1,1,0,1,1,1,1,0,0,0,0,0,0
meow_ssad,176,,2,0,0,0,0,0,0,0,0,0,1,0,0,0,0,0,0,1,0,0,0
hheeIIeen,176,,1,0,0,0,0,0,1,0,0,0,0,0,0,0,0,0,0,0,0,0,0
cicciopicarelli,176,,3,0,0,0,0,0,1,0,0,0,0,0,1,0,0,0,0,0,0,1,0
btwitisme,176,,3,0,0,0,0,0,0,0,0,0,0,0,0,0,0,0,0,1,0,1,1
RKhanMarchant,176,,1,1,0,0,0,0,0,0,0,0,0,0,0,0,0,0,0,0,0,0,0
Nemesis007Iran,176,,3,0,0,0,0,0,0,0,1,1,0,0,0,0,0,0,0,0,1,0,0
MickRahman,176,,3,0,0,0,0,0,0,0,0,0,0,0,0,1,1,0,0,1,0,0,0
KINGABBASI1302,176,,1,0,0,0,0,0,0,0,0,0,0,0,0,0,0,0,0,1,0,0,0
malfur_i,175,,1,0,0,0,0,0,0,0,0,1,0,0,0,0,0,0,0,0,0,0,0
jules2hot,175,,3,0,0,0,0,0,0,0,0,0,0,0,0,0,0,0,0,1,0,1,1
ikPredator,175,,3,1,0,0,0,0,0,0,0,1,0,0,0,0,0,0,0,1,0,0,0
chicapoleo,175,,1,0,0,0,0,0,0,0,0,0,0,1,0,0,0,0,0,0,0,0,0
amin_palekar,175,,2,0,0,0,0,0,1,0,0,0,1,0,0,0,0,0,0,0,0,0,0
Salone_Godaddy,175,,4,0,0,0,0,0,0,0,1,1,0,0,0,0,0,0,0,1,0,0,1
Moi598656937753,175,,1,0,0,0,0,0,0,0,0,0,0,0,0,0,0,0,1,0,0,0,0
MarcelduCiel,175,,1,0,0,0,0,0,0,0,0,0,0,0,0,0,0,0,0,1,0,0,0
LKNMPK,175,,1,0,0,0,0,0,0,0,0,0,0,0,0,0,0,0,0,0,1,0,0
KhanMansor69521,175,,1,0,0,0,0,0,0,0,0,0,0,0,0,1,0,0,0,0,0,0,0
IchemMichael,175,,1,0,0,0,0,0,0,0,1,0,0,0,0,0,0,0,0,0,0,0,0
Hamed_Zizou,175,,1,0,0,0,0,0,0,0,0,0,1,0,0,0,0,0,0,0,0,0,0
xeshoo,174,,1,0,0,0,0,0,0,0,0,0,0,0,0,0,0,0,0,1,0,0,0
scorpio11179955,174,,1,0,0,0,0,0,0,0,0,0,0,0,0,0,0,0,1,0,0,0,0
rousxsino,174,,2,0,0,0,0,0,0,0,0,0,0,0,0,1,0,0,0,0,1,0,0
publickevents,174,,1,0,0,0,0,0,0,0,0,0,0,0,1,0,0,0,0,0,0,0,0
mujahiidm,174,,1,0,0,0,0,0,0,0,0,0,1,0,0,0,0,0,0,0,0,0,0
ahsan153151,174,,2,0,0,0,0,0,0,0,0,0,1,0,1,0,0,0,0,0,0,0,0
_felipema22,174,,1,0,0,0,0,0,0,0,0,0,1,0,0,0,0,0,0,0,0,0,0
WesamLotfy,174,,1,0,0,0,0,0,0,0,0,1,0,0,0,0,0,0,0,0,0,0,0
VV_Is_Evil,174,,2,0,0,0,0,0,0,0,0,1,0,0,0,0,0,0,0,0,0,1,0
Sulemanliaquat9,174,,4,0,0,0,0,0,0,0,1,1,0,0,0,1,0,0,0,1,0,0,0
MahmoodJr7,174,,1,0,0,0,0,0,0,0,0,0,0,0,0,0,0,0,0,0,1,0,0
CartmanBRUH4,174,,1,0,1,0,0,0,0,0,0,0,0,0,0,0,0,0,0,0,0,0,0
BkarBlackSmith,174,,12,0,0,0,1,0,1,1,1,1,1,1,0,1,1,0,0,1,0,1,1
AA_DTRA,174,,1,0,0,0,0,0,0,0,0,1,0,0,0,0,0,0,0,0,0,0,0
siamak_Taheri_8,173,,1,0,0,0,0,0,0,0,0,0,0,0,0,0,0,0,1,0,0,0,0
sharukhhhussain,173,,1,0,0,0,0,0,0,0,0,0,0,0,1,0,0,0,0,0,0,0,0
pindanderyeep,173,,2,0,0,0,0,0,0,1,0,0,0,0,0,0,0,0,0,1,0,0,0
mehrzadega55751,173,,2,0,0,0,0,0,0,0,0,0,0,0,0,0,0,0,0,1,0,0,1
fatboypolitking,173,,1,0,0,0,0,0,0,0,0,0,0,0,0,0,0,0,0,0,0,0,1
dabongneko,173,,8,0,0,0,0,0,1,1,1,1,1,0,1,0,0,0,0,1,0,1,0
bunmohalla56652,173,,12,0,0,1,1,1,1,0,0,1,1,1,0,0,0,0,1,1,1,1,1
TM18232022,173,,1,0,0,0,0,0,1,0,0,0,0,0,0,0,0,0,0,0,0,0,0
Rog3r999,173,,5,0,0,0,0,0,0,0,0,0,0,0,0,0,0,1,1,0,1,1,1
RahmanNazr,173,,2,1,1,0,0,0,0,0,0,0,0,0,0,0,0,0,0,0,0,0,0
Nasib78372704,173,,1,0,0,0,0,0,0,0,0,0,0,0,0,0,0,0,0,0,1,0,0
MehdiBasharat,173,,1,0,0,0,0,0,0,0,0,0,0,0,0,0,0,0,0,0,1,0,0
Majhul1776,173,,9,0,0,1,1,1,1,1,1,0,0,0,1,0,0,0,0,1,1,0,0
KathirMDV,173,,1,0,0,0,0,0,0,0,0,0,0,0,0,0,0,0,0,1,0,0,0
J_Brown4Palest,173,,2,0,0,0,0,0,0,0,0,0,0,0,0,0,0,0,0,0,0,1,1
Hind_MD88888888,173,,3,0,0,0,0,0,1,0,0,0,0,0,0,0,0,0,1,0,1,0,0
EnockKigp,173,,7,0,0,0,0,1,1,1,1,1,0,0,0,0,0,0,0,1,0,0,1
Dabezcool,173,,1,0,0,0,0,0,0,0,0,0,0,0,0,0,0,0,0,0,1,0,0
winthersbot,172,,3,0,0,0,0,0,0,0,0,0,1,0,0,0,0,0,0,0,0,1,1
vince_ward25159,172,,1,1,0,0,0,0,0,0,0,0,0,0,0,0,0,0,0,0,0,0,0
mos60986229,172,,1,0,1,0,0,0,0,0,0,0,0,0,0,0,0,0,0,0,0,0,0
cycwong,172,,1,0,0,0,0,0,0,0,0,0,0,0,0,0,0,0,0,1,0,0,0
barkhordar_ir,172,,1,0,0,0,0,0,0,0,0,0,0,0,1,0,0,0,0,0,0,0,0
SalimiSobh68377,172,,1,0,0,0,0,0,0,0,0,0,0,0,0,0,0,0,0,0,1,0,0
Mohamed39293575,172,,4,0,0,0,0,0,1,0,1,1,0,0,0,0,0,0,0,0,0,0,1
KE100V_KE100V,172,,2,0,0,0,0,0,0,0,0,0,0,0,0,0,0,0,0,1,1,0,0
JayR4Eenk,172,,6,0,0,0,0,1,1,1,0,0,0,0,0,1,0,1,0,0,0,1,0
DerafshiMansour,172,,1,0,0,0,1,0,0,0,0,0,0,0,0,0,0,0,0,0,0,0,0
Anticolonial22,172,,11,0,0,1,1,1,0,1,1,1,0,0,0,0,0,0,1,1,1,1,1
AnaBursac6,172,,1,0,0,1,0,0,0,0,0,0,0,0,0,0,0,0,0,0,0,0,0
samthesnkwman,171,,1,1,0,0,0,0,0,0,0,0,0,0,0,0,0,0,0,0,0,0,0
ixtland,171,,10,1,0,0,1,0,0,0,1,1,1,0,0,0,0,0,1,1,1,1,1
glngila,171,,2,0,0,0,0,0,0,0,0,0,0,0,0,0,0,0,0,0,1,0,1
feribibak,171,,2,0,0,1,0,0,0,0,0,0,0,0,0,0,0,0,0,1,0,0,0
cobian_heula,171,,1,0,0,0,0,0,0,0,0,0,0,1,0,0,0,0,0,0,0,0,0
SidRG87,171,,1,0,0,0,0,0,0,0,0,0,1,0,0,0,0,0,0,0,0,0,0
SaintBobby5,171,,2,0,0,0,0,0,0,0,0,0,1,1,0,0,0,0,0,0,0,0,0
Kauan97186787,171,,13,1,0,1,0,1,0,1,1,1,1,1,1,0,0,1,1,1,0,0,1
IziaFrank,171,,1,0,0,0,0,0,1,0,0,0,0,0,0,0,0,0,0,0,0,0,0
Furnace_roofho,171,,1,0,0,0,0,0,0,0,1,0,0,0,0,0,0,0,0,0,0,0,0
Freeedom30,171,,9,0,1,0,0,0,0,1,1,1,1,0,0,0,1,0,1,0,1,0,1
FlyingPhant,171,,5,0,0,0,0,0,0,0,0,1,1,1,1,0,0,0,1,0,0,0,0
CactusMoonStar,171,,2,0,1,0,0,0,0,0,0,0,0,0,0,0,0,0,0,0,1,0,0
BeachHaven16,171,,9,0,1,1,1,1,0,0,0,1,1,0,1,1,0,0,0,0,0,1,0
Ali048752360421,171,,8,0,0,0,0,0,0,1,0,0,1,1,1,1,1,0,0,0,1,0,1
zolan378,170,,3,0,0,0,0,0,0,0,1,0,1,0,0,0,0,0,0,0,0,0,1
thfAli9thy,170,,1,0,0,0,1,0,0,0,0,0,0,0,0,0,0,0,0,0,0,0,0
syedsaadsami,170,,1,0,0,0,0,0,0,0,0,0,0,1,0,0,0,0,0,0,0,0,0
reborn_444,170,,11,1,0,0,0,1,1,0,1,0,1,0,1,1,1,0,1,1,0,0,1
ocean_7sea,170,,1,0,0,0,0,0,0,0,0,0,0,0,0,0,0,0,0,0,0,0,1
mohdrameezanas,170,,1,0,0,0,0,0,0,0,0,0,0,0,1,0,0,0,0,0,0,0,0
mhm_ata,170,,6,0,0,1,0,0,0,1,0,1,0,0,0,0,0,1,0,1,0,0,1
k_koosha,170,,1,0,0,0,0,0,1,0,0,0,0,0,0,0,0,0,0,0,0,0,0
ZahraaAlBatoul1,170,,1,0,0,0,0,0,0,0,1,0,0,0,0,0,0,0,0,0,0,0,0
Rihan1719,170,,1,0,0,0,0,0,0,0,0,0,0,0,0,0,0,0,0,0,1,0,0
Mzzeeee,170,,2,0,0,0,0,0,0,0,0,0,0,0,0,1,1,0,0,0,0,0,0
Moslemsharifi6,170,,1,0,0,0,1,0,0,0,0,0,0,0,0,0,0,0,0,0,0,0,0
Marias2583,170,,1,0,0,0,0,0,0,0,0,0,0,0,0,0,0,0,0,0,0,0,1
Farwawah,170,,1,0,0,0,0,0,0,1,0,0,0,0,0,0,0,0,0,0,0,0,0
EricDemassieux,170,,5,0,0,0,0,0,0,0,1,1,1,1,0,0,0,0,0,0,0,1,0
Alende70,170,,6,1,0,1,0,0,0,1,0,0,0,1,1,0,0,0,1,0,0,0,0
AHODLERAHODLER,170,,1,0,0,0,0,0,0,0,0,0,0,1,0,0,0,0,0,0,0,0,0
2Hadisalami,170,,1,0,0,0,0,0,0,0,0,0,0,0,0,0,0,1,0,0,0,0,0
thebirdwolf,169,,1,0,0,0,0,0,0,0,0,0,0,0,0,0,0,0,0,1,0,0,0
rafiei_yousef,169,,5,0,0,0,0,1,1,0,0,0,0,1,0,0,0,0,0,0,1,0,1
r1_richter,169,,5,0,0,0,0,0,0,1,0,1,0,0,0,0,0,1,0,1,1,0,0
quds_2026,169,,1,0,0,0,0,0,0,0,0,0,0,0,0,0,0,1,0,0,0,0,0
konxsoul,169,,1,0,0,0,0,0,0,0,0,0,0,0,0,0,0,0,0,0,0,0,1
ibnjihad94_2,169,,1,0,0,0,0,0,0,0,0,0,0,0,1,0,0,0,0,0,0,0,0
haque_saz,169,,1,0,0,0,0,0,0,0,0,0,0,0,0,0,0,1,0,0,0,0,0
hamidkh13249665,169,,1,0,0,0,0,0,0,0,0,0,0,0,0,0,0,0,0,0,0,1,0
gautama2508,169,,1,0,0,0,0,0,0,0,0,0,1,0,0,0,0,0,0,0,0,0,0
faraz_as_fas,169,,1,0,0,0,0,0,0,0,0,0,0,0,0,0,0,0,0,1,0,0,0
erjamaludeen,169,,2,0,0,0,0,0,0,0,0,0,0,1,0,0,0,0,0,0,1,0,0
deshaqur,169,,2,1,0,0,0,0,0,0,0,1,0,0,0,0,0,0,0,0,0,0,0
chumba_tubthump,169,,3,0,0,0,0,0,1,0,1,1,0,0,0,0,0,0,0,0,0,0,0
beverlyray8700,169,,3,0,0,0,0,0,1,1,0,0,1,0,0,0,0,0,0,0,0,0,0
azharmosvi,169,,3,0,0,0,0,0,0,1,0,1,0,0,0,0,0,0,0,1,0,0,0
Patrici05952748,169,,1,0,0,0,0,0,0,0,0,0,0,0,1,0,0,0,0,0,0,0,0
kaaaseer09,168,,1,0,0,0,0,0,0,0,0,0,0,0,0,0,0,1,0,0,0,0,0
jasonstone62591,168,,1,0,0,0,0,0,0,0,0,0,0,0,0,0,0,1,0,0,0,0,0
jamesmuya19,168,,1,0,0,0,0,0,0,0,0,0,1,0,0,0,0,0,0,0,0,0,0
arunkj78,168,,1,0,0,0,0,0,0,0,0,0,0,0,0,0,0,0,0,0,0,1,0
alxgutti,168,,7,0,1,0,0,0,0,0,0,1,0,0,0,0,0,1,1,1,1,0,1
_MortezaFarokhi,168,,3,0,0,0,0,0,0,0,0,0,0,0,1,1,1,0,0,0,0,0,0
YB1OO,168,,1,0,1,0,0,0,0,0,0,0,0,0,0,0,0,0,0,0,0,0,0
Shivamu99,168,,4,1,0,0,0,0,1,0,0,0,1,0,0,0,0,0,0,0,1,0,0
RazanAhamed6,168,,10,0,0,0,0,1,1,1,1,1,1,1,1,0,0,0,1,0,0,0,1
RainbowRoadHell,168,,1,0,0,0,0,0,0,0,0,1,0,0,0,0,0,0,0,0,0,0,0
MeysamKamali88,168,,1,0,0,0,0,0,0,0,0,0,0,0,0,1,0,0,0,0,0,0,0
Memo70744785,168,,2,0,0,1,0,0,0,0,0,0,0,0,0,0,0,0,0,1,0,0,0
Hassan98947735,168,,3,0,0,0,0,0,1,1,1,0,0,0,0,0,0,0,0,0,0,0,0
AYBey3,168,,4,0,0,0,0,0,0,0,0,1,1,0,0,0,0,0,0,0,1,1,0
skhwndrs,167,,1,0,0,0,0,0,1,0,0,0,0,0,0,0,0,0,0,0,0,0,0
rehanabbas110,167,,1,0,0,0,0,0,0,0,0,0,0,0,0,0,1,0,0,0,0,0,0
parastoyekhoda,167,,1,0,0,0,0,0,1,0,0,0,0,0,0,0,0,0,0,0,0,0,0
haiderali67,167,,1,0,0,0,0,0,0,0,0,0,1,0,0,0,0,0,0,0,0,0,0
adnanyaqoobmir,167,,1,0,0,0,0,0,0,1,0,0,0,0,0,0,0,0,0,0,0,0,0
Threegale,167,,3,0,0,0,0,0,0,0,0,0,0,0,1,1,1,0,0,0,0,0,0
RRahim71112324,167,,1,0,0,0,0,1,0,0,0,0,0,0,0,0,0,0,0,0,0,0,0
PBacsi,167,,1,0,0,0,0,0,1,0,0,0,0,0,0,0,0,0,0,0,0,0,0
Omega247omega,167,,1,0,0,0,0,0,0,0,0,0,0,0,0,1,0,0,0,0,0,0,0
NaturindaHaruna,167,,10,0,1,1,0,0,0,0,1,1,1,1,1,0,0,0,1,1,1,0,0
Manish0904,167,,3,0,0,0,0,0,0,0,0,0,1,1,0,1,0,0,0,0,0,0,0
LibanPalestine,167,,4,0,0,0,0,0,1,0,1,0,1,0,0,0,0,1,0,0,0,0,0
HussainMrhash,167,,4,0,1,0,0,1,1,0,0,1,0,0,0,0,0,0,0,0,0,0,0
Hhelmi011,167,,1,0,0,0,0,0,1,0,0,0,0,0,0,0,0,0,0,0,0,0,0
FISHINGOUTDOOR8,167,,2,0,0,0,0,0,1,0,0,0,0,1,0,0,0,0,0,0,0,0,0
DrPill_fgc,167,,1,0,0,0,0,0,0,0,0,0,0,0,0,0,0,0,0,0,0,0,1
DPinLB,167,,2,0,0,0,0,0,0,0,0,1,0,0,0,0,0,0,0,0,1,0,0
Botafogo7,167,,3,0,1,0,0,0,1,0,0,0,0,0,0,0,0,0,0,0,0,0,1
usef_bijani,166,,1,0,0,0,0,0,0,0,0,0,0,0,0,0,0,0,0,0,1,0,0
nerdypatcat,166,,1,0,0,0,0,0,0,0,0,0,0,0,0,0,0,0,0,0,0,0,1
momo_hitch,166,,1,0,0,0,0,0,0,0,0,0,0,0,0,0,0,0,0,0,1,0,0
k_s191920464,166,,3,0,0,1,0,0,0,0,0,0,0,1,1,0,0,0,0,0,0,0,0
ishaque182,166,,4,0,1,0,0,0,1,1,1,0,0,0,0,0,0,0,0,0,0,0,0
iranistani,166,,2,0,0,0,0,1,0,0,0,0,0,0,0,0,0,0,0,0,0,0,1
ersalir_ibo63,166,,2,0,0,0,0,0,0,0,0,1,0,0,0,0,0,0,1,0,0,0,0
YasirMalikOG,166,,2,0,0,0,0,0,0,0,0,0,0,0,0,1,0,0,0,1,0,0,0
ThaGrayOwl,166,,2,0,0,0,0,0,1,0,0,0,0,0,0,0,0,0,0,0,0,0,1
Sh3bo74,166,,1,0,0,0,0,0,0,0,0,0,0,0,0,0,0,0,0,0,0,0,1
SalafislayerFN,166,,1,0,0,0,0,0,0,0,0,0,0,0,0,0,0,0,0,0,1,0,0
Intro1871,166,,1,0,0,0,0,0,0,0,0,0,0,0,0,0,0,0,0,0,0,0,1
IamRafil,166,,1,0,0,0,0,0,0,0,0,0,0,0,0,0,0,0,0,0,0,0,1
FCZSILV,166,,1,0,0,0,0,0,1,0,0,0,0,0,0,0,0,0,0,0,0,0,0
Balochgaming074,166,,3,0,0,0,0,0,0,0,0,1,0,0,1,0,0,0,1,0,0,0,0
AfschinS,166,,16,1,1,1,1,1,1,1,1,1,1,1,1,1,0,0,1,0,1,1,0
ABDULLA44595298,166,,1,0,0,0,0,0,0,0,0,1,0,0,0,0,0,0,0,0,0,0,0
yyazdanparast,165,,1,0,0,0,0,0,0,0,0,0,0,0,0,0,0,0,0,0,1,0,0
syedaealiy,165,,1,0,0,0,0,0,0,0,1,0,0,0,0,0,0,0,0,0,0,0,0
sajadsaaki82,165,,1,0,0,0,0,0,0,0,0,0,0,0,0,0,0,0,0,0,1,0,0
saintsareer,165,,3,0,0,0,0,0,1,0,0,1,1,0,0,0,0,0,0,0,0,0,0
saedi_ha,165,,5,0,0,0,0,0,0,1,0,0,0,0,1,1,1,0,0,0,1,0,0
phantasm_067,165,,1,0,0,0,0,0,0,0,0,0,1,0,0,0,0,0,0,0,0,0,0
moduyuqiao,165,,1,0,0,0,0,0,1,0,0,0,0,0,0,0,0,0,0,0,0,0,0
leonidasmuj,165,,16,1,1,0,0,1,1,1,1,1,1,1,1,0,0,1,1,1,1,1,1
arefyazdanii,165,,3,0,0,0,0,0,0,0,0,0,0,1,0,1,1,0,0,0,0,0,0
TomCat41175877,165,,2,0,1,0,0,0,0,0,0,0,0,0,0,0,0,0,0,0,1,0,0
ShajadRana3,165,,1,0,0,0,0,0,0,0,0,0,0,0,0,1,0,0,0,0,0,0,0
Rasmenselah,165,,1,0,0,0,1,0,0,0,0,0,0,0,0,0,0,0,0,0,0,0,0
Jnoube2000,165,,1,0,0,0,0,0,0,0,0,0,0,0,0,0,0,1,0,0,0,0,0
HassaanMHB,165,,4,0,0,0,0,0,0,0,1,1,1,0,0,1,0,0,0,0,0,0,0
GenclikFani,165,,2,0,0,0,0,0,0,0,0,0,0,0,0,1,0,0,1,0,0,0,0
AhirFilozofu,165,,4,0,0,0,1,0,0,0,1,1,0,0,0,1,0,0,0,0,0,0,0
AM_Litoo,165,,1,0,0,0,0,0,0,0,0,0,0,0,1,0,0,0,0,0,0,0,0
zainmerchant,164,,15,1,1,1,1,1,1,1,1,1,1,1,0,1,0,0,1,0,0,1,1
water_the_ficus,164,,1,0,0,0,0,0,1,0,0,0,0,0,0,0,0,0,0,0,0,0,0
t0m_bayeye,164,,2,0,1,0,0,0,0,0,0,1,0,0,0,0,0,0,0,0,0,0,0
noruleswrites,164,,2,0,0,0,0,0,0,0,0,0,1,0,0,0,0,0,0,1,0,0,0
memiscme,164,,3,0,0,0,0,0,0,0,0,0,1,0,1,1,0,0,0,0,0,0,0
kobybeambeam,164,,2,1,0,0,0,0,0,0,0,0,0,0,0,0,0,0,0,0,0,0,1
inxtu,164,,1,0,0,0,0,0,0,0,0,0,0,0,0,0,0,0,0,0,0,0,1
hassan_ibr86533,164,,1,0,0,0,0,0,0,0,0,0,0,0,0,0,0,0,0,0,0,1,0
damesheq,164,,1,0,0,0,0,1,0,0,0,0,0,0,0,0,0,0,0,0,0,0,0
amberqueen72950,164,,7,1,0,1,1,0,0,1,1,1,0,0,0,0,0,0,0,0,0,0,1
_m_a_h_y_a_m,164,,1,0,0,0,0,0,0,0,0,0,0,0,0,0,0,0,0,0,1,0,0
Vatanse64478152,164,,1,0,0,0,0,0,1,0,0,0,0,0,0,0,0,0,0,0,0,0,0
SeyedHosei87229,164,,1,0,0,0,0,0,0,0,0,0,0,0,0,0,0,1,0,0,0,0,0
Mohamma60915289,164,,1,0,0,0,0,0,1,0,0,0,0,0,0,0,0,0,0,0,0,0,0
Ghotbsharif,164,,1,0,0,0,0,0,0,0,0,0,0,0,0,1,0,0,0,0,0,0,0
Babacanlar58,164,,1,0,0,0,0,0,0,0,0,0,0,0,0,1,0,0,0,0,0,0,0
1RealWorldNews,164,,1,0,0,0,0,0,1,0,0,0,0,0,0,0,0,0,0,0,0,0,0
silenssermo,163,,5,0,0,0,0,0,0,0,0,1,1,0,0,1,1,0,0,1,0,0,0
ryanan1,163,,1,0,0,0,0,0,0,0,0,0,0,0,0,0,0,0,0,1,0,0,0
mischimu28,163,,3,0,0,0,0,0,1,0,1,0,0,0,0,0,0,0,1,0,0,0,0
margoliiiii,163,,3,0,0,0,0,0,0,0,0,0,0,0,0,0,0,0,0,1,0,1,1
latak667,163,,5,1,0,1,0,1,0,0,0,0,1,1,0,0,0,0,0,0,0,0,0
edreisantafe,163,,1,0,0,0,0,0,0,0,0,0,0,0,0,0,0,0,0,0,1,0,0
TheShoaibAjaz,163,,1,0,0,0,0,0,0,0,0,0,0,0,0,0,0,0,0,0,1,0,0
NeeeNFawaz,163,,1,0,0,0,0,0,0,0,1,0,0,0,0,0,0,0,0,0,0,0,0
MacJohannAzreal,163,,2,0,0,0,0,0,0,0,0,1,1,0,0,0,0,0,0,0,0,0,0
JAVELINJOKER,163,,1,0,0,0,0,0,0,0,0,0,0,0,0,1,0,0,0,0,0,0,0
Ibrahim23097266,163,,1,0,0,0,0,0,0,0,0,0,0,0,0,1,0,0,0,0,0,0,0
GregorSamsa9999,163,,2,0,0,0,0,0,0,0,0,0,0,0,0,1,0,0,0,0,1,0,0
Abdh77700,163,,1,0,0,0,0,0,0,0,0,0,0,0,1,0,0,0,0,0,0,0,0
soldier_man54,162,,4,0,0,0,0,0,0,0,0,1,1,0,0,0,0,0,0,1,1,0,0
retrotide90,162,,1,0,0,0,0,0,0,0,0,1,0,0,0,0,0,0,0,0,0,0,0
ian_ihiga,162,,1,0,0,0,0,0,0,0,1,0,0,0,0,0,0,0,0,0,0,0,0
hamedywsfiyan,162,,1,0,0,0,0,0,1,0,0,0,0,0,0,0,0,0,0,0,0,0,0
aggrey_agata,162,,1,0,0,0,0,0,0,0,0,0,0,0,0,0,0,0,0,0,0,0,1
TrailOfJ,162,,1,0,0,0,0,0,0,0,0,0,0,0,0,0,0,0,1,0,0,0,0
Son_of_Sankara,162,,1,0,0,0,0,0,0,0,0,0,0,0,0,0,0,0,0,0,1,0,0
Serkan179664,162,,1,0,0,0,0,0,0,0,0,0,1,0,0,0,0,0,0,0,0,0,0
N44Kba,162,,1,0,0,0,0,0,0,0,0,0,0,0,1,0,0,0,0,0,0,0,0
MohdAna66875373,162,,2,0,0,0,0,0,1,0,0,0,0,0,0,0,0,0,0,0,1,0,0
MohammedRefat_,162,,1,0,0,0,0,0,1,0,0,0,0,0,0,0,0,0,0,0,0,0,0
Jahiruddinlask6,162,,1,0,0,0,0,0,0,0,0,1,0,0,0,0,0,0,0,0,0,0,0
EaVaN168,162,,4,0,0,0,0,1,0,0,0,0,1,1,0,1,0,0,0,0,0,0,0
CulturaVitae,162,,1,0,0,0,0,0,0,1,0,0,0,0,0,0,0,0,0,0,0,0,0
saifnezam,161,,1,0,0,0,0,0,0,0,0,0,0,0,0,0,0,0,0,1,0,0,0
mhmd_bo42111,161,,1,0,0,0,0,0,0,0,0,0,0,0,0,0,0,1,0,0,0,0,0
lov9a,161,,2,0,0,0,0,0,1,0,0,0,0,0,0,0,0,1,0,0,0,0,0
kd_pedro,161,,2,0,0,0,0,0,0,0,0,1,1,0,0,0,0,0,0,0,0,0,0
jazireh1001,161,,1,0,0,0,0,0,0,0,0,0,0,0,0,0,0,0,0,0,1,0,0
himbo_enthusias,161,,1,0,0,0,0,0,1,0,0,0,0,0,0,0,0,0,0,0,0,0,0
factfin91637037,161,,2,0,0,1,0,0,0,0,0,0,0,0,1,0,0,0,0,0,0,0,0
cyril_whea88367,161,,1,0,1,0,0,0,0,0,0,0,0,0,0,0,0,0,0,0,0,0,0
az43760566,161,,1,0,0,0,0,0,0,0,0,0,0,0,0,1,0,0,0,0,0,0,0
Palacio0077,161,,10,0,0,0,1,0,1,0,1,0,1,0,1,1,0,0,1,1,0,1,1
Morora_papa,161,,4,0,0,0,0,0,0,0,0,1,1,0,0,0,0,0,0,1,1,0,0
MohammadTamemi,161,,1,0,0,0,0,0,0,0,0,0,0,0,0,0,0,0,0,0,0,1,0
Moh76415,161,,1,0,0,0,0,0,0,1,0,0,0,0,0,0,0,0,0,0,0,0,0
MeriJindri,161,,3,0,0,0,0,0,0,0,0,0,0,0,0,1,0,0,0,0,0,1,1
Mayrin4321,161,,2,0,0,0,0,0,0,1,0,0,1,0,0,0,0,0,0,0,0,0,0
Fariborzia,161,,1,0,0,0,0,0,0,0,0,0,0,0,0,0,0,0,0,1,0,0,0
Endevior,161,,1,0,0,0,0,0,0,0,0,0,1,0,0,0,0,0,0,0,0,0,0
xixiltik,160,,1,0,0,0,0,0,0,0,0,1,0,0,0,0,0,0,0,0,0,0,0
masiha__,160,,2,0,0,0,0,0,0,0,0,0,0,0,0,1,1,0,0,0,0,0,0
mahdi14240,160,,3,0,0,0,0,1,0,0,0,1,0,0,0,1,0,0,0,0,0,0,0
kazmandoit,160,,6,0,0,0,0,0,0,1,0,1,0,1,0,1,1,0,0,1,0,0,0
hindurashtar25,160,,1,0,0,0,0,0,0,0,0,0,0,0,0,0,0,0,0,0,0,0,1
hameedk2005,160,,6,0,1,0,0,0,0,1,0,1,1,1,0,0,0,1,0,0,0,0,0
edith90rickards,160,,1,0,0,0,0,0,0,0,0,0,0,0,0,0,0,0,1,0,0,0,0
baffiahb,160,,1,0,0,0,0,0,0,0,0,0,0,0,0,0,0,0,0,0,1,0,0
axismena,160,,2,0,0,0,0,0,0,0,0,0,1,0,0,0,0,0,0,0,0,1,0
awrup_i,160,,4,0,0,0,0,0,0,1,0,1,0,0,1,1,0,0,0,0,0,0,0
alibiafari16400,160,,9,0,0,1,1,0,1,0,0,1,1,1,1,0,0,0,0,1,1,0,0
SusaiPrince,160,,5,1,0,0,0,0,1,1,0,0,1,0,0,1,0,0,0,0,0,0,0
Sunrise020120,160,,1,0,0,0,0,0,0,0,0,0,0,1,0,0,0,0,0,0,0,0,0
Military_ir,160,,3,0,0,0,0,0,0,0,1,0,0,0,0,0,1,0,0,0,1,0,0
Mahmood70269468,160,,6,0,0,0,0,0,0,0,0,0,0,1,0,1,0,0,1,0,1,1,1
Grog_IsGood,160,,1,0,0,0,0,0,0,0,1,0,0,0,0,0,0,0,0,0,0,0,0
GivePeaceChanse,160,,1,0,0,0,0,0,0,0,0,0,0,0,0,1,0,0,0,0,0,0,0
Adrian205151256,160,,1,0,0,0,0,0,0,0,0,0,0,0,0,0,0,0,0,0,0,0,1
think4myself7,159,,2,0,0,0,0,0,0,1,0,0,0,1,0,0,0,0,0,0,0,0,0
newchallengerxx,159,,4,0,0,0,0,0,0,0,0,1,0,1,0,0,0,1,1,0,0,0,0
chazeroo67,159,,1,0,0,0,0,0,0,0,0,0,1,0,0,0,0,0,0,0,0,0,0
O_S813605,159,,7,0,1,1,0,1,1,1,0,0,0,0,0,1,1,0,0,0,0,0,0
NarasimmaNayaga,159,,6,0,0,0,0,0,1,1,0,1,1,0,0,0,0,0,0,1,0,0,1
Mona_Jaaan,159,,12,0,0,1,0,0,1,1,1,0,1,1,1,1,0,1,0,1,1,1,0
IlonieM73471,159,,1,0,0,0,0,0,0,0,0,0,1,0,0,0,0,0,0,0,0,0,0
HandiQuacksRule,159,,3,1,0,0,0,0,0,0,0,0,0,0,0,0,0,0,0,0,0,1,1
Gelayol1401,159,,3,0,1,0,0,0,0,0,0,0,0,0,0,1,1,0,0,0,0,0,0
FormlessWay,159,,2,0,0,0,0,0,0,0,0,0,0,0,0,0,0,0,1,1,0,0,0
CryptoSvenne,159,,12,0,0,0,0,0,1,0,1,1,1,1,1,1,0,0,1,1,1,1,1
BreedDivergent,159,,3,0,0,0,0,0,0,0,0,0,0,0,0,1,0,0,0,0,1,0,1
B1CDont0nAKZ9ll,159,,5,0,0,0,0,0,0,0,0,0,0,0,0,1,0,1,1,1,0,0,1
AndyIslington71,159,,1,0,0,0,0,0,0,0,0,0,0,0,0,0,0,0,0,1,0,0,0
Amberpsychic,159,,1,0,0,0,0,0,0,0,0,0,1,0,0,0,0,0,0,0,0,0,0
Abu_Al_Futuh1,159,,1,0,0,0,0,0,0,0,0,0,0,0,0,1,0,0,0,0,0,0,0
Abdoula73210608,159,,1,0,1,0,0,0,0,0,0,0,0,0,0,0,0,0,0,0,0,0,0
topofenix,158,,1,0,0,0,0,0,0,0,0,0,0,0,0,0,0,0,0,0,0,1,0
tiodiphub,158,,1,0,0,0,0,0,1,0,0,0,0,0,0,0,0,0,0,0,0,0,0
dias_adolf53436,158,,1,0,0,0,0,0,0,0,0,0,0,0,0,0,0,0,0,0,1,0,0
bsksahra,158,,1,0,0,0,0,0,0,0,0,0,0,1,0,0,0,0,0,0,0,0,0
avhanvhondo,158,,1,0,0,0,0,0,0,0,0,0,0,0,0,0,0,0,0,0,0,0,1
YoussefChamii,158,,1,0,0,0,0,0,0,0,0,0,0,0,0,0,0,0,0,1,0,0,0
TAMarti62748200,158,,3,0,0,0,0,0,0,0,0,1,1,0,0,0,0,0,1,0,0,0,0
NJIWASNEWS,158,,2,0,0,0,0,0,0,0,0,1,0,0,0,0,0,0,0,0,0,0,1
MartaMagico,158,,1,0,0,0,0,0,0,0,0,1,0,0,0,0,0,0,0,0,0,0,0
Mahta0246,158,,1,0,1,0,0,0,0,0,0,0,0,0,0,0,0,0,0,0,0,0,0
LacyLarrabee,158,,2,0,0,0,0,0,0,0,0,1,0,0,0,0,0,0,1,0,0,0,0
Faaname1,158,,1,0,0,0,0,0,0,0,0,0,0,0,0,0,0,0,0,1,0,0,0
DanishK78780142,158,,2,0,0,0,0,0,0,0,0,0,0,0,0,1,0,0,1,0,0,0,0
Bundsch90207916,158,,1,0,0,0,0,0,0,0,0,0,0,0,0,0,0,0,0,0,0,1,0
BasheerAhm32286,158,,2,0,0,0,0,0,0,0,0,0,0,0,0,0,0,1,0,0,0,1,0
AlabiOse,158,,1,0,0,0,0,0,0,0,0,0,1,0,0,0,0,0,0,0,0,0,0
shahsyedmuzami1,157,,1,0,0,0,0,0,0,0,0,0,0,0,0,0,0,0,0,1,0,0,0
jon_champ1366,157,,3,0,0,0,0,0,1,0,0,0,1,0,0,0,0,0,0,0,1,0,0
goatedwitit,157,,1,0,0,0,0,0,0,0,0,0,1,0,0,0,0,0,0,0,0,0,0
Yemeni_79,157,,1,0,0,0,0,0,0,0,0,0,0,0,0,0,0,1,0,0,0,0,0
Yasingl64222178,157,,3,0,0,0,0,0,0,0,0,0,1,0,0,1,0,0,1,0,0,0,0
Yalahabibi32177,157,,2,0,0,0,0,1,0,0,0,0,0,0,0,0,0,0,0,0,0,0,1
TruePromiseQuds,157,,1,0,0,0,0,0,0,0,0,0,0,0,0,0,0,0,0,0,1,0,0
Slumber_Season,157,,2,0,0,0,0,0,0,0,0,0,0,0,0,0,0,0,1,1,0,0,0
Seltsam34,157,,1,0,0,0,0,0,0,0,0,0,0,0,0,1,0,0,0,0,0,0,0
SawagashiiMirai,157,,1,0,0,0,0,0,0,0,0,0,1,0,0,0,0,0,0,0,0,0,0
Olivier_Weiss1,157,,1,0,0,0,0,0,0,0,0,0,0,0,0,0,0,0,0,1,0,0,0
Muhamma60872981,157,,3,0,0,0,0,0,0,0,1,1,0,0,0,0,0,0,0,0,0,0,1
MiMirali14,157,,3,1,1,0,0,0,0,0,0,0,0,0,0,0,0,0,0,0,0,0,1
MazisOpinioncom,157,,3,0,0,0,0,0,0,0,1,0,0,0,0,0,0,0,0,1,0,1,0
FurQanHaiDer121,157,,1,0,0,0,0,0,0,0,1,0,0,0,0,0,0,0,0,0,0,0,0
FoughtPiranhas,157,,6,0,0,0,0,0,1,0,0,0,1,0,0,0,0,1,1,0,1,0,1
As_is74,157,,1,0,0,0,0,0,0,0,0,0,0,0,0,0,0,0,0,0,1,0,0
AbdulbaqiEl,157,,2,0,0,1,0,1,0,0,0,0,0,0,0,0,0,0,0,0,0,0,0
zfrabady3687,156,,1,0,0,0,0,0,0,0,0,0,0,0,0,0,0,1,0,0,0,0,0
stardustPKi,156,,1,0,0,0,0,0,0,0,0,0,0,0,0,0,0,0,0,1,0,0,0
sonnden,156,,6,0,1,1,1,0,1,0,0,1,1,0,0,0,0,0,0,0,0,0,0
melsh73,156,,1,0,0,0,0,0,0,0,0,0,0,0,0,0,0,0,0,0,0,0,1
kind_guy20,156,,1,0,0,0,0,0,0,1,0,0,0,0,0,0,0,0,0,0,0,0,0
justmike341,156,,1,0,0,0,0,0,0,0,0,0,1,0,0,0,0,0,0,0,0,0,0
capitalica,156,,3,0,0,0,0,0,1,0,0,1,0,0,0,0,0,0,0,0,1,0,0
abrahamsan7ino,156,,3,0,0,0,0,1,1,0,0,0,0,0,0,0,0,0,0,0,0,0,1
TheLostMillenn3,156,,1,0,0,0,0,0,0,0,0,0,0,0,0,0,0,0,0,0,0,1,0
SyedAme07035382,156,,7,0,0,0,0,0,0,0,0,1,0,0,1,1,0,1,1,1,0,0,1
RealNBob,156,,3,0,0,0,0,0,0,0,0,0,0,0,1,0,0,0,1,0,1,0,0
RandomnMr,156,,1,0,1,0,0,0,0,0,0,0,0,0,0,0,0,0,0,0,0,0,0
KB4Can,156,,1,0,0,0,0,0,1,0,0,0,0,0,0,0,0,0,0,0,0,0,0
JorgeCartun,156,,1,0,0,0,0,0,0,0,0,0,0,0,0,0,0,0,0,0,0,0,1
GRINGOLOKO30653,156,,1,0,0,0,0,0,0,0,0,0,1,0,0,0,0,0,0,0,0,0,0
FoilingMothra,156,,3,0,0,0,0,0,1,0,0,0,0,0,0,0,0,1,1,0,0,0,0
BenTuyishime,156,,1,0,0,0,0,0,0,0,0,0,1,0,0,0,0,0,0,0,0,0,0
AydnZCAN1114461,156,,4,0,0,0,0,1,0,0,0,1,0,0,1,1,0,0,0,0,0,0,0
AliMurtaza736,156,,2,0,0,0,0,0,0,0,1,0,0,0,0,0,0,0,0,0,1,0,0
Ahmed50872398,156,,2,0,0,0,0,0,0,0,0,0,0,0,0,0,0,0,1,0,0,0,1
98RME,156,,1,0,0,0,0,0,1,0,0,0,0,0,0,0,0,0,0,0,0,0,0
45can67,156,,9,0,1,0,1,0,0,1,0,0,1,1,1,0,0,0,0,1,0,1,1
syedaliabbas41,155,,1,0,0,0,0,0,0,0,0,0,0,0,0,1,0,0,0,0,0,0,0
shah18769649,155,,2,1,0,0,0,0,0,0,0,0,0,0,0,0,0,0,1,0,0,0,0
mordab137,155,,1,0,0,0,0,0,0,0,0,0,0,0,0,0,0,0,0,0,1,0,0
mebrahimjafari,155,,1,0,0,0,0,0,0,0,0,0,0,0,0,0,0,0,0,0,1,0,0
hoobawank,155,,5,0,0,0,0,0,0,0,0,0,0,0,0,1,1,1,1,1,0,0,0
hamzaa804,155,,1,0,0,0,0,0,0,0,0,0,0,0,0,0,0,0,0,1,0,0,0
daewooginger,155,,1,0,0,0,0,0,0,0,0,0,0,0,0,0,0,0,0,0,0,0,1
bentolmostafa,155,,1,0,0,0,0,0,0,0,0,0,0,0,0,1,0,0,0,0,0,0,0
azureuddin,155,,1,0,0,0,0,0,0,0,0,0,0,0,0,0,0,1,0,0,0,0,0
alidpoor56,155,,1,0,0,0,0,0,0,0,1,0,0,0,0,0,0,0,0,0,0,0,0
Street_Seer,155,,1,0,0,0,0,0,0,0,0,0,0,0,0,0,0,0,0,1,0,0,0
Saniswayn1,155,,2,1,0,0,0,1,0,0,0,0,0,0,0,0,0,0,0,0,0,0,0
Otomonyo,155,,3,0,0,0,0,0,0,0,1,0,1,0,0,1,0,0,0,0,0,0,0
Nacerheam,155,,2,0,0,0,0,0,0,0,0,0,0,1,0,0,0,0,0,0,0,0,1
NaAzRoomam,155,,1,0,0,0,0,0,0,0,0,0,0,0,0,0,0,0,0,0,0,1,0
MockingWalter,155,,1,0,0,0,0,1,0,0,0,0,0,0,0,0,0,0,0,0,0,0,0
KIMROCK888,155,,1,0,0,0,0,0,0,0,0,0,0,0,0,0,0,0,0,0,0,0,1
JoharHussaiin,155,,1,1,0,0,0,0,0,0,0,0,0,0,0,0,0,0,0,0,0,0,0
IRGCN,155,,4,0,0,0,0,0,0,0,1,0,1,0,1,1,0,0,0,0,0,0,0
BitinoAi,155,,1,0,0,0,0,0,0,0,0,0,0,0,0,0,0,1,0,0,0,0,0
Aqal105158,155,,4,0,1,1,0,1,0,1,0,0,0,0,0,0,0,0,0,0,0,0,0
zehra251313,154,,1,0,0,0,0,0,0,1,0,0,0,0,0,0,0,0,0,0,0,0,0
sandip_vst,154,,1,0,0,0,0,0,0,0,0,0,0,0,1,0,0,0,0,0,0,0,0
owaisalibhat,154,,2,0,0,0,0,0,0,0,0,0,0,0,0,0,0,0,1,0,0,0,1
mohammadrkh,154,,1,0,0,0,0,0,0,0,0,0,0,0,0,0,0,0,0,0,1,0,0
mimaref0,154,,3,0,0,1,0,1,0,1,0,0,0,0,0,0,0,0,0,0,0,0,0
alibaba554888,154,,2,0,0,0,0,1,1,0,0,0,0,0,0,0,0,0,0,0,0,0,0
Turne12860Aidan,154,,2,0,0,0,0,0,0,0,0,0,0,0,0,1,1,0,0,0,0,0,0
StarGazerr54,154,,1,0,0,0,0,0,0,0,0,0,1,0,0,0,0,0,0,0,0,0,0
SafiKha09037328,154,,1,0,0,0,0,0,0,0,0,0,0,0,0,0,0,0,0,0,0,0,1
SaadanLashari,154,,1,0,0,0,1,0,0,0,0,0,0,0,0,0,0,0,0,0,0,0,0
SCOTUSLaw,154,,1,0,0,0,0,0,0,0,0,0,0,0,0,0,0,0,0,1,0,0,0
Ranasik53778697,154,,3,0,0,1,0,0,0,1,0,1,0,0,0,0,0,0,0,0,0,0,0
NoreenImran1,154,,6,0,0,0,0,0,1,0,0,1,1,0,1,1,0,0,0,0,0,0,1
Msy4110,154,,1,0,0,0,0,0,1,0,0,0,0,0,0,0,0,0,0,0,0,0,0
Mostafablue6788,154,,2,0,0,0,0,1,1,0,0,0,0,0,0,0,0,0,0,0,0,0,0
MehmetNGnal1,154,,2,0,0,0,0,0,1,0,0,1,0,0,0,0,0,0,0,0,0,0,0
KiaMilad,154,,1,0,0,0,0,0,0,0,0,0,0,0,0,0,0,0,0,1,0,0,0
Han_Anonymous,154,,1,0,0,0,0,0,0,1,0,0,0,0,0,0,0,0,0,0,0,0,0
FaizKamran,154,,2,0,0,0,0,0,0,0,0,0,0,0,0,0,0,0,0,0,1,0,1
DRREZAZADEH65,154,,2,0,0,0,0,1,1,0,0,0,0,0,0,0,0,0,0,0,0,0,0
Braavooos,154,,1,0,0,0,0,0,0,0,0,0,1,0,0,0,0,0,0,0,0,0,0
AliMunVasi,154,,1,0,0,0,0,0,0,0,0,0,0,0,0,0,0,0,0,1,0,0,0
AHp1583937,154,,2,0,0,0,0,0,0,0,0,0,0,0,0,0,0,0,0,1,1,0,0
ultimatediez,153,,1,0,0,0,0,0,0,0,0,0,0,0,0,0,0,0,0,1,0,0,0
nedensiz2112,153,,4,0,0,0,0,0,0,0,0,0,0,0,1,0,0,1,1,1,0,0,0
hamidrezaph66,153,,1,0,0,0,0,0,0,0,0,0,0,0,0,0,0,0,0,0,1,0,0
aneesu043,153,,2,0,0,0,0,0,0,0,1,0,0,0,0,0,0,0,0,1,0,0,0
_usseiin,153,,1,0,0,0,0,0,0,0,0,0,1,0,0,0,0,0,0,0,0,0,0
Zulfaqquar111,153,,9,0,0,0,0,1,1,0,0,1,0,0,1,0,0,1,1,1,1,0,1
MohsenS57,153,,4,0,0,0,0,1,0,0,0,0,1,1,1,0,0,0,0,0,0,0,0
JavedMusaGhazi1,153,,5,1,0,0,0,0,1,0,0,1,0,1,0,0,0,0,0,0,1,0,0
ElmaCryptos,153,,2,0,0,0,0,0,0,0,0,0,0,0,0,0,0,0,0,0,1,0,1
Abdulazeez92352,153,,1,0,0,0,0,0,1,0,0,0,0,0,0,0,0,0,0,0,0,0,0
palirising,152,,1,0,0,0,0,0,1,0,0,0,0,0,0,0,0,0,0,0,0,0,0
msaad05,152,,7,0,0,0,0,0,1,1,1,0,0,0,1,0,0,0,0,1,0,1,1
livefootball2,152,,1,0,0,0,0,0,0,1,0,0,0,0,0,0,0,0,0,0,0,0,0
ifaizanr,152,,2,0,0,0,0,0,0,0,0,0,0,0,0,0,0,0,0,1,0,0,1
bludibeast,152,,1,0,0,0,0,0,0,0,1,0,0,0,0,0,0,0,0,0,0,0,0
akiikanews,152,,1,0,0,0,0,0,1,0,0,0,0,0,0,0,0,0,0,0,0,0,0
Zafideru,152,,1,0,0,0,0,0,0,0,1,0,0,0,0,0,0,0,0,0,0,0,0
Qleezuldrmaah,152,,1,0,0,0,0,0,0,0,0,0,0,0,0,0,0,0,0,0,0,0,1
Olz792843236294,152,,7,0,0,1,0,1,1,0,1,0,1,0,0,1,0,0,0,0,0,0,1
ObserverR13,152,,2,0,0,0,0,0,0,0,0,0,1,0,0,0,0,0,0,0,1,0,0
Muhamma61107810,152,,1,0,0,0,0,0,0,0,0,0,0,0,0,0,0,0,0,1,0,0,0
Mohamad30338,152,,1,0,0,1,0,0,0,0,0,0,0,0,0,0,0,0,0,0,0,0,0
KomradAmirul,152,,1,0,0,1,0,0,0,0,0,0,0,0,0,0,0,0,0,0,0,0,0
GlobalMadinah,152,,4,0,0,0,0,0,1,0,0,0,0,0,0,1,1,0,0,0,0,1,0
CarlosV17201910,152,,1,0,0,0,0,0,0,0,0,0,0,0,0,0,0,1,0,0,0,0,0
Bella547810,152,,1,0,0,0,0,0,0,0,0,0,0,1,0,0,0,0,0,0,0,0,0
Andy_Tarkovsky,152,,1,0,0,0,0,0,0,0,0,0,0,0,0,0,0,0,1,0,0,0,0
89kwtdia,152,,1,0,0,0,0,1,0,0,0,0,0,0,0,0,0,0,0,0,0,0,0
tausifNZ,151,,1,0,0,0,0,0,0,0,0,0,0,0,0,0,0,0,0,1,0,0,0
sultaan1947,151,,5,0,0,0,0,0,0,0,0,0,0,0,0,1,0,1,0,1,1,0,1
sami01288,151,,1,0,0,0,0,0,0,0,1,0,0,0,0,0,0,0,0,0,0,0,0
rrose32866857,151,,1,0,0,0,0,0,0,0,0,0,0,0,0,0,0,0,0,0,0,0,1
purekyl0x,151,,1,0,0,0,0,0,0,0,0,0,0,0,0,0,0,0,0,1,0,0,0
mir_ruhullah1,151,,7,0,0,1,0,0,0,1,1,1,0,1,0,0,0,1,1,0,0,0,0
meinthelandofUz,151,,3,0,0,0,0,0,0,0,0,1,1,0,0,0,0,0,0,1,0,0,0
lc140809,151,,4,0,0,0,0,0,0,0,0,1,1,0,0,0,0,0,0,0,0,1,1
jitheshpattu,151,,1,0,0,0,0,0,0,0,0,0,0,0,1,0,0,0,0,0,0,0,0
irabeen,151,,1,0,0,0,0,0,0,0,0,1,0,0,0,0,0,0,0,0,0,0,0
hajmilad_mse,151,,1,0,0,0,0,0,1,0,0,0,0,0,0,0,0,0,0,0,0,0,0
d_balbirsingh,151,,2,0,0,0,0,0,0,0,0,0,0,0,0,0,0,0,0,0,1,1,0
SyedBukhar58963,151,,7,0,0,0,0,1,1,1,0,0,0,1,0,1,0,0,1,0,0,0,1
SaadaanT,151,,1,0,0,0,0,0,0,0,0,0,0,0,0,1,0,0,0,0,0,0,0
Mr_Usmanovic,151,,1,0,0,0,0,0,0,0,0,0,0,0,0,0,0,0,0,0,0,0,1
MajdanekPiano,151,,1,0,0,0,0,0,1,0,0,0,0,0,0,0,0,0,0,0,0,0,0
Khadija_ali27,151,,1,0,0,0,0,0,0,0,0,0,1,0,0,0,0,0,0,0,0,0,0
Fatem2girl,151,,1,0,0,0,0,0,1,0,0,0,0,0,0,0,0,0,0,0,0,0,0
Dom80994610,151,,1,0,0,0,0,0,0,0,0,0,1,0,0,0,0,0,0,0,0,0,0
AbolfazlGoriza,151,,11,0,1,0,1,1,1,1,1,1,0,1,0,1,0,0,1,0,1,0,0
AboAlrssas17688,151,,2,1,0,0,0,1,0,0,0,0,0,0,0,0,0,0,0,0,0,0,0
AJavikhattak,151,,1,0,0,0,0,0,0,0,0,0,0,0,0,0,0,1,0,0,0,0,0
1379_05_27,151,,1,0,0,0,0,0,0,0,0,0,1,0,0,0,0,0,0,0,0,0,0
tunc_mujdat,150,,6,0,0,0,0,0,1,1,0,1,0,0,0,1,0,0,1,0,0,0,1
nikoumouk2X,150,,1,0,0,0,0,0,0,0,0,0,0,0,0,0,0,0,0,0,1,0,0
meiisam_nd,150,,3,0,0,0,0,0,0,0,0,0,0,0,1,1,0,0,0,0,1,0,0
ibrahimzubair_,150,,5,1,0,0,1,0,0,1,1,1,0,0,0,0,0,0,0,0,0,0,0
hajet_ali,150,,1,0,0,0,0,0,0,0,0,1,0,0,0,0,0,0,0,0,0,0,0
gorza_riccardo,150,,2,0,0,0,0,0,0,0,0,0,0,0,0,0,0,0,0,1,1,0,0
gblancocampos,150,,4,0,0,0,0,0,1,1,0,0,0,0,0,1,0,1,0,0,0,0,0
bashiq92,150,,2,0,0,0,0,0,0,0,0,0,0,0,0,0,0,0,0,0,0,1,1
badrex1420,150,,1,0,0,0,0,0,1,0,0,0,0,0,0,0,0,0,0,0,0,0,0
atjan0,150,,2,0,0,0,0,0,1,0,0,0,0,0,0,1,0,0,0,0,0,0,0
VitariMute51123,150,,2,0,0,0,0,0,0,0,1,0,1,0,0,0,0,0,0,0,0,0,0
Tujays5,150,,1,0,0,0,0,0,1,0,0,0,0,0,0,0,0,0,0,0,0,0,0
ResistWW3,150,,13,0,1,0,0,1,1,0,1,1,1,1,1,1,1,1,0,1,1,0,0
MuslimArch,150,,1,0,0,0,0,0,0,0,0,0,0,0,0,0,0,1,0,0,0,0,0
Maxellm11,150,,2,0,0,0,0,0,1,0,0,0,0,0,1,0,0,0,0,0,0,0,0
MBGazapalestine,150,,3,0,0,0,0,0,0,0,0,0,0,0,0,0,0,0,0,1,1,1,0
KimGichunge,150,,1,0,0,0,0,0,0,0,0,1,0,0,0,0,0,0,0,0,0,0,0
JamesS488870957,150,,2,0,0,0,0,0,0,0,0,0,0,0,1,0,0,0,1,0,0,0,0
FarazFaridnia,150,,4,0,0,0,0,1,0,0,0,0,0,0,1,1,0,0,0,0,1,0,0
B8B11,150,,2,0,0,0,0,0,1,1,0,0,0,0,0,0,0,0,0,0,0,0,0
Adamuibrahimsa4,150,,2,0,0,0,0,0,0,0,1,1,0,0,0,0,0,0,0,0,0,0,0
zdeloyola,149,,1,0,0,0,0,0,0,0,0,0,0,0,0,0,0,0,0,1,0,0,0
soulawakened0,149,,3,0,0,0,0,0,0,0,0,0,1,0,0,1,0,0,0,1,0,0,0
saduq5,149,,1,0,0,0,0,0,0,0,0,0,0,0,0,0,0,0,0,0,1,0,0
odongo_billy,149,,5,0,0,0,0,0,1,0,0,1,1,0,0,1,0,0,0,1,0,0,0
marfiscarley,149,,4,0,1,0,1,0,0,0,0,1,0,0,0,0,0,0,0,1,0,0,0
hazebollah,149,,1,0,0,0,0,0,0,0,0,0,0,0,0,0,0,0,0,0,0,0,1
gonofgons,149,,2,0,0,0,0,0,0,0,0,0,0,0,1,1,0,0,0,0,0,0,0
fast_curius,149,,1,0,0,0,0,0,0,0,0,0,0,0,0,1,0,0,0,0,0,0,0
ali_ghafoori27,149,,1,0,0,0,0,0,0,0,0,0,0,0,0,0,0,0,0,0,1,0,0
__axxy__,149,,6,0,0,0,0,0,1,0,1,1,0,0,0,1,0,0,1,0,1,0,0
WorldWarTea4Me,149,,2,0,0,0,0,1,0,0,0,0,0,0,0,0,0,0,0,0,0,0,1
PaddingtonSoci1,149,,1,0,0,0,0,0,0,0,0,0,0,0,0,0,0,0,0,1,0,0,0
Orbel101,149,,1,0,0,0,0,0,0,0,0,0,0,0,0,0,0,0,0,1,0,0,0
MoCastsrznn,149,,1,0,0,0,0,0,0,0,0,0,0,0,0,0,0,0,0,0,0,1,0
Mmbrs0nlyVol2,149,,1,0,0,0,0,0,0,0,0,0,1,0,0,0,0,0,0,0,0,0,0
MedmadGE,149,,2,0,0,0,0,0,0,0,0,0,0,0,0,1,1,0,0,0,0,0,0
MastaliMahdi,149,,2,0,0,0,0,0,1,0,0,0,0,0,0,1,0,0,0,0,0,0,0
MashkurNaqvi,149,,7,0,1,0,0,0,1,1,0,0,1,0,1,1,0,0,0,1,0,0,0
LuisGar76999535,149,,1,0,0,0,0,0,1,0,0,0,0,0,0,0,0,0,0,0,0,0,0
Know__Cannabis,149,,8,0,0,0,0,0,1,0,0,1,1,1,0,0,0,1,0,1,1,0,1
Irfaanahmad17,149,,1,0,0,0,0,0,0,0,0,0,1,0,0,0,0,0,0,0,0,0,0
GustavoAlonsoPa,149,,3,0,0,0,0,0,1,0,0,0,0,0,0,1,0,1,0,0,0,0,0
Bd12121212121,149,,1,0,0,0,0,0,0,0,0,0,0,0,0,0,0,0,0,0,0,0,1
3733725378462_,149,,4,0,0,0,0,0,0,0,1,0,0,0,0,1,0,0,0,1,1,0,0
takeshi_na,148,,1,0,0,0,0,0,0,0,0,0,0,0,0,0,0,1,0,0,0,0,0
parande290968,148,,1,0,0,0,0,0,0,0,0,0,0,0,0,0,0,0,0,0,0,1,0
kunme01,148,,1,0,0,0,0,0,0,0,0,0,0,0,0,0,0,0,0,1,0,0,0
grey_white75,148,,1,0,0,0,0,0,0,0,0,0,0,0,1,0,0,0,0,0,0,0,0
chaledelazem,148,,3,0,0,0,0,0,0,1,0,0,1,1,0,0,0,0,0,0,0,0,0
bennypiermont03,148,,1,0,0,0,0,0,0,0,0,0,0,0,0,0,0,0,0,0,0,0,1
aliasadullah110,148,,1,0,0,0,0,0,0,0,0,0,0,0,0,0,0,0,0,0,0,0,1
abdrahmanBTC,148,,1,0,0,0,0,0,0,0,0,0,0,0,0,0,0,0,0,0,0,1,0
_distanthandle,148,,2,0,0,0,0,0,0,0,0,0,1,1,0,0,0,0,0,0,0,0,0
YoungLuke010,148,,1,0,0,0,0,0,0,0,0,0,1,0,0,0,0,0,0,0,0,0,0
TechnoAnomie,148,,3,0,0,0,0,0,1,0,0,0,0,0,1,0,0,0,0,0,1,0,0
Short_Strangle5,148,,1,0,0,0,0,0,1,0,0,0,0,0,0,0,0,0,0,0,0,0,0
RevengeofManny,148,,1,0,0,0,0,0,0,0,0,0,0,0,0,0,0,1,0,0,0,0,0
QKhan3461,148,,1,0,0,0,0,0,0,0,0,0,0,0,0,0,0,0,0,0,0,1,0
LassPiq,148,,11,1,0,0,1,0,1,1,1,1,0,1,1,0,0,0,0,0,1,1,1
IamJunaid169,148,,6,0,0,0,0,0,0,1,0,1,1,1,0,1,0,0,0,0,0,0,1
Gotyou5544,148,,1,0,0,0,0,0,0,0,0,0,1,0,0,0,0,0,0,0,0,0,0
Enrique13053339,148,,1,0,0,0,0,0,0,0,0,0,0,0,0,0,0,0,0,0,1,0,0
BABINJOSE,148,,1,0,0,0,0,0,0,0,0,0,0,0,0,0,0,1,0,0,0,0,0
AliAsgher275506,148,,8,1,1,0,0,1,1,1,1,0,0,0,0,0,0,0,0,0,0,1,1
ryan00o_24,147,,5,1,0,0,0,0,1,0,1,1,0,0,0,1,0,0,0,0,0,0,0
reza_dezfuli,147,,1,0,0,0,0,0,0,0,0,0,1,0,0,0,0,0,0,0,0,0,0
mohamme55851573,147,,1,0,0,0,0,0,0,0,0,0,0,0,0,0,0,0,0,0,0,0,1
mkzamanifard,147,,1,0,0,0,0,0,0,0,0,0,0,1,0,0,0,0,0,0,0,0,0
miri_sayeh,147,,1,0,0,0,0,0,0,1,0,0,0,0,0,0,0,0,0,0,0,0,0
koldfaze,147,,1,0,0,0,0,0,0,0,0,0,1,0,0,0,0,0,0,0,0,0,0
hussein_nasser9,147,,2,1,0,0,0,0,0,0,0,0,0,0,0,0,0,0,0,0,1,0,0
farkingralph,147,,3,0,0,0,0,0,0,0,0,0,0,0,0,0,0,0,0,1,1,1,0
devrimcisofi,147,,3,1,0,0,0,0,0,0,1,1,0,0,0,0,0,0,0,0,0,0,0
ashkan00098,147,,1,0,0,0,0,0,0,0,0,0,0,0,0,0,0,0,0,0,1,0,0
ahmadshahzad282,147,,1,0,0,0,0,0,0,0,0,0,0,0,0,0,0,0,0,1,0,0,0
SofiaSofiaa176,147,,1,0,0,0,0,0,0,0,1,0,0,0,0,0,0,0,0,0,0,0,0
ShabaniFp,147,,2,0,0,0,0,0,0,1,0,0,1,0,0,0,0,0,0,0,0,0,0
SCAPPodcast,147,,1,0,0,0,0,0,0,0,0,0,0,0,0,0,0,0,0,0,1,0,0
Pisicaaaaa,147,,1,0,0,0,0,0,0,0,0,0,0,0,0,0,0,0,0,0,0,0,1
MGobryas,147,,3,1,0,0,1,0,0,1,0,0,0,0,0,0,0,0,0,0,0,0,0
HoseinAqajany,147,,1,0,0,0,0,0,0,0,0,0,0,0,0,0,0,0,1,0,0,0,0
Hassansandhu24,147,,1,0,0,0,0,0,0,0,0,0,0,0,0,0,0,1,0,0,0,0,0
Baarrientosp,147,,2,0,0,0,0,0,1,0,0,0,0,0,0,0,0,1,0,0,0,0,0
AssadpourZaa,147,,1,0,0,0,0,0,0,0,0,0,0,0,0,0,0,0,0,0,0,0,1
seyittsavurgan,146,,2,0,0,0,1,0,0,1,0,0,0,0,0,0,0,0,0,0,0,0,0
ox1d3x3,146,,1,0,0,0,0,0,0,0,0,0,0,0,0,0,0,0,1,0,0,0,0
mahsashsa,146,,1,0,0,0,0,0,0,0,0,0,0,0,0,0,0,0,0,0,1,0,0
life_ofPapi,146,,1,0,0,0,0,0,0,0,0,0,0,0,0,0,0,0,0,0,0,0,1
aghamoalem_ir,146,,1,0,0,0,0,0,0,0,0,0,0,0,0,0,0,1,0,0,0,0,0
Ziyakhala01,146,,10,1,1,0,0,0,1,1,1,1,1,0,0,0,1,0,1,0,0,0,1
PrinceAli588318,146,,1,0,0,0,0,0,0,0,0,0,0,0,0,0,0,0,0,0,1,0,0
Pixel______0,146,,4,0,0,0,0,0,0,0,1,0,1,0,0,0,0,0,0,1,0,0,1
Persian_Canada,146,,1,0,0,0,0,0,0,0,0,0,0,1,0,0,0,0,0,0,0,0,0
Mikhail99134060,146,,5,0,0,0,1,1,1,1,0,0,0,0,0,0,0,0,0,0,0,0,1
Lehonkarimi,146,,2,0,0,0,0,0,1,0,1,0,0,0,0,0,0,0,0,0,0,0,0
JaviCheiz,146,,1,0,0,0,0,0,0,0,0,0,0,0,0,0,0,0,0,0,0,0,1
CarguyHKN,146,,12,0,0,1,0,1,1,0,1,1,1,0,1,1,0,0,0,1,1,1,1
BlasTormo,146,,1,0,0,0,0,0,1,0,0,0,0,0,0,0,0,0,0,0,0,0,0
Asif_ak_Shah,146,,5,0,0,0,0,0,0,1,0,0,1,1,1,0,0,0,0,1,0,0,0
ArdentStubborn,146,,1,0,0,0,0,0,0,0,0,1,0,0,0,0,0,0,0,0,0,0,0
AKHMADSILA1,146,,1,0,0,0,0,0,1,0,0,0,0,0,0,0,0,0,0,0,0,0,0
sup2024nBeyond,145,,7,0,0,0,0,0,0,0,1,1,1,0,1,1,0,0,0,0,0,1,1
sahar385462,145,,2,0,0,0,0,0,0,1,0,0,0,0,0,0,0,0,0,0,0,0,1
robz53047,145,,1,0,0,0,0,0,0,0,0,0,0,0,0,0,0,0,0,0,0,0,1
niphozondi08,145,,2,0,0,0,0,0,0,0,0,0,0,0,1,0,0,0,0,1,0,0,0
muhammadalileg2,145,,12,0,1,0,0,1,0,1,1,0,0,1,0,1,1,1,1,1,1,0,1
kidXOR,145,,1,0,0,0,0,0,0,0,0,0,0,0,0,0,0,0,0,0,0,0,1
hd2352,145,,1,0,0,0,0,0,0,0,0,0,0,0,0,0,0,0,0,1,0,0,0
habi_bac,145,,1,1,0,0,0,0,0,0,0,0,0,0,0,0,0,0,0,0,0,0,0
defenestrated22,145,,1,0,0,0,0,0,0,0,0,1,0,0,0,0,0,0,0,0,0,0,0
captain_k11,145,,3,0,0,0,0,0,1,0,1,0,1,0,0,0,0,0,0,0,0,0,0
NitsTrade,145,,3,0,1,0,0,0,0,0,0,1,0,0,1,0,0,0,0,0,0,0,0
Msquaree_,145,,2,0,0,0,0,0,0,0,0,1,0,0,0,0,0,0,1,0,0,0,0
Mrmahmood313,145,,1,0,0,0,0,0,0,0,0,0,0,0,0,0,0,0,0,0,1,0,0
Moohamaadrezaa,145,,5,0,0,0,0,0,0,0,0,0,0,1,0,1,1,0,0,1,1,0,0
KzzHavok,145,,1,0,0,0,0,0,0,0,0,1,0,0,0,0,0,0,0,0,0,0,0
Jnm78425496,145,,1,0,0,0,0,0,1,0,0,0,0,0,0,0,0,0,0,0,0,0,0
AnasDkhan,145,,7,0,0,0,0,0,1,0,1,0,1,1,1,1,0,0,0,1,0,0,0
61Saber59,145,,2,0,0,0,0,0,0,0,0,0,0,1,0,0,0,0,0,0,1,0,0
valdreu,144,,1,0,0,0,0,0,0,0,0,0,1,0,0,0,0,0,0,0,0,0,0
turbineofhope,144,,1,0,0,0,0,0,0,0,0,0,0,0,0,0,0,0,0,0,0,0,1
sofi11080672,144,,1,0,0,0,0,1,0,0,0,0,0,0,0,0,0,0,0,0,0,0,0
single1TOmingle,144,,1,0,0,0,0,0,0,0,0,0,0,0,0,0,0,0,0,0,0,0,1
saleh_bey78140,144,,1,0,0,0,0,0,0,0,0,0,0,0,0,0,0,0,0,0,1,0,0
realUSofA_pb,144,,1,0,0,0,0,0,0,0,0,0,0,0,0,0,0,0,0,0,0,0,1
komradsky_1917,144,,1,0,0,0,0,0,0,0,0,0,0,0,0,0,0,0,0,0,0,0,1
kian_irani688,144,,2,0,0,0,0,0,0,0,0,0,1,0,0,0,0,0,0,1,0,0,0
jefe6218,144,,1,0,0,0,0,1,0,0,0,0,0,0,0,0,0,0,0,0,0,0,0
fdepaularomi,144,,1,0,0,0,0,0,0,0,0,0,0,0,0,0,0,0,1,0,0,0,0
XContentReader,144,,2,1,1,0,0,0,0,0,0,0,0,0,0,0,0,0,0,0,0,0,0
Tatarany11,144,,5,0,0,0,0,0,0,1,1,0,0,0,1,1,1,0,0,0,0,0,0
Syrkn1ght,144,,1,0,0,0,0,0,0,0,0,0,0,0,0,0,0,0,0,1,0,0,0
Ravienn,144,,2,0,0,0,0,0,0,0,0,0,0,1,0,0,0,0,0,1,0,0,0
Bhrrsa,144,,1,0,0,0,0,0,0,0,0,0,0,0,0,0,0,0,0,0,1,0,0
AmidDeraya26471,144,,5,0,0,1,1,0,0,0,0,0,1,0,0,1,0,0,0,0,0,0,1
Alexand13552480,144,,5,0,1,0,0,0,0,0,0,0,0,1,1,1,0,0,0,0,1,0,0
zim_we23808,143,,4,0,0,0,0,1,0,0,0,1,1,0,0,0,0,0,0,1,0,0,0
saa_hiido,143,,1,0,0,0,0,0,0,0,0,1,0,0,0,0,0,0,0,0,0,0,0
mohammadtyze,143,,2,0,0,0,0,1,0,0,0,0,0,0,0,1,0,0,0,0,0,0,0
giantjiyad,143,,1,0,0,0,0,0,0,0,1,0,0,0,0,0,0,0,0,0,0,0,0
bidello1300,143,,1,0,0,0,0,0,0,0,0,0,0,0,0,0,0,0,0,0,1,0,0
XisofResistance,143,,4,0,0,0,0,0,0,1,0,1,0,0,0,1,1,0,0,0,0,0,0
TradeTradeallup,143,,2,0,0,0,0,0,0,0,0,1,0,0,0,0,0,0,0,0,0,0,1
NiflheimXXI,143,,1,0,0,0,0,0,0,0,0,0,0,0,0,0,0,0,0,1,0,0,0
MhmwdAlqad59804,143,,1,0,0,0,0,0,0,0,0,0,0,0,0,0,0,1,0,0,0,0,0
Kylep1128,143,,3,1,0,0,0,0,1,0,0,0,0,0,0,0,0,0,0,1,0,0,0
FHasanpour,143,,1,0,0,0,0,0,0,1,0,0,0,0,0,0,0,0,0,0,0,0,0
Dumbpieceofshi3,143,,1,0,0,0,0,0,0,0,0,0,0,0,0,1,0,0,0,0,0,0,0
Alan_KA7,143,,1,0,0,0,0,0,0,0,0,0,0,0,0,0,0,0,1,0,0,0,0
Abu_Sofiane,143,,1,0,0,0,0,0,0,0,0,0,1,0,0,0,0,0,0,0,0,0,0
wick97025,142,,7,1,0,0,0,1,0,0,0,0,0,0,0,1,0,1,1,1,0,0,1
tahap,142,,4,0,0,0,0,0,1,0,1,1,0,0,0,0,0,0,0,0,1,0,0
stkahberasnorom,142,,1,0,0,0,0,0,0,0,0,0,0,0,0,0,0,0,1,0,0,0,0
richard198813,142,,2,0,0,0,0,0,0,0,0,0,0,0,0,1,1,0,0,0,0,0,0
pst_asg,142,,1,0,0,0,1,0,0,0,0,0,0,0,0,0,0,0,0,0,0,0,0
mr_iswanda,142,,1,0,0,0,0,0,0,0,0,0,0,0,0,0,0,0,0,0,0,0,1
iamsalmin,142,,4,0,0,0,0,1,0,0,0,1,1,0,0,1,0,0,0,0,0,0,0
hagahaunkll,142,,4,0,0,0,0,1,0,0,0,1,1,0,0,0,0,0,0,1,0,0,0
demandjustice_9,142,,1,0,0,0,0,0,0,0,0,1,0,0,0,0,0,0,0,0,0,0,0
asmanporstare,142,,1,0,0,0,0,0,0,0,0,0,0,0,0,0,0,0,0,0,1,0,0
andrew_rebane,142,,2,0,0,0,0,0,0,0,0,0,0,0,1,0,0,0,0,0,1,0,0
ahtesham_IND,142,,14,0,1,0,1,1,1,1,1,0,0,0,1,1,1,1,1,1,0,1,1
Tajammal105,142,,1,0,0,0,0,0,0,1,0,0,0,0,0,0,0,0,0,0,0,0,0
Open____Close,142,,7,0,0,0,0,1,0,0,1,1,1,0,1,0,0,1,0,1,0,0,0
NecroBellatrix,142,,3,0,0,0,0,0,0,1,0,0,0,0,1,0,0,0,0,1,0,0,0
Nadiva10,142,,5,0,1,0,0,0,1,0,0,0,0,0,0,0,0,0,1,0,1,0,1
Maxxcarter300,142,,2,0,0,0,0,0,0,1,0,0,0,0,0,0,0,0,0,1,0,0,0
Marco63654426,142,,3,0,1,1,0,0,0,1,0,0,0,0,0,0,0,0,0,0,0,0,0
Korosiot,142,,1,0,0,0,0,0,0,0,0,0,1,0,0,0,0,0,0,0,0,0,0
KevinHu10790372,142,,1,0,0,0,0,0,0,0,0,0,0,0,0,0,0,0,0,0,0,0,1
JulianSore43786,142,,2,0,0,0,0,0,0,0,0,0,0,0,0,0,0,0,0,0,0,1,1
FactsHitter,142,,1,0,0,0,0,0,0,0,1,0,0,0,0,0,0,0,0,0,0,0,0
DhodiMeer,142,,1,0,0,0,0,0,0,0,0,0,1,0,0,0,0,0,0,0,0,0,0
DavoodSaedi,142,,1,0,0,0,0,0,0,1,0,0,0,0,0,0,0,0,0,0,0,0,0
AliReza103070,142,,1,0,0,0,0,0,0,0,0,0,0,1,0,0,0,0,0,0,0,0,0
Achaemenid3500,142,,2,0,0,0,0,0,0,0,0,0,0,1,0,0,0,0,0,0,0,1,0
yesnipsey,141,,13,0,1,0,0,0,1,1,0,1,1,1,1,1,0,0,1,1,1,1,1
skille04702986,141,,1,0,0,0,0,0,0,0,1,0,0,0,0,0,0,0,0,0,0,0,0
rxjaa321,141,,1,0,0,1,0,0,0,0,0,0,0,0,0,0,0,0,0,0,0,0,0
robert_uk1,141,,4,0,0,1,0,0,0,0,1,1,0,0,0,0,0,0,0,0,1,0,0
resistmeme,141,,4,0,0,0,0,1,1,0,0,0,0,0,0,1,0,0,0,0,0,1,0
ovidioo,141,,1,0,0,0,0,0,0,0,0,0,0,0,0,0,0,1,0,0,0,0,0
nwubu80417,141,,1,0,0,0,0,0,0,0,0,0,0,0,0,0,0,0,0,0,0,0,1
iamemanuelo,141,,1,0,0,0,0,0,0,0,0,0,1,0,0,0,0,0,0,0,0,0,0
hesamsafa6,141,,1,0,0,0,0,0,0,0,0,0,0,0,0,1,0,0,0,0,0,0,0
hashemi1974,141,,1,0,0,0,0,0,0,0,0,0,0,0,0,0,0,0,0,0,1,0,0
domacin69,141,,1,0,0,0,0,0,0,0,0,1,0,0,0,0,0,0,0,0,0,0,0
can_yiit18,141,,2,0,1,0,0,0,0,0,0,0,0,0,0,0,0,0,1,0,0,0,0
amyny60382,141,,2,0,0,0,0,0,0,0,0,0,0,0,0,0,0,0,0,0,1,1,0
Twit_Subroto,141,,1,0,0,0,0,0,0,1,0,0,0,0,0,0,0,0,0,0,0,0,0
TokeerK50485876,141,,1,0,0,0,0,0,0,1,0,0,0,0,0,0,0,0,0,0,0,0,0
QFayyazi,141,,2,0,0,0,0,0,1,0,0,1,0,0,0,0,0,0,0,0,0,0,0
Pritijourno,141,,1,0,0,0,0,0,0,0,0,0,0,0,0,0,0,0,0,0,0,0,1
NX89NX,141,,4,0,0,0,0,0,1,0,0,1,0,0,0,0,0,0,1,1,0,0,0
Marcio_Mendonc,141,,3,0,0,0,0,0,0,0,1,0,0,0,0,1,0,0,0,0,0,0,1
LuzSuya,141,,1,0,0,0,0,0,0,0,0,0,0,0,0,0,0,0,0,0,0,0,1
HasanSyed0514,141,,3,0,0,0,0,0,0,0,0,0,0,0,1,0,0,0,1,1,0,0,0
HamzaStarc,141,,1,0,0,0,0,0,0,0,0,0,1,0,0,0,0,0,0,0,0,0,0
Fabrizzio_rsfan,141,,1,0,0,0,0,0,0,0,0,0,1,0,0,0,0,0,0,0,0,0,0
BismarckGirl,141,,1,0,0,0,0,0,0,0,0,0,0,0,0,1,0,0,0,0,0,0,0
AsimMuneeer786,141,,13,0,0,1,0,0,0,1,1,1,1,1,1,1,1,0,1,1,0,1,1
Afotti,141,,2,0,0,0,0,0,1,0,0,1,0,0,0,0,0,0,0,0,0,0,0
thearchitct,140,,2,0,0,0,0,0,0,0,0,0,0,0,0,0,0,1,0,1,0,0,0
slyheavens,140,,1,0,0,0,0,0,0,0,0,1,0,0,0,0,0,0,0,0,0,0,0
ridnwbiden69,140,,2,0,0,0,0,0,0,0,0,1,0,0,0,0,0,0,0,1,0,0,0
ramzaqu,140,,1,0,0,0,0,0,0,0,0,0,0,0,0,1,0,0,0,0,0,0,0
iamissamurungi,140,,5,0,1,0,0,0,0,1,1,1,1,0,0,0,0,0,0,0,0,0,0
hkhanusiya143,140,,1,0,0,0,0,0,0,0,0,0,0,0,0,0,0,0,1,0,0,0,0
bubbagump641,140,,1,0,0,0,0,0,0,0,0,0,1,0,0,0,0,0,0,0,0,0,0
aiman_irfan11,140,,8,1,1,1,0,0,1,0,1,1,0,0,0,0,0,0,0,1,0,0,1
UJitdamri,140,,1,0,0,0,0,0,0,0,0,1,0,0,0,0,0,0,0,0,0,0,0
RazaMinhaal,140,,1,0,0,1,0,0,0,0,0,0,0,0,0,0,0,0,0,0,0,0,0
PtitigerxArmy,140,,1,0,0,0,0,0,0,0,0,0,0,0,0,0,0,0,0,0,0,0,1
Ozfromabove,140,,2,0,0,0,0,0,0,0,0,0,0,0,0,0,0,0,0,0,0,1,1
Macross_3h9ccd,140,,1,0,0,0,0,0,0,0,0,0,0,0,0,0,0,0,0,1,0,0,0
MIster52292312,140,,1,0,0,0,0,0,0,0,0,0,0,0,0,0,0,0,0,0,1,0,0
Hogwarts768,140,,1,0,0,0,0,0,0,0,0,0,0,0,0,0,0,0,1,0,0,0,0
HaiderA30659749,140,,3,0,0,0,0,0,0,0,0,1,0,0,0,0,0,0,1,1,0,0,0
AlshrafiMahmad,140,,1,0,0,0,0,0,0,0,0,0,1,0,0,0,0,0,0,0,0,0,0
AbubakrLeo68936,140,,5,0,0,0,0,0,1,0,0,0,1,0,0,0,0,0,0,1,1,1,0
spathan1181214,139,,1,0,0,0,0,0,0,0,0,0,0,0,0,0,0,0,0,1,0,0,0
shaniabdulbasit,139,,1,0,0,0,0,1,0,0,0,0,0,0,0,0,0,0,0,0,0,0,0
pablitoergosum1,139,,1,0,0,0,0,0,0,0,0,0,0,0,0,0,0,0,0,0,1,0,0
md8778205047427,139,,1,0,0,0,0,0,0,0,0,0,0,1,0,0,0,0,0,0,0,0,0
maya_principle,139,,4,0,0,0,0,1,0,1,0,0,0,0,0,1,1,0,0,0,0,0,0
mashad58,139,,16,0,1,0,1,1,1,1,0,1,1,0,1,1,1,1,1,1,1,1,1
jayjayabaari,139,,1,0,0,0,0,0,0,1,0,0,0,0,0,0,0,0,0,0,0,0,0
javad1355,139,,1,0,1,0,0,0,0,0,0,0,0,0,0,0,0,0,0,0,0,0,0
itstemy,139,,6,1,0,0,1,1,1,0,1,1,0,0,0,0,0,0,0,0,0,0,0
Wandareport,139,,1,0,0,0,0,0,0,0,0,0,0,0,0,0,0,0,0,0,0,0,1
Patches19781,139,,1,0,0,0,0,0,0,0,0,0,1,0,0,0,0,0,0,0,0,0,0
PadmadePana,139,,4,0,0,0,0,0,0,0,0,1,0,0,0,0,0,0,0,1,1,0,1
Nob0dyIsTheKing,139,,1,0,0,0,0,0,1,0,0,0,0,0,0,0,0,0,0,0,0,0,0
M0hammad_mn,139,,1,0,0,0,0,0,0,0,0,0,0,0,0,0,0,0,0,0,1,0,0
Fidel_7771,139,,1,0,0,0,0,0,0,0,0,0,0,0,0,0,0,0,1,0,0,0,0
ChaireLaTrinity,139,,1,0,0,0,0,0,0,0,0,1,0,0,0,0,0,0,0,0,0,0,0
BapuTeny147,139,,3,0,0,0,0,0,1,0,0,0,1,1,0,0,0,0,0,0,0,0,0
Angela43748961,139,,1,0,0,0,0,0,0,0,1,0,0,0,0,0,0,0,0,0,0,0,0
AdilNabil835815,139,,2,0,0,0,0,0,0,1,0,0,0,0,0,0,0,0,1,0,0,0,0
AbwSla66501,139,,1,0,0,0,0,0,0,0,0,0,0,0,0,0,0,0,0,0,0,1,0
singroove,138,,2,0,0,0,0,0,0,0,0,0,0,0,0,0,0,1,0,0,0,0,1
nevermind1607,138,,1,0,0,0,0,0,0,0,0,0,0,0,0,0,0,0,0,0,0,0,1
narasi99,138,,5,0,1,0,0,0,1,0,0,0,0,0,0,1,0,1,0,0,0,0,1
muslimbinathar3,138,,1,0,0,0,0,0,0,1,0,0,0,0,0,0,0,0,0,0,0,0,0
mhasnain4x,138,,1,0,0,0,0,0,0,0,0,1,0,0,0,0,0,0,0,0,0,0,0
artsalmeron,138,,5,0,0,0,0,0,1,0,0,1,0,0,1,0,0,0,1,1,0,0,0
anarchistgoat,138,,1,0,0,0,0,0,0,0,0,0,0,0,0,0,0,0,0,0,1,0,0
YasirJk,138,,1,0,0,0,0,0,0,0,0,0,0,0,0,0,0,0,0,1,0,0,0
WarWatch9,138,,2,0,0,0,0,0,1,0,0,0,0,0,0,0,0,1,0,0,0,0,0
VTsafos63709,138,,1,0,0,0,0,0,0,0,0,0,0,0,0,0,0,0,0,1,0,0,0
SlaarRound6,138,,1,0,0,0,0,0,0,0,0,0,0,0,0,0,0,0,0,0,0,1,0
MuQawaMaaa,138,,2,0,0,0,0,1,0,0,0,0,0,0,0,0,0,0,1,0,0,0,0
MhmdJwad43623,138,,2,0,1,0,0,0,0,0,0,0,0,0,0,0,0,0,0,0,1,0,0
Lavix2025,138,,1,0,0,0,0,0,0,0,0,0,0,0,1,0,0,0,0,0,0,0,0
Kasim_alii,138,,1,0,0,0,0,0,0,0,0,0,0,0,0,0,0,0,0,1,0,0,0
HRMoeini,138,,2,0,0,0,0,0,0,0,0,0,0,0,0,0,0,0,0,0,1,0,1
Cjmok12,138,,1,0,0,0,0,0,0,0,0,0,0,0,0,0,0,0,0,0,0,0,1
the_najeeb,137,,1,0,0,0,0,0,0,0,0,0,0,0,0,0,0,0,0,0,0,0,1
sweetpeachtea00,137,,1,0,0,0,0,0,0,0,0,0,0,0,0,0,0,0,1,0,0,0,0
qaher_s_b1,137,,4,0,0,0,0,0,0,0,1,1,0,1,0,0,0,0,0,0,0,0,1
pedram_mv,137,,1,0,0,0,0,0,0,0,0,1,0,0,0,0,0,0,0,0,0,0,0
mandevisky,137,,1,0,0,0,0,0,0,0,0,0,1,0,0,0,0,0,0,0,0,0,0
josepe_wannabe,137,,1,0,0,0,0,0,0,0,0,0,0,0,0,0,0,0,0,0,0,1,0
iaasifmalik,137,,15,0,0,0,1,1,1,1,1,1,1,1,1,1,1,0,0,1,1,1,1
hbnvhnbh,137,,1,0,0,0,0,0,0,0,0,0,0,0,0,0,0,0,0,0,0,1,0
hardrealism,137,,1,0,0,0,0,0,0,0,0,0,0,0,0,0,0,0,0,0,0,0,1
gooloo_ziz35839,137,,1,0,0,0,0,0,0,0,0,0,0,0,0,0,0,0,0,0,0,0,1
freethnknindian,137,,6,1,0,0,0,1,0,0,0,0,0,0,1,1,0,0,0,0,0,1,1
eddy_the_farmer,137,,2,0,0,0,0,0,0,0,0,0,0,0,0,1,0,0,0,1,0,0,0
brewz21,137,,3,0,0,0,0,0,0,0,0,0,0,0,0,0,0,0,0,1,1,0,1
amirhoseinsole0,137,,1,0,0,0,0,0,0,0,0,0,0,0,0,0,0,0,0,0,1,0,0
WhyPreeSterling,137,,1,0,0,0,0,0,1,0,0,0,0,0,0,0,0,0,0,0,0,0,0
Gra16836276,137,,1,0,0,0,0,0,0,0,0,0,0,0,0,0,0,0,0,0,0,0,1
DayTrendWizard,137,,7,0,0,0,0,1,0,0,1,1,1,0,0,1,1,0,0,0,0,0,1
ComradeZelezny,137,,2,0,0,0,0,0,1,0,0,0,0,0,0,0,0,0,0,0,0,1,0
ChojaMc,137,,4,0,0,0,0,0,0,0,0,1,0,0,0,0,0,0,0,0,1,1,1
vj50000,136,,1,0,0,0,0,0,0,0,0,1,0,0,0,0,0,0,0,0,0,0,0
th3witn3zz,136,,13,1,1,0,0,1,1,0,1,1,0,0,1,1,1,0,1,1,1,0,1
mu97sd,136,,1,0,0,0,0,0,0,0,0,0,0,0,0,1,0,0,0,0,0,0,0
iffy_khan113,136,,1,1,0,0,0,0,0,0,0,0,0,0,0,0,0,0,0,0,0,0,0
hardy_har_har_,136,,1,0,0,0,0,0,0,1,0,0,0,0,0,0,0,0,0,0,0,0,0
chukarika,136,,1,0,0,0,0,0,1,0,0,0,0,0,0,0,0,0,0,0,0,0,0
chowhanAfzal,136,,1,0,0,0,0,0,0,0,0,0,0,0,0,0,0,0,0,0,0,0,1
aydiyetwiter,136,,10,0,0,0,0,1,1,0,0,1,1,0,1,1,0,0,1,1,1,0,1
atabak99,136,,1,1,0,0,0,0,0,0,0,0,0,0,0,0,0,0,0,0,0,0,0
RashidSardare,136,,1,0,0,0,0,0,0,0,0,0,0,0,0,0,0,0,1,0,0,0,0
MehdiPaBus,136,,13,0,0,0,1,0,0,0,1,1,1,1,1,1,1,0,1,1,1,1,1
MKaleovi,136,,1,0,0,0,0,0,0,0,0,0,0,0,0,0,0,0,0,0,0,0,1
Lavaglut2020,136,,4,0,1,0,0,0,0,0,0,0,0,0,1,0,0,0,0,0,1,1,0
Kimiya_jazayeri,136,,2,0,0,0,0,1,0,0,1,0,0,0,0,0,0,0,0,0,0,0,0
CyberTysxn,136,,3,0,0,0,0,0,0,0,0,0,1,0,0,0,0,0,0,1,0,0,1
Chimoooorikkss,136,,1,0,0,0,0,0,0,0,0,0,0,0,0,0,0,0,0,1,0,0,0
Barika1Miles,136,,3,0,0,0,0,0,0,0,1,1,1,0,0,0,0,0,0,0,0,0,0
wardym,135,,1,0,0,0,0,0,0,1,0,0,0,0,0,0,0,0,0,0,0,0,0
tweet718718,135,,4,0,0,0,0,1,0,0,0,0,1,0,0,1,1,0,0,0,0,0,0
razaaa7591,135,,1,0,0,0,0,0,0,0,0,0,0,0,1,0,0,0,0,0,0,0,0
omg_ashishgpt,135,,14,1,0,0,1,1,1,1,0,1,1,1,1,1,0,0,0,1,1,1,1
mohinder_s4921,135,,1,0,0,0,0,0,0,0,0,1,0,0,0,0,0,0,0,0,0,0,0
iranimaddeylami,135,,1,0,0,0,0,1,0,0,0,0,0,0,0,0,0,0,0,0,0,0,0
drbanday,135,,3,0,0,0,0,0,1,0,0,0,0,0,0,0,0,0,0,0,0,1,1
dntuwry,135,,2,0,0,0,0,0,1,0,0,0,0,0,0,0,0,0,1,0,0,0,0
c0nradd,135,,1,0,0,0,0,0,1,0,0,0,0,0,0,0,0,0,0,0,0,0,0
ZeroIdentity2,135,,2,0,0,0,0,0,1,0,0,0,0,0,0,0,0,0,0,0,1,0,0
Setayesh320891,135,,1,0,0,0,0,0,0,0,0,0,0,1,0,0,0,0,0,0,0,0,0
RAMIELHASFALLEN,135,,1,0,0,0,0,0,0,0,0,0,0,0,0,0,0,0,1,0,0,0,0
QacaqNebi1796,135,,2,0,0,0,0,0,0,0,0,0,0,0,0,0,0,0,1,0,0,0,1
Md_Emon60,135,,4,0,0,0,0,0,0,0,1,0,0,0,0,0,0,0,0,0,1,1,1
Hfviewss,135,,2,0,1,0,0,0,0,0,0,0,0,0,0,0,0,0,0,0,0,0,1
HIELPAHJEW,135,,1,0,0,0,0,0,0,0,0,0,0,0,0,0,0,0,0,0,0,0,1
Cryptoblue0,135,,1,0,0,0,0,0,0,0,0,1,0,0,0,0,0,0,0,0,0,0,0
AwenContinental,135,,5,0,1,0,0,0,1,1,0,1,0,0,0,0,0,0,0,0,0,0,1
36weonlywin,135,,1,0,0,0,0,0,0,0,0,0,1,0,0,0,0,0,0,0,0,0,0
16pure_anuradha,135,,1,0,0,0,0,0,0,0,0,0,0,0,0,0,0,0,0,0,0,0,1
suriosity,134,,1,0,0,0,0,0,0,0,0,0,0,0,0,0,0,0,0,0,1,0,0
sizzlingmomin,134,,2,0,0,0,1,0,0,0,0,1,0,0,0,0,0,0,0,0,0,0,0
sivabandla50053,134,,1,0,0,0,0,0,0,0,0,0,0,0,0,0,0,0,0,0,0,1,0
goyatajinder,134,,1,0,0,0,0,0,0,1,0,0,0,0,0,0,0,0,0,0,0,0,0
fidelisetaudax,134,,2,0,0,0,0,0,0,0,0,0,0,0,0,1,1,0,0,0,0,0,0
bidarbakht67,134,,1,0,0,0,0,0,0,0,0,0,0,0,0,0,0,0,1,0,0,0,0
anonimman137997,134,,1,0,0,0,0,0,0,0,0,0,0,0,0,0,0,0,0,1,0,0,0
amjadsulman3,134,,1,0,0,0,0,0,0,0,0,0,0,0,0,0,0,0,0,0,0,0,1
almbtsm28,134,,1,0,0,0,0,0,0,0,0,0,0,0,0,0,0,0,0,0,0,1,0
TeechingSama,134,,9,0,1,1,1,1,1,0,1,1,0,0,0,1,0,0,0,0,0,0,1
SecondLook17,134,,1,0,0,0,0,0,0,0,0,0,0,0,0,1,0,0,0,0,0,0,0
PandayeAsbSavar,134,,1,0,0,0,0,0,0,0,0,0,0,0,1,0,0,0,0,0,0,0,0
Ntuli_Theko,134,,1,0,0,0,0,0,0,0,0,0,1,0,0,0,0,0,0,0,0,0,0
MiswakMystical,134,,1,0,0,0,0,1,0,0,0,0,0,0,0,0,0,0,0,0,0,0,0
MALIKFAZ3108,134,,4,1,0,1,0,0,0,0,0,0,1,1,0,0,0,0,0,0,0,0,0
Hicham04513126,134,,1,0,0,0,0,1,0,0,0,0,0,0,0,0,0,0,0,0,0,0,0
East_HAL,134,,2,0,0,0,0,0,0,0,0,0,0,1,0,0,0,0,1,0,0,0,0
BrowarnyTomasz,134,,2,0,1,0,0,0,0,0,0,0,0,0,0,0,0,0,0,1,0,0,0
Aoi_parakeet,134,,2,0,0,0,0,0,1,0,0,0,0,0,0,1,0,0,0,0,0,0,0
6290a3e7759747d,134,,2,0,0,0,0,0,0,0,1,0,0,0,0,0,0,0,0,0,0,1,0
salih_m,133,,1,0,0,0,0,0,0,0,0,0,0,0,0,0,0,0,1,0,0,0,0
moein_bayat,133,,1,0,0,0,0,0,0,0,0,0,0,0,0,0,0,0,0,0,1,0,0
mn199364,133,,3,0,0,0,0,0,1,1,0,0,0,0,0,0,0,0,1,0,0,0,0
fakouri,133,,2,0,0,1,0,0,0,0,0,0,0,0,0,0,0,0,0,0,0,0,1
Tram7819,133,,5,0,0,0,0,0,1,0,0,0,1,1,0,0,0,0,0,1,0,0,1
R64447R,133,,6,0,0,1,0,1,1,1,0,1,0,0,0,0,0,0,0,1,0,0,0
FazulKoinange,133,,1,0,0,0,0,0,0,0,0,0,1,0,0,0,0,0,0,0,0,0,0
Des2reserva,133,,1,0,0,0,0,0,0,0,0,0,0,0,0,0,0,0,1,0,0,0,0
CMHurley248035,133,,1,0,0,0,0,0,1,0,0,0,0,0,0,0,0,0,0,0,0,0,0
Brightersonic_1,133,,2,0,0,0,0,0,1,0,0,0,0,0,0,0,0,0,0,1,0,0,0
AgentPakistan69,133,,7,0,1,0,0,0,1,0,1,1,1,0,0,0,0,0,0,0,1,0,1
yas_kaboud12,132,,3,0,0,1,0,0,1,1,0,0,0,0,0,0,0,0,0,0,0,0,0
obeserverz,132,,1,0,0,0,0,0,0,0,0,1,0,0,0,0,0,0,0,0,0,0,0
maryamfotovat,132,,1,0,0,0,1,0,0,0,0,0,0,0,0,0,0,0,0,0,0,0,0
macchharr,132,,2,0,0,0,0,0,0,0,0,0,1,0,1,0,0,0,0,0,0,0,0
lihakim121,132,,2,0,0,0,0,0,0,1,0,0,0,0,0,0,0,0,0,1,0,0,0
kuruma3dai,132,,2,0,0,0,0,0,0,0,0,0,0,0,0,0,0,1,0,0,0,0,1
goru_hamba,132,,2,0,0,0,0,0,0,0,0,1,0,0,0,0,0,0,0,1,0,0,0
gopithegeth,132,,1,0,0,0,0,0,0,0,0,0,1,0,0,0,0,0,0,0,0,0,0
eyeganeh154931,132,,1,0,0,0,0,0,0,0,0,0,0,1,0,0,0,0,0,0,0,0,0
deinamon,132,,1,0,0,0,0,0,0,0,0,0,1,0,0,0,0,0,0,0,0,0,0
cyoun28,132,,5,0,0,0,0,1,1,1,0,0,0,1,0,1,0,0,0,0,0,0,0
allam_lama,132,,1,0,0,0,0,0,0,0,0,0,0,0,0,0,0,1,0,0,0,0,0
alabamaicu,132,,1,0,0,0,0,0,0,0,0,0,0,0,0,0,0,0,0,0,0,0,1
YusufHoca1347,132,,4,0,0,1,1,1,1,0,0,0,0,0,0,0,0,0,0,0,0,0,0
Xuanming91131,132,,1,0,0,1,0,0,0,0,0,0,0,0,0,0,0,0,0,0,0,0,0
VaterVorvuture,132,,15,0,1,0,1,1,1,1,1,1,0,0,1,1,1,1,1,1,1,0,1
NGhabraei,132,,16,1,0,0,1,1,1,1,1,1,1,0,0,1,1,1,1,1,1,1,1
Miguel_GCarr,132,,1,0,0,0,0,0,0,0,0,0,0,0,0,0,0,0,1,0,0,0,0
LogicoSporting,132,,1,1,0,0,0,0,0,0,0,0,0,0,0,0,0,0,0,0,0,0,0
Kishanumber2017,132,,1,0,0,0,0,0,0,1,0,0,0,0,0,0,0,0,0,0,0,0,0
GigiiGiordano,132,,3,0,0,0,0,1,1,0,1,0,0,0,0,0,0,0,0,0,0,0,0
Enkratic1,132,,1,0,0,0,0,0,0,0,0,0,0,0,0,0,0,0,0,0,0,1,0
EngFaisal1995,132,,1,0,0,0,0,0,0,0,0,1,0,0,0,0,0,0,0,0,0,0,0
AngryMichaelW,132,,2,0,0,1,0,0,0,0,0,0,0,0,0,0,0,0,0,0,1,0,0
sinan_guna60056,131,,12,1,1,0,0,1,0,1,1,1,0,1,0,1,1,0,0,1,1,0,1
ms_scd,131,,8,0,1,1,0,0,0,1,0,1,0,0,0,1,0,0,0,0,1,1,1
moro_younous,131,,4,0,0,0,0,0,0,0,0,1,0,1,0,0,0,0,0,1,1,0,0
havaspaart,131,,1,0,0,0,0,0,0,0,0,0,0,0,0,1,0,0,0,0,0,0,0
hashimgazi_,131,,1,0,0,0,0,0,0,0,0,0,0,1,0,0,0,0,0,0,0,0,0
duongnt1908,131,,8,0,0,1,1,0,1,0,1,0,0,0,0,1,1,0,0,1,1,0,0
brianwaweru8,131,,1,0,0,0,0,0,0,0,0,0,1,0,0,0,0,0,0,0,0,0,0
bari_bag,131,,2,0,0,0,0,0,0,0,0,1,0,0,0,0,0,0,0,0,1,0,0
balti_imti,131,,14,0,0,0,1,1,1,1,1,1,1,1,1,1,0,1,1,0,1,0,1
Saleem85Jakhro,131,,1,0,0,0,0,0,1,0,0,0,0,0,0,0,0,0,0,0,0,0,0
Pugilistdope6,131,,2,0,0,0,0,0,0,0,0,0,0,0,0,0,0,0,0,1,0,0,1
PierreMbele2,131,,1,0,0,0,0,0,0,0,0,0,0,0,0,0,0,0,0,1,0,0,0
Mohsen_aliabadi,131,,1,0,0,0,0,0,0,0,0,0,0,0,0,0,0,0,0,1,0,0,0
KarimHa07,131,,1,0,0,0,0,0,0,0,0,0,0,0,0,0,0,0,0,0,1,0,0
Cmpo_Agm77,131,,10,0,1,1,0,0,1,1,1,0,0,1,1,1,1,0,0,0,0,0,1
AmeerJaffrey110,131,,7,0,0,0,0,0,1,0,0,1,0,1,0,0,0,1,0,1,0,1,1
Ali_Factor,131,,1,0,0,0,0,0,0,0,0,0,0,0,0,0,0,0,0,1,0,0,0
Akkashrmali,131,,2,0,0,0,0,0,1,0,0,0,0,0,0,0,0,0,0,1,0,0,0
with_mkn,130,,3,0,0,0,0,0,0,0,0,1,0,0,1,0,0,0,0,1,0,0,0
vaptain12345,130,,6,0,0,1,0,1,1,0,0,0,0,0,0,0,1,0,1,0,1,0,0
thatguyStephen1,130,,6,0,0,0,0,1,1,0,0,0,0,0,0,0,0,0,1,1,1,1,0
sarfarazbangash,130,,1,0,0,0,0,0,0,0,0,0,0,0,0,0,0,0,0,1,0,0,0
no1_cynical,130,,2,0,0,0,0,0,1,0,0,0,1,0,0,0,0,0,0,0,0,0,0
neissoh,130,,2,0,0,0,0,0,0,0,0,0,0,0,0,1,0,0,0,0,0,0,1
laalshah313,130,,1,0,0,0,0,0,1,0,0,0,0,0,0,0,0,0,0,0,0,0,0
jovhanna3,130,,1,0,0,0,0,0,0,0,0,0,0,0,0,0,0,0,0,0,0,0,1
ie_marie10,130,,1,0,0,0,0,0,0,0,0,0,0,0,0,0,0,0,0,1,0,0,0
hamedakbari63,130,,2,0,1,0,0,0,0,0,0,0,0,0,1,0,0,0,0,0,0,0,0
duttyjaja,130,,1,0,0,0,0,0,0,0,0,1,0,0,0,0,0,0,0,0,0,0,0
dolate_vefagh,130,,2,0,0,0,0,0,0,0,0,1,1,0,0,0,0,0,0,0,0,0,0
ceaserdave1,130,,1,0,0,0,0,0,0,0,0,0,0,0,0,0,0,0,0,0,0,0,1
billygreen936,130,,1,0,0,0,0,0,0,0,0,0,1,0,0,0,0,0,0,0,0,0,0
atsutoshi_world,130,,2,0,1,0,0,0,0,0,0,1,0,0,0,0,0,0,0,0,0,0,0
anas_msallem,130,,4,0,0,0,0,0,0,0,0,0,1,0,0,0,0,0,0,1,1,1,0
Xcszy07,130,,2,0,0,0,0,0,0,0,0,0,0,0,0,1,0,0,1,0,0,0,0
Sanjay_n_yadav,130,,1,0,0,0,0,0,0,0,0,0,1,0,0,0,0,0,0,0,0,0,0
S_s_e_r_R,130,,2,1,0,0,0,0,1,0,0,0,0,0,0,0,0,0,0,0,0,0,0
NiilPoddo80,130,,4,0,0,0,0,0,0,0,0,0,1,0,1,0,0,0,1,1,0,0,0
MinaRanjbar5,130,,1,0,0,0,0,0,0,0,0,0,0,0,0,1,0,0,0,0,0,0,0
MenaceLordTruth,130,,1,0,0,0,0,0,0,0,0,0,0,0,0,0,0,0,0,0,1,0,0
MRahim79655,130,,4,0,0,0,0,0,1,0,0,0,0,0,0,1,0,0,1,0,1,0,0
Janatan65,130,,3,0,0,1,0,0,0,0,0,0,0,0,0,1,1,0,0,0,0,0,0
Hossein_koosha,130,,11,0,0,0,0,1,1,1,1,1,1,1,1,1,1,0,0,0,1,0,0
Azi01023,130,,1,0,0,0,0,0,0,0,0,0,0,0,0,0,0,0,0,1,0,0,0
AlexQuz,130,,1,0,0,0,0,0,1,0,0,0,0,0,0,0,0,0,0,0,0,0,0
Adedxpo,130,,1,0,0,1,0,0,0,0,0,0,0,0,0,0,0,0,0,0,0,0,0
sshahkhi804,129,,2,0,0,0,0,0,0,1,0,0,0,0,0,0,0,0,0,1,0,0,0
salman2053,129,,1,0,0,0,0,0,0,0,0,0,0,0,0,1,0,0,0,0,0,0,0
rajachaudhary99,129,,1,0,0,0,0,0,0,1,0,0,0,0,0,0,0,0,0,0,0,0,0
palimoody,129,,1,0,0,0,0,0,0,0,0,0,1,0,0,0,0,0,0,0,0,0,0
mojahid20000,129,,16,0,0,1,1,1,1,1,1,0,1,1,1,1,1,1,0,1,1,1,1
habalooloo,129,,1,0,0,0,0,0,0,0,0,0,0,0,0,0,0,1,0,0,0,0,0
gpanalyst,129,,8,0,1,0,0,1,1,0,0,0,0,1,1,0,0,0,0,0,1,1,1
fans_pezeshkian,129,,1,0,0,0,0,0,1,0,0,0,0,0,0,0,0,0,0,0,0,0,0
amini36052,129,,1,0,0,0,0,1,0,0,0,0,0,0,0,0,0,0,0,0,0,0,0
amanarama60894,129,,1,0,0,0,0,0,0,0,0,0,0,0,0,0,0,0,0,0,0,1,0
ak234555,129,,1,0,0,0,0,0,0,0,0,0,0,0,0,0,0,0,1,0,0,0,0
ZainbinRamzan,129,,2,1,0,1,0,0,0,0,0,0,0,0,0,0,0,0,0,0,0,0,0
YourSecretPapa,129,,7,0,1,1,0,0,0,0,0,0,1,0,0,1,1,0,0,1,0,1,0
SyedNasirBkhari,129,,1,0,0,0,0,0,0,1,0,0,0,0,0,0,0,0,0,0,0,0,0
ShahinaHassan2,129,,1,0,0,0,0,0,0,0,0,1,0,0,0,0,0,0,0,0,0,0,0
OryxionV,129,,1,0,0,0,0,0,0,0,0,0,1,0,0,0,0,0,0,0,0,0,0
MukiibiAshiraf4,129,,2,0,0,0,0,0,0,0,0,1,0,0,0,0,0,0,0,1,0,0,0
MayanjaWahab,129,,1,0,0,0,0,0,0,0,0,0,0,0,0,0,0,0,0,1,0,0,0
M_Jamwomo,129,,1,0,0,0,0,0,0,0,0,1,0,0,0,0,0,0,0,0,0,0,0
KunalShitole5,129,,2,0,0,0,0,0,0,0,0,0,0,1,0,0,0,0,0,1,0,0,0
IDGAFthename,129,,7,0,0,1,0,0,0,0,0,1,1,0,1,0,0,0,1,0,1,0,1
HuwartG,129,,1,0,0,0,1,0,0,0,0,0,0,0,0,0,0,0,0,0,0,0,0
Headqarters_69,129,,1,0,0,0,0,0,0,0,0,0,0,0,0,0,0,0,0,0,0,1,0
ChiemerieBenja1,129,,1,0,0,0,0,0,0,0,0,0,1,0,0,0,0,0,0,0,0,0,0
Al_karrar21,129,,1,0,1,0,0,0,0,0,0,0,0,0,0,0,0,0,0,0,0,0,0
mahdi345135944,128,,3,1,0,0,0,0,0,0,0,1,0,0,0,0,0,0,0,0,1,0,0
amujo_isaac,128,,1,0,0,0,0,0,0,0,1,0,0,0,0,0,0,0,0,0,0,0,0
TellerMina,128,,1,0,0,0,0,0,0,0,0,0,0,0,0,0,0,0,0,0,1,0,0
RogerR46384,128,,1,0,0,0,0,0,0,0,0,0,0,0,0,0,0,0,0,0,0,0,1
Perfect9090,128,,17,0,0,1,1,1,1,1,1,1,1,1,1,1,1,1,1,1,1,0,1
LastSon05238405,128,,2,0,0,0,0,0,0,0,0,0,0,0,0,1,1,0,0,0,0,0,0
JwilliAhmed,128,,1,0,0,0,0,0,0,0,0,0,0,0,1,0,0,0,0,0,0,0,0
JohnFrancisDuke,128,,2,0,0,0,0,0,0,0,0,0,0,0,0,0,0,0,0,0,1,1,0
JafarAhmed22221,128,,1,0,0,0,0,0,0,0,0,1,0,0,0,0,0,0,0,0,0,0,0
J9AVR,128,,3,0,0,0,0,0,0,0,0,1,0,0,0,1,1,0,0,0,0,0,0
Hassan72110,128,,5,0,0,0,0,0,0,1,0,0,0,1,1,0,0,0,0,0,1,0,1
EddyMarFlo,128,,1,0,0,0,0,0,0,0,0,0,0,0,0,0,0,0,1,0,0,0,0
Cherryrb4k,128,,1,0,0,0,0,0,0,0,0,0,1,0,0,0,0,0,0,0,0,0,0
1601lulwa,128,,1,0,0,0,0,0,0,0,1,0,0,0,0,0,0,0,0,0,0,0,0
pakistani727,127,,1,0,0,0,0,0,0,0,0,0,0,0,0,0,0,0,0,0,0,0,1
mke6816,127,,1,0,0,0,0,0,0,0,0,0,0,1,0,0,0,0,0,0,0,0,0
mbg955,127,,5,0,0,0,0,1,0,0,0,0,0,1,1,1,0,0,0,0,1,0,0
interfaceg69151,127,,2,0,0,0,0,1,0,0,0,0,0,0,0,0,0,0,0,1,0,0,0
iammushhy,127,,1,0,0,0,0,0,0,0,0,0,0,0,0,1,0,0,0,0,0,0,0
herroboter,127,,1,0,0,0,0,0,0,0,1,0,0,0,0,0,0,0,0,0,0,0,0
chibimihu5,127,,1,0,0,0,0,0,0,0,0,0,0,0,0,0,0,0,0,1,0,0,0
aliar141346,127,,1,0,0,0,0,0,0,0,0,0,0,0,0,0,0,1,0,0,0,0,0
_IMVURA_,127,,3,0,0,0,0,1,0,1,1,0,0,0,0,0,0,0,0,0,0,0,0
Y3Sparks,127,,2,0,0,0,0,0,0,0,0,0,0,0,0,0,0,1,0,0,0,0,1
RonpoLoyo,127,,5,0,0,0,0,0,1,0,1,0,0,0,0,0,0,1,0,0,0,1,1
Marlene37239075,127,,1,0,0,0,0,0,0,0,0,0,0,0,0,0,0,0,0,0,0,0,1
KiggunduBisege1,127,,1,0,0,0,0,0,0,0,0,1,0,0,0,0,0,0,0,0,0,0,0
Khanzubair_7,127,,17,0,1,1,0,1,1,1,1,1,1,1,1,1,1,1,1,1,0,1,1
Instagram8X,127,,4,0,0,0,0,0,1,0,0,0,0,0,0,1,0,0,0,1,0,1,0
ImadTawil579306,127,,6,0,0,0,1,1,0,0,1,1,0,0,0,1,0,0,1,0,0,0,0
Hadirhawii,127,,1,0,0,0,0,0,0,0,0,0,0,0,0,0,0,1,0,0,0,0,0
Foulvio,127,,3,0,0,0,0,1,1,0,0,0,0,0,0,0,1,0,0,0,0,0,0
Abbas1Kashif,127,,1,0,0,0,0,0,0,0,0,0,0,0,0,0,0,0,0,0,1,0,0
umash9,126,,1,0,0,0,0,0,0,0,0,0,0,0,0,0,0,0,0,1,0,0,0
saqibhassan95,126,,1,1,0,0,0,0,0,0,0,0,0,0,0,0,0,0,0,0,0,0,0
pippojacono,126,,1,0,0,0,0,0,0,0,0,0,0,0,0,0,0,0,0,0,0,1,0
limbada_nomaan,126,,2,0,0,0,0,0,0,0,0,1,1,0,0,0,0,0,0,0,0,0,0
hus25529,126,,1,0,0,0,0,1,0,0,0,0,0,0,0,0,0,0,0,0,0,0,0
aliali30z,126,,1,0,0,0,0,0,0,0,0,0,0,0,0,0,0,0,0,0,0,0,1
SyedIlyasRaza10,126,,1,0,0,0,0,0,0,0,0,0,0,0,0,0,0,1,0,0,0,0,0
ShoaibTari78108,126,,7,0,0,0,0,1,0,0,0,0,1,1,0,0,0,1,1,0,0,1,1
SamSam1395767,126,,1,0,0,0,0,0,1,0,0,0,0,0,0,0,0,0,0,0,0,0,0
Ricekanzler,126,,1,0,0,0,0,0,0,0,0,0,0,1,0,0,0,0,0,0,0,0,0
PSemetic,126,,1,0,0,0,0,0,0,0,0,0,0,0,0,0,0,0,0,0,0,0,1
Noor2525325567,126,,1,1,0,0,0,0,0,0,0,0,0,0,0,0,0,0,0,0,0,0,0
Mohsenete31,126,,5,0,0,0,0,1,0,0,0,0,0,0,0,1,0,0,0,1,1,1,0
Lisa2O26,126,,1,0,0,0,0,0,1,0,0,0,0,0,0,0,0,0,0,0,0,0,0
LhalyH82602,126,,2,0,1,0,0,0,0,0,0,0,0,1,0,0,0,0,0,0,0,0,0
GeorgeE97020097,126,,1,0,0,0,0,0,0,0,0,0,1,0,0,0,0,0,0,0,0,0,0
EKhushii,126,,4,0,0,0,0,0,0,0,0,1,1,0,0,1,0,0,0,1,0,0,0
Drahko_12,126,,1,0,0,0,0,0,0,0,0,0,0,0,0,0,0,1,0,0,0,0,0
Ardhi_addhi,126,,3,0,0,1,0,1,0,1,0,0,0,0,0,0,0,0,0,0,0,0,0
Abdurrahim2156,126,,2,0,0,0,0,0,0,0,1,1,0,0,0,0,0,0,0,0,0,0,0
ANAHUSSAINii,126,,1,0,0,0,0,0,0,0,0,1,0,0,0,0,0,0,0,0,0,0,0
snaka25345234,125,,3,0,0,0,0,0,0,0,0,0,0,0,1,1,1,0,0,0,0,0,0
flipitshaunisa,125,,1,0,0,0,0,0,1,0,0,0,0,0,0,0,0,0,0,0,0,0,0
esmailkhatai,125,,1,0,0,0,0,0,0,0,0,0,0,0,0,1,0,0,0,0,0,0,0
conflictindex_,125,,1,0,0,0,0,0,0,0,0,0,0,0,0,0,0,1,0,0,0,0,0
Zaynsha06525661,125,,1,0,0,0,0,0,0,0,0,0,1,0,0,0,0,0,0,0,0,0,0
RafaelDifferent,125,,3,1,0,0,0,0,1,0,0,0,0,0,0,0,0,0,0,1,0,0,0
Mwebaze_Enoch,125,,1,0,0,0,0,0,0,0,0,0,0,0,0,0,0,0,0,1,0,0,0
MananHameed7,125,,1,0,0,0,0,0,1,0,0,0,0,0,0,0,0,0,0,0,0,0,0
JushKombo51093,125,,1,0,0,0,0,0,0,0,0,0,1,0,0,0,0,0,0,0,0,0,0
Jackson010787,125,,13,0,0,1,0,1,1,1,1,0,1,0,1,1,1,0,1,1,1,0,1
Eleinad_11,125,,2,0,0,0,0,0,0,1,0,0,0,0,0,0,0,0,0,0,0,0,1
ArmaanMali46405,125,,9,0,0,1,0,0,1,1,0,1,0,1,0,0,0,0,1,1,0,1,1
Aliimen62828491,125,,1,0,0,0,0,0,0,0,0,1,0,0,0,0,0,0,0,0,0,0,0
Alexandero78150,125,,1,0,0,0,0,0,0,0,0,0,0,0,1,0,0,0,0,0,0,0,0
AghaAghaye,125,,1,0,0,0,0,0,0,0,0,0,0,0,1,0,0,0,0,0,0,0,0
AdrianoEmperor8,125,,2,0,0,0,0,0,1,0,0,0,0,0,0,0,0,1,0,0,0,0,0
12hc4f,125,,3,0,0,0,1,0,0,0,0,0,0,0,0,0,0,1,1,0,0,0,0
draliaqdas,124,,2,0,0,0,0,0,0,0,0,0,1,0,0,1,0,0,0,0,0,0,0
alldatamatters,124,,1,0,0,0,0,0,0,0,0,0,0,0,0,0,0,0,0,0,0,1,0
TribeRebellious,124,,1,0,0,0,0,0,0,0,0,0,0,0,0,0,0,0,0,0,0,0,1
Odyek258327,124,,4,0,0,0,0,0,0,0,1,0,0,0,0,1,1,0,0,1,0,0,0
MasseProjo,124,,1,0,0,0,0,0,0,0,0,0,0,0,0,0,0,0,0,0,1,0,0
MMaremwa34326,124,,1,0,0,0,0,0,0,0,0,0,0,0,0,0,0,0,0,0,0,0,1
LouisRebu,124,,1,0,0,0,0,0,0,0,0,0,0,0,0,1,0,0,0,0,0,0,0
JuanCarlosNil,124,,1,1,0,0,0,0,0,0,0,0,0,0,0,0,0,0,0,0,0,0,0
Hugh20649394,124,,2,0,1,0,0,0,0,0,0,1,0,0,0,0,0,0,0,0,0,0,0
Frances62424816,124,,2,0,0,0,0,0,0,0,0,1,0,0,0,0,0,0,0,0,0,0,1
1Nimati,124,,1,0,0,0,0,0,0,0,0,0,0,0,0,0,0,0,1,0,0,0,0
zeinab_rooh,123,,1,0,0,0,0,0,0,0,0,0,0,0,0,0,0,0,0,0,1,0,0
yasing221,123,,1,0,0,1,0,0,0,0,0,0,0,0,0,0,0,0,0,0,0,0,0
toroghi_ma46463,123,,5,0,0,0,0,0,1,1,1,1,1,0,0,0,0,0,0,0,0,0,0
fariimmaahh,123,,1,0,0,0,0,1,0,0,0,0,0,0,0,0,0,0,0,0,0,0,0
blast1337305,123,,1,0,0,0,0,0,0,0,0,0,0,0,0,0,0,0,0,0,1,0,0
bR0hm67,123,,1,0,0,0,0,0,0,0,0,0,0,0,0,0,0,0,0,0,0,0,1
artenude,123,,1,0,0,0,0,0,0,0,0,0,0,0,0,0,0,0,0,0,0,0,1
ZdagYasar,123,,3,0,0,0,0,0,1,0,0,0,0,0,1,0,0,0,1,0,0,0,0
Saghebi_ir,123,,2,0,0,0,0,0,0,0,0,0,0,0,0,0,0,1,0,0,1,0,0
SShahtareen,123,,1,0,0,0,0,0,0,1,0,0,0,0,0,0,0,0,0,0,0,0,0
MalikShrafat1,123,,5,0,1,0,0,0,0,1,0,1,0,0,0,0,0,1,0,0,0,1,0
ME2ME2ME2M,123,,1,0,0,0,0,0,0,1,0,0,0,0,0,0,0,0,0,0,0,0,0
KawtharKhalil20,123,,1,0,0,0,0,0,0,0,0,0,0,0,0,0,0,1,0,0,0,0,0
Ifel_1991,123,,1,0,0,1,0,0,0,0,0,0,0,0,0,0,0,0,0,0,0,0,0
Hussein96884391,123,,1,0,0,0,0,0,0,0,0,0,0,0,0,0,0,1,0,0,0,0,0
C0inOps592,123,,3,0,0,0,0,0,0,0,0,0,0,0,0,1,1,0,0,0,1,0,0
BBA_Alliance,123,,2,0,0,0,0,0,0,0,0,0,1,0,0,0,0,0,0,1,0,0,0
Alessandro19670,123,,8,0,0,0,1,0,0,1,0,1,1,1,1,0,0,0,0,0,1,1,0
AkilouSeibou,123,,1,0,0,0,0,0,0,0,0,0,1,0,0,0,0,0,0,0,0,0,0
8188jshuh,123,,1,0,0,0,0,0,0,0,0,0,0,0,1,0,0,0,0,0,0,0,0
xabubakarshahid,122,,1,0,0,0,0,0,0,0,0,0,0,0,0,1,0,0,0,0,0,0,0
uniquecourtesy,122,,1,0,0,0,0,0,0,0,0,0,1,0,0,0,0,0,0,0,0,0,0
omar_robin5896,122,,2,0,0,0,0,0,0,1,0,0,0,0,0,0,0,0,0,1,0,0,0
najarraarif,122,,3,0,0,0,0,0,0,0,1,1,0,0,0,0,0,0,0,1,0,0,0
mahdjon,122,,1,0,0,0,0,0,0,0,0,0,0,0,0,0,0,0,0,1,0,0,0
esirwanda,122,,8,0,0,0,0,0,0,0,0,0,0,1,1,0,0,1,1,1,1,1,1
energyfocused1,122,,2,0,0,0,0,0,0,0,0,0,0,0,0,0,0,0,1,1,0,0,0
arash_seifzad,122,,1,0,0,0,0,0,0,0,0,0,0,0,0,0,0,0,0,0,1,0,0
afzalsa36917327,122,,3,0,1,0,0,1,0,0,0,0,0,0,0,0,0,0,0,1,0,0,0
ZaryabShahzad10,122,,2,0,0,0,0,0,0,0,0,0,0,0,0,0,0,1,0,1,0,0,0
VCadre8822,122,,1,0,0,0,0,0,0,0,0,0,0,0,0,0,0,0,0,0,0,0,1
SierraMike_64,122,,2,0,0,0,0,1,1,0,0,0,0,0,0,0,0,0,0,0,0,0,0
SajInsights,122,,1,1,0,0,0,0,0,0,0,0,0,0,0,0,0,0,0,0,0,0,0
Rashed110plus,122,,1,0,0,0,0,0,1,0,0,0,0,0,0,0,0,0,0,0,0,0,0
RafZak8,122,,10,0,1,0,0,1,0,0,1,0,0,0,1,0,0,1,1,1,1,1,1
NadineTheOne,122,,1,0,0,0,0,0,0,0,0,0,0,0,1,0,0,0,0,0,0,0,0
LARSISTANCE,122,,3,0,0,0,0,0,0,0,0,1,0,0,0,0,0,0,0,1,0,0,1
Ismaelkhaani,122,,1,0,1,0,0,0,0,0,0,0,0,0,0,0,0,0,0,0,0,0,0
I_Am_Munch,122,,1,0,0,0,0,0,0,0,0,0,0,0,0,1,0,0,0,0,0,0,0
Ghk2000l,122,,9,0,1,0,0,0,1,0,0,1,0,1,1,0,0,0,1,1,1,1,0
GMustafa18443,122,,1,0,0,0,0,0,0,0,0,0,0,0,0,0,0,0,0,0,1,0,0
ElvinYong7,122,,2,0,0,0,0,0,0,0,0,0,0,0,0,0,0,0,0,0,0,1,1
AmanBra67691202,122,,1,0,0,0,0,0,0,0,0,0,0,0,0,0,0,0,0,1,0,0,0
AhmedLusajo,122,,1,0,0,0,0,0,0,0,1,0,0,0,0,0,0,0,0,0,0,0,0
212Jays,122,,1,0,0,0,0,0,0,0,0,0,0,0,0,0,0,0,0,0,0,1,0
rivadeneyr50991,121,,1,0,0,0,0,0,0,1,0,0,0,0,0,0,0,0,0,0,0,0,0
omicron_plus,121,,3,0,0,0,0,0,0,0,1,0,0,0,0,0,1,0,0,0,0,0,1
nuggetssadio,121,,2,0,1,0,0,0,0,0,0,0,0,0,0,1,0,0,0,0,0,0,0
more_blessings1,121,,1,0,0,0,0,0,0,0,0,1,0,0,0,0,0,0,0,0,0,0,0
mersad_kheybar,121,,2,0,0,0,0,0,0,0,0,0,0,0,0,1,1,0,0,0,0,0,0
jawad18101989,121,,1,0,0,0,0,0,0,0,0,1,0,0,0,0,0,0,0,0,0,0,0
empathyisdivine,121,,1,0,0,0,0,0,0,0,0,0,0,0,0,0,0,0,0,0,0,0,1
emmanny60,121,,1,0,0,0,0,0,0,0,0,0,1,0,0,0,0,0,0,0,0,0,0
beirhbrjrk,121,,7,0,0,0,0,1,0,0,0,1,1,0,1,1,0,0,0,0,0,1,1
anshuman_arun,121,,2,0,0,0,0,0,1,1,0,0,0,0,0,0,0,0,0,0,0,0,0
abdurrahim15527,121,,1,0,0,0,0,0,1,0,0,0,0,0,0,0,0,0,0,0,0,0,0
RealDalGadot,121,,4,0,0,0,0,0,1,0,0,0,1,0,0,0,0,0,1,0,0,1,0
ParvezAhdShaikh,121,,2,0,0,0,0,0,0,0,0,0,0,0,0,0,0,0,0,1,1,0,0
PIdinakhuy,121,,2,0,0,0,0,0,0,0,0,0,0,1,0,1,0,0,0,0,0,0,0
NiraleyAalam,121,,1,0,0,0,0,0,0,0,0,0,0,0,0,1,0,0,0,0,0,0,0
Meli_Kourosh,121,,3,0,0,0,0,1,0,0,0,0,0,1,0,0,0,0,0,0,0,0,1
MBR2050,121,,1,0,0,0,0,0,0,0,0,0,0,0,0,0,0,1,0,0,0,0,0
JkRuigu,121,,1,0,0,0,0,0,0,0,0,0,1,0,0,0,0,0,0,0,0,0,0
Irouni313,121,,2,1,0,0,0,0,0,0,0,1,0,0,0,0,0,0,0,0,0,0,0
ButterWeenie,121,,2,0,0,0,0,0,1,0,0,0,0,0,0,0,0,0,0,1,0,0,0
BittaAsif,121,,1,0,0,0,0,0,0,0,0,0,1,0,0,0,0,0,0,0,0,0,0
AlirezaAlman,121,,2,0,0,0,0,0,0,0,0,0,0,0,0,0,0,0,0,0,0,1,1
AlhodalyA69095,121,,4,0,0,0,0,0,0,0,0,0,0,0,0,1,1,0,0,0,0,1,1
AlhajTikumah,121,,1,0,0,0,0,0,0,0,0,0,0,0,0,0,0,0,0,0,0,0,1
075Henry,121,,1,0,0,0,0,0,0,0,0,0,0,0,0,0,0,0,0,0,1,0,0
zAr83592844,120,,1,0,0,0,0,0,0,0,0,0,0,0,0,0,0,0,1,0,0,0,0
m_shahrukh_,120,,1,0,0,0,0,0,0,0,0,0,0,0,0,0,0,0,0,0,0,0,1
karami007,120,,1,0,0,0,0,0,0,1,0,0,0,0,0,0,0,0,0,0,0,0,0
kabachan2804,120,,1,0,0,0,0,0,0,0,0,0,0,0,0,0,0,0,0,0,0,0,1
iHamzaRandhawa,120,,1,0,0,0,0,0,0,0,1,0,0,0,0,0,0,0,0,0,0,0,0
dennunoo3,120,,1,0,0,0,0,0,0,0,0,0,0,0,0,0,0,0,0,0,0,1,0
che_bayad_card,120,,4,0,0,0,0,0,0,0,0,0,0,1,1,0,0,1,0,0,1,0,0
VadelNour,120,,1,0,0,0,0,1,0,0,0,0,0,0,0,0,0,0,0,0,0,0,0
Sepideh41815713,120,,1,0,0,0,0,0,1,0,0,0,0,0,0,0,0,0,0,0,0,0,0
MeghQue51928,120,,1,0,0,0,0,0,0,0,1,0,0,0,0,0,0,0,0,0,0,0,0
LinusCargill,120,,1,0,0,0,0,0,0,0,0,0,0,0,0,0,0,0,1,0,0,0,0
King_48862,120,,1,0,0,0,0,0,0,0,0,0,0,0,0,0,0,0,0,1,0,0,0
IslahCharity,120,,1,0,0,0,0,0,0,0,0,1,0,0,0,0,0,0,0,0,0,0,0
H9_CFC,120,,1,0,0,0,0,0,0,0,0,0,0,0,1,0,0,0,0,0,0,0,0
CriticsAnalysis,120,,1,0,0,0,0,0,1,0,0,0,0,0,0,0,0,0,0,0,0,0,0
Abdulazeez64973,120,,11,1,0,1,0,0,1,1,1,1,0,0,1,0,1,0,0,0,1,1,1
vettukulam,119,,1,0,0,0,0,0,1,0,0,0,0,0,0,0,0,0,0,0,0,0,0
toostonedtospel,119,,1,0,0,0,0,0,0,0,0,0,0,0,0,0,0,0,0,0,0,0,1
nat167297074937,119,,1,0,0,0,0,0,0,0,0,0,0,0,0,0,0,0,0,0,0,1,0
muqawamah_,119,,1,0,0,0,0,0,0,0,0,0,0,0,0,0,0,0,0,0,0,0,1
microslop1010,119,,2,0,0,0,0,0,1,0,0,0,0,0,0,0,0,0,0,1,0,0,0
javadpmlk,119,,2,0,0,0,0,0,0,0,0,0,1,1,0,0,0,0,0,0,0,0,0
isaaykl,119,,1,0,0,0,0,0,0,0,0,0,0,0,0,1,0,0,0,0,0,0,0
isa_ramadani,119,,8,1,0,0,0,0,0,1,0,0,0,0,0,0,0,1,1,1,1,1,1
habibul34519238,119,,2,0,0,0,0,0,1,1,0,0,0,0,0,0,0,0,0,0,0,0,0
fghryby94,119,,1,0,0,0,0,0,0,0,0,0,0,0,0,0,0,0,0,0,1,0,0
drbak_,119,,1,0,0,0,0,0,0,0,0,0,1,0,0,0,0,0,0,0,0,0,0
dejiminvu,119,,1,0,1,0,0,0,0,0,0,0,0,0,0,0,0,0,0,0,0,0,0
baljinderjkaur,119,,1,0,0,0,0,0,0,1,0,0,0,0,0,0,0,0,0,0,0,0,0
Sanvillofficia2,119,,3,0,0,0,0,1,0,0,0,0,1,0,0,0,0,1,0,0,0,0,0
OmerKudalak,119,,6,0,0,1,1,0,0,0,1,1,0,0,0,0,0,0,0,0,0,1,1
Malik47494169,119,,1,0,0,0,0,0,0,0,0,0,0,1,0,0,0,0,0,0,0,0,0
Khoumassi,119,,3,0,0,0,0,0,0,0,0,0,1,0,0,0,0,1,1,0,0,0,0
Joeyexh,119,,1,0,0,0,0,0,0,0,0,0,0,0,0,0,0,0,0,0,0,0,1
Hashimnadvi1,119,,2,0,0,0,0,1,1,0,0,0,0,0,0,0,0,0,0,0,0,0,0
GoliathAim,119,,1,0,1,0,0,0,0,0,0,0,0,0,0,0,0,0,0,0,0,0,0
FSalman33461,119,,4,0,0,0,1,0,1,1,0,0,0,0,0,0,0,0,0,0,0,0,1
AYellowGeezer,119,,3,0,0,0,0,0,0,0,0,0,0,1,0,0,0,0,0,1,1,0,0
realshobyw,118,,2,0,0,0,0,0,0,0,0,0,0,0,0,0,0,1,0,0,1,0,0
msham1995L,118,,1,0,0,0,0,1,0,0,0,0,0,0,0,0,0,0,0,0,0,0,0
mohade3_rezaei,118,,6,0,1,0,1,1,1,0,0,0,0,0,0,0,0,1,0,0,0,0,1
leaderpk01,118,,2,0,0,1,0,0,0,0,1,0,0,0,0,0,0,0,0,0,0,0,0
lawdidaw,118,,1,0,0,0,0,0,0,0,0,0,0,0,0,0,0,0,0,0,1,0,0
kingbalo27,118,,1,0,0,0,0,0,0,0,0,0,0,0,0,0,0,0,1,0,0,0,0
golnoosh1,118,,1,0,0,0,0,0,0,0,0,0,0,0,0,0,0,0,0,1,0,0,0
bjnk10,118,,1,0,0,0,0,0,0,0,0,0,1,0,0,0,0,0,0,0,0,0,0
ali03430101,118,,1,0,0,0,0,0,0,0,0,0,0,0,0,0,0,0,0,0,1,0,0
YasserMasry1,118,,8,0,1,0,0,0,1,1,0,0,1,0,1,1,1,0,0,0,0,0,1
Tarnishedsoeul,118,,1,0,0,0,0,1,0,0,0,0,0,0,0,0,0,0,0,0,0,0,0
TLeon82893,118,,17,1,1,1,1,1,0,0,1,1,1,1,1,1,0,1,1,1,1,1,1
SoulAndSyntax,118,,1,0,0,0,0,0,0,1,0,0,0,0,0,0,0,0,0,0,0,0,0
Karl46958336788,118,,2,0,0,0,0,0,0,0,0,1,1,0,0,0,0,0,0,0,0,0,0
Jollof3niShito,118,,1,0,0,0,0,0,0,0,0,1,0,0,0,0,0,0,0,0,0,0,0
JoeKing19900701,118,,2,0,0,1,0,0,0,1,0,0,0,0,0,0,0,0,0,0,0,0,0
Ibaloch0007,118,,2,0,0,0,0,0,0,0,0,1,0,0,0,0,0,0,0,0,0,0,1
IAmBackMfers,118,,11,0,0,1,1,1,1,0,0,1,1,1,1,0,1,0,0,0,0,1,1
CloudWatchcs,118,,1,0,0,0,0,0,0,0,0,0,0,0,0,0,0,0,0,1,0,0,0
Billu7billu,118,,2,0,0,0,0,0,0,0,0,0,1,0,0,0,0,0,0,1,0,0,0
Alii_Haq,118,,3,0,0,0,0,0,0,0,0,1,0,1,1,0,0,0,0,0,0,0,0
AXaivi,118,,9,0,0,0,0,0,0,0,1,1,1,1,1,1,0,0,0,1,1,1,0
ATazehli79294,118,,1,0,0,0,0,0,0,0,0,0,0,0,0,0,0,0,0,0,0,0,1
soltonaliii,117,,1,0,0,0,0,0,0,0,0,0,0,0,0,1,0,0,0,0,0,0,0
samkhan64470454,117,,5,0,0,0,0,0,0,0,0,0,0,0,0,1,0,0,1,1,1,1,0
rolleibabe,117,,13,0,0,0,0,1,1,1,1,1,1,0,0,1,0,1,1,1,1,1,1
propermike69,117,,1,0,0,0,0,0,0,0,0,0,1,0,0,0,0,0,0,0,0,0,0
nwrd_s38822,117,,1,0,0,0,0,0,0,0,0,0,1,0,0,0,0,0,0,0,0,0,0
muhammad_tabis,117,,1,0,0,0,0,0,0,0,0,0,0,0,0,0,0,0,0,0,0,0,1
lebghost97,117,,1,0,0,0,0,0,0,0,0,0,0,0,0,0,0,1,0,0,0,0,0
dominik_walecki,117,,1,0,0,0,0,0,0,0,0,0,0,0,0,0,0,0,0,0,0,0,1
chucknorisGaza,117,,8,0,0,0,0,1,0,1,1,0,0,0,0,0,0,1,1,1,1,0,1
bawaseer42055,117,,7,0,1,1,1,1,1,0,1,1,0,0,0,0,0,0,0,0,0,0,0
_aadil77,117,,1,0,0,0,0,0,0,0,0,0,0,0,0,0,0,0,1,0,0,0,0
Samf9993,117,,3,0,0,0,0,0,0,0,0,0,0,0,0,0,0,0,1,0,1,0,1
SakinaMAli32531,117,,2,0,0,0,0,0,0,0,0,1,0,0,0,0,0,0,0,0,0,0,1
RezaBahramee,117,,1,0,0,0,0,0,0,0,0,0,0,0,0,0,1,0,0,0,0,0,0
Protractinium,117,,1,0,0,0,0,0,0,0,0,0,0,0,0,0,0,1,0,0,0,0,0
LeathHedger49,117,,1,0,0,0,0,0,1,0,0,0,0,0,0,0,0,0,0,0,0,0,0
Jlh4P,117,,1,0,0,0,0,0,0,1,0,0,0,0,0,0,0,0,0,0,0,0,0
JeziKauzu39621,117,,3,0,0,0,0,0,0,0,0,1,1,0,0,1,0,0,0,0,0,0,0
Inneezbogzarad,117,,16,1,0,1,1,0,1,1,1,1,1,1,1,1,0,0,1,1,1,1,1
Gangleri16,117,,1,0,0,0,0,0,0,0,0,0,0,0,0,0,0,0,0,1,0,0,0
GMkhamisani,117,,2,0,0,0,0,0,0,0,0,0,0,0,0,0,0,0,0,0,0,1,1
EthanCo369,117,,7,0,0,0,0,1,1,0,0,1,0,1,0,1,0,0,0,0,0,1,1
DaliaAli0028751,117,,4,1,0,0,0,1,0,1,0,0,0,0,1,0,0,0,0,0,0,0,0
CharlieChapli67,117,,5,1,0,0,0,0,1,0,0,1,0,0,0,0,0,0,0,0,1,1,0
Caim_flabey,117,,1,0,0,0,0,0,0,0,0,0,0,0,0,0,0,1,0,0,0,0,0
24jupiter246,117,,1,0,0,0,0,0,0,0,0,1,0,0,0,0,0,0,0,0,0,0,0
umarabdulbaba2,116,,1,0,0,0,0,0,0,0,0,0,0,0,0,0,0,0,0,0,1,0,0
soulfullofflags,116,,1,0,0,0,0,0,0,0,0,0,0,0,0,0,0,0,0,0,0,0,1
jahrastafariii_,116,,1,0,0,0,0,0,0,0,0,0,1,0,0,0,0,0,0,0,0,0,0
doitzy1,116,,5,0,0,0,0,0,0,0,0,0,0,0,0,1,1,0,1,1,0,0,1
cajun27361,116,,2,0,0,0,0,1,0,0,1,0,0,0,0,0,0,0,0,0,0,0,0
alamirabodey,116,,2,0,0,0,0,0,0,1,1,0,0,0,0,0,0,0,0,0,0,0,0
SaharT33828,116,,5,0,0,0,0,0,1,0,0,0,1,0,0,1,0,0,0,1,0,0,1
RauSanR,116,,2,0,0,0,0,0,0,0,0,0,0,0,0,1,0,0,0,1,0,0,0
Pettunia14,116,,6,0,0,0,0,0,1,0,1,1,1,0,1,0,0,0,0,1,0,0,0
Masume857438,116,,1,0,0,0,0,0,0,0,0,0,0,0,0,0,0,0,0,0,1,0,0
Kryptonnaire,116,,1,0,0,0,0,0,0,0,0,0,0,0,0,0,0,0,0,0,0,0,1
FujimiyaMahiru,116,,1,0,1,0,0,0,0,0,0,0,0,0,0,0,0,0,0,0,0,0,0
FK1697417039894,116,,4,0,1,0,0,0,0,0,0,1,0,1,0,1,0,0,0,0,0,0,0
EslarKya,116,,1,0,0,0,0,0,0,0,0,0,1,0,0,0,0,0,0,0,0,0,0
AsadAli75350,116,,2,0,0,1,0,0,0,0,0,0,1,0,0,0,0,0,0,0,0,0,0
1alipointe,116,,1,1,0,0,0,0,0,0,0,0,0,0,0,0,0,0,0,0,0,0,0
zahraasyed,115,,4,0,0,0,0,0,1,0,0,0,0,1,0,0,0,0,1,0,1,0,0
sbaitwitteur,115,,1,0,0,0,0,0,0,0,0,0,0,0,0,1,0,0,0,0,0,0,0
pinheirotche,115,,4,0,0,0,0,1,1,0,0,0,1,1,0,0,0,0,0,0,0,0,0
p27291847fbwk,115,,1,0,0,0,0,0,0,0,0,0,0,0,0,0,0,0,0,0,0,0,1
obiang_edz28275,115,,1,0,0,0,0,0,0,0,0,0,0,0,0,0,0,0,1,0,0,0,0
hasnudo1,115,,6,0,0,0,0,1,0,0,0,0,1,1,0,0,0,0,1,1,0,0,1
ahmdmsw37385475,115,,4,0,0,1,0,0,0,0,0,0,0,0,0,1,0,0,0,1,0,1,0
VandaHer,115,,1,0,0,0,0,0,0,0,0,0,0,0,0,0,0,0,0,0,0,0,1
Salahuddin_quds,115,,1,0,0,0,0,0,0,1,0,0,0,0,0,0,0,0,0,0,0,0,0
PernalZuze74565,115,,5,0,0,0,0,1,0,0,1,1,0,0,1,0,0,0,0,0,0,0,1
Manzar313,115,,2,0,0,0,0,0,0,0,0,0,0,0,0,0,0,0,0,1,0,1,0
MILAD_MILAD68,115,,1,0,0,0,0,0,0,0,0,0,0,0,0,0,0,0,1,0,0,0,0
Lulyleb,115,,1,0,0,0,0,0,0,0,0,0,0,0,0,0,0,0,0,1,0,0,0
Linbaden119,115,,1,0,0,0,0,0,0,0,0,0,0,0,0,0,0,0,0,0,0,1,0
HosainAkhlaqi,115,,1,0,0,0,0,1,0,0,0,0,0,0,0,0,0,0,0,0,0,0,0
Gyim369960,115,,1,0,0,0,0,0,0,0,0,0,0,0,0,0,0,0,0,0,0,1,0
GrantPhilips01,115,,5,0,0,0,0,0,0,0,0,0,1,0,1,1,1,0,0,1,0,0,0
DocAuschwitz,115,,1,0,0,0,0,0,0,0,0,0,0,0,0,0,0,0,0,0,0,1,0
Bagakuin,115,,1,0,0,0,0,0,0,0,0,0,0,0,0,0,0,0,0,0,0,0,1
AmirhesamEslami,115,,10,0,0,0,0,1,1,1,1,1,1,0,0,1,0,0,1,1,1,0,0
A_Eliaspor,115,,1,0,0,0,0,0,0,0,0,0,0,0,0,0,0,0,1,0,0,0,0
0murliKrishna,115,,6,0,0,1,0,0,1,0,0,0,0,0,0,0,0,1,1,0,1,0,1
xsnjrno,114,,5,0,0,0,0,0,0,1,1,0,0,0,0,0,0,0,0,1,1,0,1
sarah14690653,114,,1,0,0,0,0,0,0,0,0,0,0,0,1,0,0,0,0,0,0,0,0
papabaklava,114,,1,0,0,0,0,0,0,0,0,0,0,0,1,0,0,0,0,0,0,0,0
mr_President17,114,,1,0,0,0,0,0,0,0,0,1,0,0,0,0,0,0,0,0,0,0,0
mjjabbary,114,,1,0,0,0,0,0,0,0,0,0,0,1,0,0,0,0,0,0,0,0,0
long_black1,114,,1,0,0,0,0,0,0,0,0,0,1,0,0,0,0,0,0,0,0,0,0
dreams292,114,,5,0,0,0,0,0,1,0,0,1,1,1,0,0,0,0,0,0,0,0,1
cescocp92,114,,1,0,0,0,0,0,0,0,0,0,0,0,0,0,0,0,0,0,1,0,0
amazightrend,114,,1,0,0,0,0,0,0,0,0,0,0,0,0,0,0,0,0,1,0,0,0
_Fatemeh_71,114,,1,0,1,0,0,0,0,0,0,0,0,0,0,0,0,0,0,0,0,0,0
Zkedits16,114,,1,0,0,0,0,0,0,0,0,1,0,0,0,0,0,0,0,0,0,0,0
Wstrnbabykllers,114,,4,0,0,0,0,0,0,0,0,0,0,0,0,1,0,1,1,0,0,0,1
TereLimaM,114,,1,0,0,0,0,0,0,0,0,0,0,0,0,0,0,1,0,0,0,0,0
ShriSimKhirid,114,,1,0,0,0,0,0,0,0,0,0,0,0,0,0,0,0,0,0,0,1,0
Projunior17,114,,1,0,0,0,0,0,0,0,0,0,0,0,0,0,0,0,0,0,0,0,1
PetraH02,114,,2,0,0,0,0,1,1,0,0,0,0,0,0,0,0,0,0,0,0,0,0
Pelu420,114,,3,0,0,0,0,0,0,0,0,1,0,0,0,0,0,1,0,1,0,0,0
Mmn600195640424,114,,16,1,1,1,1,1,1,1,0,1,1,1,1,1,0,1,1,1,0,0,1
JamaliSina,114,,2,0,0,0,0,0,0,0,0,0,0,0,0,0,0,0,0,0,1,1,0
Gmmufti1,114,,1,0,0,0,0,0,0,0,0,0,0,0,0,1,0,0,0,0,0,0,0
CabralLuiyi,114,,1,0,0,0,0,0,0,0,1,0,0,0,0,0,0,0,0,0,0,0,0
1_Muhammed_4,114,,1,0,0,0,0,0,0,0,0,0,0,0,0,0,0,0,0,1,0,0,0
rezaabdolm80622,113,,1,0,0,0,0,0,0,0,0,0,0,0,0,0,0,0,0,0,0,1,0
moqavama,113,,1,0,0,0,0,0,0,0,0,0,0,0,0,0,0,1,0,0,0,0,0
mantik_ilim1,113,,3,0,0,0,0,0,1,0,0,0,0,1,0,0,0,0,1,0,0,0,0
manirnm,113,,1,0,0,0,0,0,0,0,0,0,0,0,0,0,0,0,0,0,0,0,1
lianamonstera,113,,1,0,0,0,0,1,0,0,0,0,0,0,0,0,0,0,0,0,0,0,0
kukGU6JGeM44382,113,,1,0,0,0,0,0,0,0,1,0,0,0,0,0,0,0,0,0,0,0,0
et_resilience,113,,1,0,0,0,0,0,0,0,0,0,0,0,0,0,0,0,0,1,0,0,0
Tobi_90roppo,113,,2,0,0,0,0,0,0,0,0,0,0,0,0,1,0,0,0,0,0,0,1
TTVStraylegend,113,,18,0,1,1,1,1,1,1,1,1,1,1,1,1,0,1,1,1,1,1,1
SyedHasanI43130,113,,3,0,0,0,0,1,0,0,0,0,0,0,0,0,0,1,0,0,0,0,1
SMARIZVI3,113,,1,0,0,0,0,0,0,0,1,0,0,0,0,0,0,0,0,0,0,0,0
RakibHRaju1,113,,1,0,0,0,0,0,1,0,0,0,0,0,0,0,0,0,0,0,0,0,0
NasrallahsGhost,113,,8,0,0,0,0,0,0,1,0,1,1,0,1,0,0,0,0,1,1,1,1
MakcomPale24267,113,,1,0,0,0,0,0,0,1,0,0,0,0,0,0,0,0,0,0,0,0,0
Ib494,113,,1,0,0,0,0,0,0,0,0,0,0,0,0,0,0,0,0,1,0,0,0
HusseyOmer,113,,1,0,0,0,0,0,0,0,0,0,1,0,0,0,0,0,0,0,0,0,0
Ermy40,113,,1,0,0,0,0,0,0,0,0,0,0,0,0,0,0,0,0,1,0,0,0
Bitakhanooom,113,,7,0,0,0,1,0,1,0,0,0,0,0,0,0,0,0,1,1,1,1,1
AtkOel,113,,1,0,0,0,0,0,0,0,0,0,0,0,0,0,0,1,0,0,0,0,0
Asadali166,113,,5,0,0,0,0,0,0,0,0,0,0,0,0,1,0,0,0,1,1,1,1
truepromice4,112,,1,0,0,0,0,0,0,1,0,0,0,0,0,0,0,0,0,0,0,0,0
sortemoissezanc,112,,1,0,0,0,0,0,0,0,0,0,0,0,0,0,0,0,0,0,1,0,0
roda109,112,,3,0,1,0,1,1,0,0,0,0,0,0,0,0,0,0,0,0,0,0,0
olxfur_,112,,1,0,0,0,0,0,0,0,0,0,1,0,0,0,0,0,0,0,0,0,0
odisho89,112,,1,0,0,0,0,0,0,0,0,0,0,0,0,0,0,1,0,0,0,0,0
nosha48272263,112,,3,0,0,0,0,0,1,0,0,1,1,0,0,0,0,0,0,0,0,0,0
mohammad_daraie,112,,1,0,0,0,0,0,0,0,0,0,0,0,0,0,0,0,0,0,1,0,0
mdabibi,112,,1,0,0,0,0,0,0,0,0,0,0,0,0,0,0,0,0,0,0,1,0
khozraschyot,112,,9,1,0,1,1,0,0,0,1,1,1,1,0,0,0,0,0,0,0,1,1
kelidari61789,112,,1,0,0,0,0,0,1,0,0,0,0,0,0,0,0,0,0,0,0,0,0
eveorange171,112,,2,0,0,0,0,0,1,0,1,0,0,0,0,0,0,0,0,0,0,0,0
delaram_bano,112,,1,0,0,0,0,0,0,0,0,0,0,1,0,0,0,0,0,0,0,0,0
abouchutrab,112,,15,1,0,0,0,1,1,0,1,1,1,0,1,1,1,1,1,1,1,1,1
VoicesUnheardIR,112,,3,0,0,0,0,0,0,1,0,0,0,0,0,1,0,0,0,1,0,0,0
The1985Gent,112,,2,0,0,0,0,0,0,0,0,1,1,0,0,0,0,0,0,0,0,0,0
TanosModi,112,,1,0,0,0,0,0,0,0,0,0,0,0,0,0,0,0,0,0,0,0,1
SamZ27_,112,,2,0,0,0,0,0,1,0,0,1,0,0,0,0,0,0,0,0,0,0,0
RealHaashi,112,,1,0,0,0,0,0,0,0,0,0,0,0,0,0,0,1,0,0,0,0,0
RabNawaz1299099,112,,1,0,0,0,0,0,0,0,0,1,0,0,0,0,0,0,0,0,0,0,0
MjNiazii,112,,1,0,0,0,0,0,1,0,0,0,0,0,0,0,0,0,0,0,0,0,0
MUSLIMADILKHAN,112,,2,0,0,0,0,0,0,1,0,0,0,0,0,1,0,0,0,0,0,0,0
LamaLanas,112,,5,0,0,0,0,0,1,1,0,1,1,0,0,0,0,1,0,0,0,0,0
KhanHeerPPP,112,,1,1,0,0,0,0,0,0,0,0,0,0,0,0,0,0,0,0,0,0,0
KennethTogher,112,,2,0,1,1,0,0,0,0,0,0,0,0,0,0,0,0,0,0,0,0,0
Jahangiri_Iran,112,,7,0,0,1,0,1,1,1,0,0,0,0,1,0,0,0,0,0,1,1,0
Idnan70977430,112,,2,0,0,0,0,0,1,1,0,0,0,0,0,0,0,0,0,0,0,0,0
Haj_Amir12345,112,,5,0,0,0,0,0,0,0,0,0,0,0,0,0,0,0,1,1,1,1,1
DerenceB7211,112,,4,0,0,0,0,0,1,0,1,1,1,0,0,0,0,0,0,0,0,0,0
DedeBellNBCT,112,,1,0,0,0,0,0,0,0,0,0,0,0,0,0,0,0,0,0,0,0,1
CiudadanoSade,112,,2,0,0,0,0,0,1,0,0,0,0,0,0,0,0,0,1,0,0,0,0
CamaradaSousa,112,,11,1,1,1,0,1,1,0,1,1,0,1,0,1,1,0,0,0,0,0,1
Atma_zinda_hai,112,,1,0,0,0,0,0,0,0,0,0,0,0,0,0,0,0,0,0,0,0,1
AmericanLove4u,112,,4,0,0,0,0,0,1,1,0,0,1,1,0,0,0,0,0,0,0,0,0
Aliqais69,112,,4,0,0,0,0,0,0,0,0,0,0,1,1,1,0,1,0,0,0,0,0
raygamingiv,111,,14,0,1,1,1,1,1,1,1,1,1,0,1,1,0,1,1,0,0,0,1
ovrthinkerlive,111,,1,0,0,0,0,0,0,0,0,1,0,0,0,0,0,0,0,0,0,0,0
ones5marcus,111,,1,0,0,0,0,0,0,0,0,0,0,0,0,0,0,0,0,0,0,0,1
lebahawk,111,,2,0,0,0,0,0,0,0,0,0,1,0,0,1,0,0,0,0,0,0,0
hashemi_1399,111,,1,0,0,0,0,0,0,0,0,0,0,0,0,1,0,0,0,0,0,0,0
hamzafreshddef,111,,1,0,0,0,0,0,0,1,0,0,0,0,0,0,0,0,0,0,0,0,0
farahani313901,111,,1,0,0,0,0,0,0,0,0,0,0,0,0,0,0,0,0,0,1,0,0
elahe6266,111,,1,0,0,0,0,0,0,0,0,0,0,0,0,0,0,0,0,0,1,0,0
abdellahattala,111,,3,0,0,0,0,0,0,0,1,1,0,0,0,0,0,0,1,0,0,0,0
_big_swift,111,,3,0,0,0,0,0,0,0,0,1,0,0,0,0,0,0,0,1,0,0,1
Wasfij,111,,1,0,0,0,0,0,0,0,0,0,0,0,0,0,0,0,0,0,0,0,1
SaraniSohil,111,,2,0,0,0,0,0,0,0,0,0,0,0,0,0,0,0,0,1,0,0,1
RamnSnc80188196,111,,7,1,0,0,0,0,1,1,0,0,1,1,1,0,0,0,1,0,0,0,0
Nahid_009,111,,1,0,0,0,0,0,1,0,0,0,0,0,0,0,0,0,0,0,0,0,0
Hosainahmadii,111,,1,0,0,0,0,0,0,0,0,1,0,0,0,0,0,0,0,0,0,0,0
ChinaPoaster,111,,3,0,0,0,0,0,0,0,0,0,0,0,0,0,0,0,1,1,1,0,0
BerberDreams,111,,2,0,0,0,0,0,0,0,0,0,0,0,0,0,0,0,1,0,0,0,1
ANawaz313,111,,1,0,0,0,0,0,0,0,0,0,1,0,0,0,0,0,0,0,0,0,0
xavierchataign1,110,,1,0,0,0,0,0,0,0,0,0,0,0,0,0,0,0,0,0,1,0,0
saffffffffffdar,110,,1,0,0,0,0,1,0,0,0,0,0,0,0,0,0,0,0,0,0,0,0
rfaizan17,110,,4,0,0,0,0,0,1,0,0,0,1,0,0,0,0,0,1,1,0,0,0
naeemchorawala,110,,1,0,0,0,0,0,0,0,0,0,1,0,0,0,0,0,0,0,0,0,0
mhsn_skry24119,110,,13,0,0,0,0,0,0,1,1,1,1,1,0,1,1,1,1,1,1,1,1
meysamkazemi71,110,,1,0,0,0,0,0,0,0,0,0,0,0,0,0,0,0,0,0,1,0,0
hossein_zre,110,,5,0,0,0,1,0,0,1,0,1,0,1,0,0,0,0,0,0,1,0,0
hayat_w2,110,,1,0,0,0,0,0,0,0,0,0,0,0,0,0,0,0,0,0,1,0,0
drclowntown,110,,1,0,0,0,0,0,1,0,0,0,0,0,0,0,0,0,0,0,0,0,0
chaito92,110,,1,0,0,0,0,0,0,0,0,0,0,0,0,0,0,0,0,1,0,0,0
arasg777,110,,4,0,0,0,0,1,1,0,1,0,0,0,0,0,1,0,0,0,0,0,0
allizzwell21,110,,1,0,0,0,0,0,0,0,0,0,0,0,0,0,0,0,0,0,0,1,0
adolf_netnyahu,110,,2,0,0,0,0,0,1,0,0,1,0,0,0,0,0,0,0,0,0,0,0
Su558811,110,,1,0,0,0,0,0,0,0,0,0,0,0,0,0,0,0,1,0,0,0,0
SAAR47,110,,5,0,0,0,0,0,0,1,0,0,0,0,0,0,0,1,1,0,0,1,1
Royarsofficial,110,,1,0,0,0,0,0,0,0,0,0,0,0,0,0,0,0,0,0,1,0,0
Ro_ll_XX,110,,1,0,0,0,0,0,0,0,0,0,0,0,0,0,0,0,0,1,0,0,0
Mohamma57714101,110,,1,0,0,0,0,0,0,1,0,0,0,0,0,0,0,0,0,0,0,0,0
Mehran6650201,110,,2,0,0,0,0,0,1,0,0,0,0,0,0,0,0,0,1,0,0,0,0
KamalS44026790,110,,2,0,0,0,0,0,0,0,0,0,1,0,0,0,0,0,0,1,0,0,0
Jef105139194117,110,,1,0,0,0,1,0,0,0,0,0,0,0,0,0,0,0,0,0,0,0,0
Hormoz432,110,,2,0,0,0,0,0,0,0,0,0,0,0,1,1,0,0,0,0,0,0,0
EarlMachupichu,110,,1,0,0,0,0,0,0,0,0,0,0,0,0,0,0,0,0,0,1,0,0
DianatRouhollah,110,,1,0,0,0,0,0,0,0,0,0,0,0,0,0,0,0,0,0,1,0,0
Akhphash,110,,2,0,0,0,0,0,1,1,0,0,0,0,0,0,0,0,0,0,0,0,0
mirzamuham80454,109,,1,0,0,0,0,0,0,0,0,0,0,0,0,0,0,0,0,0,0,0,1
kfirsla2003,109,,1,0,0,0,0,0,0,0,0,0,0,0,0,0,0,1,0,0,0,0,0
itshimbabe,109,,1,0,0,0,0,0,0,0,0,0,0,0,0,1,0,0,0,0,0,0,0
husti1915,109,,1,0,0,0,0,0,0,0,0,1,0,0,0,0,0,0,0,0,0,0,0
danskypepegreen,109,,1,0,0,0,0,0,0,0,0,0,0,0,0,1,0,0,0,0,0,0,0
alkor2002,109,,2,0,0,0,1,0,0,0,0,0,0,0,0,0,0,0,0,0,0,0,1
afzaalbhatti,109,,5,0,0,0,0,0,0,0,0,1,0,1,0,0,0,0,0,1,1,1,0
Steven3697,109,,1,0,0,0,0,0,0,0,0,0,0,0,0,0,0,0,0,0,0,0,1
Nass2426,109,,1,0,0,0,0,0,0,0,0,0,0,0,0,0,0,0,0,0,0,0,1
Nanda383657,109,,1,0,0,0,0,0,0,0,0,0,0,0,0,0,0,0,0,0,0,1,0
Mohammad_90s,109,,2,0,0,0,0,0,0,0,0,0,0,0,0,0,0,0,0,0,1,1,0
LubegaLubega,109,,1,0,0,0,0,0,0,0,0,0,0,0,0,0,0,0,0,0,1,0,0
GrandDukeAther,109,,1,0,0,0,0,0,0,0,0,0,0,0,1,0,0,0,0,0,0,0,0
GibsonJrY24,109,,1,0,0,0,0,0,0,0,0,0,0,0,0,0,0,0,0,0,0,0,1
BriannaTimbero,109,,1,0,0,0,0,0,0,0,0,0,0,0,0,0,0,0,0,1,0,0,0
AyseKamisli,109,,19,1,1,1,1,1,1,1,1,1,1,1,1,1,1,1,1,1,1,0,1
AdnanYa41332018,109,,1,0,0,0,0,0,0,0,0,0,0,0,0,0,0,0,0,0,1,0,0
356Hamd,109,,1,0,0,0,0,0,0,0,0,1,0,0,0,0,0,0,0,0,0,0,0
2024usrace,109,,1,0,0,0,0,0,0,0,0,0,0,0,0,0,0,1,0,0,0,0,0
1Mkenyaa,109,,1,0,0,0,0,0,0,0,0,0,0,0,0,0,0,0,0,0,0,0,1
usamakhan792,108,,1,0,0,0,0,0,0,1,0,0,0,0,0,0,0,0,0,0,0,0,0
samiali127706,108,,1,0,0,0,0,0,0,0,0,0,0,0,0,0,0,0,0,1,0,0,0
mtp1376,108,,1,0,0,0,0,0,0,0,0,0,0,0,0,0,0,0,0,0,0,0,1
mazahyr,108,,4,0,0,0,1,0,1,0,0,0,0,0,1,0,0,0,0,0,1,0,0
kingson1336977,108,,1,0,0,0,0,0,0,0,0,0,0,0,0,1,0,0,0,0,0,0,0
jyouneszadeh,108,,2,0,0,0,1,1,0,0,0,0,0,0,0,0,0,0,0,0,0,0,0
commandlinemarx,108,,1,0,0,0,0,0,0,0,0,1,0,0,0,0,0,0,0,0,0,0,0
Sahel497734,108,,10,1,0,0,0,0,1,0,1,1,1,0,0,1,0,0,1,0,1,1,1
Peoples_AI,108,,5,0,0,0,0,0,0,0,1,1,0,1,0,0,1,0,1,0,0,0,0
MuhssenSam89135,108,,3,0,0,0,0,0,1,0,1,1,0,0,0,0,0,0,0,0,0,0,0
MobinResistance,108,,13,1,0,1,0,1,1,1,1,1,1,0,1,1,1,0,1,1,0,0,0
Mcdonnell187580,108,,4,0,0,0,1,0,0,0,0,0,0,0,0,0,0,0,1,0,1,0,1
IdreesMahmood,108,,1,0,0,0,0,0,0,0,0,0,0,0,0,0,0,0,0,0,1,0,0
HistoryDebunk,108,,1,0,0,0,0,0,0,0,0,0,0,0,0,0,1,0,0,0,0,0,0
FazlAda,108,,1,0,0,0,0,0,0,0,0,0,0,0,0,0,0,0,0,0,1,0,0
Drsmohamad1,108,,1,0,0,0,0,0,0,1,0,0,0,0,0,0,0,0,0,0,0,0,0
1TuffOldBird,108,,1,0,0,0,0,0,0,0,0,0,0,0,0,0,0,0,0,0,0,1,0
zhdali123,107,,4,0,0,0,0,0,0,0,0,0,0,0,0,0,0,1,0,1,0,1,1
yakultBenecol,107,,19,1,0,1,1,1,1,1,1,1,1,1,1,1,1,1,1,1,1,1,1
triggerman_ttt,107,,1,0,0,0,0,0,0,0,0,0,0,0,0,0,0,0,0,0,1,0,0
sayyad_ul_abrar,107,,2,0,0,0,1,0,0,0,0,0,0,1,0,0,0,0,0,0,0,0,0
saamii1,107,,1,0,0,0,0,0,0,0,0,0,0,0,0,0,0,0,0,0,1,0,0
mobeen_zaman,107,,1,0,0,0,0,0,0,0,0,0,0,0,0,0,0,0,0,1,0,0,0
igogougogo58962,107,,1,0,0,0,0,0,0,0,0,0,0,0,0,0,0,0,0,0,0,0,1
babakoluu,107,,1,0,0,0,0,0,0,0,0,0,0,0,0,0,0,0,0,0,0,0,1
ashfaqali7,107,,14,0,1,0,1,0,1,1,0,1,1,1,1,1,0,1,1,1,1,1,0
alh_ahamed,107,,1,1,0,0,0,0,0,0,0,0,0,0,0,0,0,0,0,0,0,0,0
Officer756233,107,,1,0,0,0,0,0,0,0,0,0,0,0,0,0,0,1,0,0,0,0,0
NobuyukiNishig1,107,,1,0,0,0,0,0,0,1,0,0,0,0,0,0,0,0,0,0,0,0,0
Mahdi_mahdiyar7,107,,1,0,1,0,0,0,0,0,0,0,0,0,0,0,0,0,0,0,0,0,0
Limonyniss8686,107,,8,0,0,1,0,0,1,0,0,1,0,0,0,0,1,0,1,1,1,1,0
Kn1ghtWng,107,,1,0,0,0,0,0,0,0,0,0,0,0,0,1,0,0,0,0,0,0,0
KazmeSyeda,107,,3,0,0,0,0,0,1,0,0,0,0,0,0,0,0,0,0,0,0,1,1
HamzaChandia2,107,,2,0,0,1,0,0,1,0,0,0,0,0,0,0,0,0,0,0,0,0,0
GodwinPinto5,107,,1,0,0,0,0,0,1,0,0,0,0,0,0,0,0,0,0,0,0,0,0
GivenMpho_M,107,,1,0,0,0,0,0,0,0,0,0,1,0,0,0,0,0,0,0,0,0,0
BurdockEster,107,,2,0,0,1,0,0,0,0,1,0,0,0,0,0,0,0,0,0,0,0,0
Bahattinir78052,107,,1,0,0,0,0,0,0,0,0,0,0,0,0,1,0,0,0,0,0,0,0
Bagocans180035,107,,1,0,0,0,0,0,0,0,0,0,0,0,0,0,0,0,0,0,0,1,0
unreplace_able,106,,1,0,0,0,0,0,0,0,0,0,0,0,0,0,0,0,0,1,0,0,0
uengineer12,106,,5,0,0,0,0,0,0,1,1,0,0,0,0,0,0,0,0,1,1,0,1
stj2004582,106,,2,0,0,0,0,0,0,0,0,0,0,0,1,1,0,0,0,0,0,0,0
sajjadnaqwe,106,,2,0,0,0,0,0,0,0,1,0,0,0,0,0,0,0,0,1,0,0,0
rayhaneh2023,106,,2,0,0,0,0,0,1,0,0,0,0,0,0,0,0,0,0,0,1,0,0
paprikarockets,106,,1,0,0,0,0,0,0,0,0,0,0,0,0,0,0,0,0,1,0,0,0
oser_ser,106,,1,0,0,1,0,0,0,0,0,0,0,0,0,0,0,0,0,0,0,0,0
murphy6gkx,106,,4,0,1,0,0,1,0,0,0,0,0,0,0,0,0,0,1,1,0,0,0
mohamadkalakesk,106,,1,0,0,0,0,0,0,0,0,1,0,0,0,0,0,0,0,0,0,0,0
hamidmahdavini2,106,,3,0,0,0,1,1,0,1,0,0,0,0,0,0,0,0,0,0,0,0,0
TinkerkiaShan,106,,2,0,0,0,0,0,0,0,0,1,1,0,0,0,0,0,0,0,0,0,0
Terry1643537,106,,2,0,0,0,0,0,0,0,0,1,1,0,0,0,0,0,0,0,0,0,0
Stranger07103,106,,1,0,0,0,0,0,0,0,0,0,0,0,0,0,0,1,0,0,0,0,0
Semush779842,106,,2,0,0,0,0,0,0,0,0,1,0,0,0,0,0,0,0,0,0,0,1
RehanHu68993914,106,,5,0,0,0,0,0,0,0,1,1,1,0,1,1,0,0,0,0,0,0,0
Milkcoling,106,,1,0,0,0,0,0,0,0,0,0,0,0,0,1,0,0,0,0,0,0,0
LumberOneArmy,106,,1,0,0,0,0,0,0,0,0,0,0,0,0,0,0,0,0,0,0,0,1
Kunal50037013,106,,6,0,0,0,0,0,0,0,0,1,1,1,1,1,0,0,0,0,0,1,0
KingBlood001,106,,3,0,0,0,0,0,0,0,0,0,0,0,0,0,0,0,0,0,1,1,1
Imanu_1,106,,1,0,0,0,0,0,0,0,1,0,0,0,0,0,0,0,0,0,0,0,0
IlyasSaliha,106,,1,0,0,0,0,0,0,0,1,0,0,0,0,0,0,0,0,0,0,0,0
Humbert19212748,106,,9,0,0,0,0,1,1,0,1,0,1,1,1,0,1,0,1,0,1,0,0
Habeeb_Adams,106,,6,0,0,0,0,0,1,0,1,1,1,1,0,1,0,0,0,0,0,0,0
GehlanJaved,106,,15,1,0,0,1,1,1,1,0,0,1,1,1,1,1,1,0,1,1,1,1
FlexMentall0,106,,1,0,0,0,0,0,1,0,0,0,0,0,0,0,0,0,0,0,0,0,0
Esther41950212,106,,1,0,0,0,0,0,0,0,0,0,0,0,0,0,0,0,0,0,0,0,1
DominikJosef,106,,1,0,0,0,0,0,0,1,0,0,0,0,0,0,0,0,0,0,0,0,0
BasedHamid,106,,1,0,0,0,0,0,0,0,0,0,0,0,0,0,0,0,0,0,0,0,1
AshhadH,106,,1,0,0,1,0,0,0,0,0,0,0,0,0,0,0,0,0,0,0,0,0
ASTARFIROULLAH,106,,1,0,0,0,0,0,0,0,0,0,0,0,0,1,0,0,0,0,0,0,0
AMostafaa142,106,,1,0,0,0,0,0,0,0,0,0,0,0,0,0,0,0,1,0,0,0,0
2witteraphobia,106,,4,0,0,0,0,0,0,0,0,1,0,0,1,1,0,0,0,1,0,0,0
votooe1,105,,1,0,0,0,0,0,0,0,0,0,0,0,0,0,0,0,1,0,0,0,0
triplehhh876543,105,,18,0,1,1,1,1,1,1,1,1,1,0,1,1,1,1,1,1,1,1,1
tahlil_rouz1404,105,,2,0,0,0,0,0,0,0,0,0,0,1,0,1,0,0,0,0,0,0,0
sassnaqavi,105,,3,0,0,0,0,0,0,0,0,0,1,1,0,0,0,0,0,0,1,0,0
sansanegaode55,105,,1,0,0,0,0,0,0,0,0,0,0,0,0,1,0,0,0,0,0,0,0
saadia_nm,105,,1,0,0,0,0,0,0,0,0,1,0,0,0,0,0,0,0,0,0,0,0
revi_ii1,105,,3,0,0,0,0,0,0,0,0,0,0,0,0,0,0,0,0,1,1,0,1
moe281065,105,,2,0,0,0,0,0,0,0,0,0,1,0,0,0,0,0,0,0,1,0,0
khilla_alnamani,105,,1,0,0,0,0,0,0,0,0,0,0,0,0,0,0,0,0,0,1,0,0
eldiariodefabio,105,,2,0,0,0,0,0,0,0,0,0,0,0,0,1,0,0,0,0,1,0,0
cat62023690,105,,7,0,0,0,0,0,1,0,1,1,0,0,0,0,0,0,1,1,1,0,1
alyamani2024,105,,1,0,0,0,0,0,0,0,0,1,0,0,0,0,0,0,0,0,0,0,0
abass_Kamar_313,105,,2,0,0,0,0,0,0,0,0,0,0,0,0,1,1,0,0,0,0,0,0
YourAnonMember1,105,,1,0,0,0,0,0,0,0,0,0,0,0,0,0,0,0,0,0,1,0,0
XalsGym,105,,1,0,0,0,0,0,0,1,0,0,0,0,0,0,0,0,0,0,0,0,0
Thanialii,105,,1,0,0,0,0,0,0,0,1,0,0,0,0,0,0,0,0,0,0,0,0
Samking051,105,,1,0,0,0,0,0,0,0,0,0,0,0,0,1,0,0,0,0,0,0,0
KatebHaqi,105,,11,0,1,1,0,1,0,1,0,1,0,1,1,1,0,1,0,1,1,0,0
HamidHeyda60071,105,,2,0,0,0,0,0,0,0,0,0,0,0,1,1,0,0,0,0,0,0,0
GurmesaSiraj,105,,1,0,0,0,0,0,0,0,0,0,0,0,0,0,0,0,0,0,1,0,0
Ehakettt,105,,4,1,0,0,1,0,0,0,0,1,0,0,1,0,0,0,0,0,0,0,0
Centaureadeusta,105,,2,0,0,0,0,0,0,0,0,0,0,0,1,1,0,0,0,0,0,0,0
CantalopJoe,105,,15,1,1,0,0,1,1,1,0,1,1,0,1,1,0,1,1,1,1,1,1
Beto_BSB,105,,1,0,0,0,0,0,0,0,0,0,0,0,0,0,0,0,0,0,0,0,1
AuruVel,105,,1,0,0,0,0,0,0,0,0,0,0,1,0,0,0,0,0,0,0,0,0
AtaurSelim,105,,9,0,1,0,0,0,0,1,0,1,1,0,1,1,1,1,1,0,0,0,0
AjedrezGeo,105,,1,0,0,0,0,0,0,0,0,0,0,0,0,0,0,0,0,0,0,1,0
AKanso76,105,,1,0,0,0,0,0,0,0,0,0,0,0,0,0,0,1,0,0,0,0,0
zaeem_m,104,,1,0,0,0,0,0,0,0,0,0,0,0,0,0,0,0,0,1,0,0,0
sepehr122,104,,2,0,1,0,0,0,0,0,0,1,0,0,0,0,0,0,0,0,0,0,0
s_rahgozarr,104,,3,0,0,0,0,0,0,0,0,0,0,0,1,1,0,0,0,0,1,0,0
podcastSamar,104,,2,0,0,0,0,0,0,0,0,0,0,0,0,1,1,0,0,0,0,0,0
mvakilp,104,,1,0,0,0,0,0,0,0,0,0,0,0,0,0,0,0,0,0,1,0,0
madmax00076,104,,1,0,0,0,0,0,0,0,0,0,0,0,0,1,0,0,0,0,0,0,0
jagats5153,104,,5,0,0,0,0,0,0,1,1,1,0,0,0,1,0,0,0,0,0,0,1
hartomo_sri,104,,2,0,0,0,0,0,0,0,0,0,1,0,0,0,0,0,1,0,0,0,0
dumi_m63025,104,,1,0,0,0,0,0,0,0,0,0,0,0,0,0,0,0,0,0,0,0,1
adnanG,104,,14,0,1,1,1,1,0,0,1,1,1,1,0,1,0,1,0,1,1,1,1
ThousandEx,104,,2,0,0,0,0,0,0,0,0,0,1,0,0,0,0,0,0,1,0,0,0
Taharkafy,104,,1,0,0,0,0,0,0,0,0,0,0,0,0,0,0,0,0,0,0,0,1
SayyedKamran15,104,,1,0,0,0,0,0,0,0,0,0,1,0,0,0,0,0,0,0,0,0,0
Nj_Morteza,104,,2,0,0,0,0,0,0,0,0,0,0,0,0,0,0,0,0,1,0,1,0
Muhamma830283,104,,1,0,0,0,0,0,0,0,0,1,0,0,0,0,0,0,0,0,0,0,0
MArslanMuneer09,104,,3,0,0,0,0,0,0,0,0,0,0,1,1,1,0,0,0,0,0,0,0
Lov3_Hussain,104,,1,0,0,0,0,0,0,1,0,0,0,0,0,0,0,0,0,0,0,0,0
Jakeftv2000,104,,1,0,1,0,0,0,0,0,0,0,0,0,0,0,0,0,0,0,0,0,0
IlrChay,104,,2,0,0,0,0,0,0,0,0,1,1,0,0,0,0,0,0,0,0,0,0
BAppianing,104,,2,0,0,0,0,0,0,1,0,0,0,1,0,0,0,0,0,0,0,0,0
Axmnkmlrdn,104,,1,0,0,0,0,0,0,0,0,0,0,0,0,0,0,0,0,1,0,0,0
t_Maze86,103,,5,0,1,0,0,1,0,1,1,1,0,0,0,0,0,0,0,0,0,0,0
suny_amin,103,,1,0,0,0,0,0,0,0,0,0,0,0,0,0,0,0,0,0,0,0,1
sli1716760,103,,5,0,0,1,0,1,1,0,0,0,0,0,0,1,0,0,0,0,1,0,0
roodyTboody,103,,1,0,0,0,0,0,1,0,0,0,0,0,0,0,0,0,0,0,0,0,0
husayn072,103,,1,0,0,0,0,0,0,0,0,0,0,0,0,0,0,0,0,0,0,0,1
hanajnou,103,,1,0,0,0,0,0,0,0,0,0,0,0,0,0,0,1,0,0,0,0,0
asaykasy1,103,,1,0,0,0,0,0,0,0,0,0,0,0,1,0,0,0,0,0,0,0,0
alizamin12,103,,1,0,0,0,0,1,0,0,0,0,0,0,0,0,0,0,0,0,0,0,0
abygailmalik1,103,,1,0,0,0,0,0,0,0,1,0,0,0,0,0,0,0,0,0,0,0,0
aazzaady,103,,3,1,0,0,0,0,0,1,0,0,1,0,0,0,0,0,0,0,0,0,0
Yenilikata67921,103,,1,0,0,0,0,0,0,1,0,0,0,0,0,0,0,0,0,0,0,0,0
TheRealDostKhan,103,,1,0,0,0,0,0,0,0,0,0,0,0,0,0,0,0,0,0,1,0,0
ShadyUA_07,103,,2,0,1,0,0,0,0,0,0,0,0,0,0,0,0,1,0,0,0,0,0
MirMohamadMehdi,103,,1,0,0,0,0,0,0,0,0,0,0,0,0,0,0,0,0,0,1,0,0
Malik_Deniz_,103,,2,0,0,1,0,0,0,0,0,1,0,0,0,0,0,0,0,0,0,0,0
HolyHaydar,103,,2,0,1,0,0,0,0,0,0,0,0,0,0,0,0,0,1,0,0,0,0
Hasan6503,103,,2,1,0,0,1,0,0,0,0,0,0,0,0,0,0,0,0,0,0,0,0
Ekonomokrisis,103,,3,0,0,0,0,0,0,0,0,1,1,0,0,0,0,0,0,1,0,0,0
AncaJulea4942,103,,2,0,0,0,0,0,0,0,0,0,0,0,0,0,0,0,1,1,0,0,0
Alireza40206026,103,,3,0,0,0,0,0,0,1,0,0,0,0,0,1,0,0,0,0,0,0,1
zohreh_javadfar,102,,5,0,0,0,0,0,1,0,0,0,1,0,0,1,0,0,0,1,1,0,0
sfzamdc,102,,1,0,0,0,0,0,0,0,0,0,0,0,0,0,0,0,0,1,0,0,0
sangare10102275,102,,1,0,0,0,0,0,0,0,1,0,0,0,0,0,0,0,0,0,0,0,0
sandeeprrr,102,,1,0,0,0,0,0,1,0,0,0,0,0,0,0,0,0,0,0,0,0,0
mikah_aerion13,102,,6,0,0,0,0,0,1,1,0,1,1,0,0,0,0,0,0,0,0,1,1
mangati03,102,,2,0,0,0,0,0,0,0,1,0,0,0,0,1,0,0,0,0,0,0,0
kaveh_32303,102,,11,0,0,0,1,1,1,1,0,0,1,1,0,1,1,1,1,0,1,0,0
jare_fr,102,,1,0,0,0,0,0,0,0,0,0,0,0,0,0,0,0,0,0,0,1,0
hypocritebabo,102,,1,0,0,0,0,0,0,0,0,0,1,0,0,0,0,0,0,0,0,0,0
ShihabiFawzi,102,,1,0,0,0,0,0,0,0,0,0,1,0,0,0,0,0,0,0,0,0,0
SaadAhmad232323,102,,2,0,0,0,0,0,1,0,1,0,0,0,0,0,0,0,0,0,0,0,0
RuhiH30764108,102,,1,0,0,0,0,0,0,1,0,0,0,0,0,0,0,0,0,0,0,0,0
NerdvanaPlace,102,,1,0,0,0,0,0,0,0,0,0,0,0,0,0,0,0,0,0,0,0,1
Ncghi275832,102,,1,0,0,0,0,1,0,0,0,0,0,0,0,0,0,0,0,0,0,0,0
Matiullah_2013,102,,1,0,0,0,0,0,0,0,0,0,0,0,0,0,0,0,0,0,1,0,0
JML_PTI,102,,1,0,0,0,0,0,0,0,0,0,0,0,0,0,0,0,0,1,0,0,0
Faisuikisena,102,,11,0,0,1,1,1,1,0,1,1,1,1,1,1,0,1,0,0,0,0,0
Doraemo19589775,102,,3,0,0,0,0,0,1,1,0,0,0,0,0,0,0,0,0,0,1,0,0
yhm859127817522,101,,1,0,0,0,0,0,0,0,0,0,1,0,0,0,0,0,0,0,0,0,0
tfnotx,101,,1,0,0,0,0,0,0,0,0,0,0,0,0,0,0,0,0,0,0,0,1
stillalone78,101,,8,0,1,0,0,0,0,1,1,0,1,1,1,0,0,0,0,0,1,0,1
kriztakhan,101,,1,0,0,0,0,0,0,0,0,0,1,0,0,0,0,0,0,0,0,0,0
kinenehafsu,101,,1,0,0,0,0,0,0,0,0,0,0,0,0,0,0,1,0,0,0,0,0
heydar_malakiat,101,,1,0,0,0,0,0,0,0,0,0,0,0,0,0,0,0,0,0,1,0,0
eeeinvest,101,,1,0,0,0,0,0,0,0,0,0,0,0,1,0,0,0,0,0,0,0,0
chugchuug,101,,1,0,0,0,0,0,0,0,0,0,0,0,0,0,0,0,1,0,0,0,0
_Ghori_,101,,1,0,0,0,0,0,0,0,0,0,0,0,0,0,0,0,0,0,0,0,1
ZP8588603732919,101,,1,0,0,0,0,0,1,0,0,0,0,0,0,0,0,0,0,0,0,0,0
Spockycat,101,,1,0,0,0,0,0,1,0,0,0,0,0,0,0,0,0,0,0,0,0,0
SchwarzkopfNbg,101,,6,0,0,0,0,0,1,0,1,1,0,0,0,1,0,0,0,1,1,0,0
SaifurR16339210,101,,2,0,0,0,0,0,1,0,0,0,0,0,0,1,0,0,0,0,0,0,0
SNaikokara,101,,1,0,0,0,0,0,0,0,0,0,0,0,0,0,0,0,0,1,0,0,0
Rhmn_Tavana,101,,1,1,0,0,0,0,0,0,0,0,0,0,0,0,0,0,0,0,0,0,0
Mohadi0o,101,,1,0,0,0,0,0,0,0,0,0,0,0,0,1,0,0,0,0,0,0,0
Largelaymen,101,,3,0,1,0,0,0,0,0,1,0,1,0,0,0,0,0,0,0,0,0,0
LambaWor,101,,1,0,0,0,0,0,0,0,0,0,0,0,0,1,0,0,0,0,0,0,0
Khameneiism,101,,1,0,0,0,0,0,0,0,0,0,0,0,0,0,0,0,0,0,1,0,0
KamaeiArmi29032,101,,1,0,0,0,0,0,0,0,0,0,0,0,0,1,0,0,0,0,0,0,0
Inan_ir,101,,1,0,0,0,0,0,0,0,0,0,0,0,0,1,0,0,0,0,0,0,0
I_am_Taimoor_,101,,4,0,1,0,0,0,1,0,1,1,0,0,0,0,0,0,0,0,0,0,0
DrM41333864,101,,1,0,0,0,0,0,0,0,0,0,0,0,0,0,0,0,0,1,0,0,0
Dogray57,101,,4,0,1,0,0,0,0,0,0,1,0,0,0,0,0,0,1,0,0,1,0
DersteppenLoup,101,,1,0,0,0,0,0,0,0,0,0,0,0,0,0,0,1,0,0,0,0,0
DF_Bmind,101,,1,0,0,0,0,0,0,0,0,0,0,0,0,0,0,0,0,0,1,0,0
CarmendelaFue20,101,,13,0,0,1,0,0,1,0,1,1,1,1,0,1,0,1,1,1,1,1,1
AkAkAkAkAkAkA46,101,,1,0,0,0,0,0,0,0,0,0,0,0,0,1,0,0,0,0,0,0,0
ANWARKHANan,101,,3,0,0,0,0,0,0,0,1,1,0,0,0,0,0,0,0,0,0,1,0
zakerifard73156,100,,1,0,0,0,0,1,0,0,0,0,0,0,0,0,0,0,0,0,0,0,0
tamem_nesar,100,,2,0,0,0,0,0,0,0,0,1,0,0,0,0,0,0,0,0,0,0,1
sayeed_etc,100,,3,0,0,0,0,0,0,1,0,0,1,0,0,0,0,0,1,0,0,0,0
rhyrhy008276455,100,,1,0,0,0,0,0,0,0,0,0,0,0,0,0,0,1,0,0,0,0,0
puyuena,100,,2,0,0,0,0,0,0,1,0,0,0,0,0,0,0,1,0,0,0,0,0
nsfw1432,100,,2,0,0,0,0,0,0,0,0,0,1,0,0,1,0,0,0,0,0,0,0
haroonsaeed12,100,,1,0,0,0,0,0,0,0,0,0,1,0,0,0,0,0,0,0,0,0,0
fadaei_r,100,,2,0,0,0,0,1,0,0,0,1,0,0,0,0,0,0,0,0,0,0,0
danirasatriadhi,100,,9,0,0,0,1,0,1,1,0,1,0,0,0,0,1,1,1,1,0,0,1
Willisraging,100,,1,0,0,0,0,0,0,0,0,0,0,0,0,0,0,0,1,0,0,0,0
URiazfanpage,100,,1,0,0,0,0,0,0,0,0,0,0,0,0,0,0,0,0,0,0,0,1
Tufanth,100,,1,0,0,0,0,0,0,1,0,0,0,0,0,0,0,0,0,0,0,0,0
Reyhane1899,100,,1,0,0,0,0,0,0,0,0,0,0,0,0,0,0,0,0,0,1,0,0
Pritygoswami313,100,,1,0,0,0,0,0,0,0,0,1,0,0,0,0,0,0,0,0,0,0,0
MohamedNagui16,100,,1,0,0,0,0,0,0,0,0,0,0,0,0,0,0,0,0,0,0,0,1
Herr_Quality,100,,19,0,1,1,1,1,1,1,1,1,1,1,1,1,1,1,1,1,1,1,1
FUKTHEJEWS1,100,,1,0,0,0,0,0,1,0,0,0,0,0,0,0,0,0,0,0,0,0,0
Elvira__66,100,,1,0,0,0,0,0,0,0,0,0,0,0,0,0,1,0,0,0,0,0,0
Dreambi44872267,100,,1,0,0,0,0,0,1,0,0,0,0,0,0,0,0,0,0,0,0,0,0
Aliz_62,100,,1,0,0,0,0,0,0,0,0,0,0,0,0,0,0,0,0,0,1,0,0
Ahmetrn11,100,,2,0,0,0,0,0,0,0,0,1,0,0,0,1,0,0,0,0,0,0,0
speedyblinder,99,,3,1,0,1,0,0,0,0,0,0,1,0,0,0,0,0,0,0,0,0,0
p_qalandarzai,99,,2,0,0,0,0,0,0,0,0,1,0,0,0,0,0,0,0,0,1,0,0
nilforoudh71763,99,,4,0,0,0,0,0,0,0,0,1,0,0,0,0,1,1,0,0,1,0,0
melovechaplin,99,,2,0,0,0,0,0,1,0,0,0,0,0,0,0,0,0,0,0,0,0,1
ma3aazz,99,,1,0,0,0,0,0,0,0,0,0,0,0,0,0,0,1,0,0,0,0,0
kritarthy486,99,,1,0,0,0,0,0,0,0,0,1,0,0,0,0,0,0,0,0,0,0,0
julianisabot,99,,1,0,0,0,0,0,0,0,0,0,0,0,0,0,0,0,0,0,0,0,1
adewale_br75056,99,,3,1,0,0,0,1,0,0,1,0,0,0,0,0,0,0,0,0,0,0,0
__ontherock153,99,,1,0,0,0,0,0,0,0,1,0,0,0,0,0,0,0,0,0,0,0,0
Toghsam,99,,1,0,0,0,0,0,0,0,0,0,0,0,1,0,0,0,0,0,0,0,0
TheGoyAwakening,99,,1,0,0,0,0,0,0,0,0,0,0,0,0,0,0,0,1,0,0,0,0
Syedabbashasan3,99,,2,0,0,0,0,0,0,0,1,0,0,0,0,0,0,0,0,0,1,0,0
ParvizSangesari,99,,2,0,0,0,0,0,0,0,0,0,0,0,0,0,0,1,0,0,1,0,0
MyselfWazz,99,,7,1,0,0,0,0,0,1,1,1,1,0,0,1,0,0,0,1,0,0,0
LebCed7,99,,8,0,0,0,0,0,1,0,1,0,1,0,1,0,1,1,0,1,0,0,1
IsabelMonjeH,99,,1,0,0,0,0,0,0,0,0,0,0,0,0,0,0,0,0,0,0,0,1
GSisley1,99,,1,0,0,0,0,0,0,0,0,0,1,0,0,0,0,0,0,0,0,0,0
FatherCuervo,99,,1,0,0,0,0,0,0,0,0,0,0,0,0,0,0,0,0,0,1,0,0
AzrealWisdom,99,,2,0,0,0,0,0,0,0,0,1,1,0,0,0,0,0,0,0,0,0,0
shaaki_shaaki,98,,1,0,0,0,0,0,0,0,0,0,0,0,0,1,0,0,0,0,0,0,0
sayan_bose_,98,,1,0,0,0,0,0,0,0,0,0,1,0,0,0,0,0,0,0,0,0,0
peacefulhitler,98,,2,0,0,0,0,0,0,0,0,0,1,0,0,0,0,0,0,1,0,0,0
mumkinulwujud,98,,1,0,0,0,0,0,0,0,0,0,0,0,0,0,0,0,0,1,0,0,0
didikwalli72k,98,,2,0,0,0,0,0,0,0,0,0,0,0,0,0,0,0,0,0,1,0,1
asia8japan8,98,,18,0,1,1,1,1,1,1,1,1,1,1,1,1,1,0,1,1,1,1,1
arassqn,98,,1,0,0,0,0,0,0,0,0,0,0,0,0,0,0,0,0,0,1,0,0
aliabb0ud,98,,4,0,1,0,0,1,1,0,0,0,0,0,0,0,0,0,1,0,0,0,0
SoliuAbdulfatta,98,,1,0,0,0,0,0,1,0,0,0,0,0,0,0,0,0,0,0,0,0,0
MdAkram34259778,98,,1,1,0,0,0,0,0,0,0,0,0,0,0,0,0,0,0,0,0,0,0
JavadFathi73944,98,,2,0,0,0,1,0,0,0,0,0,0,0,0,0,0,0,0,0,1,0,0
JavReyes2,98,,1,0,0,0,0,0,0,0,0,1,0,0,0,0,0,0,0,0,0,0,0
HVasadia69864,98,,1,0,0,0,0,0,0,0,0,0,0,0,1,0,0,0,0,0,0,0,0
DouniaLoudiyi,98,,11,0,0,0,1,0,1,1,1,0,0,0,1,1,0,0,1,1,1,1,1
Codedsh,98,,11,0,1,0,0,1,1,0,1,1,0,0,1,1,1,0,1,1,1,0,0
ClaudiaPonce795,98,,1,0,0,0,0,0,0,0,0,1,0,0,0,0,0,0,0,0,0,0,0
AlMakkah_City,98,,1,0,0,0,0,0,1,0,0,0,0,0,0,0,0,0,0,0,0,0,0
Abdul888909,98,,1,0,0,0,0,0,0,0,0,0,0,0,0,0,0,0,0,0,1,0,0
Abdallesh,98,,1,1,0,0,0,0,0,0,0,0,0,0,0,0,0,0,0,0,0,0,0
teddykolokotron,97,,1,0,0,0,0,0,0,0,0,0,1,0,0,0,0,0,0,0,0,0,0
picklerick8519,97,,1,0,0,0,0,0,0,0,0,0,0,0,0,0,0,0,1,0,0,0,0
ozzyhost110,97,,1,0,0,0,0,0,0,0,0,0,0,0,0,1,0,0,0,0,0,0,0
oh_biyi,97,,1,0,0,0,0,0,0,0,0,0,1,0,0,0,0,0,0,0,0,0,0
nagoya07,97,,5,0,0,0,0,0,1,0,1,1,1,0,0,0,0,0,0,0,1,0,0
madridistadz20,97,,1,0,0,0,0,0,0,0,0,0,0,0,0,0,0,0,0,0,1,0,0
kash90568,97,,11,0,0,0,0,0,1,1,0,1,0,1,1,1,1,0,1,1,1,0,1
dan_signal,97,,1,0,0,0,0,0,0,0,0,1,0,0,0,0,0,0,0,0,0,0,0
aviero300,97,,1,0,0,0,0,0,0,0,0,0,1,0,0,0,0,0,0,0,0,0,0
ahadabdul0676,97,,15,0,0,0,0,1,1,1,1,1,1,1,1,1,1,0,1,1,1,1,1
_infinitesimali,97,,3,0,0,0,0,0,0,1,0,0,0,0,0,0,0,0,0,1,0,0,1
Tanha13581,97,,2,1,1,0,0,0,0,0,0,0,0,0,0,0,0,0,0,0,0,0,0
SalamKIbrahim,97,,1,0,0,0,1,0,0,0,0,0,0,0,0,0,0,0,0,0,0,0,0
PakeezaaJannat,97,,1,0,0,0,0,0,0,0,0,0,0,1,0,0,0,0,0,0,0,0,0
INSOUMIS_2,97,,4,0,1,0,0,0,0,0,0,0,1,1,0,0,0,0,0,0,1,0,0
FrankiCoins,97,,1,0,0,0,0,0,0,0,0,0,0,0,0,0,0,0,0,0,0,1,0
FloralMarch,97,,1,0,0,1,0,0,0,0,0,0,0,0,0,0,0,0,0,0,0,0,0
DShu91,97,,1,0,0,0,0,0,0,0,0,0,0,0,0,1,0,0,0,0,0,0,0
ASheikh30186,97,,1,0,0,0,0,0,0,0,0,0,1,0,0,0,0,0,0,0,0,0,0
theguywithsuit,96,,2,0,0,0,0,0,0,0,0,0,0,0,0,0,0,1,0,0,1,0,0
mr_ahadian,96,,1,0,0,0,0,0,0,0,0,0,0,0,0,0,0,0,0,0,1,0,0
mervecn20,96,,1,0,0,0,0,0,0,0,0,0,0,0,0,0,0,0,0,0,1,0,0
mehdihaider_12,96,,2,0,0,0,0,0,0,0,0,0,0,0,1,0,0,0,0,0,1,0,0
marwatt90,96,,2,0,0,0,0,0,0,0,0,0,1,0,0,0,0,0,0,1,0,0,0
hsen_sr,96,,1,0,0,0,0,0,0,0,0,0,0,0,0,1,0,0,0,0,0,0,0
drgnmldnvc,96,,1,0,0,0,0,0,0,0,0,0,0,0,0,0,0,0,0,1,0,0,0
babaamir_,96,,7,0,0,0,0,0,1,1,0,1,0,1,1,0,0,0,1,0,1,0,0
YavariAmiin,96,,3,0,0,0,0,0,0,1,0,0,1,0,0,0,0,0,0,0,0,0,1
PTIMANC,96,,2,0,0,0,0,0,0,0,0,0,1,0,0,1,0,0,0,0,0,0,0
LaminiFuseini79,96,,1,0,0,0,0,0,0,0,0,0,0,0,0,0,0,0,1,0,0,0,0
JengKanq,96,,1,0,0,0,0,0,0,0,0,0,0,0,0,0,0,0,0,0,1,0,0
George618288696,96,,2,0,0,0,0,0,0,0,0,0,0,1,0,0,0,0,0,0,0,0,1
Geoffrey85896,96,,1,0,0,0,0,0,0,0,0,0,0,0,0,1,0,0,0,0,0,0,0
Eravat2,96,,1,0,0,0,0,0,0,0,0,1,0,0,0,0,0,0,0,0,0,0,0
Cosmosx0,96,,13,0,1,0,1,1,1,0,1,1,1,0,1,1,0,0,1,1,1,0,1
Anousheh_au,96,,1,0,0,0,0,0,0,0,0,0,0,0,0,0,0,0,0,0,0,0,1
naderkhodadadi_,95,,2,0,0,0,0,0,0,0,0,0,0,0,0,0,0,0,1,1,0,0,0
na_hafez,95,,6,1,1,0,0,1,0,0,0,0,0,0,1,0,0,0,0,0,0,1,1
joyejaucian,95,,1,0,0,0,0,0,0,0,0,0,0,0,1,0,0,0,0,0,0,0,0
iranforghani1,95,,2,0,0,0,0,0,0,0,0,0,0,0,0,1,0,0,0,0,0,0,1
chinaskino,95,,1,0,0,0,0,0,0,1,0,0,0,0,0,0,0,0,0,0,0,0,0
ali_mola512,95,,2,0,0,0,0,0,0,0,0,0,0,0,0,0,0,0,0,0,0,1,1
StudentsGolden,95,,7,0,0,0,1,1,0,1,0,0,1,0,0,1,0,0,1,0,1,0,0
Spades_don0,95,,1,0,0,0,0,0,0,0,0,0,0,0,0,0,0,0,0,0,0,0,1
SnowBlizzardi,95,,1,1,0,0,0,0,0,0,0,0,0,0,0,0,0,0,0,0,0,0,0
Santoshpl9595,95,,1,0,0,0,0,0,0,0,1,0,0,0,0,0,0,0,0,0,0,0,0
RajputAzam2018,95,,1,0,0,0,0,0,0,0,0,0,0,0,0,0,0,0,0,0,1,0,0
MilutinVasich,95,,1,0,0,0,0,0,0,1,0,0,0,0,0,0,0,0,0,0,0,0,0
MEDIAmatter,95,,1,0,0,0,0,0,1,0,0,0,0,0,0,0,0,0,0,0,0,0,0
HossainAhmedsa,95,,6,0,0,0,1,1,1,0,1,1,1,0,0,0,0,0,0,0,0,0,0
Dr_gondolf,95,,2,0,0,0,0,0,1,0,0,0,0,0,0,0,0,0,0,0,1,0,0
BrqyHsn33276,95,,2,0,0,0,1,0,0,1,0,0,0,0,0,0,0,0,0,0,0,0,0
Ashrafzash,95,,1,0,0,0,0,0,0,0,0,0,1,0,0,0,0,0,0,0,0,0,0
Abir2014496074,95,,2,0,0,0,0,0,0,0,0,0,0,0,0,1,0,1,0,0,0,0,0
warrior7s9,94,,2,0,0,0,0,0,1,0,0,1,0,0,0,0,0,0,0,0,0,0,0
unityideal,94,,2,0,0,0,0,0,0,0,0,1,0,0,0,0,0,0,0,0,0,1,0
shirazkhan47885,94,,1,1,0,0,0,0,0,0,0,0,0,0,0,0,0,0,0,0,0,0,0
reapingrevenge,94,,3,0,0,0,0,0,1,0,0,0,0,1,1,0,0,0,0,0,0,0,0
petapanni,94,,1,0,0,0,0,0,0,0,0,0,0,1,0,0,0,0,0,0,0,0,0
ohPfff,94,,1,0,0,0,0,0,0,0,0,0,0,0,0,0,0,0,1,0,0,0,0
mwago_peter03,94,,1,0,0,0,0,0,0,0,0,0,1,0,0,0,0,0,0,0,0,0,0
mqwm82,94,,1,0,0,0,0,0,0,0,0,0,0,0,0,0,0,1,0,0,0,0,0
lovelys26765768,94,,9,0,0,1,1,1,1,1,1,0,1,0,0,1,0,0,0,0,0,0,1
justinjainus,94,,1,0,0,0,0,0,0,1,0,0,0,0,0,0,0,0,0,0,0,0,0
goldberg_live04,94,,1,0,0,0,0,0,0,0,0,0,1,0,0,0,0,0,0,0,0,0,0
gabo_mtzs,94,,6,0,0,0,0,0,0,0,1,1,0,0,1,0,0,0,0,1,1,0,1
alimazbouhx,94,,1,0,0,0,0,0,0,0,0,0,0,0,0,0,0,0,0,0,0,1,0
__Ashhar,94,,1,1,0,0,0,0,0,0,0,0,0,0,0,0,0,0,0,0,0,0,0
LorEnghelabi,94,,1,0,0,0,0,0,1,0,0,0,0,0,0,0,0,0,0,0,0,0,0
Joeblowhoho,94,,2,0,0,0,0,0,1,0,0,0,0,0,0,0,0,0,0,0,1,0,0
Elia_haider,94,,1,0,0,0,0,0,0,0,0,0,0,0,0,0,0,0,0,0,0,0,1
BerryPie1997,94,,1,0,0,0,0,0,0,0,0,0,0,0,0,0,0,0,0,0,0,0,1
AshokMa94146091,94,,1,0,0,0,0,0,0,0,1,0,0,0,0,0,0,0,0,0,0,0,0
AishaHaladu3,94,,1,0,0,0,0,0,0,0,0,0,1,0,0,0,0,0,0,0,0,0,0
Afrotechonomist,94,,3,0,0,0,0,0,1,1,0,0,0,0,0,0,0,0,0,0,0,0,1
4VOqJS9BZ720099,94,,1,0,0,0,0,0,0,1,0,0,0,0,0,0,0,0,0,0,0,0,0
sateamb,93,,1,0,0,0,0,0,0,0,0,0,0,0,0,0,0,1,0,0,0,0,0
razielcastello,93,,17,1,1,1,1,1,1,0,1,1,1,1,1,1,0,0,1,1,1,1,1
oMZMwLjaQinZH60,93,,7,0,1,0,0,0,0,0,0,1,1,1,1,0,0,0,0,0,1,0,1
mrtorkamani,93,,2,0,0,0,0,0,0,0,0,0,1,1,0,0,0,0,0,0,0,0,0
meralkostu,93,,3,0,0,0,0,1,1,1,0,0,0,0,0,0,0,0,0,0,0,0,0
mebe747,93,,1,0,0,0,0,0,0,0,0,0,0,0,0,0,0,0,0,0,0,0,1
lordcom333,93,,1,0,1,0,0,0,0,0,0,0,0,0,0,0,0,0,0,0,0,0,0
ilborikua23,93,,1,0,0,0,0,0,0,0,0,0,0,0,0,0,0,0,0,1,0,0,0
goldamyhair,93,,1,0,0,0,0,0,0,0,0,0,0,0,0,0,0,0,0,0,0,1,0
fineless7021,93,,1,0,0,0,0,0,0,0,0,0,0,0,0,0,0,0,0,0,1,0,0
bilalsarbazi,93,,1,0,0,0,0,0,0,0,0,0,0,0,0,0,0,0,0,0,0,0,1
afterthesunsets,93,,1,0,0,0,0,0,0,0,0,1,0,0,0,0,0,0,0,0,0,0,0
YaldoG94735,93,,2,0,0,0,0,0,0,0,0,1,0,0,0,0,0,0,0,0,0,0,1
WumboFace,93,,1,0,0,0,0,0,0,0,0,0,0,0,0,0,0,0,1,0,0,0,0
Tubiari,93,,1,0,0,0,0,0,0,0,0,0,0,0,1,0,0,0,0,0,0,0,0
ThylynK,93,,1,0,0,0,0,0,0,0,0,0,0,0,0,0,0,0,0,0,0,0,1
SSaimrashid,93,,3,0,0,0,0,0,0,0,0,1,0,0,0,1,0,0,0,1,0,0,0
SHIGRIWAJAHAT,93,,1,0,0,0,0,0,0,0,0,0,1,0,0,0,0,0,0,0,0,0,0
Rezazaf,93,,3,1,0,0,0,1,0,0,0,0,0,0,0,0,0,1,0,0,0,0,0
PazuzuHampa,93,,1,1,0,0,0,0,0,0,0,0,0,0,0,0,0,0,0,0,0,0,0
IAm_ZiadLeb,93,,4,0,1,0,0,0,0,0,0,0,0,0,0,1,0,0,1,0,1,0,0
HamidRebhz,93,,1,0,0,0,0,0,0,0,0,0,0,0,0,0,0,0,0,1,0,0,0
GlobalRealism,93,,1,1,0,0,0,0,0,0,0,0,0,0,0,0,0,0,0,0,0,0,0
Benfredj29081,93,,1,0,0,0,0,0,0,0,0,0,0,0,0,0,0,0,0,0,0,0,1
Ashish30783010,93,,2,0,0,0,0,0,0,0,0,0,0,0,0,0,0,0,0,1,1,0,0
AghamiriSabereh,93,,1,0,0,0,0,0,0,0,0,0,0,0,0,1,0,0,0,0,0,0,0
usmanah09116595,92,,1,0,0,0,0,0,0,0,0,1,0,0,0,0,0,0,0,0,0,0,0
sad1interface,92,,1,0,0,0,0,0,0,0,0,0,0,0,0,0,0,0,0,1,0,0,0
pea71151,92,,2,0,0,0,0,0,0,0,0,0,0,0,0,0,0,0,0,1,0,0,1
oluleye79,92,,1,0,0,0,0,0,0,0,1,0,0,0,0,0,0,0,0,0,0,0,0
olayiwoladeen,92,,4,0,0,0,0,1,1,0,0,1,0,1,0,0,0,0,0,0,0,0,0
namasteunknown,92,,1,0,0,0,0,0,0,0,1,0,0,0,0,0,0,0,0,0,0,0,0
louthbrok44587,92,,1,0,0,0,0,0,0,0,0,1,0,0,0,0,0,0,0,0,0,0,0
hymh931,92,,1,0,0,0,0,0,0,0,0,0,0,0,0,0,0,0,0,0,1,0,0
felix_mwaniki,92,,1,0,0,0,0,0,0,0,0,0,1,0,0,0,0,0,0,0,0,0,0
educateyou1,92,,9,0,0,0,0,0,0,0,1,1,1,1,1,0,0,0,1,1,1,1,0
aslan_husn88803,92,,1,0,0,0,0,0,0,1,0,0,0,0,0,0,0,0,0,0,0,0,0
amirhoseindesh,92,,1,0,0,0,0,0,1,0,0,0,0,0,0,0,0,0,0,0,0,0,0
TruthjusticeW,92,,1,0,1,0,0,0,0,0,0,0,0,0,0,0,0,0,0,0,0,0,0
Tres__fatigue,92,,3,0,0,0,0,0,0,1,0,0,0,1,0,0,0,0,0,1,0,0,0
Shayanqazmi,92,,7,0,0,0,0,0,0,0,0,0,0,0,1,1,0,0,1,1,1,1,1
SalaamStudioYT,92,,4,0,0,0,0,1,0,0,0,0,0,0,0,1,0,0,0,1,1,0,0
SHEIKHS38090682,92,,1,0,0,0,0,0,1,0,0,0,0,0,0,0,0,0,0,0,0,0,0
PutinTheLiberat,92,,12,0,1,1,0,1,1,0,1,0,1,0,1,1,0,0,1,0,1,1,1
MVisinand,92,,3,0,1,0,0,0,0,0,0,0,0,0,0,1,1,0,0,0,0,0,0
KazimRaza12786,92,,1,0,0,0,0,0,0,1,0,0,0,0,0,0,0,0,0,0,0,0,0
Joeyjoe9125,92,,1,0,1,0,0,0,0,0,0,0,0,0,0,0,0,0,0,0,0,0,0
Hosseinighehi,92,,1,0,0,0,0,0,0,0,0,0,0,0,0,0,0,0,0,0,1,0,0
Gata_Murcielaga,92,,3,1,0,0,0,0,1,0,1,0,0,0,0,0,0,0,0,0,0,0,0
ErumButt9,92,,2,0,0,0,0,0,0,0,0,0,0,0,0,0,0,0,0,1,0,0,1
CominMasye41877,92,,3,0,0,0,0,0,0,0,0,0,0,0,0,0,1,0,1,1,0,0,0
Belikeola,92,,1,0,0,0,0,0,0,1,0,0,0,0,0,0,0,0,0,0,0,0,0
Anjomane_k_r,92,,1,0,0,0,0,1,0,0,0,0,0,0,0,0,0,0,0,0,0,0,0
0xPolox,92,,1,0,0,0,0,0,0,0,0,0,0,0,0,0,0,0,0,0,0,1,0
ranaz74,91,,1,0,0,0,0,0,0,0,0,0,0,0,0,0,0,1,0,0,0,0,0
lebsash988,91,,1,0,0,0,0,0,1,0,0,0,0,0,0,0,0,0,0,0,0,0,0
javid_muhmmd,91,,1,0,0,0,0,0,0,1,0,0,0,0,0,0,0,0,0,0,0,0,0
ehsanbme,91,,1,0,0,0,0,0,0,0,0,0,0,0,0,0,0,0,0,0,1,0,0
ehsan67_ehsan,91,,1,0,0,0,0,0,0,0,0,0,1,0,0,0,0,0,0,0,0,0,0
calaylk,91,,1,0,0,0,0,0,1,0,0,0,0,0,0,0,0,0,0,0,0,0,0
barua_82,91,,2,0,0,0,0,0,0,0,0,0,0,0,0,0,0,1,0,1,0,0,0
amirhossein_j83,91,,1,0,0,0,0,0,0,0,0,0,1,0,0,0,0,0,0,0,0,0,0
Waqas_ibn_latif,91,,2,0,0,0,0,0,1,0,0,0,0,0,0,0,0,0,0,0,1,0,0
WCiviltech,91,,8,0,0,0,0,0,0,0,1,1,1,1,0,1,0,0,1,0,1,1,0
Udomoh_lorence,91,,1,0,0,0,0,0,0,0,0,0,0,0,0,0,0,0,1,0,0,0,0
RodinHat,91,,1,0,0,0,0,0,0,0,0,1,0,0,0,0,0,0,0,0,0,0,0
Mpilo1946716,91,,1,0,0,0,0,0,0,0,0,0,1,0,0,0,0,0,0,0,0,0,0
MahdiyarSalark3,91,,8,1,1,1,0,0,1,0,0,0,0,1,1,0,0,1,0,1,0,0,0
LeBus382684,91,,4,0,0,0,0,0,0,0,0,0,0,0,1,1,1,0,0,0,1,0,0
Freespeech_haha,91,,5,0,0,0,0,0,1,0,0,0,1,1,1,0,0,0,0,0,1,0,0
CypherPhunks,91,,1,0,0,0,0,0,0,0,0,0,0,0,0,0,0,1,0,0,0,0,0
AliAttoui3,91,,1,0,0,0,0,0,0,0,0,0,0,0,0,0,0,0,0,0,1,0,0
Aalabdeli,91,,1,0,0,0,0,0,0,0,0,0,0,0,0,0,0,0,1,0,0,0,0
ABOAlHASSAN777,91,,1,0,0,0,0,0,0,0,0,0,0,0,0,0,0,0,0,1,0,0,0
2Sophisticated1,91,,3,0,0,0,0,0,0,0,0,0,1,0,0,0,0,0,0,1,0,0,1
vajra99,90,,1,0,0,0,0,0,1,0,0,0,0,0,0,0,0,0,0,0,0,0,0
tauheed_tahir,90,,1,0,0,0,0,0,0,0,0,1,0,0,0,0,0,0,0,0,0,0,0
solosoul501,90,,1,0,0,0,0,0,1,0,0,0,0,0,0,0,0,0,0,0,0,0,0
sinabay489,90,,1,0,0,0,0,0,0,0,0,0,0,0,0,0,0,0,0,0,0,0,1
rayyankhaan07,90,,2,0,0,0,0,1,0,0,0,0,0,0,1,0,0,0,0,0,0,0,0
mres313,90,,1,0,0,0,0,0,0,0,0,0,0,0,0,1,0,0,0,0,0,0,0
mogoi_steve,90,,1,0,0,0,0,1,0,0,0,0,0,0,0,0,0,0,0,0,0,0,0
joselumm,90,,3,0,0,0,0,0,0,0,0,0,0,1,1,0,0,1,0,0,0,0,0
jad_ibrahe,90,,1,0,0,0,0,0,0,0,0,0,0,0,1,0,0,0,0,0,0,0,0
haghshenas42034,90,,1,0,0,0,0,0,0,0,0,0,0,0,0,0,0,0,1,0,0,0,0
dagger7575,90,,3,0,0,1,0,1,0,0,0,0,0,0,0,0,0,0,0,0,1,0,0
ayaan_mxr,90,,1,0,0,0,0,0,0,0,0,0,0,0,0,0,0,1,0,0,0,0,0
ask_car_mean,90,,2,0,1,0,0,0,0,0,0,0,1,0,0,0,0,0,0,0,0,0,0
VoH313_313_313,90,,13,1,0,1,1,1,0,1,0,1,1,0,1,0,0,0,1,1,1,1,1
ShoyabK00941213,90,,4,0,0,0,0,0,0,0,0,1,0,0,0,1,1,1,0,0,0,0,0
RedEyedITguy,90,,3,0,0,0,0,0,0,0,0,0,0,1,0,0,0,1,1,0,0,0,0
Nervusinvestor,90,,1,0,0,0,0,0,0,0,0,0,0,0,0,0,0,0,0,1,0,0,0
Ndiaye9091,90,,1,1,0,0,0,0,0,0,0,0,0,0,0,0,0,0,0,0,0,0,0
MoinSundas48391,90,,1,0,1,0,0,0,0,0,0,0,0,0,0,0,0,0,0,0,0,0,0
MohibAh97957700,90,,3,0,0,0,0,0,1,0,0,0,0,0,0,1,0,0,0,0,0,0,1
M136773907,90,,1,0,0,0,0,0,0,0,0,0,0,1,0,0,0,0,0,0,0,0,0
Humanities_eng,90,,2,1,0,0,0,0,0,0,0,0,0,0,0,0,0,0,0,0,1,0,0
HassanEmpo300,90,,1,0,0,0,0,0,0,0,1,0,0,0,0,0,0,0,0,0,0,0,0
GoodRomeo1,90,,3,0,0,0,0,0,0,0,0,0,1,1,1,0,0,0,0,0,0,0,0
FromTsion,90,,2,0,0,0,0,0,0,0,0,1,1,0,0,0,0,0,0,0,0,0,0
Dr__Defiant,90,,1,0,0,0,0,0,0,0,0,0,0,0,0,0,0,0,0,0,0,0,1
DoubletMyl18573,90,,6,0,0,0,0,0,0,0,1,1,0,0,0,1,1,0,0,0,0,1,1
Alkasim43735185,90,,7,0,0,0,0,1,1,0,1,1,1,0,0,0,0,0,1,1,0,0,0
AcK_AcK_88,90,,2,0,0,0,0,0,0,0,0,1,1,0,0,0,0,0,0,0,0,0,0
zammad_2,89,,1,0,0,0,0,0,1,0,0,0,0,0,0,0,0,0,0,0,0,0,0
navidkf1,89,,1,0,0,0,0,0,0,0,0,0,0,0,0,0,0,0,1,0,0,0,0
mulaa_the_don,89,,1,0,0,0,0,0,0,0,0,1,0,0,0,0,0,0,0,0,0,0,0
martinaboudev,89,,1,0,0,0,0,0,0,0,0,0,0,0,0,0,0,0,1,0,0,0,0
laghari_kazim,89,,1,0,0,0,0,0,0,0,0,0,0,0,0,0,0,0,0,0,1,0,0
ka2u62571585,89,,1,0,0,0,0,0,0,0,0,0,0,0,0,0,0,0,0,0,1,0,0
jwakeford284741,89,,9,0,1,0,0,1,1,0,0,0,1,0,0,1,0,0,1,1,1,0,1
ferdowsi_iran,89,,1,0,0,0,0,0,1,0,0,0,0,0,0,0,0,0,0,0,0,0,0
Zeeshan__Pitafi,89,,4,0,0,0,0,0,1,1,1,0,0,0,0,0,0,0,0,0,0,0,1
Zakaisback,89,,1,0,0,0,0,0,0,0,0,0,0,0,0,0,0,0,0,1,0,0,0
WaliAzimi7,89,,2,0,0,0,0,0,0,0,0,0,1,0,0,0,0,0,0,1,0,0,0
SyedHassanAli__,89,,2,0,0,0,0,0,1,0,0,0,0,0,0,0,0,0,1,0,0,0,0
Ibrahim98678415,89,,2,0,0,0,0,0,0,0,0,0,0,0,0,1,0,0,0,0,1,0,0
BuxTheArtist,89,,2,0,0,0,0,0,0,0,0,0,1,0,0,0,0,0,0,1,0,0,0
AbaramaGold52,89,,3,0,0,0,1,0,1,1,0,0,0,0,0,0,0,0,0,0,0,0,0
2pi1sigma,89,,1,0,0,0,0,0,0,0,0,0,0,0,0,0,0,0,0,0,0,0,1
winnythetrue,88,,1,0,0,0,0,0,0,0,0,1,0,0,0,0,0,0,0,0,0,0,0
sitiw,88,,2,0,0,0,0,1,0,0,0,0,0,0,0,0,0,0,1,0,0,0,0
sherezinn1991,88,,1,0,0,0,0,0,0,0,0,0,0,0,0,0,0,0,0,0,1,0,0
shaik90238,88,,9,0,1,1,1,0,1,1,0,1,1,1,0,0,0,0,0,0,0,0,1
qwertyfrityi,88,,1,0,0,0,0,0,0,0,0,0,0,0,0,0,0,0,0,0,0,0,1
parches432,88,,1,0,0,0,0,0,0,1,0,0,0,0,0,0,0,0,0,0,0,0,0
opinologist_top,88,,1,0,0,0,0,0,0,0,0,0,0,0,0,0,0,0,0,0,1,0,0
mikepembaik,88,,1,0,0,0,0,0,0,0,0,0,0,0,0,1,0,0,0,0,0,0,0
lneoonel,88,,10,0,0,0,0,1,1,1,1,0,1,0,0,0,0,1,1,1,1,1,0
krondstat,88,,1,0,0,0,0,0,0,0,0,0,0,0,0,0,0,0,0,0,1,0,0
kaleem_kavish,88,,1,0,0,0,0,0,0,0,0,0,0,1,0,0,0,0,0,0,0,0,0
iCapitann,88,,2,0,0,0,0,0,0,0,0,0,0,0,0,0,0,0,0,0,0,1,1
ellosabo,88,,1,0,0,0,0,0,0,0,0,0,0,0,0,0,0,0,0,0,1,0,0
byax22,88,,7,0,0,0,0,1,1,1,1,0,1,0,1,0,0,0,0,1,0,0,0
adollllllfff,88,,3,0,0,0,1,1,0,0,0,1,0,0,0,0,0,0,0,0,0,0,0
ZKoubeissyy,88,,1,0,0,0,0,0,0,0,0,0,0,0,0,0,0,0,0,1,0,0,0
SheltonRossi,88,,1,0,0,0,0,1,0,0,0,0,0,0,0,0,0,0,0,0,0,0,0
SajidAz11388239,88,,1,0,0,0,0,0,0,0,0,0,0,0,0,1,0,0,0,0,0,0,0
OumarBa40399922,88,,12,0,1,0,1,0,1,1,1,1,1,0,1,1,0,0,0,1,1,0,1
MazhorC,88,,1,0,0,0,0,0,0,0,0,0,0,0,0,0,0,0,0,0,0,0,1
ImranBokhari110,88,,2,0,0,0,0,0,0,1,0,0,0,0,0,0,0,1,0,0,0,0,0
GalinaK54547,88,,2,0,1,0,0,0,0,0,0,0,0,0,0,0,0,0,0,1,0,0,0
FareedAhmad03,88,,2,0,0,0,0,0,0,0,0,0,0,0,0,0,0,0,1,0,0,0,1
EbrahimeShahidi,88,,1,0,0,0,0,0,0,0,0,0,0,1,0,0,0,0,0,0,0,0,0
DrKoniu,88,,1,0,0,0,0,0,0,0,0,0,0,0,0,0,0,0,0,1,0,0,0
Darush938876,88,,1,0,0,0,0,0,0,1,0,0,0,0,0,0,0,0,0,0,0,0,0
saryallyl123,87,,1,0,0,0,0,0,0,0,1,0,0,0,0,0,0,0,0,0,0,0,0
makedongfeng,87,,1,0,0,0,0,0,0,0,0,0,0,0,0,0,0,0,0,0,0,0,1
kosarabhar28044,87,,5,1,0,0,0,0,1,0,0,1,1,0,0,1,0,0,0,0,0,0,0
dark_bane5243,87,,1,0,0,1,0,0,0,0,0,0,0,0,0,0,0,0,0,0,0,0,0
ali_ghasempoor,87,,3,0,0,0,0,0,0,0,0,0,0,1,0,0,1,0,0,0,1,0,0
a_abedi_m,87,,1,0,0,0,0,0,0,0,0,0,0,1,0,0,0,0,0,0,0,0,0
TiffanyDDelcour,87,,1,0,0,0,0,0,0,0,0,0,0,0,1,0,0,0,0,0,0,0,0
SagesOfSand,87,,1,0,0,0,0,0,0,0,0,0,0,0,0,0,0,1,0,0,0,0,0
OmarKha73845500,87,,1,0,0,0,0,0,0,0,0,0,0,0,0,0,0,0,0,0,1,0,0
ObrisOrg,87,,5,0,0,0,1,0,0,0,0,1,0,1,0,1,1,0,0,0,0,0,0
NazResista,87,,2,0,0,0,0,0,0,0,0,0,0,0,0,0,0,0,0,0,1,0,1
NAUMANK80859877,87,,1,0,0,0,0,0,0,0,0,0,0,0,0,0,0,0,0,0,1,0,0
Ktl1022071,87,,1,1,0,0,0,0,0,0,0,0,0,0,0,0,0,0,0,0,0,0,0
Ali_MD119,87,,2,0,0,0,0,0,0,0,0,0,0,1,0,0,0,1,0,0,0,0,0
AlhassanHu41917,87,,11,0,0,1,1,1,0,0,1,1,1,1,0,0,0,0,1,1,0,1,1
Abubakarmehsood,87,,4,0,0,0,0,0,1,0,0,0,0,1,0,1,0,0,0,0,0,0,1
salarebadi,86,,1,0,0,0,0,0,0,0,0,0,1,0,0,0,0,0,0,0,0,0,0
pomekam,86,,3,0,0,0,0,0,0,0,0,1,0,0,0,1,0,0,0,1,0,0,0
oushxh,86,,1,0,0,0,0,0,0,0,0,0,0,0,0,0,0,1,0,0,0,0,0
massy430,86,,7,1,0,0,1,0,0,1,0,0,0,0,0,0,0,0,1,1,1,0,1
lalalala48374,86,,1,0,0,0,0,0,0,0,0,0,0,0,0,0,0,0,0,0,0,0,1
jefhad110,86,,1,0,0,0,0,0,0,0,0,0,0,0,0,0,0,0,0,0,1,0,0
abdulimam34,86,,7,0,0,1,0,1,1,1,1,0,0,0,1,1,0,0,0,0,0,0,0
a_mhde33,86,,1,0,0,0,0,0,0,0,0,0,0,0,0,0,0,1,0,0,0,0,0
_real_mb,86,,1,0,0,0,0,0,0,0,0,1,0,0,0,0,0,0,0,0,0,0,0
Timur1748306,86,,1,0,0,0,0,0,0,0,0,0,0,0,0,0,0,0,0,0,0,1,0
PublicFirs,86,,14,0,1,0,1,0,1,1,1,1,1,1,1,1,1,0,1,1,1,0,0
Nav019,86,,1,0,0,0,0,0,0,0,0,0,0,0,0,0,0,0,0,1,0,0,0
Mohdabbas313,86,,3,0,0,0,0,0,0,0,0,0,0,0,0,0,0,0,0,1,1,0,1
MargBarSraehell,86,,1,0,0,0,0,0,0,0,0,0,0,0,0,1,0,0,0,0,0,0,0
MNImam01,86,,3,0,0,0,0,0,0,0,1,0,0,0,0,0,0,0,1,1,0,0,0
Leon_mosquera5,86,,1,0,0,0,0,0,0,0,0,0,0,0,0,0,0,0,0,0,1,0,0
IrfanHaider7211,86,,1,0,0,0,0,0,0,0,1,0,0,0,0,0,0,0,0,0,0,0,0
HudaTheBoj,86,,1,0,0,0,0,0,0,1,0,0,0,0,0,0,0,0,0,0,0,0,0
HassanMoradi70,86,,1,0,0,0,0,0,0,0,0,1,0,0,0,0,0,0,0,0,0,0,0
HadiMallah101,86,,1,0,0,0,0,0,0,0,0,0,0,0,0,0,0,1,0,0,0,0,0
Greenb8mq,86,,1,0,0,0,0,0,0,0,0,0,0,0,0,0,0,0,1,0,0,0,0
Baschuk_A,86,,2,0,0,0,0,0,0,0,0,0,0,0,0,0,0,0,0,0,0,1,1
ASaadi39348,86,,1,0,0,0,0,0,0,0,0,0,0,0,0,0,0,0,0,0,0,0,1
2023reyna2,86,,1,0,0,0,0,0,0,0,0,0,0,0,0,0,0,0,0,1,0,0,0
yavuzskarakas,85,,1,0,0,0,0,0,0,0,0,0,0,0,0,0,0,0,1,0,0,0,0
xXresearcher,85,,1,1,0,0,0,0,0,0,0,0,0,0,0,0,0,0,0,0,0,0,0
wld29999,85,,1,0,0,0,0,0,0,0,0,0,0,0,0,0,0,0,0,0,0,1,0
su_akak89309,85,,1,0,0,0,0,0,0,0,0,0,0,0,0,0,0,0,0,0,0,0,1
shivams63888035,85,,1,0,0,0,0,0,0,0,0,0,0,0,0,1,0,0,0,0,0,0,0
sapphosp3npal,85,,1,0,0,0,0,0,0,0,0,0,0,0,0,0,0,0,0,1,0,0,0
saikpd,85,,1,0,0,0,0,0,0,0,0,0,0,0,0,0,0,0,0,1,0,0,0
mwmhmdy3,85,,1,0,0,0,0,0,0,0,0,0,0,1,0,0,0,0,0,0,0,0,0
mnmsprvkk,85,,3,0,0,0,1,0,1,0,0,1,0,0,0,0,0,0,0,0,0,0,0
ktrialrs,85,,1,0,0,0,0,0,0,0,0,0,0,0,0,0,0,0,1,0,0,0,0
hendo_i,85,,1,0,0,0,0,0,0,0,1,0,0,0,0,0,0,0,0,0,0,0,0
ghymt_shta31116,85,,1,0,0,0,0,0,0,1,0,0,0,0,0,0,0,0,0,0,0,0,0
cegar1945,85,,1,0,0,0,0,0,0,0,0,0,0,0,0,0,0,0,0,1,0,0,0
ahmedalaam_101,85,,1,0,1,0,0,0,0,0,0,0,0,0,0,0,0,0,0,0,0,0,0
Usef_8080,85,,2,1,0,0,0,0,0,1,0,0,0,0,0,0,0,0,0,0,0,0,0
TutejszyMazur,85,,5,1,0,0,0,0,0,1,1,0,1,0,0,0,0,0,1,0,0,0,0
TheClown796,85,,1,0,0,0,0,0,0,0,0,0,0,0,0,0,0,0,0,1,0,0,0
Muhammed_atesh,85,,2,1,0,0,0,0,0,0,0,1,0,0,0,0,0,0,0,0,0,0,0
MLS_Stalinist,85,,1,0,0,0,0,0,0,0,0,0,0,0,0,0,0,0,0,0,0,0,1
LordWiltor,85,,1,0,0,0,0,0,0,0,0,0,0,0,0,1,0,0,0,0,0,0,0
JoshuaV68954090,85,,12,0,1,1,0,1,1,1,1,1,1,1,0,1,0,0,0,0,1,1,0
Harshkumar91798,85,,1,0,0,0,0,0,0,0,0,1,0,0,0,0,0,0,0,0,0,0,0
FrankBr61765834,85,,16,0,1,1,0,1,1,1,1,1,1,1,1,1,1,0,0,1,1,1,1
Firefly20s,85,,1,0,0,0,0,0,0,0,0,0,0,0,0,1,0,0,0,0,0,0,0
Charlottesyh6e,85,,2,0,0,0,0,0,0,0,1,1,0,0,0,0,0,0,0,0,0,0,0
BilongoSiete,85,,1,0,0,0,0,0,0,0,0,0,0,0,0,0,0,0,0,0,1,0,0
AntiWestGuy,85,,1,0,0,0,0,0,0,0,0,0,0,0,0,0,0,0,0,0,1,0,0
sajavadi1,84,,2,0,0,0,0,0,0,1,0,0,0,0,0,0,0,0,0,0,0,1,0
rhsodhrkudfke,84,,5,0,0,0,0,0,1,0,0,0,1,1,0,0,1,0,0,0,0,1,0
noorkay100,84,,9,0,0,0,0,0,1,1,0,0,0,1,1,1,1,0,1,1,0,0,1
ngocquang19877,84,,1,0,0,0,0,0,0,0,0,0,0,0,0,0,0,0,0,0,0,1,0
lotfi_moslem,84,,1,0,0,0,0,0,0,0,0,0,0,0,0,0,0,0,0,0,0,0,1
langford_andre,84,,1,0,0,0,0,0,0,0,0,0,1,0,0,0,0,0,0,0,0,0,0
juttjuttyy,84,,1,0,0,0,0,0,0,0,0,0,0,0,0,0,0,0,0,0,0,0,1
carl_quesn30073,84,,2,0,0,0,0,0,0,0,0,1,0,0,0,0,0,0,0,0,0,0,1
Ziad19Rehan,84,,1,0,0,0,0,0,0,0,0,0,0,0,0,0,0,0,0,0,0,0,1
SavyGraycee,84,,1,1,0,0,0,0,0,0,0,0,0,0,0,0,0,0,0,0,0,0,0
SMehr11752,84,,1,0,0,0,0,0,0,0,1,0,0,0,0,0,0,0,0,0,0,0,0
R_SouthAfrica,84,,16,0,1,1,0,1,1,1,1,1,1,1,1,1,1,0,1,1,1,0,1
Nalium_,84,,1,0,0,0,0,0,0,0,0,0,0,0,1,0,0,0,0,0,0,0,0
MuAyoo22737,84,,2,0,0,0,0,1,0,0,0,0,0,1,0,0,0,0,0,0,0,0,0
ManishJadhav011,84,,6,0,0,0,0,0,0,0,1,0,1,0,1,0,0,0,0,0,1,1,1
Maghze_khaste1,84,,1,0,0,0,0,0,1,0,0,0,0,0,0,0,0,0,0,0,0,0,0
Lol51152249,84,,2,0,0,0,0,0,0,0,0,0,1,0,0,0,0,0,0,0,0,0,1
Kabukimanned,84,,1,0,0,0,0,0,1,0,0,0,0,0,0,0,0,0,0,0,0,0,0
Haanaa1313,84,,1,0,0,0,0,1,0,0,0,0,0,0,0,0,0,0,0,0,0,0,0
EhsanB6408,84,,1,0,0,0,0,0,0,0,0,0,0,0,0,1,0,0,0,0,0,0,0
DonCrity,84,,1,1,0,0,0,0,0,0,0,0,0,0,0,0,0,0,0,0,0,0,0
Divert2mind,84,,1,1,0,0,0,0,0,0,0,0,0,0,0,0,0,0,0,0,0,0,0
CensoredMMA,84,,13,0,0,0,0,1,1,1,1,1,1,1,1,0,0,0,1,1,1,1,1
BWaltars88,84,,1,0,0,0,0,0,0,0,0,0,1,0,0,0,0,0,0,0,0,0,0
AhmadAAbuhajar,84,,2,0,0,0,0,0,0,0,0,0,0,0,0,0,0,1,0,0,1,0,0
sirmoco,83,,2,0,0,0,0,0,0,0,0,0,0,0,0,0,0,0,0,1,0,0,1
sellujay0,83,,13,0,0,1,0,0,1,0,1,1,1,0,1,1,0,1,1,1,1,1,1
sabr_salah_1357,83,,4,0,0,0,0,1,0,0,0,1,1,0,1,0,0,0,0,0,0,0,0
rayanabbas331,83,,1,0,0,0,0,0,0,0,0,0,0,0,0,0,0,0,0,1,0,0,0
newbieliberator,83,,1,0,0,0,0,0,0,0,0,0,0,0,0,0,0,0,0,1,0,0,0
mamiiii_mamiii,83,,15,1,1,1,1,1,1,0,0,1,1,1,1,1,1,0,1,0,1,0,1
khaksar1603,83,,1,0,0,0,0,0,0,0,0,0,0,0,0,0,0,0,0,0,1,0,0
farshidfarokhi_,83,,2,0,0,0,0,0,0,0,0,0,0,0,0,1,0,0,0,0,0,1,0
evil7chris,83,,1,0,0,0,1,0,0,0,0,0,0,0,0,0,0,0,0,0,0,0,0
XirArxiadElamXy,83,,1,0,0,0,0,0,0,0,0,0,1,0,0,0,0,0,0,0,0,0,0
Sufi_Saints,83,,1,0,0,0,0,0,0,0,0,0,0,0,0,0,0,0,0,0,0,0,1
SaqibJawed20,83,,1,0,0,0,0,0,0,0,0,0,0,0,0,0,0,0,0,0,0,0,1
Remma_khan,83,,1,0,0,0,0,0,0,0,0,0,0,0,0,0,0,0,0,0,0,0,1
RedFront7,83,,1,0,0,0,0,0,0,0,0,0,0,0,0,1,0,0,0,0,0,0,0
Nik68965263,83,,1,0,0,0,0,0,1,0,0,0,0,0,0,0,0,0,0,0,0,0,0
Meshkat1405,83,,1,0,0,0,0,0,0,0,0,0,0,0,0,1,0,0,0,0,0,0,0
John_86gov,83,,2,0,0,0,0,0,0,0,0,0,0,0,0,1,1,0,0,0,0,0,0
JavadSayd,83,,1,0,0,0,0,0,0,0,0,0,0,1,0,0,0,0,0,0,0,0,0
J_F_B36,83,,1,0,0,0,0,0,0,1,0,0,0,0,0,0,0,0,0,0,0,0,0
Iranvatanam_,83,,1,0,0,0,0,0,0,0,0,0,0,0,0,1,0,0,0,0,0,0,0
Im_Alive0,83,,4,0,1,0,0,1,1,0,0,0,0,0,0,0,0,0,0,0,0,1,0
HassanA70572291,83,,1,0,0,0,0,0,0,0,0,0,0,0,0,0,0,0,0,1,0,0,0
FWang1983,83,,1,0,0,0,0,0,0,0,0,0,0,0,0,1,0,0,0,0,0,0,0
Elham90919336,83,,1,0,0,1,0,0,0,0,0,0,0,0,0,0,0,0,0,0,0,0,0
Bakil_Al_nawari,83,,1,0,0,0,0,0,0,0,0,0,0,0,0,0,0,1,0,0,0,0,0
AmirrezaMoafian,83,,3,0,0,0,0,1,1,0,0,0,0,0,0,1,0,0,0,0,0,0,0
AawaraHoon44102,83,,2,0,0,0,0,0,0,0,0,1,0,0,0,0,0,0,0,1,0,0,0
68Amirali,83,,1,0,0,0,0,1,0,0,0,0,0,0,0,0,0,0,0,0,0,0,0
tejasb86,82,,1,0,0,0,0,0,0,0,0,0,0,0,0,1,0,0,0,0,0,0,0
selami1151,82,,1,0,0,0,0,0,0,0,0,0,0,0,0,1,0,0,0,0,0,0,0
seeen317,82,,2,0,0,0,0,0,0,0,0,0,1,0,0,1,0,0,0,0,0,0,0
respectZMAGK777,82,,2,0,0,0,0,0,0,0,0,0,0,0,0,1,1,0,0,0,0,0,0
nourgnm,82,,3,0,0,0,0,0,0,0,1,0,1,0,0,0,0,0,0,0,0,0,1
migmarioq,82,,4,0,0,0,0,0,1,0,0,0,0,1,1,1,0,0,0,0,0,0,0
mhassannizamani,82,,5,1,0,0,0,0,1,1,0,1,0,0,0,0,0,0,0,1,0,0,0
m3gacamper,82,,4,1,0,0,0,1,1,0,0,0,0,0,0,0,0,0,0,1,0,0,0
jean_seba,82,,1,0,0,0,0,0,0,0,0,0,1,0,0,0,0,0,0,0,0,0,0
essiamini1,82,,2,0,0,0,0,0,0,0,0,1,0,0,0,0,0,0,0,0,1,0,0
brizkih,82,,1,0,0,0,0,0,0,0,0,0,0,0,0,0,0,0,0,0,0,0,1
alisaquib1,82,,17,0,1,1,1,1,1,1,1,1,1,1,1,1,1,0,0,1,1,1,1
_ABCD_12345678_,82,,1,0,0,0,0,0,0,0,0,0,0,0,0,0,0,0,0,1,0,0,0
UAxme,82,,2,0,1,0,0,0,0,0,0,0,0,0,0,0,0,0,0,0,1,0,0
Siben_Nules,82,,6,1,1,0,0,0,0,1,0,1,0,0,0,0,0,0,1,1,0,0,0
SadiqBadamasiA1,82,,1,0,0,0,0,0,0,0,0,0,0,0,0,0,0,0,0,1,0,0,0
SZTH264,82,,4,0,0,0,0,0,0,0,0,0,0,0,1,0,0,0,1,0,0,1,1
SSibatul64457,82,,1,0,0,0,0,0,0,0,0,0,0,1,0,0,0,0,0,0,0,0,0
RutoManyoria,82,,17,0,0,1,1,1,1,1,1,1,1,1,1,1,1,1,1,1,1,1,0
Ranjeed437,82,,1,0,0,0,0,0,0,0,0,0,0,0,0,0,0,0,0,0,0,1,0
MuzafarGohar,82,,1,0,0,0,0,0,0,1,0,0,0,0,0,0,0,0,0,0,0,0,0
DawneCourtney,82,,2,0,0,0,0,0,0,0,0,1,0,0,0,0,0,0,0,0,0,0,1
Candle81264The,82,,4,0,0,0,0,0,0,0,0,0,1,1,0,0,0,0,0,0,1,0,1
Buzz2132,82,,1,0,0,0,0,0,1,0,0,0,0,0,0,0,0,0,0,0,0,0,0
BaBr56,82,,1,0,0,0,0,0,1,0,0,0,0,0,0,0,0,0,0,0,0,0,0
zzz_mmm123,81,,8,0,0,1,0,0,1,0,1,0,1,1,0,0,1,0,0,1,0,0,1
verstopthecar,81,,1,0,0,0,0,0,0,0,0,0,0,0,0,0,0,0,0,0,0,1,0
theboomermemer,81,,1,0,0,0,0,0,0,0,0,0,0,0,0,0,0,0,0,1,0,0,0
tersetalk,81,,2,0,0,0,0,0,0,0,0,0,1,0,0,1,0,0,0,0,0,0,0
sheylham3,81,,2,0,0,0,0,0,1,1,0,0,0,0,0,0,0,0,0,0,0,0,0
sarcheshmi,81,,1,0,0,0,0,0,0,0,0,0,0,0,0,0,0,0,0,0,1,0,0
iambujah,81,,1,0,0,0,0,0,0,0,0,0,0,0,1,0,0,0,0,0,0,0,0
filmyfun11,81,,1,0,0,0,0,0,0,0,0,0,0,0,0,1,0,0,0,0,0,0,0
designwithmilly,81,,1,0,0,0,0,0,0,1,0,0,0,0,0,0,0,0,0,0,0,0,0
azadeozendani,81,,1,0,0,0,0,0,0,0,0,0,0,0,0,1,0,0,0,0,0,0,0
amir_ca_,81,,2,0,0,0,1,0,0,0,0,0,0,1,0,0,0,0,0,0,0,0,0
_alonsosa,81,,2,0,0,0,0,0,0,0,0,0,0,0,1,0,0,0,1,0,0,0,0
VivalaMuerte737,81,,1,0,0,0,0,0,0,0,0,0,0,0,1,0,0,0,0,0,0,0,0
VipulSharm42362,81,,4,0,0,0,0,0,1,0,0,0,1,0,0,1,0,0,0,0,1,0,0
SuckMahBoaby,81,,2,0,0,0,0,0,0,0,0,1,1,0,0,0,0,0,0,0,0,0,0
Samuelkairu254,81,,3,0,0,0,0,0,0,0,0,1,0,0,0,0,0,0,0,0,0,1,1
RightWingPersia,81,,1,0,0,0,0,0,0,0,0,0,0,0,0,1,0,0,0,0,0,0,0
Philipb17168232,81,,1,1,0,0,0,0,0,0,0,0,0,0,0,0,0,0,0,0,0,0,0
KayiBroUsama,81,,2,1,0,0,0,0,0,0,0,0,1,0,0,0,0,0,0,0,0,0,0
JoshM197,81,,1,0,0,0,0,0,0,0,0,1,0,0,0,0,0,0,0,0,0,0,0
JavadMousaviRad,81,,1,0,0,0,0,0,0,0,0,0,0,0,0,1,0,0,0,0,0,0,0
Jackboy0072,81,,1,0,0,0,0,1,0,0,0,0,0,0,0,0,0,0,0,0,0,0,0
Ismaelperezm16,81,,1,0,0,0,0,0,1,0,0,0,0,0,0,0,0,0,0,0,0,0,0
HasanpoorAhmad,81,,1,0,0,0,0,0,1,0,0,0,0,0,0,0,0,0,0,0,0,0,0
Fardichavan,81,,1,0,0,0,0,0,1,0,0,0,0,0,0,0,0,0,0,0,0,0,0
Faam_maaH,81,,5,0,0,0,0,0,0,0,0,0,1,0,1,1,1,0,0,0,1,0,0
ElmiAnvari,81,,1,0,0,0,0,0,0,0,0,0,0,0,0,0,0,0,0,1,0,0,0
Andreas20574581,81,,1,0,0,0,0,0,0,0,0,0,0,0,0,0,0,0,0,0,1,0,0
AbwLy19664,81,,1,0,0,0,0,0,0,0,0,0,0,0,0,0,0,1,0,0,0,0,0
worldEyes91,80,,1,0,0,1,0,0,0,0,0,0,0,0,0,0,0,0,0,0,0,0,0
tuviterr,80,,1,0,0,0,0,0,0,0,0,0,0,0,0,1,0,0,0,0,0,0,0
sanamsyed_10,80,,1,0,0,0,0,0,0,0,0,0,0,0,0,0,0,0,0,0,0,0,1
ravifox5052,80,,1,0,0,0,0,0,0,0,0,0,0,0,0,0,0,0,0,1,0,0,0
n0026180,80,,2,0,0,0,0,0,0,0,0,0,0,1,1,0,0,0,0,0,0,0,0
johnusalaf,80,,2,0,0,0,0,0,0,0,0,0,0,0,0,0,0,0,0,0,0,1,1
hvalouzi,80,,3,0,0,0,1,0,0,1,1,0,0,0,0,0,0,0,0,0,0,0,0
haaaaa1980,80,,4,0,1,0,0,0,1,0,0,1,0,0,0,0,0,0,0,0,1,0,0
gogo_of_Obolo,80,,10,0,0,1,0,0,1,1,1,1,0,0,1,1,0,0,1,0,1,0,1
alisalman82,80,,3,0,0,0,0,0,0,0,0,0,0,0,0,1,0,1,1,0,0,0,0
adavans,80,,1,0,0,0,0,0,0,0,0,0,0,0,0,0,0,0,0,0,1,0,0
Stylesofbeyond9,80,,3,0,0,0,0,0,1,0,0,1,0,0,0,1,0,0,0,0,0,0,0
Sagol45697173,80,,1,0,1,0,0,0,0,0,0,0,0,0,0,0,0,0,0,0,0,0,0
Rafqat88,80,,1,0,0,0,0,0,0,0,0,0,0,0,0,0,0,0,1,0,0,0,0
PIROUZ7711,80,,1,0,0,0,0,0,0,0,0,0,1,0,0,0,0,0,0,0,0,0,0
MuhammadAd21479,80,,1,1,0,0,0,0,0,0,0,0,0,0,0,0,0,0,0,0,0,0,0
MaraJos38615500,80,,3,0,0,1,0,1,0,1,0,0,0,0,0,0,0,0,0,0,0,0,0
Mahtab98765,80,,1,0,0,0,0,0,0,0,0,0,0,0,0,0,0,0,0,0,0,1,0
Mahdi62706578,80,,1,0,0,0,0,0,1,0,0,0,0,0,0,0,0,0,0,0,0,0,0
Hussainz20,80,,2,0,0,0,0,0,0,0,0,0,0,0,0,0,0,1,1,0,0,0,0
Him31382,80,,1,0,0,0,0,0,0,0,0,0,1,0,0,0,0,0,0,0,0,0,0
GhayoorOKhuddar,80,,1,0,0,0,0,0,0,0,0,0,0,0,0,0,0,0,0,1,0,0,0
EhsanHoseini95,80,,1,0,0,0,0,0,0,0,0,0,0,0,0,0,0,0,0,0,1,0,0
Ashatanianata,80,,1,0,0,0,0,0,0,0,0,0,0,0,0,0,0,0,0,0,0,0,1
AliuOlalekan11,80,,5,0,0,0,0,0,1,0,0,1,0,1,1,1,0,0,0,0,0,0,0
765_sarahb,80,,1,0,0,0,0,0,0,0,0,0,0,0,0,0,0,0,0,0,0,0,1
sydsynhry1,79,,1,0,0,0,0,0,1,0,0,0,0,0,0,0,0,0,0,0,0,0,0
spymacaque,79,,2,0,0,0,0,0,0,0,0,0,0,0,0,0,0,0,0,0,0,1,1
shakiba_313,79,,5,0,0,0,1,0,0,0,0,0,0,1,1,1,1,0,0,0,0,0,0
rebornG2fans,79,,1,0,0,0,0,0,0,0,0,0,0,0,0,0,0,0,0,0,1,0,0
khanbabaei__,79,,5,1,0,0,0,1,0,0,0,0,1,0,0,0,0,0,0,0,0,1,1
khahareami80221,79,,1,0,0,0,0,0,1,0,0,0,0,0,0,0,0,0,0,0,0,0,0
ilujogbo,79,,1,0,0,0,0,0,0,0,0,0,0,0,0,0,0,0,0,0,1,0,0
ijlalriz,79,,1,0,0,0,0,0,0,0,0,0,0,0,0,0,0,0,1,0,0,0,0
guet_wg,79,,1,0,0,0,0,0,1,0,0,0,0,0,0,0,0,0,0,0,0,0,0
comgpaga1917,79,,1,0,0,0,0,0,0,0,0,0,0,0,0,0,0,0,0,0,0,0,1
Yunishasan4,79,,1,0,0,0,0,0,0,0,0,0,0,0,0,0,0,0,0,0,1,0,0
Toloyetalaii,79,,1,0,0,0,0,0,0,0,0,0,0,1,0,0,0,0,0,0,0,0,0
TheNorthMa57576,79,,1,0,0,0,0,0,0,0,0,0,0,0,0,0,0,1,0,0,0,0,0
Tanki_Tanq,79,,1,0,0,0,0,0,0,1,0,0,0,0,0,0,0,0,0,0,0,0,0
OTactica10362,79,,1,0,0,0,0,0,0,0,0,0,0,0,0,0,0,0,0,0,0,0,1
Neosss22,79,,1,0,0,0,0,0,0,0,0,0,0,0,0,0,0,0,0,0,0,1,0
Metta21336338,79,,1,0,0,0,0,0,1,0,0,0,0,0,0,0,0,0,0,0,0,0,0
MazharA30068574,79,,1,0,0,0,0,0,0,0,0,0,0,0,1,0,0,0,0,0,0,0,0
MSarbedaran,79,,6,0,1,0,0,1,0,0,0,0,0,0,1,1,0,0,1,0,1,0,0
MASUKAHMEDMAZU5,79,,4,0,0,0,1,0,0,1,0,0,0,0,0,1,0,0,0,0,0,0,1
M1LESTONE,79,,1,0,0,0,0,0,1,0,0,0,0,0,0,0,0,0,0,0,0,0,0
Lno403760351471,79,,1,0,0,0,0,0,0,0,0,0,0,0,0,0,0,0,0,1,0,0,0
Ll72Wgn9xku8FkQ,79,,15,0,1,0,1,1,1,0,1,1,1,0,1,1,1,1,1,1,1,0,1
LaBovino,79,,2,0,0,0,0,0,0,0,0,1,0,1,0,0,0,0,0,0,0,0,0
I_Jamal93,79,,16,0,0,0,1,1,1,1,1,1,1,1,1,1,0,1,1,1,1,1,1
Gigili953666859,79,,5,0,1,0,1,0,1,0,0,0,0,0,1,1,0,0,0,0,0,0,0
Decebalus89,79,,2,0,0,0,0,0,0,0,0,0,0,0,0,0,0,0,1,0,0,1,0
Budda_peace,79,,3,0,0,0,0,0,0,1,1,0,0,0,0,0,0,0,0,0,0,0,1
BigDaddy4Lyfe00,79,,1,0,0,0,0,0,0,0,0,0,0,0,0,0,0,0,0,0,0,0,1
Afaqnfb,79,,1,0,0,0,0,0,0,0,0,0,0,0,0,0,0,0,0,0,0,0,1
AANassir1,79,,2,0,0,0,0,0,0,0,0,0,0,0,0,0,0,0,1,0,0,0,1
yayyuas,78,,1,0,0,0,0,0,0,0,0,0,0,0,0,0,0,0,1,0,0,0,0
witty_satty,78,,8,0,0,0,0,0,1,0,1,1,0,1,1,1,1,0,0,0,0,0,1
spermasir,78,,4,0,0,0,0,0,0,1,0,0,1,0,1,1,0,0,0,0,0,0,0
raza110uk,78,,2,0,0,0,0,0,0,0,0,0,0,0,0,0,0,0,0,1,0,0,1
nonaligned29,78,,2,0,0,0,0,0,0,0,0,0,1,0,0,0,0,0,0,0,0,0,1
naughtyAl13,78,,2,0,0,0,0,0,0,0,0,0,0,1,0,0,0,0,0,0,1,0,0
mrzalzalikk,78,,7,0,0,0,0,0,0,0,1,1,0,0,1,0,0,0,1,1,1,0,1
m_sh_78910,78,,3,0,0,0,0,0,0,0,0,0,1,0,0,1,0,0,0,0,1,0,0
jjjornie,78,,2,0,0,0,0,0,1,0,0,0,0,0,0,0,0,0,0,0,0,1,0
diddlysqwatt,78,,1,0,0,0,0,0,0,0,0,0,0,0,0,1,0,0,0,0,0,0,0
azybanoous,78,,1,0,0,0,0,0,0,0,0,0,0,0,0,0,0,0,0,0,1,0,0
azadi14637441,78,,1,0,0,0,0,0,0,0,0,0,0,0,0,0,0,0,0,1,0,0,0
a_samavati_s313,78,,3,0,0,0,0,0,0,0,0,1,1,0,1,0,0,0,0,0,0,0,0
aAmEeSz,78,,1,0,0,0,0,0,0,0,0,0,0,0,0,0,0,0,0,0,0,0,1
_mohammedhaider,78,,1,0,0,0,0,0,0,0,0,0,0,0,0,0,0,1,0,0,0,0,0
Zzackfirst,78,,1,0,0,0,0,0,0,0,0,0,0,0,0,0,0,0,0,0,1,0,0
Willybra3,78,,4,0,0,0,1,0,1,0,0,1,0,0,0,0,0,1,0,0,0,0,0
TaylorW19515237,78,,1,0,0,0,0,0,0,0,0,0,0,0,0,0,0,0,0,0,0,1,0
QuioZampa,78,,13,0,0,0,0,0,1,1,1,1,1,1,1,1,1,0,1,1,0,1,1
MuhammadaliNano,78,,6,0,0,0,1,1,0,0,1,1,1,0,0,0,0,0,0,0,0,0,1
MuhammadAq79969,78,,1,0,0,0,0,0,0,0,0,0,0,0,0,0,0,0,0,1,0,0,0
Mitke921049,78,,4,0,0,0,0,0,1,1,0,0,0,0,1,0,0,0,0,1,0,0,0
MickeyMouseVI,78,,1,0,0,0,0,0,0,0,0,0,0,0,0,1,0,0,0,0,0,0,0
MerrziaRaza,78,,1,0,0,0,0,0,0,0,0,0,0,0,0,0,0,0,0,0,0,0,1
Mach_inter,78,,3,0,0,0,0,0,0,0,0,0,0,0,0,0,0,0,0,0,1,1,1
KMuhamadmahdi,78,,3,0,1,0,0,0,0,0,0,0,0,0,0,0,0,1,1,0,0,0,0
Jose35569692962,78,,2,0,0,0,0,0,0,0,0,0,1,0,0,0,0,0,0,0,0,0,1
ISATofficial,78,,1,0,0,0,0,0,0,0,0,0,0,0,0,0,0,0,0,0,0,0,1
HanifAuliaAbdu4,78,,3,0,0,0,0,0,0,0,0,0,0,1,1,1,0,0,0,0,0,0,0
BaniSalmanH1,78,,1,0,0,0,0,0,0,0,0,0,1,0,0,0,0,0,0,0,0,0,0
Adelina1027957,78,,3,0,0,0,0,1,1,1,0,0,0,0,0,0,0,0,0,0,0,0,0
AbdullahshaikS1,78,,1,0,0,0,0,0,0,0,1,0,0,0,0,0,0,0,0,0,0,0,0
1Rublovvv,78,,1,0,0,0,0,0,0,0,0,0,0,0,0,0,0,0,1,0,0,0,0
yafatemeh91,77,,2,0,0,0,0,0,0,0,0,0,0,0,0,1,0,0,0,0,1,0,0
shaheedsar,77,,1,0,0,0,0,0,1,0,0,0,0,0,0,0,0,0,0,0,0,0,0
seelllya53035,77,,3,0,0,0,0,1,1,1,0,0,0,0,0,0,0,0,0,0,0,0,0
kevinfloresovie,77,,1,0,0,0,0,0,0,0,0,0,0,0,0,0,0,0,1,0,0,0,0
iLoqman,77,,1,0,0,0,0,0,0,0,0,0,0,0,0,0,0,0,0,0,0,1,0
becomingavocado,77,,1,0,0,0,0,0,0,0,1,0,0,0,0,0,0,0,0,0,0,0,0
TuyNOM,77,,1,0,0,0,0,0,0,0,0,0,1,0,0,0,0,0,0,0,0,0,0
TribalCurrents,77,,2,0,0,0,0,0,0,0,1,0,0,0,0,0,0,0,0,0,1,0,0
RabkaSN,77,,1,0,0,0,0,0,0,0,0,0,0,0,0,0,0,0,0,1,0,0,0
Opinionatedengh,77,,2,0,0,0,0,0,0,0,0,0,1,0,0,0,0,0,0,0,0,1,0
Odevie2,77,,2,0,0,0,0,0,1,0,0,1,0,0,0,0,0,0,0,0,0,0,0
Nantongo498630,77,,10,0,0,0,1,1,0,1,0,1,1,1,1,1,0,0,0,1,1,0,0
Msila28OL,77,,4,0,0,0,0,0,1,0,0,1,0,0,0,0,0,0,1,1,0,0,0
Madnox01,77,,1,0,0,0,0,0,0,0,0,0,1,0,0,0,0,0,0,0,0,0,0
Klubbshakers,77,,3,0,0,0,0,0,0,0,0,0,0,0,0,1,0,0,0,0,1,0,1
Kamjom4,77,,1,0,0,0,0,0,0,0,0,0,0,0,0,0,0,0,0,1,0,0,0
JohnRadcliffeIV,77,,1,0,0,0,0,0,0,0,0,0,0,0,0,0,0,0,1,0,0,0,0
John82641062091,77,,1,0,0,0,0,0,1,0,0,0,0,0,0,0,0,0,0,0,0,0,0
JayJaysalone,77,,1,0,0,0,0,0,0,0,0,0,1,0,0,0,0,0,0,0,0,0,0
HussainTejam,77,,7,0,0,0,0,1,0,1,1,1,1,1,0,0,0,0,0,0,0,0,1
HmydK99122,77,,1,0,0,0,0,0,1,0,0,0,0,0,0,0,0,0,0,0,0,0,0
Haj_Hossein7798,77,,1,0,0,0,0,0,0,0,0,0,0,0,0,0,0,0,0,0,1,0,0
Dtytquw,77,,1,0,0,0,0,0,0,0,0,0,0,0,0,0,0,0,0,1,0,0,0
CommonSenseFax,77,,3,0,0,0,0,0,0,0,0,0,1,0,0,1,0,0,0,1,0,0,0
AbuzarKafaiat,77,,1,0,1,0,0,0,0,0,0,0,0,0,0,0,0,0,0,0,0,0,0
Abb__eth,77,,1,0,0,0,0,0,0,0,0,0,0,0,0,0,0,1,0,0,0,0,0
07wazeer,77,,1,0,0,0,0,0,0,0,0,0,0,0,0,0,0,0,0,1,0,0,0
yousaf465,76,,1,0,0,0,0,0,0,0,0,0,0,0,0,0,0,0,0,0,1,0,0
saman547,76,,1,0,0,1,0,0,0,0,0,0,0,0,0,0,0,0,0,0,0,0,0
sajmad24x7,76,,2,0,0,0,0,0,1,0,0,1,0,0,0,0,0,0,0,0,0,0,0
porosteng4h,76,,1,1,0,0,0,0,0,0,0,0,0,0,0,0,0,0,0,0,0,0,0
picolith80,76,,1,0,0,0,0,0,1,0,0,0,0,0,0,0,0,0,0,0,0,0,0
nniaada,76,,1,0,0,0,0,0,0,0,0,0,1,0,0,0,0,0,0,0,0,0,0
letitrolldragon,76,,1,0,0,0,0,0,1,0,0,0,0,0,0,0,0,0,0,0,0,0,0
hasnataliiiii,76,,1,0,0,0,0,0,1,0,0,0,0,0,0,0,0,0,0,0,0,0,0
gk_naqvi,76,,1,0,0,0,0,0,0,1,0,0,0,0,0,0,0,0,0,0,0,0,0
freaky_disorder,76,,1,0,0,0,0,0,0,0,0,0,0,0,0,0,0,0,0,0,0,0,1
dr1tofiq,76,,3,0,1,0,0,0,0,0,0,0,0,0,0,0,0,1,0,0,0,1,0
capt_matrix,76,,2,0,0,0,0,0,0,0,0,0,0,1,0,0,0,0,0,1,0,0,0
bAyanAnto,76,,1,0,0,0,0,0,0,0,0,0,0,0,0,0,0,0,0,0,1,0,0
arashahbazian,76,,4,0,1,1,0,0,0,0,1,1,0,0,0,0,0,0,0,0,0,0,0
alirezaTGL,76,,2,0,1,0,0,0,0,0,0,0,0,0,0,0,0,0,0,0,1,0,0
ShahramBaha,76,,3,0,0,0,0,0,0,0,0,0,1,1,0,0,0,0,1,0,0,0,0
Samarviews,76,,1,0,0,0,0,0,0,1,0,0,0,0,0,0,0,0,0,0,0,0,0
SaifSid38218645,76,,2,0,0,0,0,0,0,0,0,0,1,0,0,0,0,0,1,0,0,0,0
Ruubstrr,76,,1,0,0,0,0,0,0,0,0,1,0,0,0,0,0,0,0,0,0,0,0
Rohanifar_m,76,,1,0,0,0,0,0,1,0,0,0,0,0,0,0,0,0,0,0,0,0,0
PeterKassis4,76,,3,0,0,0,0,1,0,1,0,0,0,0,0,0,0,0,0,0,0,0,1
MarvinGard68632,76,,1,0,0,0,0,0,0,0,0,0,1,0,0,0,0,0,0,0,0,0,0
LearnersTube,76,,17,0,1,1,0,1,1,1,1,1,1,1,1,1,0,1,1,1,1,1,1
Laporteofoz,76,,1,0,0,0,0,0,0,0,0,0,1,0,0,0,0,0,0,0,0,0,0
KreshniKamolli,76,,1,0,1,0,0,0,0,0,0,0,0,0,0,0,0,0,0,0,0,0,0
JDX1083861,76,,1,0,0,0,0,0,0,0,0,1,0,0,0,0,0,0,0,0,0,0,0
Hananeh_zaheri,76,,1,0,0,0,0,0,0,0,0,0,0,1,0,0,0,0,0,0,0,0,0
GinetteLondogno,76,,1,0,0,0,0,0,1,0,0,0,0,0,0,0,0,0,0,0,0,0,0
Farazaman_313,76,,2,0,0,0,0,0,0,0,0,0,0,0,0,0,0,0,1,1,0,0,0
EYVE21,76,,1,0,0,0,0,0,1,0,0,0,0,0,0,0,0,0,0,0,0,0,0
Burnbefreading,76,,1,0,0,0,0,0,0,0,0,0,0,0,0,0,0,0,1,0,0,0,0
AtatrkSevdals13,76,,1,0,0,0,1,0,0,0,0,0,0,0,0,0,0,0,0,0,0,0,0
Anadolugerekle1,76,,1,0,0,0,0,0,0,0,0,1,0,0,0,0,0,0,0,0,0,0,0
Akirenna3,76,,3,0,1,0,0,0,0,0,0,0,1,0,1,0,0,0,0,0,0,0,0
AhmadHa98679366,76,,12,0,1,1,0,1,1,1,1,1,1,0,0,1,1,0,0,1,0,0,1
xxx1317967715,75,,1,0,0,1,0,0,0,0,0,0,0,0,0,0,0,0,0,0,0,0,0
vYjwupCyCUKOH3k,75,,4,0,0,0,0,0,1,1,0,0,0,0,0,1,0,0,0,1,0,0,0
roya56,75,,1,0,0,0,0,0,0,0,0,0,1,0,0,0,0,0,0,0,0,0,0
mujtbamehdi,75,,2,0,0,0,0,0,0,0,0,1,1,0,0,0,0,0,0,0,0,0,0
mmllddnnww,75,,1,0,0,0,0,0,0,0,0,0,0,0,0,0,0,0,0,0,0,0,1
jamesbond0_007,75,,2,0,0,0,0,0,0,0,0,1,0,0,1,0,0,0,0,0,0,0,0
imburhanraza,75,,1,0,0,0,0,0,0,0,0,0,0,0,0,0,0,0,0,0,1,0,0
fonzooe,75,,9,0,0,0,1,1,1,0,0,0,0,1,1,1,1,0,0,1,0,1,0
ddepoir,75,,1,0,0,0,0,0,0,0,0,0,0,0,0,0,0,0,0,1,0,0,0
RKarthik69,75,,1,0,0,0,0,0,0,0,1,0,0,0,0,0,0,0,0,0,0,0,0
PeacFredmJustic,75,,2,0,0,0,0,0,1,0,0,0,0,0,0,1,0,0,0,0,0,0,0
Once2nd,75,,7,0,0,0,0,1,1,0,1,1,1,0,0,0,0,0,0,0,1,0,1
Omark72015,75,,4,0,0,0,0,0,0,0,1,1,1,0,0,0,0,0,0,0,1,0,0
Juliusreiator,75,,4,0,0,0,0,1,1,0,0,0,0,0,0,1,0,0,0,0,1,0,0
ElFab78,75,,3,0,0,0,0,0,0,0,0,0,0,0,0,0,0,0,1,0,1,0,1
Dw28G,75,,5,0,0,0,0,0,0,1,1,0,0,0,1,0,0,0,1,0,1,0,0
AllawatiMohd,75,,1,0,0,0,0,0,0,0,0,0,0,0,0,0,0,1,0,0,0,0,0
rohitjaat123678,74,,5,0,0,0,0,0,0,0,1,1,1,0,0,0,0,0,0,0,1,1,0
nitdakai,74,,8,0,0,1,0,1,1,0,1,1,1,0,0,1,0,0,0,0,0,1,0
immdwasim,74,,7,0,1,1,0,0,1,1,1,0,0,0,0,1,0,0,0,0,0,0,1
iamsheikh11,74,,3,0,0,0,0,0,0,0,0,0,0,0,0,0,0,0,0,0,1,1,1
dilawerhussai15,74,,1,0,0,0,0,0,0,0,0,0,0,0,0,0,0,0,1,0,0,0,0
dido_jima,74,,1,0,0,0,0,0,0,0,0,0,0,0,0,0,0,0,0,0,0,1,0
basitaliawan512,74,,1,0,0,0,0,0,0,0,0,0,0,0,0,0,0,0,0,0,0,0,1
abbasalizadehsh,74,,2,0,0,0,0,1,0,0,0,0,0,0,0,0,0,0,0,1,0,0,0
_AminAhmadi,74,,1,0,0,0,0,0,0,0,0,0,0,0,0,0,0,0,0,0,1,0,0
Ze_Buratino,74,,1,0,0,0,0,0,0,0,0,0,0,0,0,0,0,0,0,0,0,0,1
Xeel64985121,74,,4,0,0,0,1,1,0,0,0,0,1,1,0,0,0,0,0,0,0,0,0
TwenTeaSeven,74,,7,1,0,0,1,0,0,0,1,1,1,1,0,0,1,0,0,0,0,0,0
MasterShibu2,74,,10,0,1,0,0,0,1,0,1,0,1,0,1,1,1,0,1,1,0,0,1
Marvella___,74,,5,0,0,0,0,0,0,0,1,0,1,0,1,1,0,0,1,0,0,0,0
LeftRightBtc,74,,1,0,0,0,0,0,0,0,0,0,1,0,0,0,0,0,0,0,0,0,0
Dorin1673115,74,,1,0,0,0,0,0,0,0,0,0,0,1,0,0,0,0,0,0,0,0,0
CyphergodO1,74,,3,0,0,0,0,0,0,0,1,1,1,0,0,0,0,0,0,0,0,0,0
BehzadEshghi,74,,1,0,0,0,0,0,0,0,0,0,0,0,0,0,0,0,1,0,0,0,0
Behzad58330,74,,7,0,0,0,1,0,0,1,1,1,1,0,0,0,1,0,0,0,1,0,0
seyede_azadeh,73,,1,0,0,0,0,0,0,0,0,0,0,0,0,0,0,0,0,0,1,0,0
sasansamadzadeh,73,,1,0,0,0,0,0,0,0,0,0,0,0,0,0,0,0,0,0,0,1,0
nafsfighter,73,,8,0,0,0,1,1,0,1,0,1,0,1,0,0,0,0,1,1,1,0,0
loisfoeribariii,73,,1,0,0,0,0,0,0,0,0,0,1,0,0,0,0,0,0,0,0,0,0
leader6868,73,,3,0,0,0,0,0,0,0,0,0,0,1,0,0,0,0,0,1,0,0,1
hebyjazzy,73,,5,0,0,0,0,0,0,0,1,0,0,0,1,1,0,0,1,1,0,0,0
Yuribaba112,73,,5,0,0,0,0,0,1,0,1,0,0,1,1,0,0,0,0,0,0,0,1
YassineD2025,73,,2,0,0,0,0,0,0,0,0,0,0,0,0,1,0,0,0,1,0,0,0
WalAhm18,73,,1,0,0,0,0,0,0,0,1,0,0,0,0,0,0,0,0,0,0,0,0
ShohteSagar,73,,1,0,0,0,0,0,0,0,0,0,1,0,0,0,0,0,0,0,0,0,0
Masooma51163950,73,,1,0,0,0,0,0,0,0,0,0,0,0,0,0,0,0,0,0,0,0,1
MaOsroosh,73,,4,0,0,0,0,0,0,0,1,0,0,0,0,0,0,0,0,1,1,0,1
M777623M,73,,1,0,0,0,0,0,0,0,0,0,0,0,0,0,0,0,0,0,0,0,1
KhurasaniiHamid,73,,2,0,0,0,0,0,0,0,0,0,0,0,0,0,0,0,0,1,1,0,0
HessamAlavi,73,,1,0,0,0,0,0,0,0,0,0,0,0,0,1,0,0,0,0,0,0,0
Hakimzada96,73,,1,0,0,0,0,0,0,0,0,0,1,0,0,0,0,0,0,0,0,0,0
Gholamali1371,73,,2,0,0,0,0,0,0,0,0,0,0,0,1,0,0,0,0,0,1,0,0
DropInDOceann,73,,3,0,0,0,0,1,0,0,0,0,1,0,0,0,0,0,0,0,0,0,1
Alireza14_70,73,,1,0,0,0,0,0,0,0,0,0,0,0,0,0,0,0,0,0,1,0,0
6thbigisland,73,,1,0,0,0,0,0,0,0,0,0,0,0,0,0,0,0,0,0,0,0,1
zelzal023,72,,1,0,0,0,0,0,0,0,0,0,0,0,0,0,0,0,0,0,1,0,0
shahedi1982,72,,1,0,0,0,0,0,0,0,0,0,0,0,0,0,1,0,0,0,0,0,0
mgScpKQ83v50786,72,,1,0,0,0,0,0,0,0,0,0,0,0,1,0,0,0,0,0,0,0,0
juanpodrido,72,,1,0,0,0,0,0,0,0,0,0,0,0,0,1,0,0,0,0,0,0,0
hanna64255538,72,,1,0,0,0,0,0,0,0,0,0,0,0,0,0,0,0,0,0,0,0,1
hajj_qasim57485,72,,3,0,0,0,0,0,0,0,1,1,0,0,1,0,0,0,0,0,0,0,0
farooqueahmed33,72,,1,0,0,0,0,0,0,0,0,0,1,0,0,0,0,0,0,0,0,0,0
dickmonald,72,,4,0,0,0,0,0,0,0,0,1,0,0,1,0,0,0,0,1,1,0,0
anisulhimu,72,,1,0,0,0,0,0,0,1,0,0,0,0,0,0,0,0,0,0,0,0,0
amir_yaghoobii,72,,1,0,0,0,0,0,0,0,0,0,0,0,0,0,0,0,1,0,0,0,0
alaqsaflood1,72,,7,0,1,0,0,0,1,0,0,0,0,0,1,0,0,0,1,1,1,1,0
abooohossein,72,,2,0,0,0,0,0,0,1,0,0,0,0,0,0,0,0,0,0,0,0,1
SamadiTayebeh,72,,1,0,0,0,0,0,0,0,0,0,0,0,0,0,0,0,1,0,0,0,0
SaanviNursery,72,,1,0,0,0,0,0,0,0,0,0,0,0,1,0,0,0,0,0,0,0,0
Reyisirx0100d,72,,1,0,0,0,0,0,0,0,0,0,0,0,0,0,0,0,0,0,1,0,0
PoliticoBuzz,72,,2,0,0,0,0,0,0,0,0,1,1,0,0,0,0,0,0,0,0,0,0
MusamaQ08,72,,1,0,0,0,0,0,0,0,0,0,0,0,0,0,0,0,0,0,1,0,0
MYazdi30,72,,1,1,0,0,0,0,0,0,0,0,0,0,0,0,0,0,0,0,0,0,0
HurricaneMinou,72,,4,0,0,0,0,0,0,0,0,0,1,0,0,1,0,1,0,1,0,0,0
DrSCPuri,72,,1,0,0,0,0,0,0,0,0,0,0,0,0,0,0,0,0,0,1,0,0
Doug22soCal,72,,1,0,0,0,0,0,0,1,0,0,0,0,0,0,0,0,0,0,0,0,0
DobbE200,72,,1,0,0,0,0,0,0,0,0,0,0,0,0,0,0,0,0,0,0,0,1
DeborahG8162,72,,1,0,0,0,0,0,0,0,0,0,1,0,0,0,0,0,0,0,0,0,0
Citizen_JaneQld,72,,2,0,0,0,0,0,1,0,0,0,0,0,0,0,0,0,0,0,0,0,1
Bismillah2866,72,,5,0,0,0,0,0,0,0,0,0,0,0,1,0,0,1,1,1,1,0,0
AlaskaBeast9,72,,5,0,0,0,0,0,1,0,1,1,0,0,1,0,0,0,1,0,0,0,0
AhmedMohfuz,72,,1,0,0,0,0,0,0,0,0,0,1,0,0,0,0,0,0,0,0,0,0
zzzashiq,71,,1,0,0,0,0,0,1,0,0,0,0,0,0,0,0,0,0,0,0,0,0
edalatchi,71,,1,0,0,0,0,0,0,0,0,0,0,0,0,1,0,0,0,0,0,0,0
cheikhmorgueye2,71,,8,0,0,0,0,0,1,0,0,1,1,1,1,1,0,0,0,1,0,0,1
ariansolati,71,,1,0,0,0,0,0,0,0,0,0,0,0,0,0,0,0,0,0,1,0,0
afzalmdogar,71,,1,0,0,0,0,0,0,0,0,0,0,0,0,0,0,0,0,0,0,0,1
YeboahForster,71,,1,0,0,0,0,0,0,0,0,0,0,0,0,0,0,0,0,1,0,0,0
WithCloth,71,,1,0,0,0,0,0,0,0,0,0,0,0,0,0,0,0,0,0,0,1,0
WarsameMelapas,71,,3,0,0,0,0,0,0,0,0,0,0,0,1,0,0,1,1,0,0,0,0
UBAIDALAM58,71,,2,0,0,0,0,0,0,1,0,0,0,0,0,0,0,0,0,1,0,0,0
TasinKhan171694,71,,2,0,0,0,0,0,1,0,0,1,0,0,0,0,0,0,0,0,0,0,0
Taimuralishah00,71,,2,1,0,0,0,1,0,0,0,0,0,0,0,0,0,0,0,0,0,0,0
Sanjeev43697008,71,,6,0,1,1,0,1,1,1,0,0,0,0,0,0,0,0,0,0,0,1,0
NoelCR711,71,,1,0,0,0,0,0,0,0,0,0,0,0,0,0,0,0,0,0,0,0,1
Moonjatt302,71,,2,0,0,0,0,0,0,0,0,0,0,0,0,1,0,1,0,0,0,0,0
Mohammad5662528,71,,1,0,0,0,0,0,1,0,0,0,0,0,0,0,0,0,0,0,0,0,0
Fred_Flntstoner,71,,1,0,0,1,0,0,0,0,0,0,0,0,0,0,0,0,0,0,0,0,0
Fahimajmal2030,71,,3,0,0,0,0,0,0,0,0,1,0,0,0,1,0,0,0,1,0,0,0
DeePatty7238,71,,1,0,1,0,0,0,0,0,0,0,0,0,0,0,0,0,0,0,0,0,0
BloodHound90640,71,,19,1,1,0,1,1,1,1,1,1,1,1,1,1,1,1,1,1,1,1,1
AmaterasuYokai,71,,2,0,0,0,0,0,0,0,0,0,0,0,0,0,0,0,1,0,0,0,1
Ah_moslemi,71,,5,0,1,0,1,1,0,0,1,0,0,0,0,0,0,0,0,0,1,0,0
75Dalir1842,71,,1,0,0,0,0,0,0,0,0,0,0,0,0,0,0,0,0,1,0,0,0
themainbishxoxo,70,,2,0,0,0,0,0,0,0,0,1,0,0,0,0,0,0,0,0,0,0,1
thassanniya,70,,2,0,0,0,0,0,0,0,1,0,0,0,0,0,0,0,0,0,1,0,0
shafimirza1,70,,1,0,0,0,0,0,0,0,0,1,0,0,0,0,0,0,0,0,0,0,0
sadegh128_,70,,2,0,0,0,0,0,0,0,0,0,0,0,0,1,1,0,0,0,0,0,0
punishedmazdak,70,,1,0,0,0,0,0,0,0,0,0,0,0,0,0,0,0,0,0,0,1,0
nietzschel0ver,70,,1,0,0,0,0,0,0,0,0,0,0,1,0,0,0,0,0,0,0,0,0
mustafakohja,70,,1,0,0,0,0,1,0,0,0,0,0,0,0,0,0,0,0,0,0,0,0
miladiadem,70,,1,0,0,0,0,0,0,0,0,0,0,0,0,0,0,0,1,0,0,0,0
mahasweta_18aug,70,,1,0,0,0,0,0,0,0,0,0,1,0,0,0,0,0,0,0,0,0,0
ma0001111,70,,3,0,0,0,0,1,1,0,0,0,0,0,0,0,0,0,0,0,1,0,0
lucky2bLive,70,,2,0,0,0,0,0,0,0,0,0,0,0,0,0,0,0,0,1,1,0,0
iraq_hn,70,,7,0,0,1,1,0,0,0,0,0,0,1,1,1,0,1,1,0,0,0,0
flacko__0,70,,2,0,0,0,0,0,1,0,0,0,0,0,0,0,0,0,0,0,0,0,1
ellliiiinnnn,70,,1,0,0,0,1,0,0,0,0,0,0,0,0,0,0,0,0,0,0,0,0
Winston_George1,70,,2,0,1,0,0,0,1,0,0,0,0,0,0,0,0,0,0,0,0,0,0
SultanAminAbba1,70,,3,0,0,0,0,0,0,0,0,0,0,0,0,1,0,0,0,0,0,1,1
Samia2545179048,70,,2,0,0,0,0,0,0,0,0,0,1,1,0,0,0,0,0,0,0,0,0
ST_MD22,70,,1,0,0,0,0,0,0,0,0,0,0,0,0,1,0,0,0,0,0,0,0
RaiRustumAli,70,,10,0,0,0,0,0,1,0,1,0,1,1,1,0,1,0,1,1,1,1,0
Prof_Pacifista,70,,2,0,0,0,0,0,0,0,0,1,1,0,0,0,0,0,0,0,0,0,0
MarsIanding,70,,1,0,0,0,0,0,0,0,0,0,0,1,0,0,0,0,0,0,0,0,0
MajedHamou82943,70,,1,0,0,0,0,0,0,0,0,1,0,0,0,0,0,0,0,0,0,0,0
MUDASSIR9532,70,,1,0,0,0,0,0,0,0,0,1,0,0,0,0,0,0,0,0,0,0,0
KhalidH25928555,70,,1,1,0,0,0,0,0,0,0,0,0,0,0,0,0,0,0,0,0,0,0
IsuTeam12193,70,,2,0,0,0,0,0,0,1,0,0,0,0,0,0,0,0,0,0,0,0,1
GeorgeClav11273,70,,1,0,0,0,0,0,0,0,0,0,0,0,0,0,0,0,0,0,1,0,0
FeartoNone,70,,1,0,0,0,0,0,0,0,0,0,0,0,0,0,0,0,0,0,0,0,1
Et_Tu_brute_1,70,,1,0,0,0,0,0,0,0,0,0,0,0,0,0,0,1,0,0,0,0,0
DostPakhtoon,70,,6,0,1,1,1,0,0,0,1,1,0,0,0,1,0,0,0,0,0,0,0
BaderAl46178927,70,,1,0,0,0,0,0,0,0,0,0,0,0,0,0,0,1,0,0,0,0,0
ArashDaniali,70,,19,1,0,1,1,1,1,1,1,1,1,1,1,1,1,1,1,1,1,1,1
AhmedAbbas_98,70,,2,0,0,0,0,0,0,0,0,0,0,0,0,0,0,1,0,1,0,0,0
AB622565132484,70,,1,0,0,0,0,0,1,0,0,0,0,0,0,0,0,0,0,0,0,0,0
wr39_,69,,1,1,0,0,0,0,0,0,0,0,0,0,0,0,0,0,0,0,0,0,0
octopusdinosaur,69,,2,0,0,0,0,0,0,0,0,0,0,0,0,1,0,0,0,0,1,0,0
maja_hill,69,,3,0,0,0,0,0,1,0,0,0,0,0,0,0,0,0,0,1,1,0,0
m_vegan8,69,,9,1,0,1,1,0,1,1,0,1,0,1,0,0,0,0,0,0,1,1,0
luciferi_cert,69,,1,0,0,0,0,0,0,0,0,0,0,0,0,1,0,0,0,0,0,0,0
ih8bakris,69,,2,0,0,0,0,0,0,1,0,0,0,0,0,0,0,1,0,0,0,0,0
hassouna_7,69,,2,0,0,0,0,0,0,0,0,0,1,0,0,0,0,0,1,0,0,0,0
hasannaseripuor,69,,1,0,0,0,0,0,1,0,0,0,0,0,0,0,0,0,0,0,0,0,0
freewillman0,69,,16,0,1,1,1,0,1,1,1,1,1,1,1,1,0,0,1,1,1,1,1
dream_of_XRP,69,,1,0,0,0,0,0,0,0,0,0,0,0,0,0,0,0,0,0,0,0,1
dracula315,69,,5,1,0,0,1,1,1,0,1,0,0,0,0,0,0,0,0,0,0,0,0
blackpapergold,69,,1,0,0,0,0,0,0,0,0,0,0,0,0,0,0,0,0,0,1,0,0
a_abs84,69,,1,0,0,0,0,0,0,0,0,0,0,0,0,0,0,0,0,0,1,0,0
Tara_hoseyni,69,,1,0,0,0,0,0,0,0,0,0,1,0,0,0,0,0,0,0,0,0,0
TahaKhater50,69,,1,0,0,0,0,0,0,0,0,0,0,0,0,1,0,0,0,0,0,0,0
ShoibAk80285461,69,,5,0,1,1,0,0,1,0,0,1,0,0,0,1,0,0,0,0,0,0,0
Shabihabbas110,69,,1,0,0,0,0,0,0,0,0,0,0,0,1,0,0,0,0,0,0,0,0
Sam_01150,69,,4,0,0,0,0,0,0,0,0,0,0,0,0,1,0,0,1,0,1,0,1
RealJamesFM,69,,6,0,0,0,0,1,1,0,1,0,1,0,0,1,0,0,1,0,0,0,0
ParasSoni155285,69,,4,0,0,0,0,0,0,0,0,0,1,0,1,1,0,0,0,0,0,1,0
NimbusExile,69,,2,0,0,0,0,0,0,0,0,0,0,0,0,0,0,0,0,1,0,0,1
Mawuse_O27,69,,2,0,0,0,0,0,0,0,1,0,1,0,0,0,0,0,0,0,0,0,0
JorgeBerges1908,69,,1,0,0,0,0,0,0,0,0,0,1,0,0,0,0,0,0,0,0,0,0
Izzzylukj,69,,1,0,0,0,0,0,0,0,0,0,1,0,0,0,0,0,0,0,0,0,0
Ioose_meat,69,,1,0,0,0,0,0,0,0,0,0,0,0,0,0,0,0,0,0,0,1,0
Fx_Bashy,69,,6,0,0,0,0,0,1,0,0,0,1,0,0,1,0,1,0,1,1,0,0
FirdausMadina1,69,,2,0,0,0,0,0,0,0,0,0,0,0,0,0,0,0,0,0,0,1,1
Cassian46138631,69,,2,0,0,0,0,0,1,0,0,0,0,0,1,0,0,0,0,0,0,0,0
AliHJivani1,69,,4,0,0,0,0,0,0,0,0,1,1,0,0,1,1,0,0,0,0,0,0
wado0oich,68,,1,0,0,0,0,0,0,0,0,0,1,0,0,0,0,0,0,0,0,0,0
terrorof_x,68,,1,0,0,0,0,0,0,0,0,0,0,0,0,0,0,0,0,0,1,0,0
rezaeisajad1,68,,1,1,0,0,0,0,0,0,0,0,0,0,0,0,0,0,0,0,0,0,0
pinopino7777123,68,,1,0,0,0,0,0,0,0,0,0,0,0,0,1,0,0,0,0,0,0,0
minaaxaa,68,,4,0,0,0,0,0,0,1,1,0,1,0,0,1,0,0,0,0,0,0,0
mdlkykny3,68,,1,0,0,0,0,0,0,0,1,0,0,0,0,0,0,0,0,0,0,0,0
landlordtenant_,68,,1,0,0,0,0,0,0,0,0,0,0,1,0,0,0,0,0,0,0,0,0
jevan_HoF,68,,1,0,0,0,0,0,0,0,0,0,0,0,0,0,0,0,0,0,0,0,1
jazzbellmusic,68,,1,0,0,0,0,0,0,0,0,0,0,1,0,0,0,0,0,0,0,0,0
itszulfiqarali,68,,3,0,0,0,0,0,0,0,0,0,0,0,0,1,0,0,0,1,0,0,1
g_vgg45486,68,,3,0,0,0,0,0,0,0,1,1,1,0,0,0,0,0,0,0,0,0,0
babarhaq234,68,,1,0,0,0,0,0,0,0,1,0,0,0,0,0,0,0,0,0,0,0,0
Stnshp,68,,1,0,0,0,0,0,1,0,0,0,0,0,0,0,0,0,0,0,0,0,0
Muk68782104,68,,2,0,0,0,0,0,0,0,0,0,0,0,0,0,0,0,0,0,0,1,1
GeoPDude,68,,1,0,0,0,0,0,0,0,0,0,0,0,0,1,0,0,0,0,0,0,0
FirozAli727272,68,,1,0,0,0,0,0,0,0,0,0,0,0,0,0,0,0,0,1,0,0,0
FatahiOfficial8,68,,2,0,0,0,0,0,0,0,0,0,1,1,0,0,0,0,0,0,0,0,0
DeniseWilb47246,68,,1,0,0,0,0,0,0,0,1,0,0,0,0,0,0,0,0,0,0,0,0
BourneCrypto,68,,2,0,1,0,0,0,0,0,0,0,0,0,0,0,0,0,0,0,0,0,1
AzimAnsari12540,68,,1,0,0,0,0,0,0,0,0,0,1,0,0,0,0,0,0,0,0,0,0
Amir79Xlord,68,,4,0,1,0,0,0,0,0,0,0,0,1,1,1,0,0,0,0,0,0,0
sh_mt313,67,,1,0,0,0,0,0,0,0,0,1,0,0,0,0,0,0,0,0,0,0,0
roopzahra5,67,,1,0,0,0,0,0,0,0,0,0,0,0,0,0,0,0,0,0,0,0,1
perera8u,67,,13,0,1,1,0,0,1,1,1,1,0,1,1,1,0,1,0,1,0,1,1
noumanshammaz,67,,1,0,0,0,0,0,0,1,0,0,0,0,0,0,0,0,0,0,0,0,0
mahdi_khsrv,67,,1,0,0,0,0,0,0,0,0,0,0,0,0,0,0,0,0,0,1,0,0
mafakheriii,67,,1,0,0,0,0,0,0,0,0,0,0,0,0,0,0,0,0,0,1,0,0
ll9172898443207,67,,1,0,0,0,0,0,0,0,0,0,0,0,0,0,0,1,0,0,0,0,0
kipnitreal01,67,,1,0,0,0,0,0,0,0,0,0,0,1,0,0,0,0,0,0,0,0,0
goodnessaj771,67,,1,0,0,0,0,0,0,0,0,0,0,0,0,1,0,0,0,0,0,0,0
floyd_patryk,67,,1,0,1,0,0,0,0,0,0,0,0,0,0,0,0,0,0,0,0,0,0
falcoperegrnus,67,,15,0,1,1,1,1,1,0,1,1,1,1,1,1,1,0,1,0,1,0,1
dadyhamid1,67,,3,0,0,0,0,0,0,0,0,0,0,1,0,0,0,0,0,1,1,0,0
ali_CCCXIII,67,,1,0,0,0,0,0,0,0,0,0,1,0,0,0,0,0,0,0,0,0,0
WinnieIthePOOH,67,,2,0,0,0,0,0,1,0,0,0,0,0,0,1,0,0,0,0,0,0,0
TLTinvestor101,67,,1,0,1,0,0,0,0,0,0,0,0,0,0,0,0,0,0,0,0,0,0
MymonSagar,67,,1,0,0,0,0,0,0,0,0,1,0,0,0,0,0,0,0,0,0,0,0
MrtdyB4566,67,,1,0,0,0,0,0,0,0,0,0,0,0,0,0,0,0,0,0,1,0,0
Mohamad74976150,67,,1,0,0,0,0,0,0,0,0,0,0,1,0,0,0,0,0,0,0,0,0
LAqapwr4149,67,,2,0,0,0,0,0,0,0,0,0,0,0,0,0,0,0,1,1,0,0,0
Jasper_I_Khan,67,,1,0,0,0,0,0,0,0,0,0,0,0,0,0,0,0,0,0,0,0,1
Jamariyyah,67,,2,0,0,0,0,1,1,0,0,0,0,0,0,0,0,0,0,0,0,0,0
Hasni4245,67,,16,0,1,1,0,1,1,0,1,1,1,1,1,1,1,0,1,1,1,1,1
HannahBahloul87,67,,10,0,1,1,0,1,1,0,0,1,1,0,0,1,0,0,1,1,0,1,0
BdallhMjah72489,67,,1,0,0,0,0,0,0,0,0,0,0,0,0,0,0,0,0,1,0,0,0
Alex_looking428,67,,1,0,0,0,0,0,0,0,0,0,1,0,0,0,0,0,0,0,0,0,0
Aaliyah_AlMurra,67,,1,0,0,0,0,0,0,0,0,0,0,0,0,0,0,0,0,1,0,0,0
AFantabam21245,67,,11,0,0,0,1,1,0,0,1,1,1,1,1,1,0,0,0,1,1,0,1
yagi6895,66,,14,0,1,0,0,1,1,0,1,1,1,1,1,1,1,1,1,1,1,0,0
sindaqtcha,66,,5,0,0,0,0,0,1,0,1,1,1,0,0,0,0,1,0,0,0,0,0
shre63299,66,,1,1,0,0,0,0,0,0,0,0,0,0,0,0,0,0,0,0,0,0,0
nothingtoshowyo,66,,1,0,0,0,0,0,0,0,0,0,0,0,0,0,0,0,0,1,0,0,0
nikmah250665,66,,1,0,0,0,0,0,0,0,0,0,0,0,0,0,0,0,0,0,1,0,0
netradingyahoo1,66,,3,0,0,0,0,0,1,0,0,0,0,0,0,0,0,0,1,1,0,0,0
hassytan,66,,2,0,0,0,0,0,0,0,1,0,0,0,0,0,0,0,0,0,0,0,1
hadi_tanoomand,66,,1,0,0,0,0,0,0,0,0,0,0,0,0,0,0,0,0,0,1,0,0
fekrooooo,66,,3,0,0,0,0,0,0,0,0,1,1,0,0,0,0,0,0,1,0,0,0
draco_spitfire,66,,9,0,0,0,1,0,0,0,1,1,1,0,0,1,0,0,1,1,1,0,1
VictoriaCh48505,66,,1,0,0,0,0,0,1,0,0,0,0,0,0,0,0,0,0,0,0,0,0
UnhingedNewsOP,66,,2,0,0,0,0,0,0,0,1,1,0,0,0,0,0,0,0,0,0,0,0
SmithRowland01,66,,1,0,0,0,0,0,0,0,0,0,0,0,0,0,0,0,0,1,0,0,0
ShanMal75765166,66,,1,0,0,0,0,0,0,0,0,1,0,0,0,0,0,0,0,0,0,0,0
Samurai17321958,66,,1,0,0,0,0,0,0,0,0,0,0,0,0,1,0,0,0,0,0,0,0
Rzv_Amirali110,66,,1,0,0,0,0,0,0,0,0,0,0,0,0,1,0,0,0,0,0,0,0
Khan230554,66,,1,0,0,0,0,0,0,0,0,1,0,0,0,0,0,0,0,0,0,0,0
KamyanaDxb,66,,1,0,0,0,0,0,0,1,0,0,0,0,0,0,0,0,0,0,0,0,0
JESSEGALIN87641,66,,1,0,0,0,0,0,1,0,0,0,0,0,0,0,0,0,0,0,0,0,0
HugoGue10299107,66,,1,0,0,0,0,0,0,0,0,0,0,0,0,0,0,0,0,1,0,0,0
HamidNoory4,66,,2,0,0,0,0,0,0,0,0,0,0,0,0,0,0,0,1,0,1,0,0
FuzziOskar,66,,1,0,0,0,0,0,0,0,0,0,1,0,0,0,0,0,0,0,0,0,0
F_Fazli8117,66,,1,0,0,0,0,0,0,0,0,0,0,0,0,0,0,0,0,0,1,0,0
DaveyTutt,66,,1,0,0,0,0,0,0,0,0,0,1,0,0,0,0,0,0,0,0,0,0
BatoulHNaim,66,,1,0,0,0,0,0,0,0,0,0,0,0,0,0,0,0,0,0,0,0,1
BabiNgepet01nk,66,,9,0,0,1,0,0,1,0,1,1,0,1,1,0,0,0,1,0,0,1,1
Amir13915,66,,3,0,0,0,0,0,0,1,0,0,0,1,0,0,0,0,0,1,0,0,0
Adibougre,66,,1,0,0,0,0,0,0,0,0,0,0,0,0,0,0,0,0,0,1,0,0
AaronKurnz82,66,,5,0,0,0,0,0,0,0,0,1,0,1,0,1,1,0,1,0,0,0,0
0xnullcapital,66,,1,0,0,0,0,0,0,0,0,0,0,0,0,0,0,1,0,0,0,0,0
risenol,65,,2,0,0,0,0,0,0,0,0,0,1,0,0,0,0,0,0,1,0,0,0
reallyevildevil,65,,1,0,0,0,0,0,0,0,0,0,1,0,0,0,0,0,0,0,0,0,0
oAlbertoCasas,65,,2,1,1,0,0,0,0,0,0,0,0,0,0,0,0,0,0,0,0,0,0
nybtsy,65,,1,0,0,0,0,0,0,0,0,0,0,0,0,0,0,0,0,0,1,0,0
mustapha6550,65,,1,0,0,0,0,0,0,0,0,0,0,0,0,0,0,0,0,0,1,0,0
momo_ila,65,,1,0,0,0,0,0,0,0,0,0,0,0,0,0,0,0,0,0,1,0,0
mmhussaini,65,,3,0,1,0,0,0,0,0,0,0,1,0,1,0,0,0,0,0,0,0,0
martyrdoh,65,,1,0,0,0,0,0,0,0,0,0,0,0,0,0,0,0,0,0,0,0,1
luisbontempo,65,,1,0,0,0,0,0,1,0,0,0,0,0,0,0,0,0,0,0,0,0,0
leeberteeene,65,,1,0,0,0,0,0,0,0,0,0,0,0,0,0,0,0,0,0,0,0,1
kurlyoh,65,,2,0,0,0,0,0,1,0,0,0,1,0,0,0,0,0,0,0,0,0,0
kingakali,65,,1,0,0,0,0,0,0,0,0,0,0,1,0,0,0,0,0,0,0,0,0
husseinalamlhi1,65,,2,0,0,0,0,0,0,0,1,0,0,0,1,0,0,0,0,0,0,0,0
haveasoulsdyt,65,,1,0,0,0,0,0,1,0,0,0,0,0,0,0,0,0,0,0,0,0,0
fzyzz_,65,,2,0,0,0,0,0,1,0,0,0,0,0,0,0,0,0,0,0,0,0,1
denizxdeniz111,65,,5,0,0,0,0,1,0,1,1,1,0,0,0,0,0,0,0,0,0,1,0
clownworldnewss,65,,2,0,0,0,0,0,0,0,0,0,0,0,0,0,0,0,0,0,1,0,1
_MalikKhan,65,,1,1,0,0,0,0,0,0,0,0,0,0,0,0,0,0,0,0,0,0,0
USMANIMRANSANI,65,,5,0,0,0,0,0,1,0,0,1,0,0,0,0,0,0,1,1,0,1,0
The_ifraj,65,,8,0,0,0,0,1,1,1,1,1,0,0,0,1,0,1,0,1,0,0,0
Saturns_Cube,65,,1,0,0,0,0,0,0,0,0,0,1,0,0,0,0,0,0,0,0,0,0
Rizwan897233,65,,1,0,0,0,0,0,0,0,0,0,0,0,0,0,0,0,0,0,0,0,1
MinhalHasan7,65,,1,0,0,0,0,0,0,0,0,0,0,0,0,0,0,0,0,0,0,0,1
Kikuba_Mutwe,65,,6,0,0,0,0,1,1,0,0,1,0,0,0,1,0,0,0,1,0,0,1
KarinaUlloaB,65,,1,0,0,0,0,0,0,0,0,0,0,0,0,0,0,0,0,0,0,0,1
Hamedtangeqz7,65,,2,0,0,0,0,0,0,0,0,0,1,0,0,0,0,0,0,0,0,0,1
ErwanPilay,65,,2,0,0,0,0,0,0,0,0,0,0,0,0,0,0,0,0,1,1,0,0
Doubling46,65,,1,0,0,0,0,0,0,0,0,0,0,0,0,0,0,0,0,0,0,0,1
DialamehShahid,65,,15,1,1,1,1,1,1,1,1,1,1,1,1,1,1,1,0,0,0,0,0
AnfaalAbidiii5,65,,1,0,0,0,0,0,0,0,0,0,0,0,0,0,0,1,0,0,0,0,0
AmirhoseinInrs,65,,7,0,0,0,0,0,0,0,1,0,0,0,1,1,1,0,0,1,1,0,1
AmMarzuqi,65,,1,0,0,0,0,0,0,0,0,0,0,0,0,0,0,0,0,0,1,0,0
AdamtheArabian,65,,1,0,0,0,0,0,0,0,0,0,0,0,0,0,0,0,0,0,1,0,0
AdamhereA73594,65,,1,0,0,0,0,0,0,0,0,1,0,0,0,0,0,0,0,0,0,0,0
AbdiJumalo,65,,2,0,0,0,0,0,0,0,0,1,1,0,0,0,0,0,0,0,0,0,0
ziz_mo94,64,,1,0,0,0,0,0,0,0,0,0,1,0,0,0,0,0,0,0,0,0,0
takaraita,64,,1,0,0,0,0,0,0,0,0,0,0,0,0,0,0,1,0,0,0,0,0
sargooshi,64,,1,0,0,0,0,0,1,0,0,0,0,0,0,0,0,0,0,0,0,0,0
ruhdaar01,64,,1,0,0,0,0,0,0,0,1,0,0,0,0,0,0,0,0,0,0,0,0
rostamimedia,64,,2,0,1,0,0,0,0,0,0,0,0,0,0,1,0,0,0,0,0,0,0
nowthisisit,64,,8,0,0,0,0,0,1,0,0,0,1,0,1,0,0,1,0,1,1,1,1
maryamimrann1,64,,1,0,0,0,0,0,0,0,0,0,0,0,0,0,0,0,0,0,0,0,1
maddilune,64,,1,0,0,0,0,0,0,0,0,0,0,0,0,0,0,0,0,0,0,1,0
karkela85,64,,1,0,0,0,0,0,0,0,0,0,0,0,0,0,0,0,1,0,0,0,0
elyvaly5,64,,1,0,0,0,0,0,0,0,0,0,0,0,0,0,0,0,0,0,0,0,1
VlogsReza,64,,1,0,0,0,0,0,0,0,1,0,0,0,0,0,0,0,0,0,0,0,0
Testkontokon,64,,1,0,0,0,0,0,1,0,0,0,0,0,0,0,0,0,0,0,0,0,0
TabbouleWbatata,64,,1,0,0,0,0,0,0,0,1,0,0,0,0,0,0,0,0,0,0,0,0
SunnyPeaceLuv,64,,1,0,0,0,0,0,0,0,0,0,0,0,0,0,0,0,0,0,0,0,1
SalimWTY,64,,2,0,0,0,0,0,0,0,0,0,0,0,0,0,0,0,0,1,1,0,0
SGSYCM,64,,1,0,0,1,0,0,0,0,0,0,0,0,0,0,0,0,0,0,0,0,0
Intelmaestro,64,,1,0,0,0,0,0,0,0,0,0,0,0,0,0,0,0,1,0,0,0,0
GrandPa86328664,64,,13,0,0,0,0,0,1,1,1,1,1,0,1,1,1,0,1,1,1,1,1
G0yyim,64,,8,0,0,0,0,1,0,0,1,1,1,1,1,0,0,0,1,1,0,0,0
CornellThania,64,,1,0,0,0,0,0,0,0,0,0,0,0,0,0,0,0,1,0,0,0,0
CessyTan,64,,1,0,0,0,0,0,0,0,0,0,0,0,0,0,0,0,0,1,0,0,0
BoonieCatLady,64,,1,0,0,0,0,0,1,0,0,0,0,0,0,0,0,0,0,0,0,0,0
ArticoloZero_2,64,,2,0,0,0,0,0,0,0,0,0,0,0,0,0,0,1,0,0,0,0,1
AkmSadrul,64,,1,0,0,0,0,0,0,0,0,0,1,0,0,0,0,0,0,0,0,0,0
AghaHakeem,64,,1,0,0,0,0,0,0,0,0,0,0,0,0,0,0,0,0,0,1,0,0
ABaltaf99,64,,1,0,0,0,0,0,0,0,0,0,0,0,0,0,0,0,0,0,0,0,1
yakoza212,63,,2,0,0,0,0,0,1,0,1,0,0,0,0,0,0,0,0,0,0,0,0
vermilionAKIHA,63,,1,0,0,0,0,0,0,0,0,0,0,0,0,0,0,0,0,0,0,0,1
sarberahim,63,,2,0,0,0,0,1,1,0,0,0,0,0,0,0,0,0,0,0,0,0,0
pams_soo,63,,1,0,0,0,0,0,0,0,0,0,0,0,0,0,0,0,0,0,0,0,1
meamo_n,63,,1,0,0,0,0,0,0,0,0,0,0,0,0,0,0,0,0,0,1,0,0
lwanay1,63,,7,0,0,0,0,0,0,0,1,0,1,1,1,1,0,0,1,0,1,0,0
hosenrezapour,63,,2,0,0,0,1,0,1,0,0,0,0,0,0,0,0,0,0,0,0,0,0
hellobonheur,63,,1,0,0,0,0,0,0,0,0,0,0,0,0,0,0,1,0,0,0,0,0
cf23f05e587845c,63,,1,0,0,0,0,0,0,0,0,0,0,0,0,0,0,0,0,0,0,0,1
afnancfc,63,,1,0,0,0,0,0,0,0,0,0,0,0,0,0,0,0,0,1,0,0,0
ZaminMalik10,63,,1,1,0,0,0,0,0,0,0,0,0,0,0,0,0,0,0,0,0,0,0
TribalGlobalist,63,,2,0,0,0,0,0,0,0,0,0,0,0,0,0,0,0,0,0,1,1,0
SomeScrupleslef,63,,1,0,0,0,0,0,0,0,0,0,0,0,0,0,0,0,0,0,0,1,0
Saeidovsky,63,,3,0,0,0,0,0,1,0,0,1,0,0,0,1,0,0,0,0,0,0,0
Rekhotsowisani,63,,3,0,0,0,0,0,0,0,1,1,0,0,0,1,0,0,0,0,0,0,0
Mposhideh,63,,5,0,1,0,1,1,0,0,0,1,0,0,0,0,0,0,0,0,1,0,0
MahGhazaal,63,,1,0,0,0,0,0,0,0,0,0,0,0,0,0,0,0,0,0,1,0,0
Lost123567,63,,1,0,0,0,0,0,0,0,0,0,0,0,0,0,0,0,0,1,0,0,0
Janet64659322,63,,1,0,0,0,0,0,0,0,0,0,0,0,0,0,0,0,1,0,0,0,0
IRob59986398,63,,3,0,0,0,0,0,0,0,0,1,1,0,0,0,0,0,0,1,0,0,0
HeatFan_Number1,63,,1,0,0,0,0,0,0,0,0,1,0,0,0,0,0,0,0,0,0,0,0
FAndarza,63,,1,0,0,0,0,0,1,0,0,0,0,0,0,0,0,0,0,0,0,0,0
CikbKN,63,,1,0,0,0,0,0,0,0,0,1,0,0,0,0,0,0,0,0,0,0,0
CharlesIberch,63,,3,0,0,1,0,0,0,0,0,0,0,0,0,1,0,0,0,1,0,0,0
CPrimestone,63,,5,0,0,0,0,0,0,0,0,1,0,0,0,1,1,0,0,0,1,0,1
BakhshiAra27915,63,,5,1,1,0,0,0,0,0,1,0,0,0,0,0,0,1,1,0,0,0,0
BabaiBarkat,63,,3,1,0,0,0,0,0,0,0,0,0,0,0,0,0,0,0,1,0,0,1
Arman559188,63,,1,0,0,0,0,0,0,0,0,0,0,1,0,0,0,0,0,0,0,0,0
87Eben,63,,1,0,0,0,0,0,0,0,0,0,0,0,0,1,0,0,0,0,0,0,0
soch_social,62,,2,0,0,0,0,0,0,0,0,1,0,1,0,0,0,0,0,0,0,0,0
ownthebanks,62,,1,0,0,0,0,0,0,0,0,0,0,0,0,0,0,1,0,0,0,0,0
okowais234,62,,1,0,0,0,0,0,0,0,0,0,0,0,0,0,0,0,0,0,0,0,1
mohammadreza98f,62,,1,0,0,0,0,0,0,0,0,0,0,1,0,0,0,0,0,0,0,0,0
khadarbhojani,62,,2,0,0,0,0,0,0,0,0,0,0,0,0,0,0,0,1,0,1,0,0
johnwhite123417,62,,6,0,0,1,0,0,1,0,0,1,0,1,0,0,0,0,0,1,0,1,0
hiro1970hiai21,62,,2,0,0,0,0,0,0,0,0,0,0,0,0,0,0,0,0,0,0,1,1
exGiGs,62,,2,0,0,0,0,0,0,0,1,0,0,0,1,0,0,0,0,0,0,0,0
esnmrdi,62,,1,0,0,0,0,0,0,0,0,0,0,0,0,0,0,0,0,1,0,0,0
eskepticalll,62,,1,0,0,0,1,0,0,0,0,0,0,0,0,0,0,0,0,0,0,0,0
dJCfFYKoNI88208,62,,2,0,0,0,0,0,0,0,0,1,0,0,0,1,0,0,0,0,0,0,0
ar_be_he,62,,1,0,0,0,0,0,0,0,0,0,0,0,0,0,0,0,0,1,0,0,0
amrhashem822252,62,,1,0,0,0,0,0,0,0,0,0,0,0,0,1,0,0,0,0,0,0,0
alitam113,62,,1,0,0,0,0,0,0,0,0,0,0,0,0,0,0,0,0,0,0,1,0
TayyabXatti,62,,1,0,0,0,0,0,0,0,0,0,0,0,0,0,0,0,0,0,1,0,0
TariqSh87722092,62,,1,0,0,1,0,0,0,0,0,0,0,0,0,0,0,0,0,0,0,0,0
Shanaei4,62,,5,0,0,0,0,1,0,0,0,1,1,1,0,0,1,0,0,0,0,0,0
Prince83Vicky,62,,1,0,0,0,0,0,0,1,0,0,0,0,0,0,0,0,0,0,0,0,0
Notnoticingx,62,,1,0,0,1,0,0,0,0,0,0,0,0,0,0,0,0,0,0,0,0,0
Mohdre61464,62,,17,0,1,0,1,1,1,1,1,1,1,1,1,1,1,0,1,1,1,1,1
Mohammadjfakhri,62,,2,0,0,0,0,0,0,0,0,0,0,0,0,0,0,0,0,0,1,0,1
JCrofeathe45769,62,,1,0,0,0,0,0,0,0,0,0,1,0,0,0,0,0,0,0,0,0,0
GarethE14,62,,1,1,0,0,0,0,0,0,0,0,0,0,0,0,0,0,0,0,0,0,0
ExpertArranger,62,,3,0,0,0,0,0,0,0,0,0,1,1,0,0,0,0,0,0,0,1,0
DadfarSahra,62,,1,0,0,0,0,0,0,0,0,0,0,0,0,0,0,0,0,0,0,1,0
Choice2022,62,,1,0,0,0,0,0,0,0,0,0,0,0,0,0,0,0,0,1,0,0,0
CharlieDsdn6,62,,1,1,0,0,0,0,0,0,0,0,0,0,0,0,0,0,0,0,0,0,0
AlyBadaraConte2,62,,1,0,0,0,0,0,0,0,0,0,0,0,0,1,0,0,0,0,0,0,0
AliReza762714,62,,2,0,0,0,1,0,1,0,0,0,0,0,0,0,0,0,0,0,0,0,0
AbdullahAlanse,62,,1,0,0,0,0,0,0,0,0,0,0,0,0,0,0,1,0,0,0,0,0
Abdishukri85782,62,,1,0,0,0,0,0,0,0,0,0,0,0,0,0,0,0,0,0,0,1,0
ABO_MOHMMED4850,62,,2,0,0,0,0,0,0,1,0,0,0,0,0,1,0,0,0,0,0,0,0
A2jkhan,62,,1,0,0,0,0,0,0,0,0,0,1,0,0,0,0,0,0,0,0,0,0
zxcvasdf6789_,61,,1,0,0,0,0,0,0,0,0,0,0,0,0,0,0,0,0,0,0,1,0
strawberrypiyo,61,,1,0,0,0,0,0,1,0,0,0,0,0,0,0,0,0,0,0,0,0,0
salman67400,61,,1,0,0,0,0,0,0,0,0,0,0,1,0,0,0,0,0,0,0,0,0
ranjha_97,61,,1,0,0,0,0,0,0,0,1,0,0,0,0,0,0,0,0,0,0,0,0
pinne_alla,61,,3,0,0,0,0,0,0,0,1,0,0,0,0,1,0,0,0,1,0,0,0
nuradeen_l78268,61,,3,0,0,0,0,0,0,0,1,0,1,0,1,0,0,0,0,0,0,0,0
mrkrumi,61,,2,0,0,0,0,0,0,0,0,0,1,0,0,0,0,0,0,1,0,0,0
ghargoozsanj,61,,1,0,0,0,0,0,0,0,0,0,0,1,0,0,0,0,0,0,0,0,0
ffalmaie,61,,2,0,0,0,0,0,0,0,0,1,0,0,0,0,0,0,0,0,0,1,0
drex1159,61,,1,0,0,0,0,0,0,0,0,0,0,0,0,1,0,0,0,0,0,0,0
bwmmd6246378777,61,,1,0,0,0,0,0,0,0,0,0,0,0,0,0,0,1,0,0,0,0,0
alireza1602,61,,2,0,0,0,0,0,1,0,0,0,0,0,0,1,0,0,0,0,0,0,0
aalif54729,61,,1,0,0,0,0,1,0,0,0,0,0,0,0,0,0,0,0,0,0,0,0
WashiJnr,61,,1,0,0,0,0,0,0,0,0,0,0,0,0,1,0,0,0,0,0,0,0
Vahid_Hakimfaal,61,,1,0,0,0,0,0,0,0,0,0,0,0,0,0,0,0,0,0,1,0,0
TpapaTYB456,61,,1,0,1,0,0,0,0,0,0,0,0,0,0,0,0,0,0,0,0,0,0
Tae_TataBT21,61,,2,1,0,0,0,0,0,0,0,0,0,0,0,0,0,1,0,0,0,0,0
SiddiqZakariyya,61,,1,0,0,0,0,0,1,0,0,0,0,0,0,0,0,0,0,0,0,0,0
ShekelKuntala,61,,3,0,0,0,0,0,1,0,0,0,0,0,0,0,0,0,1,0,1,0,0
MuhammadUmarl17,61,,1,1,0,0,0,0,0,0,0,0,0,0,0,0,0,0,0,0,0,0,0
Memer737,61,,1,0,0,0,0,0,0,0,0,0,0,0,0,1,0,0,0,0,0,0,0
MarkPapas17,61,,1,0,0,0,0,0,1,0,0,0,0,0,0,0,0,0,0,0,0,0,0
Kamrana_ahmadi,61,,1,0,0,0,0,0,0,0,0,0,0,0,0,0,0,0,0,0,1,0,0
KaPratibha28881,61,,1,0,0,0,0,0,0,0,0,0,0,0,0,0,0,0,0,0,1,0,0
Ir_29gr,61,,1,0,0,0,0,0,0,0,0,0,0,0,0,1,0,0,0,0,0,0,0
Hikari_sunlight,61,,1,0,0,0,0,0,0,0,0,0,0,0,0,0,0,0,0,0,1,0,0
Debbie_Antara,61,,1,0,0,0,0,0,0,0,0,0,0,0,0,0,0,0,0,0,0,0,1
BitDotBit,61,,13,1,0,1,0,1,1,0,1,1,0,1,1,0,0,1,1,0,1,1,1
Abbas4evr,61,,1,0,0,0,0,0,0,0,0,0,0,0,0,0,0,0,0,0,0,1,0
vigilantejustiz,60,,8,0,0,0,0,1,1,1,0,1,0,0,0,1,0,1,0,1,1,0,0
suehisass,60,,1,0,0,0,0,0,0,0,0,0,0,0,0,0,0,0,0,0,0,0,1
sayyidamaan,60,,3,0,1,0,0,0,0,0,0,1,0,1,0,0,0,0,0,0,0,0,0
plessis_chat,60,,1,0,0,0,0,0,0,0,0,0,0,0,0,0,0,0,0,0,1,0,0
khodeAn13am,60,,1,0,0,0,0,1,0,0,0,0,0,0,0,0,0,0,0,0,0,0,0
ezetrois,60,,1,0,0,0,0,1,0,0,0,0,0,0,0,0,0,0,0,0,0,0,0
batknucles,60,,7,0,1,1,1,0,0,1,0,0,1,0,0,0,0,0,0,0,1,0,1
adil_adnan6,60,,1,0,0,0,0,0,0,1,0,0,0,0,0,0,0,0,0,0,0,0,0
abwz7688om,60,,2,0,0,0,0,0,0,0,0,0,0,1,0,0,0,0,1,0,0,0,0
_muhammad019,60,,1,0,0,0,0,0,0,0,0,0,0,0,0,0,0,0,0,0,0,0,1
Yas1n7o,60,,2,0,0,0,0,0,1,0,0,0,0,1,0,0,0,0,0,0,0,0,0
StephenMai45817,60,,3,0,0,0,0,1,0,0,0,0,0,0,0,0,0,0,1,1,0,0,0
SommoDubas,60,,1,0,0,1,0,0,0,0,0,0,0,0,0,0,0,0,0,0,0,0,0
RicardoLar71171,60,,2,0,0,0,0,0,1,0,0,0,0,0,0,0,0,0,0,0,0,0,1
OM_reader,60,,1,0,0,0,0,0,1,0,0,0,0,0,0,0,0,0,0,0,0,0,0
MrPing54016783,60,,1,0,0,0,0,0,0,0,0,0,1,0,0,0,0,0,0,0,0,0,0
MohammadAk36487,60,,1,0,0,1,0,0,0,0,0,0,0,0,0,0,0,0,0,0,0,0,0
MahMoos313,60,,1,0,0,0,0,0,0,0,0,0,1,0,0,0,0,0,0,0,0,0,0
JoeIbeh140755,60,,1,0,0,0,0,0,0,0,0,0,0,0,0,1,0,0,0,0,0,0,0
ItsOlivers4,60,,1,0,0,0,0,0,0,0,0,0,1,0,0,0,0,0,0,0,0,0,0
ElianeRicarte1,60,,1,0,0,0,0,0,1,0,0,0,0,0,0,0,0,0,0,0,0,0,0
DuncanSpen64609,60,,2,0,0,0,0,0,0,0,0,0,1,0,0,0,1,0,0,0,0,0,0
Dondiegue9,60,,1,0,0,0,0,0,0,0,0,0,0,0,1,0,0,0,0,0,0,0,0
DazaisRequiem,60,,1,0,0,0,0,0,0,0,0,0,0,0,0,0,0,0,0,0,0,1,0
Baho_kurdo,60,,1,0,0,0,0,0,0,0,0,0,1,0,0,0,0,0,0,0,0,0,0
Ahmadya85618157,60,,1,0,0,0,0,0,0,0,0,1,0,0,0,0,0,0,0,0,0,0,0
willi46511,59,,1,0,0,0,0,0,0,0,0,0,1,0,0,0,0,0,0,0,0,0,0
shabibhasan15,59,,1,0,0,0,0,0,0,0,0,0,0,0,1,0,0,0,0,0,0,0,0
selcukseniz,59,,6,0,0,0,0,1,0,0,1,0,0,0,1,0,0,0,1,1,1,0,0
sapere__,59,,3,0,0,0,0,0,0,0,0,0,0,0,1,0,0,1,1,0,0,0,0
sadiebita,59,,2,0,0,0,0,0,0,0,0,0,0,0,0,0,0,0,0,0,1,0,1
nari66611,59,,1,0,0,0,0,0,0,0,0,1,0,0,0,0,0,0,0,0,0,0,0
morrrre5,59,,2,0,1,0,0,0,0,0,0,0,0,0,1,0,0,0,0,0,0,0,0
mkyassien1,59,,1,0,0,0,0,0,0,0,1,0,0,0,0,0,0,0,0,0,0,0,0
mirzakuhi,59,,1,0,0,0,0,0,0,0,0,0,0,0,0,0,0,0,0,0,1,0,0
maziiarsamimi,59,,2,0,0,0,0,0,1,0,0,0,0,0,0,1,0,0,0,0,0,0,0
dark_squidward,59,,2,0,0,0,0,0,0,0,0,0,0,0,0,1,1,0,0,0,0,0,0
chr0mit3,59,,1,0,0,0,0,0,0,0,0,0,0,0,0,1,0,0,0,0,0,0,0
aghaee_hassan,59,,1,0,0,0,0,0,0,0,0,0,0,0,0,0,0,0,0,0,1,0,0
abyssgaze_,59,,1,0,0,0,0,0,0,0,0,0,0,0,0,0,0,0,0,0,0,0,1
Twitu3578,59,,4,0,0,0,0,0,0,0,1,0,0,1,0,1,0,0,0,1,0,0,0
Shahnam_ul_haq,59,,2,0,0,0,0,0,0,0,0,0,0,0,0,0,0,0,0,0,0,1,1
Pakarmyhehe,59,,1,0,0,0,0,0,0,0,0,0,0,0,0,1,0,0,0,0,0,0,0
NoumanA27204711,59,,2,1,0,0,0,0,1,0,0,0,0,0,0,0,0,0,0,0,0,0,0
Muyassar,59,,1,0,0,0,0,0,0,1,0,0,0,0,0,0,0,0,0,0,0,0,0
Mehran_bahman,59,,1,1,0,0,0,0,0,0,0,0,0,0,0,0,0,0,0,0,0,0,0
MehdiS1173222,59,,1,0,0,0,0,0,0,0,0,0,0,0,0,0,0,0,0,1,0,0,0
LondoBacot,59,,1,0,0,0,0,0,0,0,0,0,0,0,0,0,0,0,0,0,0,0,1
Itismeyawar,59,,8,0,1,1,0,0,1,0,0,1,0,0,0,1,0,0,1,1,0,0,1
HamidAlipo65083,59,,2,0,0,0,0,0,0,0,0,0,0,0,0,0,0,0,0,1,1,0,0
HHasseiun,59,,1,0,0,0,0,1,0,0,0,0,0,0,0,0,0,0,0,0,0,0,0
EmhaHadary,59,,1,0,0,0,0,0,0,0,0,0,0,0,0,0,0,0,0,0,0,1,0
DrSoccerDad,59,,1,0,0,0,0,0,0,0,1,0,0,0,0,0,0,0,0,0,0,0,0
Anoos1071,59,,1,0,0,0,0,0,1,0,0,0,0,0,0,0,0,0,0,0,0,0,0
thEchoofJustice,58,,2,0,1,0,0,0,0,0,0,0,0,0,0,0,0,0,1,0,0,0,0
solotrav3l,58,,1,0,0,0,0,0,0,0,0,0,0,0,0,0,0,0,0,1,0,0,0
sina__mokhtari,58,,7,0,0,1,0,1,1,0,0,1,1,0,0,0,0,0,1,0,0,0,1
sheikhtaqaddas,58,,1,0,0,0,0,0,0,0,0,0,0,0,0,0,0,0,0,0,0,0,1
sahebam_ir,58,,1,0,0,0,0,0,0,0,0,0,0,0,0,0,0,0,0,0,1,0,0
nadhymura,58,,2,0,0,0,0,0,0,1,1,0,0,0,0,0,0,0,0,0,0,0,0
marpiter,58,,1,0,0,0,0,0,0,0,0,0,0,0,0,1,0,0,0,0,0,0,0
hussainarq_07,58,,3,0,1,0,0,0,0,0,0,0,0,0,0,0,0,1,1,0,0,0,0
hasanmortada123,58,,2,0,0,0,0,1,0,0,0,0,0,0,0,0,0,1,0,0,0,0,0
hamza_kham28602,58,,2,0,0,0,0,0,0,0,0,0,0,0,0,0,0,0,0,0,0,1,1
annihilator_97,58,,1,0,0,0,0,0,1,0,0,0,0,0,0,0,0,0,0,0,0,0,0
Yotabw,58,,1,0,0,0,0,0,0,0,0,0,0,0,1,0,0,0,0,0,0,0,0
Truthwins7373,58,,1,0,0,0,0,0,0,0,0,1,0,0,0,0,0,0,0,0,0,0,0
TrueNorthVoices,58,,1,0,0,0,0,0,0,0,0,0,0,0,0,0,0,0,0,0,0,0,1
Tiffany61167,58,,1,0,0,0,0,0,0,0,0,0,0,0,0,0,0,1,0,0,0,0,0
RwhyHsyn33965,58,,2,0,0,0,0,0,0,0,0,1,0,0,0,1,0,0,0,0,0,0,0
Rightkhalifa,58,,1,0,0,0,0,0,0,0,1,0,0,0,0,0,0,0,0,0,0,0,0
PudgyPindos,58,,1,0,0,0,0,1,0,0,0,0,0,0,0,0,0,0,0,0,0,0,0
ONaflex58464,58,,4,0,1,0,0,0,0,0,0,0,1,1,0,0,0,0,1,0,0,0,0
NazirAh81022704,58,,1,0,0,0,0,0,0,0,0,0,0,0,0,0,0,0,0,0,0,0,1
Mr_Sirb,58,,6,0,1,0,0,0,0,0,1,1,0,0,1,0,0,0,1,0,1,0,0
Mahdijananeh,58,,1,0,0,0,0,0,0,0,0,0,0,0,0,0,0,0,0,0,1,0,0
LivWoodMiami,58,,1,0,0,0,0,0,0,0,0,0,1,0,0,0,0,0,0,0,0,0,0
HyenaIQ,58,,1,0,0,0,0,0,0,0,0,0,0,0,0,0,0,1,0,0,0,0,0
FelibackinBA,58,,1,0,0,0,0,0,1,0,0,0,0,0,0,0,0,0,0,0,0,0,0
DrScipio,58,,2,0,0,0,0,0,0,0,0,0,0,0,0,1,1,0,0,0,0,0,0
Christo32574716,58,,1,0,0,0,0,0,0,0,0,1,0,0,0,0,0,0,0,0,0,0,0
Bigaahid,58,,14,1,0,1,0,1,1,0,0,1,1,1,1,1,1,1,0,1,0,1,1
Alhasan_Kazmi,58,,4,0,0,0,0,0,0,0,0,1,1,0,0,0,1,0,0,0,1,0,0
Aboveitall4L,58,,1,0,0,0,0,0,0,0,0,0,1,0,0,0,0,0,0,0,0,0,0
sohacrypto,57,,4,0,0,0,0,0,1,1,0,0,1,0,0,0,0,0,0,1,0,0,0
scorpionkzn,57,,3,0,0,0,0,1,0,0,0,1,1,0,0,0,0,0,0,0,0,0,0
prog_perspect,57,,1,0,0,0,0,0,0,0,0,0,0,0,0,0,0,0,0,0,0,1,0
pimientomusical,57,,1,0,0,0,0,0,0,0,0,0,0,0,0,0,0,0,0,0,1,0,0
mohsindar203,57,,5,0,0,0,1,0,1,1,1,1,0,0,0,0,0,0,0,0,0,0,0
modi_aliyu,57,,2,0,0,0,0,0,0,0,1,1,0,0,0,0,0,0,0,0,0,0,0
maximamxpa,57,,11,0,1,1,0,0,1,1,0,1,1,1,0,1,1,0,0,1,1,0,0
hoorytaqiz30001,57,,13,0,0,0,0,1,1,1,1,1,0,0,1,1,0,1,1,1,1,1,1
hattip66,57,,2,0,0,0,0,0,0,0,1,1,0,0,0,0,0,0,0,0,0,0,0
gabolzahoor80,57,,1,0,0,0,0,0,0,0,0,0,0,0,0,0,0,0,0,0,1,0,0
fuckputinsqz,57,,1,0,1,0,0,0,0,0,0,0,0,0,0,0,0,0,0,0,0,0,0
eulhaq551969,57,,8,0,0,0,1,1,0,0,0,1,0,1,0,1,0,0,1,1,1,0,0
elissa_kiryu,57,,1,0,0,0,0,0,0,0,1,0,0,0,0,0,0,0,0,0,0,0,0
atanjum,57,,1,0,0,0,0,0,1,0,0,0,0,0,0,0,0,0,0,0,0,0,0
arslank94765413,57,,1,0,0,0,0,0,0,0,0,0,0,0,0,0,0,0,0,0,1,0,0
a__sohaill,57,,3,0,0,0,0,0,0,0,0,0,1,0,0,1,0,1,0,0,0,0,0
WasifSayyed7,57,,1,0,0,0,0,0,0,0,0,0,0,0,0,0,0,0,0,0,0,1,0
TTro77930667390,57,,5,0,0,1,0,0,0,0,1,1,1,0,0,0,0,0,0,0,0,0,1
Studiesomputer,57,,3,0,0,0,0,0,0,0,1,0,1,0,1,0,0,0,0,0,0,0,0
NerdyKenyanDoc,57,,4,0,0,0,0,0,0,1,0,1,1,0,0,1,0,0,0,0,0,0,0
MdTahidulAlam,57,,1,0,0,0,0,0,1,0,0,0,0,0,0,0,0,0,0,0,0,0,0
MMeherzai59593,57,,8,1,0,0,0,0,0,0,0,1,0,0,0,0,1,0,1,1,1,1,1
MBereliani,57,,1,0,0,0,0,0,0,0,0,0,0,1,0,0,0,0,0,0,0,0,0
Imrankhan135317,57,,2,0,0,0,0,0,0,0,0,0,0,0,0,0,0,0,0,1,0,0,1
IStandTruth,57,,5,0,0,0,0,0,0,0,0,1,1,0,0,0,1,0,0,0,0,1,1
GualterPortella,57,,4,0,0,0,1,0,0,0,0,1,0,0,1,1,0,0,0,0,0,0,0
Gobar_PattiWale,57,,1,0,0,0,0,0,0,0,1,0,0,0,0,0,0,0,0,0,0,0,0
EMN253798927426,57,,1,0,0,0,0,0,0,0,0,0,0,0,0,0,0,0,1,0,0,0,0
Don000000000001,57,,1,0,0,0,0,0,0,0,0,0,0,0,0,1,0,0,0,0,0,0,0
CyberGOAT2077,57,,2,0,0,0,0,0,0,0,0,0,0,0,0,0,0,0,0,0,0,1,1
Baharam_200,57,,1,0,0,0,0,0,0,1,0,0,0,0,0,0,0,0,0,0,0,0,0
ArcAura6716,57,,1,0,0,0,0,0,0,0,1,0,0,0,0,0,0,0,0,0,0,0,0
89Goldsmith,57,,6,0,0,0,0,0,1,0,0,0,1,0,1,1,0,0,0,1,1,0,0
15_Sheringham,57,,1,0,0,0,0,0,0,0,0,0,0,0,0,0,0,0,0,0,1,0,0
z_fatima,56,,1,0,0,0,0,0,0,0,0,0,0,0,0,0,0,0,0,0,0,0,1
weird_wide_Web,56,,1,0,0,0,0,0,0,0,0,1,0,0,0,0,0,0,0,0,0,0,0
vijethrai_2000,56,,1,0,0,0,0,0,0,0,0,0,0,0,0,1,0,0,0,0,0,0,0
siddique_s8334,56,,1,0,0,0,0,0,0,0,0,0,0,1,0,0,0,0,0,0,0,0,0
renderednoumena,56,,1,0,0,0,0,0,0,0,0,0,0,0,1,0,0,0,0,0,0,0,0
pro__signal,56,,2,0,0,0,0,0,0,0,0,0,0,0,0,0,0,0,0,0,1,0,1
pancherkhan,56,,1,0,0,0,0,0,0,1,0,0,0,0,0,0,0,0,0,0,0,0,0
line_leadership,56,,7,0,0,0,0,0,0,0,0,0,0,0,1,1,1,0,0,1,1,1,1
itz_raja_037,56,,1,0,0,0,0,0,0,0,0,0,1,0,0,0,0,0,0,0,0,0,0
iraantobemaan,56,,8,1,0,0,0,0,1,0,1,1,1,0,1,1,0,0,0,0,1,0,0
go_go_sw493,56,,1,0,0,0,0,0,0,0,0,0,0,0,0,0,0,0,0,1,0,0,0
glitchxtruth,56,,1,0,0,0,0,0,1,0,0,0,0,0,0,0,0,0,0,0,0,0,0
fuckziopigs,56,,1,0,0,0,0,0,0,0,0,1,0,0,0,0,0,0,0,0,0,0,0
frankshin667,56,,1,0,0,0,0,0,0,0,0,1,0,0,0,0,0,0,0,0,0,0,0
didoboru43,56,,2,0,1,0,0,0,0,0,0,0,0,1,0,0,0,0,0,0,0,0,0
asal_fatum76453,56,,1,0,0,0,0,0,0,0,0,0,0,0,0,0,0,0,0,0,0,0,1
ansar_ullah11,56,,3,0,0,0,0,0,0,1,0,1,0,0,0,0,0,0,0,0,0,1,0
Yibuprofun,56,,1,0,0,0,0,0,0,0,0,0,0,0,1,0,0,0,0,0,0,0,0
TarekBzioui,56,,2,0,0,0,0,0,0,0,0,1,1,0,0,0,0,0,0,0,0,0,0
PAULCHAMBE98753,56,,2,0,0,0,0,0,0,0,0,1,0,0,0,0,0,0,0,0,0,0,1
MaxSchfer729306,56,,1,0,0,0,0,0,0,0,0,1,0,0,0,0,0,0,0,0,0,0,0
KhatanaGul,56,,1,0,0,0,0,0,0,0,0,0,1,0,0,0,0,0,0,0,0,0,0
ID_Pakistani,56,,1,0,0,0,0,0,0,0,0,0,0,0,0,0,0,0,0,0,1,0,0
HamedArjmandi1,56,,1,0,0,0,0,0,0,0,0,0,0,0,0,0,0,0,0,0,1,0,0
GaurAasha,56,,2,0,0,1,0,0,0,0,0,0,0,0,0,0,0,0,0,0,0,0,1
GReinassanceA,56,,1,0,0,0,0,0,0,0,1,0,0,0,0,0,0,0,0,0,0,0,0
Ely_H_84,56,,2,0,0,0,0,0,0,1,0,0,0,0,0,0,0,0,1,0,0,0,0
Dania58Hadi,56,,3,0,0,0,0,0,0,0,0,0,1,0,0,0,0,0,0,1,0,0,1
DZnjar82889,56,,1,0,0,0,0,0,0,0,0,0,0,0,0,0,0,0,0,0,1,0,0
Ali65545639,56,,1,0,0,0,0,0,0,0,0,1,0,0,0,0,0,0,0,0,0,0,0
Abuheesam,56,,1,0,0,0,0,0,0,0,0,0,0,0,0,0,0,0,0,0,1,0,0
Aboalfazll6,56,,1,0,0,0,0,0,1,0,0,0,0,0,0,0,0,0,0,0,0,0,0
501_ly,56,,1,0,0,0,0,0,0,0,0,0,0,0,0,0,0,0,0,0,0,0,1
007emc,56,,1,0,0,0,0,0,1,0,0,0,0,0,0,0,0,0,0,0,0,0,0
preetijjain,55,,2,0,0,0,0,0,0,0,1,0,1,0,0,0,0,0,0,0,0,0,0
jsquared863,55,,4,1,0,0,0,0,0,0,0,1,1,0,0,0,0,0,0,0,0,0,1
hibohoney,55,,2,0,0,0,0,0,0,1,0,0,0,0,0,0,0,0,0,0,0,0,1
habibreza8919,55,,3,0,0,0,0,0,0,0,1,0,0,0,0,0,0,0,0,0,0,1,1
epi_gc,55,,2,0,0,0,0,0,0,0,0,0,0,0,0,0,0,0,0,1,1,0,0
adil_angga70133,55,,1,0,0,0,0,0,1,0,0,0,0,0,0,0,0,0,0,0,0,0,0
Yahyakharpa,55,,2,0,0,0,0,0,0,0,0,1,0,0,0,0,0,0,1,0,0,0,0
TheDisruptorRay,55,,2,0,0,0,0,0,0,0,0,0,0,0,0,1,0,0,0,1,0,0,0
Resist_HADZ,55,,1,0,0,0,0,0,0,0,0,1,0,0,0,0,0,0,0,0,0,0,0
RaheeeilVatan,55,,3,0,0,1,0,0,0,1,0,0,1,0,0,0,0,0,0,0,0,0,0
MoS54383,55,,4,0,0,0,0,0,1,0,0,0,0,1,0,1,0,0,0,0,1,0,0
JeanJacque1804,55,,2,0,0,0,0,0,0,0,0,0,0,0,0,0,1,0,0,0,0,0,1
HossienRadwan,55,,3,0,0,0,0,0,0,0,0,0,0,0,0,1,0,0,0,1,0,1,0
DieNaziIsrael,55,,4,1,0,0,0,0,0,0,0,1,1,0,0,0,0,0,1,0,0,0,0
Chavez_Che_2023,55,,7,0,0,0,0,0,0,0,0,1,1,0,0,1,0,0,1,1,1,0,1
BurakDursun44,55,,1,0,0,0,0,0,0,0,0,0,1,0,0,0,0,0,0,0,0,0,0
Ashkan_Humanity,55,,2,0,0,0,0,0,0,0,1,0,1,0,0,0,0,0,0,0,0,0,0
Adolfin1234567,55,,9,1,1,0,0,0,0,0,0,0,0,1,0,1,1,1,0,1,1,0,1
50cent5739,55,,3,0,0,0,1,0,0,0,0,0,0,0,1,0,0,0,1,0,0,0,0
28Ostad,55,,1,0,0,0,0,0,0,0,0,0,0,0,0,0,0,0,0,0,0,1,0
23Noobz,55,,1,0,0,0,0,0,0,0,0,0,0,0,0,0,0,0,0,0,0,0,1
zionistbegone,54,,1,0,0,0,0,0,0,0,0,0,1,0,0,0,0,0,0,0,0,0,0
teracir80,54,,2,0,0,0,0,0,0,0,0,0,0,0,0,0,0,1,0,0,1,0,0
shahbaz_gary,54,,2,0,0,0,0,0,1,0,0,1,0,0,0,0,0,0,0,0,0,0,0
muqeelshah,54,,1,1,0,0,0,0,0,0,0,0,0,0,0,0,0,0,0,0,0,0,0
mohammadi5922,54,,1,0,0,0,0,0,0,0,0,0,0,0,0,0,0,0,0,0,1,0,0
mo29546050,54,,1,0,0,0,0,0,1,0,0,0,0,0,0,0,0,0,0,0,0,0,0
mbjohnsmith,54,,1,0,0,0,0,0,0,0,0,0,0,0,0,0,1,0,0,0,0,0,0
jellarochford1,54,,4,0,0,0,0,0,0,0,0,0,1,0,0,1,1,0,0,0,0,0,1
jan_abdull67690,54,,1,0,0,0,0,0,0,0,0,0,0,0,0,0,0,0,0,1,0,0,0
inullvoid,54,,3,0,0,0,0,0,0,0,0,1,0,0,0,0,0,0,0,1,0,0,1
ashkaniranshahi,54,,1,0,0,0,0,0,0,0,0,1,0,0,0,0,0,0,0,0,0,0,0
alizkrz,54,,1,0,0,1,0,0,0,0,0,0,0,0,0,0,0,0,0,0,0,0,0
User52803,54,,1,0,0,0,0,0,0,0,0,1,0,0,0,0,0,0,0,0,0,0,0
SahilAr80409569,54,,1,0,0,0,0,0,0,0,1,0,0,0,0,0,0,0,0,0,0,0,0
PowerIran405,54,,1,0,0,0,0,0,1,0,0,0,0,0,0,0,0,0,0,0,0,0,0
Peace4purpose,54,,1,0,0,0,0,0,0,0,0,0,0,0,0,0,0,0,0,0,1,0,0
NaadiyaW786,54,,2,1,0,0,0,0,1,0,0,0,0,0,0,0,0,0,0,0,0,0,0
Mohammad42131,54,,1,0,0,0,0,0,1,0,0,0,0,0,0,0,0,0,0,0,0,0,0
Mohamma23159617,54,,1,0,0,0,0,0,0,0,0,0,0,0,0,0,0,0,0,0,0,0,1
Medi_tate254,54,,1,0,0,0,0,0,0,0,0,0,1,0,0,0,0,0,0,0,0,0,0
MeNucEngineer,54,,1,0,0,0,0,0,0,0,0,0,0,0,0,0,0,0,0,1,0,0,0
MOmerBuksh,54,,2,0,0,0,0,0,0,0,0,0,1,0,0,0,0,0,0,0,0,1,0
MAbhatti0347,54,,1,0,0,0,0,0,0,0,0,0,0,0,0,0,0,0,1,0,0,0,0
LiannaMariexoxo,54,,1,0,0,0,0,0,0,0,0,0,0,0,0,0,0,0,1,0,0,0,0
Groyper99brx,54,,1,0,0,0,0,0,0,0,0,0,1,0,0,0,0,0,0,0,0,0,0
FarFaryaz374,54,,4,0,0,0,0,0,0,0,0,1,0,0,1,0,0,0,1,1,0,0,0
DeanMan342780,54,,1,0,0,0,0,0,0,1,0,0,0,0,0,0,0,0,0,0,0,0,0
ClaverClvr,54,,1,0,0,0,0,0,0,0,0,0,0,0,0,0,0,0,1,0,0,0,0
Bas_satyam,54,,1,0,0,0,0,1,0,0,0,0,0,0,0,0,0,0,0,0,0,0,0
BRingchan,54,,1,0,0,0,0,0,0,0,1,0,0,0,0,0,0,0,0,0,0,0,0
AZipette,54,,1,0,0,0,0,0,0,0,0,0,1,0,0,0,0,0,0,0,0,0,0
AKamangir67087,54,,5,0,0,0,1,0,0,0,0,1,0,0,0,0,0,0,0,0,1,1,1
truthSimon31,53,,2,0,0,0,0,0,0,0,0,1,0,0,0,1,0,0,0,0,0,0,0
thTruee,53,,1,0,0,0,0,0,1,0,0,0,0,0,0,0,0,0,0,0,0,0,0
smore_lil,53,,1,0,0,0,0,0,0,0,0,0,0,0,0,0,0,0,0,0,0,0,1
sciziocat,53,,3,0,1,0,0,0,0,0,0,1,0,0,0,1,0,0,0,0,0,0,0
rahbareenghelab,53,,1,0,0,0,0,0,0,0,0,0,0,0,0,1,0,0,0,0,0,0,0
nika333435,53,,6,0,0,0,0,0,0,1,1,1,0,0,0,0,0,0,0,1,0,1,1
minaydyje,53,,1,0,0,0,0,0,0,0,0,0,0,0,0,0,0,0,0,0,0,1,0
meercule,53,,2,0,0,0,0,0,0,0,1,0,1,0,0,0,0,0,0,0,0,0,0
mastsne007,53,,1,0,0,0,0,0,0,0,0,0,0,0,0,0,0,0,0,0,1,0,0
lovepakistan136,53,,1,0,0,0,0,0,0,0,1,0,0,0,0,0,0,0,0,0,0,0,0
abbas63430,53,,1,0,0,0,0,0,0,0,0,0,0,0,0,0,0,0,0,1,0,0,0
Yassine51172,53,,2,0,0,0,0,0,1,0,0,0,0,0,0,0,0,1,0,0,0,0,0
SimHBO,53,,4,0,0,0,0,0,0,0,0,0,1,0,0,1,0,0,1,0,0,0,1
RoozamJ19413,53,,1,0,1,0,0,0,0,0,0,0,0,0,0,0,0,0,0,0,0,0,0
Lulc30YdUN98130,53,,1,0,0,0,0,0,1,0,0,0,0,0,0,0,0,0,0,0,0,0,0
Lsui572979,53,,1,0,0,0,0,0,0,0,0,0,0,0,0,0,0,1,0,0,0,0,0
LisaLu1963,53,,1,0,0,0,0,0,0,0,0,0,0,0,0,0,0,0,0,0,0,0,1
LXmartyop,53,,3,0,0,0,0,0,1,0,0,0,0,0,0,0,0,0,1,0,1,0,0
JalilvandZahra,53,,1,0,0,0,0,0,0,0,0,0,0,1,0,0,0,0,0,0,0,0,0
Jaffar99310524,53,,1,0,0,0,0,0,0,0,0,0,0,0,0,0,0,0,0,1,0,0,0
HarlowLombard,53,,6,0,0,0,0,0,1,0,0,0,0,0,1,0,0,0,0,1,1,1,1
Hamzakh97344945,53,,2,0,1,0,0,0,0,0,0,0,0,0,0,1,0,0,0,0,0,0,0
GiovePietro07,53,,1,0,0,0,0,0,0,0,0,0,0,0,0,1,0,0,0,0,0,0,0
FreePalestineHQ,53,,2,0,0,0,0,0,0,0,0,0,0,0,0,1,1,0,0,0,0,0,0
FeeyazShaik,53,,1,0,0,0,0,0,0,0,0,0,1,0,0,0,0,0,0,0,0,0,0
FarsiGhola71070,53,,1,0,0,0,1,0,0,0,0,0,0,0,0,0,0,0,0,0,0,0,0
EdwinmauricioSL,53,,1,1,0,0,0,0,0,0,0,0,0,0,0,0,0,0,0,0,0,0,0
Dat___Le,53,,2,0,0,0,0,0,1,0,0,0,0,0,0,1,0,0,0,0,0,0,0
BaAbdoulAz32406,53,,3,0,0,0,0,0,0,0,0,0,0,0,0,0,0,0,1,0,1,0,1
AhmadKhanGul,53,,5,0,0,0,0,0,0,0,0,1,0,1,1,1,1,0,0,0,0,0,0
Abdelnaser64678,53,,1,0,0,0,0,0,0,0,0,0,0,0,0,0,0,1,0,0,0,0,0
zara3746,52,,1,0,0,0,0,0,0,0,0,0,0,0,0,0,0,0,0,0,0,0,1
think_index,52,,1,0,0,0,0,0,0,0,0,0,1,0,0,0,0,0,0,0,0,0,0
ssulayman636,52,,2,0,0,0,0,0,1,0,1,0,0,0,0,0,0,0,0,0,0,0,0
shaheenrana783,52,,1,0,0,0,0,0,0,0,0,0,0,0,0,0,0,0,0,1,0,0,0
rokhintos,52,,3,0,0,0,0,0,1,0,0,0,0,0,0,0,0,0,1,1,0,0,0
nwbhar5118,52,,2,0,1,0,0,0,1,0,0,0,0,0,0,0,0,0,0,0,0,0,0
marinep655097,52,,2,0,0,0,0,0,0,0,0,0,0,0,0,0,0,0,0,1,0,1,0
leorfdh,52,,1,0,0,0,0,0,0,0,0,0,0,1,0,0,0,0,0,0,0,0,0
iamalibasit,52,,4,0,1,0,0,0,1,0,0,1,0,0,0,0,0,0,0,0,0,0,1
haghbaalist110,52,,2,0,0,0,0,0,0,0,0,0,0,0,0,1,1,0,0,0,0,0,0
garridohernand2,52,,1,0,0,0,0,0,0,0,0,0,0,0,0,0,0,0,0,0,0,0,1
ausama47,52,,3,0,0,0,0,0,0,0,0,0,1,0,0,0,0,1,0,1,0,0,0
amirkhani1895,52,,1,0,0,0,0,0,1,0,0,0,0,0,0,0,0,0,0,0,0,0,0
aeylowkey,52,,3,0,0,1,0,0,0,0,0,0,0,0,0,0,0,0,1,1,0,0,0
aalam_saiyed,52,,1,0,0,0,0,0,0,0,0,0,0,0,0,0,0,0,0,0,0,0,1
TheNomadsCipher,52,,4,0,0,1,0,0,0,1,1,0,0,1,0,0,0,0,0,0,0,0,0
Seasonedsoul123,52,,3,0,1,1,0,0,0,0,0,0,0,0,0,0,0,0,0,0,0,0,1
SamGygy,52,,1,0,0,0,0,0,0,0,1,0,0,0,0,0,0,0,0,0,0,0,0
PersianGulf_IR1,52,,6,0,0,0,0,0,0,0,0,0,0,1,1,0,0,1,0,1,0,1,1
Moheb1387,52,,1,0,0,0,0,0,0,0,0,0,0,0,0,0,0,0,0,0,1,0,0
Masoudi65,52,,2,0,0,0,0,0,0,1,0,0,0,0,0,0,0,0,0,0,0,0,1
MSaharWahib,52,,1,0,0,0,0,0,1,0,0,0,0,0,0,0,0,0,0,0,0,0,0
JerybisGrok,52,,8,0,0,0,0,0,1,0,0,0,1,0,0,1,0,1,1,1,1,0,1
Gamokaya7,52,,1,0,0,0,0,0,0,1,0,0,0,0,0,0,0,0,0,0,0,0,0
Dani_Vallium,52,,7,0,1,0,1,0,0,1,0,0,0,0,1,1,0,1,1,0,0,0,0
CumalaHarass,52,,5,0,0,0,0,0,1,0,0,0,0,1,0,0,0,0,1,1,0,1,0
AnzarHamdani,52,,1,0,0,0,0,0,0,0,0,1,0,0,0,0,0,0,0,0,0,0,0
AmrasMasood7135,52,,4,0,1,0,1,0,1,0,0,0,0,0,1,0,0,0,0,0,0,0,0
Amiru4118,52,,1,0,0,0,0,0,0,0,0,1,0,0,0,0,0,0,0,0,0,0,0
AlamgirM72173,52,,2,0,0,0,0,0,0,0,0,0,0,1,1,0,0,0,0,0,0,0,0
143mozafar,52,,5,1,0,0,0,0,0,0,1,1,0,0,0,0,0,0,0,1,0,0,1
wizard_trade,51,,1,0,0,0,0,0,0,0,0,0,0,0,0,0,0,0,0,0,0,1,0
schmukken,51,,5,0,1,0,0,0,0,0,0,0,0,0,0,0,0,1,1,0,0,1,1
muzammilbalti_,51,,2,0,0,0,0,0,0,0,0,0,0,1,0,0,0,0,0,1,0,0,0
m_iu_w,51,,1,0,0,0,0,0,0,0,0,0,0,0,0,0,0,0,0,0,0,0,1
m___mahdi,51,,2,0,0,0,0,1,0,0,0,0,0,0,1,0,0,0,0,0,0,0,0
irani02198,51,,2,0,0,0,0,1,0,0,0,0,1,0,0,0,0,0,0,0,0,0,0
dirtyluckUSMC,51,,3,0,0,0,0,0,0,0,0,1,1,0,0,0,0,0,0,0,0,1,0
danielsanana,51,,2,0,0,0,0,0,0,0,0,0,0,0,0,0,0,1,0,1,0,0,0
chegewamacharia,51,,1,0,0,0,0,0,0,0,0,0,1,0,0,0,0,0,0,0,0,0,0
asadk9934,51,,2,0,0,0,0,0,0,0,0,1,0,0,0,0,0,0,1,0,0,0,0
antiwahbabi01,51,,4,0,0,0,0,0,0,0,0,1,0,0,0,0,0,0,1,1,0,1,0
acutbite,51,,4,0,0,0,0,0,0,0,0,0,1,1,0,0,0,0,0,0,0,1,1
abclubuaintinit,51,,1,0,0,0,0,0,0,0,0,0,0,0,0,0,0,0,0,0,1,0,0
aafzmh6,51,,13,0,0,1,0,1,1,1,1,1,0,1,0,1,1,1,0,1,0,1,1
Weendy_Uche,51,,1,0,0,0,0,0,0,0,1,0,0,0,0,0,0,0,0,0,0,0,0
UmarIbrahi69261,51,,1,0,0,0,0,0,0,0,1,0,0,0,0,0,0,0,0,0,0,0,0
TjAbkr,51,,2,0,0,0,0,0,0,0,1,1,0,0,0,0,0,0,0,0,0,0,0
Shafique7545,51,,3,0,0,1,0,0,0,0,0,1,0,0,0,0,0,0,0,0,0,0,1
RouhollahAghili,51,,4,1,0,0,0,1,1,1,0,0,0,0,0,0,0,0,0,0,0,0,0
RiRi860,51,,6,0,0,0,1,0,1,1,0,0,1,0,0,0,0,0,1,0,0,0,1
RajarXain,51,,6,0,0,0,1,0,0,1,0,0,1,1,0,0,0,0,0,0,1,0,1
Mustafij158257,51,,1,0,0,0,0,0,0,0,0,0,0,0,0,0,0,0,0,1,0,0,0
Muhammad1195,51,,1,0,0,0,0,0,1,0,0,0,0,0,0,0,0,0,0,0,0,0,0
Mohit74228494,51,,1,0,0,0,0,1,0,0,0,0,0,0,0,0,0,0,0,0,0,0,0
MMD14ares,51,,1,0,0,0,0,1,0,0,0,0,0,0,0,0,0,0,0,0,0,0,0
KozticE3752,51,,2,0,0,0,0,0,0,0,0,0,0,0,0,0,0,0,1,0,1,0,0
KentMac37577,51,,1,0,0,0,0,0,0,0,0,0,0,0,0,0,0,0,1,0,0,0,0
KavehGooda125,51,,4,0,0,0,0,0,0,1,0,0,0,0,0,1,1,0,0,0,0,0,1
Isha_Sat,51,,1,0,0,0,0,0,0,0,0,0,0,0,0,1,0,0,0,0,0,0,0
HopeOfFajr,51,,4,0,0,0,0,0,1,0,0,1,0,0,0,0,0,0,1,1,0,0,0
F_Davuodi67,51,,1,0,0,0,0,0,0,0,0,0,0,0,1,0,0,0,0,0,0,0,0
AlGhadabAlArabi,51,,2,0,0,0,0,0,0,0,1,1,0,0,0,0,0,0,0,0,0,0,0
ARASHaalizadeh,51,,1,0,0,0,0,0,0,0,0,0,0,0,0,1,0,0,0,0,0,0,0
80edab8880ec4fc,51,,2,0,0,0,0,0,0,0,0,0,0,0,1,0,0,0,0,0,0,1,0
usuf_lasa,50,,1,0,0,0,0,0,0,0,0,0,1,0,0,0,0,0,0,0,0,0,0
sandra_bennett4,50,,1,0,0,0,0,0,0,0,0,0,0,0,0,0,0,0,1,0,0,0,0
mattoreza,50,,8,0,1,0,0,0,0,0,0,0,1,1,0,0,0,0,1,1,1,1,1
masterson95621,50,,1,0,0,0,0,0,0,0,0,0,0,1,0,0,0,0,0,0,0,0,0
madyune57,50,,2,0,0,0,0,0,0,0,0,0,0,0,0,0,0,0,0,0,1,0,1
m_ostad4148,50,,2,0,0,0,0,0,0,0,0,0,0,0,0,0,0,0,0,1,1,0,0
khalil102871,50,,1,0,0,0,0,0,0,0,0,0,1,0,0,0,0,0,0,0,0,0,0
kazim_skr,50,,1,0,0,0,0,0,0,0,0,0,1,0,0,0,0,0,0,0,0,0,0
imran_saleem907,50,,1,0,0,0,0,0,0,0,0,0,0,0,0,0,0,0,0,1,0,0,0
hussain_najam,50,,2,0,0,0,0,0,0,1,0,0,1,0,0,0,0,0,0,0,0,0,0
dope_rope007,50,,8,0,0,0,0,1,0,1,1,1,1,0,0,0,0,0,1,1,0,1,0
dailynews11111,50,,9,0,0,1,1,0,1,0,0,0,1,0,1,0,1,0,1,1,0,0,1
anthzh67,50,,1,0,0,0,0,0,0,0,0,0,0,0,0,0,0,0,0,0,0,0,1
ajadi_jadi,50,,1,1,0,0,0,0,0,0,0,0,0,0,0,0,0,0,0,0,0,0,0
ZouamLePatriote,50,,1,0,0,0,0,0,0,0,0,0,0,0,0,0,0,0,0,0,0,0,1
WirtzDonalaf,50,,6,0,0,1,0,0,0,0,1,1,0,0,0,0,0,1,0,0,1,0,1
WaleedShafiqu12,50,,1,0,0,0,0,0,0,0,0,0,0,0,0,0,0,0,0,0,0,0,1
Subconjazz,50,,1,0,0,0,0,0,0,0,0,0,0,0,0,0,0,0,1,0,0,0,0
RVSarkis,50,,3,0,0,0,0,0,0,0,0,0,0,0,0,1,0,0,0,0,0,1,1
Mohammed290102,50,,2,0,0,0,0,0,0,0,0,1,0,0,0,0,0,0,0,0,0,1,0
MoSubhan914,50,,1,0,0,0,0,0,0,0,0,0,0,0,0,1,0,0,0,0,0,0,0
MehrinRehan,50,,1,0,0,0,0,0,0,0,0,0,0,0,0,0,0,0,0,0,0,0,1
IK0729,50,,2,0,0,0,0,0,1,0,0,0,1,0,0,0,0,0,0,0,0,0,0
HormuzHousecat,50,,1,0,0,0,0,0,0,0,0,0,0,0,0,0,0,1,0,0,0,0,0
Homeland_en,50,,1,0,0,0,0,0,0,0,0,0,0,0,0,1,0,0,0,0,0,0,0
DrAlishoun,50,,2,0,1,0,0,0,0,0,0,0,0,0,0,1,0,0,0,0,0,0,0
DaS37183242,50,,1,0,0,0,0,0,0,0,0,0,0,0,0,0,0,0,0,0,1,0,0
Chamsounne,50,,1,0,0,0,0,0,0,0,0,0,0,0,0,0,0,0,0,1,0,0,0
AugusttoFaria,50,,1,0,0,0,0,0,0,0,0,0,0,0,0,0,0,0,0,0,1,0,0
AlhassanTop10,50,,1,0,0,0,0,0,0,0,0,1,0,0,0,0,0,0,0,0,0,0,0
AlbertsonJ55507,50,,5,0,0,0,0,0,1,1,1,0,0,0,0,0,0,0,0,0,0,1,1
AdarshaBhartiya,50,,1,0,0,0,0,0,0,0,0,0,0,0,0,0,0,0,0,0,1,0,0
zebad_wali80047,49,,3,0,0,0,0,0,0,0,0,1,0,0,0,0,0,0,0,0,1,0,1
slimpudge1,49,,1,0,0,0,0,0,0,0,0,0,0,0,0,0,0,0,0,1,0,0,0
sedna_m78,49,,3,0,0,0,0,0,0,0,0,0,1,0,0,1,1,0,0,0,0,0,0
prodbycommie,49,,2,0,0,0,0,0,0,0,0,0,1,0,0,0,0,0,0,0,0,0,1
mr_raunak_a21,49,,1,0,0,0,0,0,0,0,0,0,0,0,0,0,0,0,0,1,0,0,0
marziyeh_akbari,49,,1,0,0,0,0,0,0,0,0,0,0,0,0,1,0,0,0,0,0,0,0
kfcjfjj,49,,5,0,0,0,0,0,0,0,0,0,0,1,0,1,0,1,1,0,1,0,0
iran_hk,49,,2,0,0,1,0,0,0,0,1,0,0,0,0,0,0,0,0,0,0,0,0
hommeethis26742,49,,5,0,0,0,0,1,1,1,0,1,0,0,0,0,0,0,0,0,0,1,0
gaetanngabo,49,,6,0,0,0,1,1,1,0,0,0,0,0,0,0,0,0,0,1,1,0,1
elekteron5,49,,1,0,0,0,0,0,0,0,0,0,0,0,0,0,0,0,0,0,1,0,0
death_ray_0,49,,2,0,0,0,0,0,0,0,0,0,1,0,0,0,0,0,0,1,0,0,0
alpasasi,49,,1,1,0,0,0,0,0,0,0,0,0,0,0,0,0,0,0,0,0,0,0
ahd_emr,49,,7,0,1,0,0,1,1,0,0,1,1,0,0,0,1,0,0,0,1,0,0
afshin2003,49,,2,0,0,0,0,0,0,0,1,0,1,0,0,0,0,0,0,0,0,0,0
TajikMh,49,,4,0,0,0,0,0,0,0,0,0,1,0,0,0,0,0,0,0,1,1,1
Stevencole12259,49,,1,0,0,0,1,0,0,0,0,0,0,0,0,0,0,0,0,0,0,0,0
Stark_Double,49,,3,0,0,0,0,0,0,0,0,0,0,0,0,0,0,0,0,0,1,1,1
Shahzadzms,49,,1,0,0,0,0,0,0,0,0,0,0,0,1,0,0,0,0,0,0,0,0
SeyedSotoudeh,49,,6,0,0,1,0,1,0,0,0,0,1,0,0,0,0,0,0,1,1,0,1
SUNflowerr57,49,,1,0,0,0,0,0,0,0,0,0,0,0,0,0,0,0,0,0,1,0,0
RoseRejane,49,,1,0,1,0,0,0,0,0,0,0,0,0,0,0,0,0,0,0,0,0,0
RoseEmily494342,49,,1,0,0,0,0,0,0,0,0,0,0,0,0,0,0,0,0,1,0,0,0
RadAtila24,49,,6,0,0,0,0,0,0,0,0,0,1,0,1,1,0,1,0,1,1,0,0
NSyeff,49,,2,0,0,0,0,0,0,0,0,1,0,1,0,0,0,0,0,0,0,0,0
ImperialPalafox,49,,1,0,0,0,0,0,1,0,0,0,0,0,0,0,0,0,0,0,0,0,0
IhtashamJatt,49,,1,0,0,0,0,0,0,0,1,0,0,0,0,0,0,0,0,0,0,0,0
Hossein17385194,49,,1,0,0,0,1,0,0,0,0,0,0,0,0,0,0,0,0,0,0,0,0
HeyElonJiyo,49,,1,0,0,0,0,0,0,0,0,0,0,0,0,0,0,0,0,0,0,0,1
HBayraktar_5355,49,,1,0,0,0,0,0,1,0,0,0,0,0,0,0,0,0,0,0,0,0,0
BezaarShoar,49,,1,0,0,0,0,0,0,1,0,0,0,0,0,0,0,0,0,0,0,0,0
ARH015,49,,1,0,0,0,0,0,1,0,0,0,0,0,0,0,0,0,0,0,0,0,0
zhGuxxi,48,,1,0,0,0,0,0,0,0,0,0,0,0,0,0,0,0,0,0,0,0,1
wolfw33,48,,7,0,1,0,0,0,1,0,0,1,1,1,0,0,0,1,0,0,1,0,0
urinalpooper2,48,,1,0,0,0,0,0,0,0,0,0,0,1,0,0,0,0,0,0,0,0,0
seyedmohd,48,,1,0,0,0,0,0,1,0,0,0,0,0,0,0,0,0,0,0,0,0,0
salim93za,48,,9,0,0,0,0,0,1,1,1,1,1,0,1,1,0,0,0,0,1,0,1
ohshenree,48,,3,0,0,0,0,0,1,0,0,1,0,1,0,0,0,0,0,0,0,0,0
nextgenres,48,,1,1,0,0,0,0,0,0,0,0,0,0,0,0,0,0,0,0,0,0,0
muhammad_z26245,48,,1,0,0,0,0,0,0,0,0,0,0,0,0,0,1,0,0,0,0,0,0
ma_va9878,48,,1,0,0,0,0,0,0,0,0,0,0,0,0,0,0,0,0,0,1,0,0
legacyspeak,48,,1,0,0,0,0,0,0,0,0,0,0,0,0,0,0,0,0,0,0,0,1
jonathanpryor2,48,,3,0,0,0,1,1,1,0,0,0,0,0,0,0,0,0,0,0,0,0,0
iranthreads,48,,5,0,0,0,0,1,0,0,1,0,1,0,0,0,0,0,0,1,1,0,0
haj_aghabozorgi,48,,3,0,0,0,0,0,0,0,0,0,0,0,0,0,1,0,0,1,0,1,0
gxldejulianalva,48,,1,0,0,0,0,0,0,0,0,0,0,0,0,1,0,0,0,0,0,0,0
bigmeech1917,48,,1,0,0,0,0,0,0,0,0,0,0,0,0,0,0,0,0,0,0,0,1
bara4526300,48,,1,0,0,0,0,1,0,0,0,0,0,0,0,0,0,0,0,0,0,0,0
athraal0,48,,1,0,0,0,0,0,0,0,0,0,0,0,0,0,0,0,0,0,0,0,1
aditya_josta,48,,2,0,0,0,0,0,1,0,0,0,0,0,0,1,0,0,0,0,0,0,0
abid7614,48,,2,0,0,0,0,0,0,0,0,0,0,0,0,1,0,0,0,0,1,0,0
UmarMallick8,48,,2,0,0,0,0,0,0,0,0,0,1,0,0,0,0,0,0,0,1,0,0
TheoMilitaris,48,,2,1,0,0,0,1,0,0,0,0,0,0,0,0,0,0,0,0,0,0,0
Sana_R_Sana,48,,11,0,0,0,0,0,1,1,1,0,1,1,0,1,0,0,1,1,1,1,1
RwhSyd83779,48,,3,0,0,0,0,0,0,0,0,0,0,0,0,0,0,0,0,0,1,1,1
MohammadVa33854,48,,1,0,0,0,0,0,0,0,0,1,0,0,0,0,0,0,0,0,0,0,0
Mirshannn,48,,1,0,0,0,0,0,0,0,0,0,1,0,0,0,0,0,0,0,0,0,0
MMobinHekmat,48,,1,0,0,0,0,0,0,0,0,0,1,0,0,0,0,0,0,0,0,0,0
KumarVi80347284,48,,3,0,0,0,0,0,0,0,0,1,0,0,0,1,1,0,0,0,0,0,0
KashifA3666892,48,,1,0,0,0,0,0,0,0,0,0,0,0,0,0,0,0,0,1,0,0,0
Fifi9501,48,,2,0,0,0,0,0,0,0,0,0,0,0,0,0,0,0,1,0,0,0,1
FTparmis,48,,1,0,0,0,0,0,0,0,1,0,0,0,0,0,0,0,0,0,0,0,0
CyrusB35298,48,,1,0,0,0,0,0,0,0,0,0,0,0,0,0,0,0,0,0,1,0,0
C_Mohamad_C,48,,1,0,0,0,0,0,0,1,0,0,0,0,0,0,0,0,0,0,0,0,0
BillaShanii153,48,,1,0,0,0,0,0,0,0,0,0,0,0,0,0,0,0,0,1,0,0,0
Alaynesa,48,,1,0,0,0,0,0,0,0,0,0,0,0,0,0,0,0,0,0,0,0,1
A_CH64,48,,1,0,0,0,0,0,0,0,0,0,0,0,0,1,0,0,0,0,0,0,0
8QG1E,48,,3,0,0,0,1,0,0,1,0,1,0,0,0,0,0,0,0,0,0,0,0
z_m__sadat313,47,,1,0,0,0,0,0,0,0,0,0,0,0,0,0,0,0,0,0,1,0,0
temporalusrname,47,,4,1,0,0,0,0,1,0,0,0,0,0,0,1,0,0,0,0,1,0,0
talhaB96,47,,1,0,0,0,0,0,0,0,0,0,0,0,0,0,0,0,0,1,0,0,0
snlsyd34317292,47,,2,0,0,0,0,0,0,1,0,0,0,0,0,0,0,0,0,1,0,0,0
sjl_lewis,47,,5,0,1,1,0,0,0,0,1,1,0,0,0,0,0,0,0,0,1,0,0
sikandar025,47,,2,0,0,0,0,0,0,0,0,0,0,0,0,0,0,0,0,1,1,0,0
pesian_ranker,47,,3,0,0,0,0,0,0,0,0,0,0,1,0,1,0,0,0,0,1,0,0
knowledgerepost,47,,5,0,0,0,0,0,0,0,0,0,1,0,1,1,0,0,0,0,0,1,1
hossein_Bidel,47,,1,0,0,0,0,0,0,0,0,0,0,0,0,0,0,0,0,0,1,0,0
fakhrashrafi,47,,2,0,0,0,0,1,0,0,0,0,0,0,0,0,0,0,0,0,1,0,0
faeheed11,47,,2,0,0,0,0,0,1,0,0,0,0,0,0,0,0,0,0,1,0,0,0
f5723571818589,47,,1,1,0,0,0,0,0,0,0,0,0,0,0,0,0,0,0,0,0,0,0
donniebrasco956,47,,1,0,0,0,0,0,0,0,0,0,0,0,0,0,0,0,0,0,1,0,0
brian7890100,47,,3,0,0,1,0,0,0,0,1,1,0,0,0,0,0,0,0,0,0,0,0
amireza_bahrami,47,,1,0,0,0,0,0,0,1,0,0,0,0,0,0,0,0,0,0,0,0,0
alkaramnawaz,47,,3,0,1,0,0,0,1,0,0,1,0,0,0,0,0,0,0,0,0,0,0
aghazadeh77,47,,1,0,0,0,0,0,0,1,0,0,0,0,0,0,0,0,0,0,0,0,0
Zarin__313__,47,,1,0,0,0,0,0,0,0,0,0,0,0,0,1,0,0,0,0,0,0,0
YusifNajashi,47,,1,0,0,0,0,0,0,0,0,0,0,0,0,0,0,0,0,0,1,0,0
SeanShibuya,47,,1,0,0,0,0,0,0,0,0,0,0,0,0,0,0,0,0,0,0,0,1
SalmaPalestine1,47,,1,0,0,0,0,0,0,1,0,0,0,0,0,0,0,0,0,0,0,0,0
Sajad_h01,47,,1,0,0,0,0,0,0,0,0,0,0,0,1,0,0,0,0,0,0,0,0
Path7journey,47,,1,0,0,0,0,0,0,0,0,0,0,0,0,0,0,0,1,0,0,0,0
ParvinVali4,47,,3,0,0,1,0,0,0,0,0,0,0,1,0,0,0,0,0,0,1,0,0
Msd_44rw,47,,7,0,0,1,0,0,0,0,1,1,1,0,0,0,0,0,0,1,0,1,1
Mohammad_Gh6801,47,,2,0,0,0,1,0,1,0,0,0,0,0,0,0,0,0,0,0,0,0,0
KingHunter2nd,47,,1,0,0,0,0,0,0,0,0,0,1,0,0,0,0,0,0,0,0,0,0
Kareni007,47,,2,0,1,0,0,0,0,1,0,0,0,0,0,0,0,0,0,0,0,0,0
HarshGu01,47,,2,0,0,0,0,0,1,0,0,0,0,1,0,0,0,0,0,0,0,0,0
HadiTtei60018,47,,2,0,0,0,0,0,0,0,0,0,0,0,0,0,0,0,1,0,1,0,0
HMalehabib,47,,1,0,0,0,0,0,0,0,0,0,0,0,0,0,0,0,0,0,1,0,0
Dawudu2,47,,1,0,0,0,0,0,0,0,0,0,0,0,0,0,0,0,0,0,0,1,0
zeyzahedi,46,,1,0,0,0,0,0,0,0,1,0,0,0,0,0,0,0,0,0,0,0,0
vcthirdman,46,,1,0,0,0,0,0,0,0,1,0,0,0,0,0,0,0,0,0,0,0,0
tas_sow,46,,1,0,0,0,0,0,0,0,0,0,1,0,0,0,0,0,0,0,0,0,0
superneu_rotic,46,,2,0,0,0,0,0,0,0,0,0,0,0,0,0,0,0,0,0,1,0,1
sovietsoldier12,46,,2,0,0,0,0,0,0,0,0,0,1,0,0,1,0,0,0,0,0,0,0
saberi_tevfik,46,,6,0,0,0,0,0,0,0,0,1,0,0,0,1,1,0,0,1,1,1,0
ranimyassiin,46,,1,0,0,0,0,0,0,0,0,0,1,0,0,0,0,0,0,0,0,0,0
rahpeik,46,,1,0,0,0,0,0,0,0,0,0,0,0,0,0,0,0,0,0,1,0,0
nirmakdr,46,,2,0,0,0,0,0,0,1,0,0,0,0,0,1,0,0,0,0,0,0,0
meshkini_ir,46,,1,0,0,0,0,0,0,0,0,0,0,0,0,0,0,0,0,0,1,0,0
labormilitancy,46,,1,0,0,0,0,0,0,0,0,0,0,0,0,1,0,0,0,0,0,0,0
humanrightkr,46,,1,0,0,0,0,0,0,1,0,0,0,0,0,0,0,0,0,0,0,0,0
hashem_ame32464,46,,10,0,0,0,0,0,1,1,1,1,0,1,1,1,0,1,0,0,0,1,1
elowyntruth,46,,1,0,0,0,0,0,0,0,0,0,0,0,0,0,0,0,0,0,0,0,1
edelacruzapa,46,,1,0,0,0,0,0,0,0,0,1,0,0,0,0,0,0,0,0,0,0,0
doramitchell91,46,,1,0,0,0,0,0,0,0,0,0,0,0,0,0,0,0,0,0,0,0,1
bnads313,46,,1,0,0,0,0,0,0,0,0,0,1,0,0,0,0,0,0,0,0,0,0
ajavidarabshahi,46,,1,0,0,0,0,0,0,0,0,0,0,0,0,0,0,0,0,0,1,0,0
abdullah14_1,46,,1,0,0,0,0,0,1,0,0,0,0,0,0,0,0,0,0,0,0,0,0
ab_mohammady2,46,,1,0,0,0,0,0,0,0,0,0,0,0,0,0,0,0,0,0,1,0,0
ZeinabJahed,46,,3,0,0,0,0,0,1,0,0,0,0,1,0,0,0,0,0,0,1,0,0
ZDhqan51523,46,,3,0,0,0,1,0,0,1,0,0,0,0,1,0,0,0,0,0,0,0,0
WahajAlikh1812,46,,1,0,0,0,0,0,0,0,0,0,0,0,0,0,0,0,0,0,1,0,0
UserXZ5738,46,,5,0,0,0,1,1,1,1,0,0,0,0,1,0,0,0,0,0,0,0,0
SmoodYemeni,46,,1,0,0,0,0,0,1,0,0,0,0,0,0,0,0,0,0,0,0,0,0
Sepah53,46,,1,0,0,0,0,0,0,0,0,0,0,0,0,0,0,0,0,0,0,0,1
SadatMoham23320,46,,1,0,0,0,0,0,0,0,0,0,0,0,0,0,0,0,0,0,0,0,1
NAGyahya,46,,3,0,1,0,0,0,0,0,1,0,0,0,0,1,0,0,0,0,0,0,0
HoodRichPrince,46,,1,0,0,0,0,0,0,1,0,0,0,0,0,0,0,0,0,0,0,0,0
Hajj_Omid,46,,2,0,0,0,0,0,0,0,0,0,0,0,0,1,1,0,0,0,0,0,0
GazaGeno,46,,1,0,0,0,0,0,0,0,1,0,0,0,0,0,0,0,0,0,0,0,0
Birdie07161975,46,,1,0,0,0,0,1,0,0,0,0,0,0,0,0,0,0,0,0,0,0,0
BTDSTTLOYK,46,,1,0,0,0,0,0,0,1,0,0,0,0,0,0,0,0,0,0,0,0,0
Aqee_Bankai,46,,2,0,0,0,0,0,0,0,0,1,0,0,0,0,0,0,0,0,0,0,1
1BittenApple,46,,1,0,0,0,0,0,0,0,0,0,1,0,0,0,0,0,0,0,0,0,0
110Sma110,46,,1,0,0,0,0,0,0,0,0,0,0,0,0,1,0,0,0,0,0,0,0
zemendonca,45,,1,0,0,0,0,0,0,0,0,0,0,0,0,0,0,0,0,1,0,0,0
sorjairos,45,,1,0,0,0,0,0,0,0,0,0,0,0,0,0,0,0,1,0,0,0,0
sheikh1472,45,,1,0,0,0,0,0,0,0,0,0,0,0,0,0,0,0,0,1,0,0,0
serekyri,45,,1,0,0,0,0,0,0,1,0,0,0,0,0,0,0,0,0,0,0,0,0
rabbi_genocide,45,,2,0,0,0,0,0,0,0,0,0,0,0,0,0,0,0,0,0,0,1,1
mztmbbs,45,,2,0,0,0,0,0,0,0,1,0,0,0,0,0,0,0,0,0,0,0,1
mubashir_khan19,45,,1,0,0,0,0,0,0,0,0,0,0,0,0,1,0,0,0,0,0,0,0
mohsenhabibi7,45,,17,1,0,1,1,1,0,1,1,1,1,1,1,1,0,1,1,1,1,1,1
m0hammad_ali7,45,,3,0,0,0,0,0,0,0,0,0,0,0,0,0,0,0,1,1,0,0,1
lilyy65bo,45,,1,0,0,0,0,0,0,0,0,0,0,0,0,0,0,0,1,0,0,0,0
kayisonx,45,,1,0,0,0,0,0,0,0,1,0,0,0,0,0,0,0,0,0,0,0,0
israr_uchiha,45,,3,0,0,0,0,0,1,1,0,0,0,0,1,0,0,0,0,0,0,0,0
hkyunmu38688,45,,1,0,0,0,0,0,0,0,1,0,0,0,0,0,0,0,0,0,0,0,0
f1b3r_m0nk3y,45,,1,0,0,0,0,0,0,0,0,0,0,0,0,0,0,0,0,0,0,1,0
buyukulak,45,,1,0,0,0,0,0,0,0,0,0,0,1,0,0,0,0,0,0,0,0,0
aziranma,45,,3,0,0,0,0,0,0,0,0,0,0,0,0,0,1,0,0,1,1,0,0
Z123578185088,45,,3,0,0,0,1,0,0,0,0,1,0,0,0,0,0,0,0,0,1,0,0
Yunuscax02,45,,2,0,0,0,0,0,0,0,0,0,0,0,0,1,0,1,0,0,0,0,0
UmairRehan313,45,,2,0,1,0,0,0,0,0,0,0,0,0,0,0,0,0,0,1,0,0,0
ShakibMizan6010,45,,1,0,0,0,1,0,0,0,0,0,0,0,0,0,0,0,0,0,0,0,0
RubelHa09803591,45,,1,0,0,0,0,0,0,1,0,0,0,0,0,0,0,0,0,0,0,0,0
Rohitaswa14,45,,1,0,0,0,0,0,1,0,0,0,0,0,0,0,0,0,0,0,0,0,0
ReneTrade,45,,1,0,0,0,0,0,0,0,0,0,0,0,0,1,0,0,0,0,0,0,0
RasoolFala28934,45,,6,0,0,0,1,1,1,0,1,1,0,0,0,0,0,0,1,0,0,0,0
Mohammadvahdan1,45,,1,0,0,0,0,0,0,0,0,0,1,0,0,0,0,0,0,0,0,0,0
MazambaPathy,45,,1,0,0,0,0,0,0,0,0,0,0,0,0,0,0,0,0,0,0,0,1
Manochehripour,45,,1,0,0,0,0,0,0,0,0,0,0,0,0,0,0,0,0,0,1,0,0
M_H_HARATIAN,45,,1,0,0,0,0,0,0,0,0,0,1,0,0,0,0,0,0,0,0,0,0
JalalWardcl,45,,1,0,0,0,0,0,0,0,0,0,0,0,0,0,0,1,0,0,0,0,0
IraninNicaragua,45,,2,0,0,0,0,0,0,0,0,1,1,0,0,0,0,0,0,0,0,0,0
HusainMuradH,45,,3,0,0,0,0,0,0,0,0,1,0,0,0,0,0,0,0,0,1,0,1
HlambisaPh93329,45,,4,0,0,0,0,0,0,1,0,1,0,1,0,0,0,0,0,0,0,0,1
FabianOpinions,45,,1,0,0,0,0,0,0,0,0,0,0,0,0,0,0,0,0,0,1,0,0
Arashrahi91384,45,,2,0,0,0,0,0,0,0,0,0,0,0,0,0,0,0,0,0,0,1,1
Ahmet2599699738,45,,5,0,0,0,0,1,1,0,0,0,1,1,1,0,0,0,0,0,0,0,0
zewewez,44,,2,0,0,0,0,0,0,0,0,1,0,0,0,0,0,0,0,0,1,0,0
ykslgs0,44,,2,0,0,0,1,0,0,0,0,0,0,0,0,1,0,0,0,0,0,0,0
wayne70046,44,,1,0,0,0,0,0,0,0,0,0,0,0,0,0,0,0,0,0,0,0,1
stacymcbride974,44,,1,0,0,0,0,0,0,0,0,0,0,0,0,0,0,0,0,0,1,0,0
siafkazmi,44,,1,0,0,0,0,0,0,0,0,0,1,0,0,0,0,0,0,0,0,0,0
sara909889,44,,1,0,0,0,1,0,0,0,0,0,0,0,0,0,0,0,0,0,0,0,0
ramses1013,44,,7,0,1,0,0,0,1,0,0,1,0,1,0,0,0,0,0,0,1,1,1
rabzodemoreh,44,,10,1,0,1,0,0,0,0,1,0,1,1,1,1,0,0,0,1,0,1,1
mpsnaldgcz,44,,1,1,0,0,0,0,0,0,0,0,0,0,0,0,0,0,0,0,0,0,0
mortingen1234,44,,1,0,0,0,0,0,1,0,0,0,0,0,0,0,0,0,0,0,0,0,0
jimoh82862,44,,1,0,0,0,0,0,0,0,0,0,1,0,0,0,0,0,0,0,0,0,0
james56325632,44,,1,0,0,0,0,0,0,0,0,0,0,0,0,0,0,0,0,0,0,0,1
iamelibanoo,44,,1,0,0,0,1,0,0,0,0,0,0,0,0,0,0,0,0,0,0,0,0
godly36525,44,,2,0,0,0,0,0,1,0,0,1,0,0,0,0,0,0,0,0,0,0,0
fuckuglypig,44,,1,0,0,0,0,0,0,0,0,0,0,0,0,0,0,0,0,0,0,1,0
emamyh63,44,,7,0,0,1,0,0,1,0,0,1,0,1,0,1,1,0,0,1,0,0,0
dmsojoom,44,,3,0,0,0,0,1,0,0,0,0,0,0,0,0,0,0,0,1,1,0,0
_milojko,44,,1,0,0,0,0,0,0,0,0,0,0,0,0,0,0,0,0,0,0,0,1
YumengJL,44,,3,0,0,0,0,0,0,0,0,0,1,0,0,0,0,0,0,1,0,1,0
ThatRealSayyid,44,,13,0,1,0,1,0,0,1,1,1,1,1,1,0,0,1,1,1,1,0,1
T70759425,44,,1,0,0,0,0,0,0,0,0,0,0,0,0,0,0,0,0,0,0,1,0
Patel95821136,44,,1,0,0,0,0,0,0,0,0,0,1,0,0,0,0,0,0,0,0,0,0
JulioRamireZZZ9,44,,1,0,0,0,0,0,0,0,0,0,0,0,0,0,0,0,0,1,0,0,0
Faisalsyed44,44,,2,0,0,0,0,0,0,0,0,0,0,1,1,0,0,0,0,0,0,0,0
FactualMatters0,44,,4,0,0,1,0,0,0,0,0,1,1,1,0,0,0,0,0,0,0,0,0
EvaristoLozano1,44,,8,0,1,0,0,0,0,1,0,1,0,0,0,1,0,0,1,1,1,1,0
DrIzazTuri,44,,2,0,0,0,0,0,0,0,1,1,0,0,0,0,0,0,0,0,0,0,0
DANISHKHAN1176,44,,1,1,0,0,0,0,0,0,0,0,0,0,0,0,0,0,0,0,0,0,0
ConorCA,44,,1,0,0,0,0,1,0,0,0,0,0,0,0,0,0,0,0,0,0,0,0
Alejand49084031,44,,1,0,0,0,0,0,0,0,0,0,0,1,0,0,0,0,0,0,0,0,0
Adelirani36,44,,1,1,0,0,0,0,0,0,0,0,0,0,0,0,0,0,0,0,0,0,0
Abass18521401,44,,1,0,0,0,0,0,0,0,0,0,0,0,0,0,0,0,0,0,0,0,1
1theone123,44,,1,0,0,0,0,0,0,0,0,0,0,0,0,0,0,0,0,0,0,0,1
100kx1mil,44,,1,0,0,0,0,0,0,0,1,0,0,0,0,0,0,0,0,0,0,0,0
zahidimran90,43,,1,0,0,0,0,0,1,0,0,0,0,0,0,0,0,0,0,0,0,0,0
tu95overlangley,43,,1,0,0,0,0,0,0,0,0,0,1,0,0,0,0,0,0,0,0,0,0
shivaHormuz,43,,2,0,0,1,0,0,0,0,0,1,0,0,0,0,0,0,0,0,0,0,0
shikhaincognito,43,,1,0,0,0,0,0,1,0,0,0,0,0,0,0,0,0,0,0,0,0,0
matin_m12,43,,1,0,0,0,0,0,0,0,0,0,0,0,0,1,0,0,0,0,0,0,0
laurent1243,43,,4,1,0,0,0,0,0,1,1,0,0,0,1,0,0,0,0,0,0,0,0
ismetdoksal,43,,1,0,1,0,0,0,0,0,0,0,0,0,0,0,0,0,0,0,0,0,0
immigr81140,43,,3,0,0,0,0,0,0,0,0,0,0,0,0,0,1,0,0,0,0,1,1
historychem123,43,,1,0,0,0,0,0,0,0,0,0,0,0,0,0,0,0,0,0,0,0,1
hachaymacheete,43,,1,0,0,0,0,0,0,0,0,0,0,0,0,1,0,0,0,0,0,0,0
guerdiab,43,,2,0,0,0,0,0,0,0,0,0,0,0,0,0,0,1,1,0,0,0,0
attentive_owl,43,,1,0,0,0,0,0,0,0,0,0,0,0,0,0,0,0,0,0,1,0,0
asad7_ullah,43,,1,0,0,0,0,0,0,0,0,0,0,0,0,0,0,0,0,0,0,0,1
arshadmujtabaa,43,,4,0,0,0,0,0,1,0,0,0,1,0,0,1,0,0,1,0,0,0,0
abdurahmanshine,43,,2,0,0,0,0,0,0,0,0,0,0,0,0,1,1,0,0,0,0,0,0
_shiarevolution,43,,1,0,0,0,0,0,0,0,0,0,0,0,0,0,0,0,1,0,0,0,0
ZiadAssyrian,43,,1,0,0,0,0,0,0,0,0,0,0,0,0,0,0,1,0,0,0,0,0
Zahraaaminian,43,,1,0,1,0,0,0,0,0,0,0,0,0,0,0,0,0,0,0,0,0,0
VivaNoir,43,,1,0,0,0,0,0,0,0,0,0,0,0,0,1,0,0,0,0,0,0,0
TheyMockYouSee,43,,2,0,0,0,0,0,0,0,0,0,0,0,1,1,0,0,0,0,0,0,0
Tank71023,43,,2,0,0,0,0,0,0,0,0,1,0,0,0,0,0,0,0,0,0,1,0
Shirin77007257,43,,1,0,0,0,1,0,0,0,0,0,0,0,0,0,0,0,0,0,0,0,0
Nosjazz1,43,,1,0,0,0,0,0,1,0,0,0,0,0,0,0,0,0,0,0,0,0,0
NedrasKhan,43,,2,0,0,0,0,0,0,0,0,0,0,0,1,1,0,0,0,0,0,0,0
MujtabaJoo,43,,1,0,0,0,0,0,0,0,0,1,0,0,0,0,0,0,0,0,0,0,0
Mehdi_m43,43,,3,0,0,0,0,0,1,0,0,0,0,0,1,0,0,0,1,0,0,0,0
Maryam74323739,43,,1,0,0,0,1,0,0,0,0,0,0,0,0,0,0,0,0,0,0,0,0
MRamndy,43,,1,0,0,0,0,0,0,0,0,0,0,0,0,0,0,0,0,0,1,0,0
LucasH22818,43,,9,1,0,0,0,0,0,1,1,1,1,0,0,1,0,0,0,1,0,1,1
Kyra_Lynn_Moore,43,,1,0,0,0,0,0,0,0,0,0,0,0,0,0,0,0,0,0,0,0,1
IbenSchartau,43,,1,0,0,0,0,0,0,0,0,0,0,0,0,0,0,0,0,0,0,0,1
HugoValder63837,43,,1,0,0,0,0,0,1,0,0,0,0,0,0,0,0,0,0,0,0,0,0
HsynAbw59435,43,,2,0,0,0,0,0,0,0,1,1,0,0,0,0,0,0,0,0,0,0,0
Gennah1z,43,,2,0,0,0,0,1,1,0,0,0,0,0,0,0,0,0,0,0,0,0,0
EndThe547686,43,,1,0,0,0,0,0,0,0,0,0,0,0,0,0,0,0,1,0,0,0,0
ChemoiMark2468,43,,5,0,0,0,0,0,1,0,1,1,0,0,0,1,1,0,0,0,0,0,0
Bi_yoro21,43,,1,0,0,0,0,1,0,0,0,0,0,0,0,0,0,0,0,0,0,0,0
BensadiLydia,43,,1,0,0,0,0,0,0,1,0,0,0,0,0,0,0,0,0,0,0,0,0
BamNtando,43,,1,0,0,0,0,0,0,0,0,0,0,0,0,0,0,0,0,0,0,0,1
Arash_car,43,,7,0,0,0,1,0,0,0,0,0,1,1,0,0,0,0,0,1,1,1,1
AdriMachadoPCO,43,,1,0,0,0,0,0,1,0,0,0,0,0,0,0,0,0,0,0,0,0,0
3rdworldrebel,43,,1,0,0,0,0,0,0,0,0,0,0,1,0,0,0,0,0,0,0,0,0
tousi_leila,42,,6,0,0,0,0,0,1,1,0,0,0,0,0,0,0,0,1,1,0,1,1
total_leverage,42,,1,0,1,0,0,0,0,0,0,0,0,0,0,0,0,0,0,0,0,0,0
tommymorli,42,,14,1,0,1,0,1,1,1,1,1,0,0,0,1,0,1,1,1,1,1,1
sufiyan10285377,42,,1,0,0,0,0,0,0,0,0,0,0,0,0,0,0,0,0,0,0,0,1
sonofseyedeh,42,,1,0,0,0,0,0,0,0,0,0,0,0,0,0,0,0,0,0,0,1,0
sheriff01587988,42,,3,0,0,0,0,0,0,0,0,0,0,0,0,0,0,1,0,0,1,1,0
samiarqodosi,42,,1,0,1,0,0,0,0,0,0,0,0,0,0,0,0,0,0,0,0,0,0
rshrazavi,42,,4,0,0,0,0,0,0,0,1,0,0,0,0,1,1,0,0,0,1,0,0
reza_fathi6478,42,,1,0,0,0,0,0,1,0,0,0,0,0,0,0,0,0,0,0,0,0,0
mmjabbi,42,,1,0,0,0,0,0,0,0,0,1,0,0,0,0,0,0,0,0,0,0,0
johnfeb285,42,,1,0,0,0,0,0,0,0,0,0,0,0,0,0,0,0,0,0,0,1,0
insafian517966,42,,1,0,0,0,0,0,0,0,0,0,0,0,0,1,0,0,0,0,0,0,0
immajidkarimi,42,,7,0,0,0,0,1,0,0,0,1,0,0,0,1,1,0,1,1,0,1,0
himuzafuza,42,,2,0,0,0,0,0,0,0,1,0,0,0,0,1,0,0,0,0,0,0,0
elmoelmieh,42,,1,0,0,0,0,0,1,0,0,0,0,0,0,0,0,0,0,0,0,0,0
deli_mavi4646,42,,1,0,0,0,0,1,0,0,0,0,0,0,0,0,0,0,0,0,0,0,0
boomer_bogatyr,42,,1,0,0,0,0,0,0,0,0,0,0,0,0,0,0,0,0,0,1,0,0
as_sajeeb1,42,,1,0,0,0,0,0,0,0,0,0,0,0,0,0,0,0,1,0,0,0,0
andrew_pet28709,42,,1,0,0,0,0,0,0,0,0,0,0,0,0,0,0,0,0,1,0,0,0
alis156769,42,,14,0,0,0,1,0,0,0,1,1,1,1,1,1,1,1,1,1,1,1,1
aliberenji17,42,,2,1,0,0,0,1,0,0,0,0,0,0,0,0,0,0,0,0,0,0,0
aliaZafar130976,42,,8,0,1,1,0,1,1,0,0,1,0,0,0,1,0,0,0,1,1,0,0
ali1987ali1987,42,,1,0,0,0,0,0,0,0,0,0,0,0,0,0,0,0,0,0,1,0,0
WrittenNews,42,,1,0,0,0,0,0,0,0,0,0,0,0,0,0,0,0,1,0,0,0,0
TheNewtribeng,42,,3,0,0,0,0,0,0,0,0,0,0,0,0,0,0,1,0,1,1,0,0
Sipa_Louis,42,,1,0,0,0,0,0,1,0,0,0,0,0,0,0,0,0,0,0,0,0,0
NBakheit,42,,1,0,0,0,0,0,0,0,0,0,0,0,0,0,0,1,0,0,0,0,0
Msh110A,42,,1,0,0,0,0,0,0,0,0,0,0,0,0,1,0,0,0,0,0,0,0
MohammadAnjoom,42,,1,0,0,0,0,0,0,0,0,0,0,0,0,1,0,0,0,0,0,0,0
MohamadiMo82637,42,,1,0,0,0,0,0,0,0,0,0,0,0,0,1,0,0,0,0,0,0,0
Merrawi213800,42,,1,0,0,0,0,0,0,0,0,0,0,0,0,0,0,0,0,0,0,1,0
MdAsifAliMdAsi1,42,,1,0,0,0,0,0,1,0,0,0,0,0,0,0,0,0,0,0,0,0,0
MDarvish19741,42,,2,0,0,0,0,0,0,0,0,0,1,0,0,1,0,0,0,0,0,0,0
Joey17524472,42,,2,0,0,0,0,0,0,0,0,0,0,0,0,0,0,0,1,0,1,0,0
Galam182,42,,1,0,0,0,0,0,1,0,0,0,0,0,0,0,0,0,0,0,0,0,0
Bobby14775052,42,,1,0,0,0,0,0,0,0,0,0,0,0,0,0,0,0,0,0,0,1,0
Bahaaar1231404,42,,1,0,0,0,0,0,0,0,0,0,0,0,0,0,0,0,0,0,1,0,0
AliRazaNas76529,42,,12,0,0,1,1,0,1,1,1,0,1,1,0,1,0,0,1,1,1,1,0
AhmedHussa23628,42,,1,0,0,0,0,0,0,0,0,0,0,0,0,0,0,0,0,0,0,0,1
wn1932554240605,41,,1,0,0,0,0,0,0,0,0,0,0,0,0,0,0,0,0,0,1,0,0
umar_ovo,41,,1,1,0,0,0,0,0,0,0,0,0,0,0,0,0,0,0,0,0,0,0
snoopy89712934,41,,1,0,0,0,0,0,0,0,0,0,1,0,0,0,0,0,0,0,0,0,0
sj_sharma_,41,,2,0,0,0,0,0,1,0,0,1,0,0,0,0,0,0,0,0,0,0,0
shanson983,41,,1,0,0,0,0,0,0,0,1,0,0,0,0,0,0,0,0,0,0,0,0
riseandfall38,41,,1,0,0,0,0,0,0,0,0,0,0,0,0,0,0,0,0,0,1,0,0
qadirrai151,41,,3,0,0,0,0,0,0,0,0,1,0,0,0,0,0,0,1,0,1,0,0
nipun_vats51263,41,,1,0,0,0,0,0,0,0,0,1,0,0,0,0,0,0,0,0,0,0,0
m_whitworth70,41,,1,0,0,0,0,0,0,0,0,1,0,0,0,0,0,0,0,0,0,0,0
leylajunn,41,,12,1,0,0,0,1,1,1,0,1,1,1,1,1,1,0,0,1,1,0,0
hulerudy,41,,3,0,0,0,0,0,0,0,1,1,0,0,0,0,0,0,0,1,0,0,0
dandomisairu9,41,,1,0,0,0,0,0,0,1,0,0,0,0,0,0,0,0,0,0,0,0,0
claudie_chan,41,,1,0,0,0,0,0,0,0,1,0,0,0,0,0,0,0,0,0,0,0,0
boodfoood,41,,1,0,0,0,0,0,0,0,0,0,0,0,0,0,0,0,0,0,1,0,0
assal_baroun,41,,3,0,0,0,0,0,0,0,0,0,0,0,0,0,0,0,0,1,1,1,0
alihajiaghababa,41,,1,0,0,0,0,0,0,1,0,0,0,0,0,0,0,0,0,0,0,0,0
Visme83,41,,1,0,0,0,0,0,0,0,0,0,0,1,0,0,0,0,0,0,0,0,0
Vintaire50,41,,1,0,0,0,0,0,0,0,1,0,0,0,0,0,0,0,0,0,0,0,0
UnbaisC44072,41,,2,0,0,0,0,0,0,0,0,0,0,0,0,0,0,0,0,1,1,0,0
ThisIsParamB,41,,3,0,0,0,0,0,0,0,0,0,0,0,0,1,0,0,0,0,1,1,0
Smite9407,41,,7,0,0,0,0,0,0,0,1,1,0,0,0,1,0,0,1,1,1,0,1
SaulEseMrs,41,,3,1,0,0,1,0,1,0,0,0,0,0,0,0,0,0,0,0,0,0,0
SaeedReza_M,41,,1,0,0,0,0,0,0,0,0,0,0,0,0,0,0,1,0,0,0,0,0
NoWehavePepsi,41,,2,0,0,0,0,0,1,1,0,0,0,0,0,0,0,0,0,0,0,0,0
Naderbahrami0,41,,6,0,0,1,0,1,0,0,1,1,0,0,0,0,0,0,0,0,0,1,1
MrtRamses,41,,1,0,0,0,0,0,0,0,0,0,0,0,0,0,0,0,0,0,0,0,1
Mchumbucket101,41,,4,1,0,0,1,0,0,0,0,0,0,0,0,0,0,0,1,1,0,0,0
JamKiguli,41,,4,0,0,0,0,0,0,1,1,0,0,0,0,0,0,0,0,0,0,1,1
HomoSapien1947,41,,3,0,0,0,0,0,0,0,1,0,1,0,0,0,0,0,0,0,1,0,0
Gilgamesh_Eiyu0,41,,1,0,0,0,0,0,0,0,0,0,1,0,0,0,0,0,0,0,0,0,0
Exposediran25,41,,3,0,0,0,0,0,0,0,0,0,0,0,0,0,0,1,0,1,1,0,0
Eco_Adil,41,,1,0,0,0,0,0,0,0,0,1,0,0,0,0,0,0,0,0,0,0,0
BensarDhas,41,,1,0,0,0,0,0,0,0,0,1,0,0,0,0,0,0,0,0,0,0,0
0xchil,41,,1,0,0,0,0,0,0,0,0,0,0,0,0,1,0,0,0,0,0,0,0
zumbado_antony,40,,5,0,1,1,0,0,0,1,1,1,0,0,0,0,0,0,0,0,0,0,0
veryberry1678,40,,1,0,0,0,0,0,0,0,0,0,0,0,0,0,0,0,0,1,0,0,0
shirpoorsomayeh,40,,8,0,0,0,0,1,1,0,0,0,1,0,0,1,0,0,1,1,1,1,0
sheik_1994,40,,1,0,0,0,0,0,0,0,0,0,1,0,0,0,0,0,0,0,0,0,0
saraan_k,40,,1,0,0,0,0,0,0,0,0,0,1,0,0,0,0,0,0,0,0,0,0
sadafeabyy,40,,1,0,0,0,1,0,0,0,0,0,0,0,0,0,0,0,0,0,0,0,0
politicalhero,40,,5,0,0,0,0,0,0,1,0,0,0,0,0,0,0,1,0,1,1,0,1
ondo202611749,40,,1,0,0,0,0,0,0,0,0,0,0,0,0,0,0,0,0,1,0,0,0
mh_ramazani,40,,1,0,0,0,1,0,0,0,0,0,0,0,0,0,0,0,0,0,0,0,0
meanmac74977068,40,,1,0,0,0,0,0,0,0,0,0,0,0,0,0,0,0,0,0,1,0,0
mazloom_aam,40,,3,0,0,0,0,0,0,0,0,1,1,0,0,0,0,0,0,0,0,0,1
m_qanavati,40,,1,0,0,0,0,0,0,0,0,0,0,0,0,0,0,0,0,0,1,0,0
indonamja1,40,,1,0,0,0,0,0,0,0,0,0,0,0,0,0,0,0,0,1,0,0,0
histamin_e,40,,4,0,0,0,0,0,0,0,1,0,1,0,0,1,0,0,0,1,0,0,0
hafezzadeh2018,40,,1,0,1,0,0,0,0,0,0,0,0,0,0,0,0,0,0,0,0,0,0
diolith19,40,,15,0,1,1,1,1,1,0,0,1,1,1,1,1,1,0,1,0,1,1,1
ckemami,40,,1,0,0,0,0,0,0,0,0,0,0,0,0,0,0,0,0,0,0,0,1
aliakbarpnh,40,,1,0,0,0,0,0,0,0,0,0,0,0,0,1,0,0,0,0,0,0,0
achwerty77,40,,1,0,0,0,0,0,0,0,0,0,0,0,0,1,0,0,0,0,0,0,0
WhoHussainis,40,,1,0,0,0,0,0,0,0,0,0,0,0,0,0,0,0,0,1,0,0,0
Salehaldin0b,40,,1,0,0,0,0,0,0,0,0,0,0,0,0,0,1,0,0,0,0,0,0
SagharMahd4441,40,,8,0,0,0,0,1,1,1,1,0,0,0,0,0,0,0,0,1,1,1,1
Pouria888888888,40,,5,0,0,0,0,0,0,0,1,0,0,1,0,1,0,0,1,1,0,0,0
Nar_Surendr10,40,,1,0,0,0,0,0,0,0,0,0,0,0,0,1,0,0,0,0,0,0,0
MusaMisbah36269,40,,1,0,0,0,0,0,0,0,0,0,0,0,0,0,0,0,0,1,0,0,0
LucGuthrie,40,,1,0,0,0,0,0,0,0,0,0,0,0,0,1,0,0,0,0,0,0,0
IRGC_Lebanon,40,,1,0,0,0,0,0,0,0,0,0,0,0,0,0,0,0,0,0,0,1,0
FarhadIman92372,40,,12,0,1,1,0,0,1,0,1,1,0,0,1,1,1,0,1,1,0,1,1
EhsanIranAbad,40,,14,0,1,0,1,1,1,1,0,1,1,1,1,0,0,1,1,1,1,1,0
CemilCanbeyli,40,,1,0,0,0,0,0,0,0,0,1,0,0,0,0,0,0,0,0,0,0,0
BilalKh98951791,40,,1,0,0,0,0,0,0,0,0,0,0,0,0,0,0,0,0,0,0,0,1
BenoitJule90980,40,,1,0,0,0,0,0,0,0,0,0,0,1,0,0,0,0,0,0,0,0,0
Andiman110,40,,6,0,0,0,0,0,0,1,1,0,1,0,0,0,0,0,0,1,1,1,0
AhmedQoresh,40,,2,0,0,0,0,0,0,1,0,0,1,0,0,0,0,0,0,0,0,0,0
Adrian891451951,40,,1,0,0,0,0,0,0,0,0,0,0,0,0,0,0,0,0,0,0,0,1
A5SASSIN0,40,,1,0,0,0,0,0,0,0,0,0,0,0,0,0,0,0,1,0,0,0,0
wasiraza786,39,,2,0,0,0,0,0,0,0,0,0,0,0,0,0,0,0,1,0,1,0,0
terigliugc90488,39,,1,0,0,0,0,0,0,0,0,1,0,0,0,0,0,0,0,0,0,0,0
smallintellect,39,,3,0,0,0,0,0,0,0,0,1,1,1,0,0,0,0,0,0,0,0,0
say_eed1991,39,,3,0,1,0,0,0,0,0,0,0,0,0,0,0,0,1,0,0,1,0,0
sadafkh49485464,39,,1,0,0,0,0,1,0,0,0,0,0,0,0,0,0,0,0,0,0,0,0
sabrina4usa,39,,1,0,0,0,0,0,0,0,0,0,0,0,0,0,0,0,0,1,0,0,0
nasrallah_93772,39,,1,0,0,0,0,0,0,0,0,0,1,0,0,0,0,0,0,0,0,0,0
myweaponmyvoice,39,,1,0,0,0,0,0,0,0,0,0,0,0,0,0,0,0,0,0,1,0,0
muzamilhkhanday,39,,2,0,0,0,0,0,0,0,0,0,0,1,0,1,0,0,0,0,0,0,0
mohsen_bghr,39,,2,0,0,1,1,0,0,0,0,0,0,0,0,0,0,0,0,0,0,0,0
marikamjo7,39,,1,0,0,0,1,0,0,0,0,0,0,0,0,0,0,0,0,0,0,0,0
k44724068,39,,1,0,0,0,0,0,1,0,0,0,0,0,0,0,0,0,0,0,0,0,0
hestheendofjune,39,,1,0,0,0,0,0,0,0,0,0,1,0,0,0,0,0,0,0,0,0,0
h_lin88,39,,1,0,0,0,0,0,0,0,0,0,0,0,0,0,0,1,0,0,0,0,0
coolruler80,39,,2,0,0,0,0,0,0,0,0,1,1,0,0,0,0,0,0,0,0,0,0
bekirerdogan69,39,,1,0,0,0,0,0,0,0,1,0,0,0,0,0,0,0,0,0,0,0,0
barnabas7777,39,,2,0,0,0,0,0,0,0,0,0,0,0,0,1,0,0,0,0,1,0,0
azlan4dec20211,39,,1,0,0,0,0,0,0,0,0,1,0,0,0,0,0,0,0,0,0,0,0
Turabiyun,39,,1,0,0,0,0,0,0,0,0,0,0,0,0,0,0,0,0,0,0,1,0
Thautte001,39,,1,0,0,0,0,0,0,0,0,1,0,0,0,0,0,0,0,0,0,0,0
Sujeetweinberg,39,,8,0,0,0,0,1,0,0,0,1,0,0,1,1,0,1,0,0,1,1,1
SamanAhmedgxtj,39,,2,0,0,0,0,0,0,0,0,0,0,0,0,0,0,0,1,0,0,0,1
Observer231165,39,,1,1,0,0,0,0,0,0,0,0,0,0,0,0,0,0,0,0,0,0,0
Narjizz,39,,1,0,0,0,0,0,0,0,0,0,0,0,0,0,0,0,1,0,0,0,0
NaMaloom614616,39,,12,0,0,1,0,1,1,0,1,1,1,1,0,0,0,0,1,1,1,1,1
KhaldWlyd2693,39,,8,0,0,0,0,0,0,0,1,1,0,0,1,0,0,0,1,1,1,1,1
KenzieCiro65477,39,,1,0,0,0,0,0,0,0,0,0,1,0,0,0,0,0,0,0,0,0,0
Jay665646758625,39,,11,1,1,1,1,0,0,0,0,0,0,0,1,1,1,1,0,0,1,1,1
HNasir101,39,,1,0,0,0,0,0,0,1,0,0,0,0,0,0,0,0,0,0,0,0,0
FatemeHuaw9521,39,,6,0,0,0,0,0,0,1,0,0,1,0,1,1,0,0,1,0,1,0,0
FahEngr,39,,1,0,0,0,0,0,0,0,0,1,0,0,0,0,0,0,0,0,0,0,0
DovesTrit,39,,1,0,0,0,0,0,0,0,0,0,0,0,0,1,0,0,0,0,0,0,0
BBWWblackl,39,,5,1,1,1,0,0,0,0,0,0,0,0,0,0,0,0,0,0,1,0,1
ArzuS4011,39,,3,0,0,0,0,1,0,0,0,0,0,0,0,0,0,0,0,1,1,0,0
Arriquitaunnnn,39,,5,0,0,0,0,0,0,0,0,0,0,0,0,1,0,1,1,1,1,0,0
Ark123450,39,,1,0,0,0,0,0,0,0,0,0,0,0,1,0,0,0,0,0,0,0,0
AmjedAli1124411,39,,1,0,0,0,0,0,0,0,0,0,1,0,0,0,0,0,0,0,0,0,0
voicedacid,38,,1,0,0,0,0,0,0,0,0,0,0,0,0,0,0,0,0,0,0,1,0
vASBReal,38,,3,0,0,0,0,0,0,1,0,1,0,0,0,1,0,0,0,0,0,0,0
ummaliabbas,38,,3,0,0,0,0,0,0,1,0,1,0,0,0,0,0,0,0,0,1,0,0
shoebAkhatar7,38,,2,0,0,0,0,0,0,0,0,0,0,0,0,0,0,0,1,1,0,0,0
saeedalidaie,38,,2,0,0,0,0,0,0,0,0,1,0,0,0,0,0,0,0,0,1,0,0
qbsan1,38,,1,0,0,0,0,0,0,0,0,0,0,0,0,0,0,0,0,1,0,0,0
haloJumper9,38,,1,0,0,0,0,0,0,0,0,0,0,0,0,0,0,0,0,0,0,0,1
geo12901,38,,1,0,0,0,0,0,0,0,0,0,0,0,0,0,1,0,0,0,0,0,0
freebirdscoming,38,,1,0,0,0,0,0,0,0,0,0,0,1,0,0,0,0,0,0,0,0,0
dokhtttt,38,,3,0,0,0,0,0,1,0,1,1,0,0,0,0,0,0,0,0,0,0,0
distancelover,38,,6,0,0,0,0,0,0,0,1,1,1,0,1,1,0,0,0,1,0,0,0
cruze29359,38,,1,0,0,0,0,0,0,0,0,0,0,0,0,0,0,0,1,0,0,0,0
bootybender996,38,,7,1,1,1,0,1,1,0,0,1,0,0,0,1,0,0,0,0,0,0,0
am_merati,38,,1,0,0,0,0,0,0,0,0,0,0,0,0,0,0,0,0,0,0,0,1
aliceactualizig,38,,1,0,0,0,0,0,0,0,0,0,0,0,0,1,0,0,0,0,0,0,0
Teacher2884,38,,1,0,0,0,0,0,0,0,0,0,0,0,0,0,0,0,0,0,1,0,0
SyedFaizUlHuda1,38,,1,0,1,0,0,0,0,0,0,0,0,0,0,0,0,0,0,0,0,0,0
OpenWorlDUS,38,,12,1,1,0,1,0,0,1,1,1,1,1,1,0,1,0,1,0,1,0,0
Miralimohamadi,38,,2,0,0,0,0,0,1,1,0,0,0,0,0,0,0,0,0,0,0,0,0
MiffyMiffy1966,38,,1,0,0,0,0,0,0,0,0,0,0,0,0,0,0,0,0,0,0,0,1
M48048859M,38,,1,0,0,0,0,0,0,0,0,0,0,0,0,0,0,0,0,0,0,0,1
Elisa1958341,38,,2,0,0,0,0,0,0,0,0,1,0,0,0,0,0,0,0,0,0,0,1
Chytilova1,38,,1,0,0,0,0,0,0,0,0,0,0,0,0,0,0,0,0,0,0,0,1
Back_Iran_as,38,,1,0,0,0,0,0,0,0,0,0,0,0,1,0,0,0,0,0,0,0,0
AspasiaM470,38,,1,0,0,0,0,0,0,0,0,0,0,0,0,0,0,0,0,0,1,0,0
ArshMebodi,38,,1,0,0,0,1,0,0,0,0,0,0,0,0,0,0,0,0,0,0,0,0
ArabileMatshaba,38,,1,0,0,0,0,0,0,0,0,0,0,0,0,0,0,0,0,1,0,0,0
AmaliaSw48,38,,2,0,0,0,0,0,0,0,0,0,0,0,0,0,1,0,0,1,0,0,0
AlvaroPaez32384,38,,1,0,0,0,0,0,0,0,0,0,0,0,0,0,0,1,0,0,0,0,0
AdrianAkbari,38,,5,0,0,0,0,0,0,0,0,0,1,1,1,0,0,0,0,0,0,1,1
ulfgurn,37,,1,0,0,0,0,0,0,0,0,0,0,0,0,0,0,0,0,1,0,0,0
shangooliani,37,,1,0,0,0,0,0,0,0,0,0,0,0,1,0,0,0,0,0,0,0,0
realtalha8,37,,2,0,1,0,0,0,0,0,0,0,0,0,0,0,0,0,0,0,1,0,0
nidlaron1989,37,,2,0,0,0,1,0,0,0,0,0,0,0,0,0,0,0,0,1,0,0,0
mokhtariesfid,37,,1,0,0,0,0,0,1,0,0,0,0,0,0,0,0,0,0,0,0,0,0
mohd_umar02,37,,3,0,0,0,0,1,1,0,0,1,0,0,0,0,0,0,0,0,0,0,0
m1ndfullchill,37,,1,0,0,0,0,0,0,0,0,0,0,0,0,0,0,0,0,1,0,0,0
lacanemab88103,37,,6,0,0,0,0,0,1,0,0,1,0,0,1,1,1,0,0,0,0,0,1
kwakuDarlixs,37,,1,0,0,0,0,0,0,0,1,0,0,0,0,0,0,0,0,0,0,0,0
julesleiper,37,,1,0,0,0,0,0,0,0,0,0,0,0,0,0,0,0,0,1,0,0,0
joeledmundo84,37,,2,0,0,0,0,0,1,0,0,0,0,0,0,0,0,0,0,0,1,0,0
hippoCRYPT0ath,37,,1,0,0,0,0,0,0,1,0,0,0,0,0,0,0,0,0,0,0,0,0
blankfornow23,37,,2,0,0,0,0,0,0,0,0,0,0,0,0,0,0,0,0,0,0,1,1
biggestsaving,37,,1,0,0,1,0,0,0,0,0,0,0,0,0,0,0,0,0,0,0,0,0
anveshanshubham,37,,1,0,0,0,0,0,0,0,0,0,0,0,0,0,0,0,0,0,0,0,1
alataealim,37,,1,0,0,0,0,0,0,0,0,0,0,0,0,0,0,0,0,0,1,0,0
ZaidHarith14,37,,1,0,0,0,0,0,0,0,0,0,1,0,0,0,0,0,0,0,0,0,0
TradeIconik,37,,3,0,0,1,0,1,1,0,0,0,0,0,0,0,0,0,0,0,0,0,0
SeyedHosse31120,37,,1,0,0,0,0,0,0,0,0,0,0,0,0,1,0,0,0,0,0,0,0
SaliA47091587,37,,1,0,0,0,0,0,0,0,0,0,0,0,0,0,0,0,0,0,1,0,0
SaddamH49091765,37,,1,1,0,0,0,0,0,0,0,0,0,0,0,0,0,0,0,0,0,0,0
Right_2bRetweet,37,,1,0,0,0,0,0,0,0,0,0,0,0,0,1,0,0,0,0,0,0,0
RahimiWazi59562,37,,3,0,0,0,0,0,0,0,0,0,0,1,0,1,1,0,0,0,0,0,0
Rafi_DIY,37,,1,0,0,0,0,0,0,0,0,0,0,0,0,0,0,0,0,0,0,0,1
Mslmn1214,37,,5,0,1,0,0,0,1,0,0,0,0,0,1,1,0,0,1,0,0,0,0
Mirbagheri110,37,,8,0,0,0,0,1,0,1,1,1,1,1,0,0,0,0,0,0,1,0,1
MehdiM8845240,37,,1,0,0,0,0,0,0,0,0,0,0,0,0,0,0,0,0,0,0,1,0
Mask_Ingtape,37,,1,0,0,0,0,0,0,0,0,0,0,0,0,0,0,0,0,0,1,0,0
MalikBa20781536,37,,1,0,0,0,0,0,0,0,1,0,0,0,0,0,0,0,0,0,0,0,0
LEGACYISSMART,37,,2,0,0,0,0,0,0,0,1,0,0,0,0,1,0,0,0,0,0,0,0
KrarRaj,37,,7,0,0,1,1,1,0,0,0,0,1,0,0,0,0,0,0,1,0,1,1
JuanCar28492349,37,,1,1,0,0,0,0,0,0,0,0,0,0,0,0,0,0,0,0,0,0,0
Ghaallan32,37,,1,0,0,0,0,0,0,0,0,0,0,0,0,0,0,0,0,0,1,0,0
Fabius_Fodel,37,,7,0,1,0,1,0,1,0,1,1,1,0,0,0,0,0,0,0,1,0,0
EayilaWahida,37,,1,0,0,0,0,0,0,0,0,0,0,0,0,0,0,0,0,0,0,0,1
DuranAztec,37,,1,0,0,0,0,0,0,0,0,0,0,0,0,0,0,0,0,0,1,0,0
Arigottaaa43663,37,,1,0,0,0,0,0,0,0,0,1,0,0,0,0,0,0,0,0,0,0,0
Ambose6,37,,3,0,0,0,0,0,0,0,0,0,0,0,0,0,0,0,1,1,1,0,0
AlirahalAli,37,,1,0,0,0,0,0,0,0,0,0,0,0,0,0,0,1,0,0,0,0,0
Albertino2025,37,,1,0,0,0,0,0,0,0,0,0,0,0,0,0,0,1,0,0,0,0,0
AhamedCs,37,,2,0,0,0,0,0,0,0,0,1,0,0,0,0,0,0,0,0,0,0,1
AaqibBh51414500,37,,2,0,0,1,0,0,0,0,0,1,0,0,0,0,0,0,0,0,0,0,0
zedkay_97,36,,7,0,0,0,0,0,0,0,0,0,0,0,1,0,0,1,1,1,1,1,1
yasean_1358,36,,1,0,0,0,0,0,0,1,0,0,0,0,0,0,0,0,0,0,0,0,0
wetshard,36,,2,0,0,0,0,0,0,0,0,0,0,0,0,0,0,0,1,0,1,0,0
trinanesBuo,36,,1,0,0,0,0,0,1,0,0,0,0,0,0,0,0,0,0,0,0,0,0
smyhr5,36,,1,0,0,0,0,0,0,0,0,0,0,0,1,0,0,0,0,0,0,0,0
sigg81977,36,,1,0,0,0,0,0,0,0,0,0,0,0,0,0,0,0,0,1,0,0,0
savage_lisa68,36,,1,0,0,0,0,0,0,0,0,0,0,0,0,0,0,0,0,0,0,1,0
naqshebatool,36,,1,0,0,0,0,0,0,0,0,0,0,0,0,0,0,0,1,0,0,0,0
messouh_s,36,,1,0,0,0,0,0,0,0,0,1,0,0,0,0,0,0,0,0,0,0,0
memecoinCA,36,,1,1,0,0,0,0,0,0,0,0,0,0,0,0,0,0,0,0,0,0,0
mb2175,36,,2,0,0,0,0,0,0,0,0,0,0,0,0,1,1,0,0,0,0,0,0
ismaile42743490,36,,1,0,0,0,0,0,0,0,0,0,0,0,0,1,0,0,0,0,0,0,0
imadkakakhail,36,,1,0,0,0,0,0,0,0,0,0,1,0,0,0,0,0,0,0,0,0,0
humanbe71,36,,1,0,0,0,0,0,1,0,0,0,0,0,0,0,0,0,0,0,0,0,0
hhs1360,36,,1,0,0,0,0,0,0,0,0,0,0,0,0,0,0,0,0,0,1,0,0
daneall_j72,36,,2,0,0,0,0,0,0,0,0,0,0,0,0,1,0,0,0,0,1,0,0
bawa_waryam,36,,1,0,0,0,0,0,0,0,0,0,0,0,0,0,0,0,1,0,0,0,0
ZainSAS007,36,,10,0,0,0,0,0,0,1,0,1,1,1,1,0,0,0,1,1,1,1,1
Sultany5549,36,,1,0,0,0,0,0,0,0,0,0,0,0,0,0,0,0,0,1,0,0,0
Sarah97949359,36,,1,0,0,0,0,0,1,0,0,0,0,0,0,0,0,0,0,0,0,0,0
RogerEbertwh75,36,,1,0,0,0,0,0,0,0,0,0,0,0,0,0,0,0,0,1,0,0,0
ResistanceSupp9,36,,1,0,0,0,0,0,0,0,0,0,0,1,0,0,0,0,0,0,0,0,0
ROM_000_Z,36,,1,0,0,0,0,0,0,1,0,0,0,0,0,0,0,0,0,0,0,0,0
PindisSak,36,,1,0,0,1,0,0,0,0,0,0,0,0,0,0,0,0,0,0,0,0,0
Numaanwani111,36,,1,0,0,0,0,0,0,0,0,0,1,0,0,0,0,0,0,0,0,0,0
Justthink1990,36,,1,0,0,0,0,0,0,0,0,0,1,0,0,0,0,0,0,0,0,0,0
Iraniansoldierx,36,,1,0,0,0,0,1,0,0,0,0,0,0,0,0,0,0,0,0,0,0,0
GerardusGerri,36,,4,0,0,1,0,0,0,0,1,0,0,0,0,0,0,0,0,0,1,1,0
Farshaad_Jamali,36,,15,0,0,0,0,1,1,1,1,1,1,1,1,1,1,1,0,1,1,1,1
Carly1344923,36,,1,0,0,0,0,0,0,0,0,0,0,0,0,0,0,0,0,0,0,1,0
Alira7731,36,,11,1,1,0,1,1,1,1,1,1,0,1,0,1,0,0,0,0,1,0,0
AliHaider15788,36,,2,1,0,0,0,0,0,0,0,0,0,0,0,0,0,0,1,0,0,0,0
AirinaSo,36,,2,0,0,0,0,0,0,0,0,0,0,0,0,1,1,0,0,0,0,0,0
Acebush1859,36,,3,0,0,0,0,0,0,1,1,0,0,0,0,0,0,0,0,0,1,0,0
Abubaka15210281,36,,2,0,0,0,0,0,0,0,0,0,1,1,0,0,0,0,0,0,0,0,0
ABDULLAHIS93607,36,,1,0,0,0,0,0,0,0,0,0,0,0,0,0,0,0,1,0,0,0,0
8mabubakar8,36,,2,0,0,0,0,0,0,0,1,1,0,0,0,0,0,0,0,0,0,0,0
sleem_ahme3156,35,,1,0,0,0,0,1,0,0,0,0,0,0,0,0,0,0,0,0,0,0,0
ramlehlydd,35,,2,0,0,0,0,0,0,0,0,0,0,0,0,1,1,0,0,0,0,0,0
naser3awde,35,,1,0,0,0,0,0,0,0,0,0,0,0,0,0,0,1,0,0,0,0,0
nartu2116,35,,2,0,0,0,0,0,1,0,0,0,0,0,0,0,0,0,0,1,0,0,0
nandms35,35,,8,0,0,1,1,0,1,1,0,0,0,1,0,1,0,0,0,1,0,0,1
mostafaraz33764,35,,1,0,0,0,1,0,0,0,0,0,0,0,0,0,0,0,0,0,0,0,0
keralano1,35,,1,0,0,0,0,0,0,0,0,0,0,0,0,0,0,0,0,0,0,0,1
jo_brown83,35,,1,0,0,0,0,0,0,0,0,0,0,0,0,0,0,1,0,0,0,0,0
impersian_ir,35,,1,0,0,0,0,0,0,0,0,0,0,0,0,1,0,0,0,0,0,0,0
iamsajid_804,35,,11,0,0,0,1,1,1,0,1,1,1,1,1,1,1,0,0,1,0,0,0
elmio4775,35,,1,0,0,0,0,0,1,0,0,0,0,0,0,0,0,0,0,0,0,0,0
bwitiptah,35,,5,0,0,0,0,0,1,0,1,0,0,0,0,0,0,0,0,1,1,0,1
Z_Business7,35,,1,0,0,0,0,0,0,0,0,0,0,0,0,0,0,0,0,0,0,1,0
TheBoomPakistan,35,,1,0,0,0,0,0,0,0,0,0,0,0,0,0,0,0,0,0,0,0,1
SSG146789,35,,3,0,0,0,0,0,0,0,0,0,1,0,0,1,0,1,0,0,0,0,0
Recep888520,35,,1,0,0,0,0,0,0,0,0,0,0,0,0,0,0,0,0,0,1,0,0
RRbandaz20826,35,,2,0,0,0,0,0,0,0,0,0,1,0,0,0,0,1,0,0,0,0,0
NadirSh42071677,35,,1,0,0,0,0,0,0,0,0,0,0,0,0,0,0,0,0,0,0,0,1
MohammadAr98813,35,,2,0,0,0,0,0,0,0,0,0,0,0,0,1,1,0,0,0,0,0,0
MansourKanaan88,35,,1,0,0,0,0,0,0,0,0,0,0,0,0,0,0,0,0,1,0,0,0
MakeriWangu,35,,1,0,0,0,0,0,1,0,0,0,0,0,0,0,0,0,0,0,0,0,0
KInzmam,35,,2,0,0,0,0,0,1,0,1,0,0,0,0,0,0,0,0,0,0,0,0
Idealism2110,35,,1,0,0,0,0,0,0,0,0,0,1,0,0,0,0,0,0,0,0,0,0
I_am_mujtaba,35,,6,0,1,0,0,1,0,0,0,0,0,1,0,0,0,1,0,0,1,1,0
HypersonicIRI,35,,2,0,0,0,0,0,0,0,0,0,0,0,0,0,1,0,0,1,0,0,0
Hamza40477600,35,,1,0,0,0,0,0,0,0,0,1,0,0,0,0,0,0,0,0,0,0,0
DavidAbbasi1,35,,1,0,0,0,0,0,0,0,0,0,0,0,0,1,0,0,0,0,0,0,0
BdallhDnan56613,35,,1,0,0,0,0,0,0,0,0,0,0,0,0,0,0,0,0,0,0,1,0
Ali_mari205,35,,10,0,0,0,0,0,1,1,0,1,1,1,1,1,0,0,1,0,1,0,1
Aleeakb09815240,35,,3,0,0,0,0,0,0,0,0,0,0,1,0,1,0,0,0,0,1,0,0
1360Yasin,35,,2,0,0,0,0,1,0,0,0,0,0,0,0,0,0,0,0,0,1,0,0
yousaflight,34,,1,0,0,0,0,0,0,0,0,0,0,0,0,0,0,0,0,0,0,0,1
satire1892,34,,2,0,0,0,0,0,0,0,0,0,0,0,0,0,0,0,1,0,1,0,0
salh85872,34,,2,0,0,0,0,1,0,0,0,1,0,0,0,0,0,0,0,0,0,0,0
rahgozar______,34,,2,0,0,0,0,0,0,0,0,0,0,0,0,1,1,0,0,0,0,0,0
p_cheraghi313,34,,1,0,0,0,0,0,0,0,0,0,0,0,0,1,0,0,0,0,0,0,0
noorsyed1991,34,,1,0,0,0,0,0,0,0,0,1,0,0,0,0,0,0,0,0,0,0,0
nandaliviea,34,,1,0,0,1,0,0,0,0,0,0,0,0,0,0,0,0,0,0,0,0,0
mustafazaydee,34,,1,0,0,0,0,0,0,0,0,0,0,0,0,0,0,1,0,0,0,0,0
muratgu80120933,34,,1,1,0,0,0,0,0,0,0,0,0,0,0,0,0,0,0,0,0,0,0
mdaliiqbal46,34,,2,0,0,0,0,0,0,0,0,0,0,0,0,0,0,1,0,1,0,0,0
kemalnawdir,34,,1,0,0,0,0,0,0,0,0,0,0,0,0,0,0,0,0,0,1,0,0
danalDANAL201,34,,1,0,0,0,0,0,0,0,0,0,0,0,1,0,0,0,0,0,0,0,0
c_karen3,34,,1,0,0,0,0,0,0,0,0,0,0,0,0,0,0,0,0,0,0,1,0
azizulquayum,34,,1,0,0,0,0,0,0,0,0,0,0,0,0,0,0,0,0,1,0,0,0
ashmir51,34,,7,1,0,0,0,0,1,0,0,1,1,0,0,0,0,0,1,1,1,0,0
arash_padash,34,,3,0,0,0,1,1,0,0,0,0,0,0,0,0,0,0,0,0,1,0,0
anyabunkem23457,34,,17,0,1,1,1,1,1,0,1,1,1,1,0,1,1,1,1,1,1,1,1
abbabashir04,34,,1,0,0,0,0,0,0,0,0,0,0,0,0,1,0,0,0,0,0,0,0
ZulfiqarAl786i,34,,1,0,0,0,0,0,0,0,0,0,0,0,1,0,0,0,0,0,0,0,0
Rixa36251185,34,,1,0,0,0,0,0,1,0,0,0,0,0,0,0,0,0,0,0,0,0,0
PhullSaportSars,34,,1,0,0,0,0,0,0,0,0,0,0,0,0,0,0,0,0,0,1,0,0
OVE112511,34,,1,0,0,0,0,0,0,0,0,0,0,0,0,0,0,0,0,0,0,0,1
NupNew_2,34,,1,0,0,0,0,0,0,0,0,0,0,0,0,0,0,0,0,0,1,0,0
Maximoasfura,34,,2,1,0,0,0,0,0,0,0,1,0,0,0,0,0,0,0,0,0,0,0
MOGAHDwithULLAH,34,,1,0,0,0,0,0,0,0,0,0,0,0,0,0,0,0,0,0,1,0,0
Lil_Herpe0,34,,2,0,0,0,0,0,1,0,0,0,0,0,0,0,0,0,0,0,0,1,0
IrfanHussa58062,34,,2,0,0,0,0,0,1,0,0,0,0,0,0,0,0,0,0,0,0,0,1
Hasten_bsl,34,,6,0,0,0,1,0,0,1,1,1,1,1,0,0,0,0,0,0,0,0,0
Hammad55_RJ,34,,1,0,0,0,0,0,0,1,0,0,0,0,0,0,0,0,0,0,0,0,0
HBaneed,34,,1,0,0,0,0,0,0,0,0,0,1,0,0,0,0,0,0,0,0,0,0
Girraj28686375,34,,1,0,0,0,0,0,0,0,0,0,0,0,0,1,0,0,0,0,0,0,0
GazaReturn2025,34,,1,0,0,0,0,0,0,0,0,0,1,0,0,0,0,0,0,0,0,0,0
DrOzqulzn,34,,1,0,0,0,0,1,0,0,0,0,0,0,0,0,0,0,0,0,0,0,0
DarkAura4533,34,,2,0,0,0,0,0,0,0,0,0,0,0,0,1,1,0,0,0,0,0,0
BurningEyes4,34,,1,0,0,0,0,0,0,1,0,0,0,0,0,0,0,0,0,0,0,0,0
Born_2_debunk,34,,1,0,0,0,0,0,0,0,0,0,0,0,0,0,0,0,0,1,0,0,0
BallaMumya4775,34,,2,0,0,0,0,0,1,0,1,0,0,0,0,0,0,0,0,0,0,0,0
AsdfZ66604,34,,1,0,0,0,0,0,1,0,0,0,0,0,0,0,0,0,0,0,0,0,0
Alhsyny36020N,34,,2,0,1,0,0,0,0,0,0,0,0,0,1,0,0,0,0,0,0,0,0
AbshirAbubakar,34,,1,0,0,0,0,0,0,0,0,0,0,0,0,0,0,0,0,0,0,0,1
ACmcc92702,34,,2,0,0,0,0,0,1,0,0,0,0,0,0,0,0,0,1,0,0,0,0
zaidi52163,33,,2,0,0,0,0,0,0,0,1,0,0,0,0,0,0,0,0,0,0,0,1
yusufababa8,33,,2,0,0,0,0,0,0,0,0,0,0,0,0,0,0,0,0,1,1,0,0
yumiko_4872_oq7,33,,1,0,0,0,0,0,0,0,0,0,0,0,0,0,0,0,0,0,0,0,1
x15d33p57473,33,,2,0,0,0,0,0,0,0,0,1,1,0,0,0,0,0,0,0,0,0,0
theubuntupov,33,,1,0,0,0,0,0,1,0,0,0,0,0,0,0,0,0,0,0,0,0,0
spring39320,33,,1,0,0,0,0,0,0,1,0,0,0,0,0,0,0,0,0,0,0,0,0
silentattache,33,,1,0,0,0,0,0,0,0,0,0,0,0,0,0,0,0,0,0,0,0,1
siandal566587,33,,1,0,0,0,0,0,0,0,0,0,0,0,0,0,0,0,0,0,0,0,1
sharefi19612,33,,1,0,0,0,0,0,0,0,0,0,0,0,0,0,0,0,0,0,1,0,0
razamddanis,33,,8,0,1,1,0,0,0,0,0,1,0,1,1,1,1,0,0,1,0,0,0
netarchiver,33,,1,0,0,0,0,0,0,0,0,0,0,0,0,0,0,0,0,0,0,0,1
mydeenakr,33,,1,0,0,0,0,0,0,0,0,0,0,0,0,0,0,0,0,0,0,0,1
muazubckup,33,,3,0,0,0,0,0,0,0,1,0,0,0,0,0,0,0,0,0,1,0,1
mr4games,33,,1,0,0,0,0,0,0,0,0,0,0,0,0,0,0,0,0,1,0,0,0
moosakalantari,33,,1,0,0,0,0,0,0,0,0,0,0,0,0,0,0,0,0,0,1,0,0
mim205zm,33,,1,0,0,0,0,0,0,0,0,0,0,0,0,0,1,0,0,0,0,0,0
matchadrill,33,,1,0,0,0,0,1,0,0,0,0,0,0,0,0,0,0,0,0,0,0,0
kushhh432714,33,,1,0,0,0,0,0,0,0,0,0,0,0,0,0,0,0,0,0,0,1,0
kj2096927,33,,1,0,0,0,0,0,0,0,0,0,0,0,0,1,0,0,0,0,0,0,0
jojjehtighi,33,,3,0,0,1,0,0,0,0,0,0,0,0,0,0,0,0,1,1,0,0,0
izmirliselman,33,,1,0,0,0,0,0,0,0,0,0,1,0,0,0,0,0,0,0,0,0,0
ingoodhands786,33,,2,0,0,0,0,0,0,0,1,0,0,0,0,0,0,0,0,0,0,0,1
baaransh,33,,1,0,0,0,0,0,1,0,0,0,0,0,0,0,0,0,0,0,0,0,0
amount_xue,33,,1,0,0,0,0,0,0,0,0,0,0,0,0,0,0,0,0,0,0,0,1
ali_beheshty,33,,1,0,0,0,0,0,0,0,0,0,0,0,0,0,0,0,0,0,1,0,0
ZohaibKhanNyazi,33,,1,0,0,0,0,0,0,0,0,0,0,0,0,0,0,0,0,0,0,0,1
Vj30iMsLp7gJZuK,33,,5,0,1,0,0,1,1,0,0,1,0,0,0,0,0,0,0,1,0,0,0
SoroushTamBU,33,,1,1,0,0,0,0,0,0,0,0,0,0,0,0,0,0,0,0,0,0,0
ShadiFalla19zi,33,,1,0,0,0,0,0,0,0,0,0,0,0,0,0,0,0,0,0,1,0,0
SaidSai23146076,33,,1,0,0,0,0,0,0,0,0,0,0,0,0,0,0,1,0,0,0,0,0
PurdolfMewtlar1,33,,4,0,0,1,0,0,1,1,1,0,0,0,0,0,0,0,0,0,0,0,0
NoNametm5,33,,1,0,0,0,0,0,0,0,1,0,0,0,0,0,0,0,0,0,0,0,0
MohdSaud877,33,,1,1,0,0,0,0,0,0,0,0,0,0,0,0,0,0,0,0,0,0,0
Mohammed9071221,33,,3,0,0,0,0,0,0,0,0,0,1,0,0,0,0,1,0,1,0,0,0
JoeHodgetts0408,33,,1,0,0,0,0,0,0,0,0,0,0,0,0,0,0,0,0,1,0,0,0
JemilatOmolola,33,,9,0,0,0,0,0,1,1,0,1,1,1,1,1,1,1,0,0,0,0,0
FangmanJad48274,33,,1,0,0,0,0,0,0,0,0,0,0,1,0,0,0,0,0,0,0,0,0
EthanGooddeed,33,,12,0,0,0,0,0,0,0,0,1,1,1,1,1,1,1,1,1,1,1,1
Bennyoutbutchin,33,,1,0,0,0,0,0,0,0,0,0,0,0,0,0,0,0,0,0,0,0,1
Andre162558,33,,1,0,0,0,0,0,0,0,0,0,0,0,0,0,0,0,0,1,0,0,0
ASimpsonGuts,33,,1,0,0,0,0,0,0,0,0,0,0,0,0,0,0,0,0,0,1,0,0
21_21X,33,,4,0,0,0,0,0,0,0,0,1,0,1,0,0,0,0,0,1,1,0,0
thecontemnor,32,,8,0,0,0,0,0,1,1,1,1,0,0,0,1,1,0,0,1,1,0,0
rimbaud92330,32,,1,1,0,0,0,0,0,0,0,0,0,0,0,0,0,0,0,0,0,0,0
outromunir,32,,2,0,0,0,0,1,0,0,0,0,0,0,0,0,0,0,0,0,1,0,0
nekousagi627372,32,,1,0,0,0,0,0,0,1,0,0,0,0,0,0,0,0,0,0,0,0,0
nannaaa78,32,,1,0,0,0,0,0,0,0,0,0,0,0,1,0,0,0,0,0,0,0,0
moh_san_agh,32,,1,0,0,0,0,0,1,0,0,0,0,0,0,0,0,0,0,0,0,0,0
karimnjoyaa,32,,1,0,0,0,0,0,0,0,0,0,0,0,0,0,0,0,0,0,1,0,0
glmcht01,32,,1,0,0,0,0,0,0,0,0,0,0,0,0,0,0,1,0,0,0,0,0
fskhan4488,32,,1,0,0,0,0,0,0,1,0,0,0,0,0,0,0,0,0,0,0,0,0
fcbntvyes,32,,1,0,0,0,0,0,0,0,0,0,0,0,0,0,0,0,0,0,1,0,0
empirebetrayal3,32,,2,0,0,0,0,0,0,0,0,0,0,0,0,0,0,0,0,0,0,1,1
bloodwyrrm,32,,1,0,0,0,0,0,1,0,0,0,0,0,0,0,0,0,0,0,0,0,0
anasazim20,32,,1,0,0,0,0,0,0,0,0,0,0,0,0,0,0,0,0,0,0,1,0
a_tree_is_nice,32,,1,0,0,0,0,0,0,0,0,0,0,0,0,0,0,1,0,0,0,0,0
YeezusWalksWme,32,,1,0,0,0,0,0,0,0,0,0,1,0,0,0,0,0,0,0,0,0,0
Thiam22912I,32,,2,0,0,0,0,0,0,0,0,0,0,0,0,0,0,0,0,0,0,1,1
SpooderGoon,32,,1,0,0,0,0,0,1,0,0,0,0,0,0,0,0,0,0,0,0,0,0
SS_gbmm,32,,2,0,0,0,0,0,0,0,0,0,0,0,0,0,0,0,0,1,1,0,0
Manmoha78341282,32,,2,0,0,0,0,1,1,0,0,0,0,0,0,0,0,0,0,0,0,0,0
Jenny3503680071,32,,1,0,0,0,0,0,0,0,0,0,0,0,0,0,0,0,0,0,0,0,1
HDDhakad9,32,,7,0,0,0,0,0,0,0,1,1,1,1,0,0,0,1,1,1,0,0,0
Goldhedge79,32,,3,0,0,0,0,0,0,0,0,0,1,0,1,1,0,0,0,0,0,0,0
FilistinDireni,32,,2,0,0,0,0,0,0,1,0,0,0,0,0,0,0,0,1,0,0,0,0
ElonKhameneiOff,32,,1,0,0,0,0,0,0,1,0,0,0,0,0,0,0,0,0,0,0,0,0
CihangirPuya,32,,2,0,0,0,0,0,1,0,0,0,0,0,0,0,1,0,0,0,0,0,0
Chaudhr19342910,32,,1,0,0,0,0,0,0,0,0,0,0,0,0,0,0,0,0,0,0,0,1
AspyHCIII,32,,1,0,0,0,0,0,0,0,0,0,0,0,0,0,0,0,0,0,0,0,1
AskTahsin,32,,3,0,0,0,0,0,1,0,0,1,0,0,0,0,0,0,0,0,0,1,0
AmaduHadi2,32,,2,0,1,0,0,0,0,0,0,0,0,0,0,0,0,0,0,0,1,0,0
AliMohammapou97,32,,1,0,0,0,0,0,0,0,0,0,0,0,0,0,0,0,0,0,1,0,0
AhmedHu49244440,32,,2,0,0,0,0,0,0,0,0,1,0,0,0,0,0,0,0,0,0,0,1
ABDdatsun,32,,1,1,0,0,0,0,0,0,0,0,0,0,0,0,0,0,0,0,0,0,0
shafique_7545,31,,9,0,0,1,0,0,0,1,1,0,1,0,1,1,1,0,1,0,0,0,1
savarkarkiBAP,31,,11,0,0,0,0,1,1,1,1,1,0,0,1,1,0,1,1,1,0,0,1
sagar8896,31,,1,0,0,0,0,0,0,0,0,0,0,0,0,1,0,0,0,0,0,0,0
saadibrahim121,31,,2,0,0,0,0,0,0,0,0,0,0,0,0,0,0,0,0,0,1,0,1
rwfahy53439,31,,8,0,0,1,0,0,0,1,1,1,0,0,1,0,1,0,0,1,0,0,1
noticing_2025,31,,1,0,0,0,0,0,0,0,0,0,0,0,0,0,0,0,1,0,0,0,0
elwan7dev,31,,1,0,0,0,0,0,1,0,0,0,0,0,0,0,0,0,0,0,0,0,0
ballalzai6105,31,,12,0,0,1,1,0,1,1,1,1,1,1,0,1,1,0,0,0,0,1,1
angel_leeper83,31,,1,0,0,0,0,0,0,0,0,0,0,0,0,0,0,0,0,0,0,0,1
ahmadsalamlx,31,,1,0,0,0,1,0,0,0,0,0,0,0,0,0,0,0,0,0,0,0,0
ZoulfikarZ2903,31,,1,0,0,0,0,0,0,0,0,0,0,0,0,0,0,1,0,0,0,0,0
Zaki1867599,31,,1,0,0,0,0,0,0,0,0,0,0,0,0,0,0,0,0,1,0,0,0
Waqtilmukhtar,31,,2,0,0,0,0,0,0,0,0,1,0,1,0,0,0,0,0,0,0,0,0
Sashimi1732,31,,3,0,0,0,0,0,0,0,0,0,0,0,0,1,0,0,1,1,0,0,0
RazzaqPM_Ardium,31,,3,0,0,1,1,0,0,1,0,0,0,0,0,0,0,0,0,0,0,0,0
QuidWillis,31,,1,0,0,0,0,0,0,0,0,0,0,0,0,0,0,0,0,0,0,1,0
OSINT911,31,,1,0,0,0,0,0,0,0,0,0,0,0,0,0,0,0,0,0,0,0,1
NiloLilooooo,31,,7,0,0,1,0,1,1,0,0,0,0,1,0,0,0,0,1,1,0,0,1
Muneer_alee_72,31,,1,0,0,0,0,0,0,1,0,0,0,0,0,0,0,0,0,0,0,0,0
MostafaDorrani,31,,4,0,0,0,0,0,0,0,1,1,1,0,0,0,0,0,1,0,0,0,0
MarcosP43250193,31,,2,0,0,0,0,0,0,0,0,0,0,0,0,0,0,0,0,1,0,1,0
MElerakyiy,31,,2,0,0,0,0,0,1,0,0,1,0,0,0,0,0,0,0,0,0,0,0
MEOutlook_,31,,1,0,0,0,0,0,0,0,0,0,0,0,0,0,0,0,0,1,0,0,0
Leadpixel21,31,,1,0,0,0,0,0,0,0,0,0,0,0,0,0,0,0,0,0,0,1,0
KhizarA77873890,31,,1,0,0,0,0,0,0,0,0,0,0,0,0,0,0,0,0,0,0,0,1
JesusRamirezFun,31,,1,0,0,0,0,0,0,1,0,0,0,0,0,0,0,0,0,0,0,0,0
JaimeBl64818247,31,,1,0,0,0,0,0,0,0,0,0,0,0,0,0,0,0,0,0,0,0,1
InnocentBo70048,31,,1,0,0,0,0,0,0,0,0,0,1,0,0,0,0,0,0,0,0,0,0
IndiaSuper98266,31,,1,0,0,0,0,0,0,0,0,0,0,0,0,0,0,0,0,0,0,0,1
Hascat21,31,,2,0,1,0,0,0,1,0,0,0,0,0,0,0,0,0,0,0,0,0,0
Guajira23342,31,,1,0,0,0,0,0,0,0,0,0,0,0,0,1,0,0,0,0,0,0,0
FreePhilistine_,31,,1,0,0,0,0,0,0,1,0,0,0,0,0,0,0,0,0,0,0,0,0
Dominie242701,31,,1,0,0,0,0,0,0,0,0,1,0,0,0,0,0,0,0,0,0,0,0
ChowdhuryF33314,31,,1,1,0,0,0,0,0,0,0,0,0,0,0,0,0,0,0,0,0,0,0
ArcaneBuild,31,,1,0,0,0,0,0,0,0,0,0,1,0,0,0,0,0,0,0,0,0,0
Afzaal634161438,31,,13,1,1,0,0,1,0,0,0,0,1,1,0,1,1,1,1,1,1,1,1
yk3547895798186,30,,1,0,0,0,0,0,0,0,0,0,0,0,0,0,0,0,0,0,0,0,1
xWarCloud,30,,2,0,1,1,0,0,0,0,0,0,0,0,0,0,0,0,0,0,0,0,0
shokoo1980,30,,1,0,0,0,1,0,0,0,0,0,0,0,0,0,0,0,0,0,0,0,0
pageshannon59,30,,1,0,0,0,0,0,0,0,0,0,0,0,0,0,0,0,0,0,0,0,1
muratkaratepe8,30,,1,0,0,0,0,0,1,0,0,0,0,0,0,0,0,0,0,0,0,0,0
muhamma67784340,30,,2,0,0,0,0,1,0,0,0,0,1,0,0,0,0,0,0,0,0,0,0
mclaughlinteri4,30,,1,0,0,0,0,0,0,0,0,0,0,0,0,0,0,0,0,0,1,0,0
lmrtylmrty12150,30,,1,0,0,0,0,0,0,0,0,1,0,0,0,0,0,0,0,0,0,0,0
kamran_khademi,30,,1,0,0,0,0,0,1,0,0,0,0,0,0,0,0,0,0,0,0,0,0
greenerbonita,30,,1,0,0,1,0,0,0,0,0,0,0,0,0,0,0,0,0,0,0,0,0
fessouyyy,30,,4,0,0,0,0,0,1,0,0,1,0,0,0,1,0,0,0,0,0,0,1
fateme383976,30,,1,0,0,0,0,0,0,0,0,0,1,0,0,0,0,0,0,0,0,0,0
e_alana57,30,,1,0,0,0,0,0,0,0,0,0,0,0,0,0,0,0,0,0,0,1,0
araf3472,30,,2,1,0,0,0,0,0,0,0,0,0,0,0,0,0,0,0,0,1,0,0
alirafakat07,30,,1,0,0,0,0,0,1,0,0,0,0,0,0,0,0,0,0,0,0,0,0
RoyanZaboor,30,,1,0,0,0,0,0,0,1,0,0,0,0,0,0,0,0,0,0,0,0,0
Rio_rio974,30,,3,0,0,0,0,0,0,0,0,0,0,0,0,0,0,1,1,0,0,0,1
Phara303,30,,1,0,0,0,0,0,0,0,1,0,0,0,0,0,0,0,0,0,0,0,0
Peymanh_,30,,7,0,0,0,0,0,0,0,1,1,1,0,1,0,0,0,0,1,1,1,0
NiranterSingh,30,,1,0,0,0,0,0,0,0,0,0,0,0,0,0,0,0,0,0,1,0,0
MumtazK68869,30,,4,0,0,0,0,0,0,1,1,0,0,0,0,1,1,0,0,0,0,0,0
Muhammadiali01,30,,3,0,0,0,0,0,0,0,0,0,0,0,0,1,0,0,1,1,0,0,0
MuhammadTa96370,30,,1,0,0,0,0,0,0,0,0,0,0,0,0,0,0,0,0,1,0,0,0
Molhdw,30,,3,0,0,0,0,0,0,0,0,0,1,0,0,0,0,0,1,0,0,1,0
Mohamma22629655,30,,2,1,0,0,0,0,0,0,1,0,0,0,0,0,0,0,0,0,0,0,0
Maryann62598277,30,,1,0,0,0,0,0,0,0,0,0,0,0,0,0,0,0,0,0,0,0,1
Madeniyetsiz,30,,5,0,0,0,0,0,0,1,0,1,1,1,0,0,0,0,0,1,0,0,0
Kwid25185484,30,,1,0,0,0,0,0,0,0,0,0,1,0,0,0,0,0,0,0,0,0,0
HananiasG,30,,9,0,1,1,0,1,1,1,1,0,1,0,1,1,0,0,0,0,0,0,0
GabiKaafarani,30,,1,0,0,0,0,0,0,0,0,0,0,0,0,0,0,0,1,0,0,0,0
FerlanMendi,30,,2,0,0,0,0,0,0,0,0,0,0,0,0,1,1,0,0,0,0,0,0
Ekeminiobongud2,30,,2,0,0,1,0,0,0,0,0,0,0,0,0,0,0,1,0,0,0,0,0
Dorche78,30,,12,1,0,0,1,1,1,1,1,0,0,0,1,1,1,0,1,0,1,0,1
DeArkfsalvation,30,,8,0,1,0,0,0,0,0,0,0,1,1,0,0,0,1,0,1,1,1,1
Bradyr2118,30,,2,0,0,0,0,0,0,0,0,1,0,0,0,1,0,0,0,0,0,0,0
BaronVonGarray,30,,1,0,0,0,0,0,0,0,0,0,0,0,0,0,0,0,0,0,0,1,0
BanteyimerT,30,,1,0,0,1,0,0,0,0,0,0,0,0,0,0,0,0,0,0,0,0,0
BallotBoxedOut,30,,3,0,0,0,0,0,0,0,0,0,0,0,0,0,0,0,1,0,1,1,0
Anime_77701,30,,1,0,0,0,0,0,0,0,1,0,0,0,0,0,0,0,0,0,0,0,0
AlixMaineRei,30,,1,0,0,0,0,0,0,0,0,0,0,0,0,0,0,0,0,0,0,0,1
A_Hosseinianfar,30,,1,0,0,0,0,0,0,0,0,0,0,0,0,0,0,0,0,0,0,1,0
zoneofsudhir,29,,4,0,0,0,0,0,1,0,0,1,1,0,1,0,0,0,0,0,0,0,0
tito4all,29,,1,0,0,0,0,0,0,0,0,0,0,0,0,1,0,0,0,0,0,0,0
showan1992,29,,1,0,0,0,0,0,0,0,0,0,0,0,0,1,0,0,0,0,0,0,0
shaahmiri,29,,1,0,0,0,0,0,0,0,1,0,0,0,0,0,0,0,0,0,0,0,0
nothingxboy,29,,1,0,0,0,0,0,0,0,0,0,0,0,0,0,0,0,0,0,1,0,0
ndehchef,29,,2,0,0,0,0,0,0,0,0,0,0,0,0,1,0,0,0,0,0,1,0
l_alexander47,29,,1,0,0,0,0,0,0,0,0,0,0,0,0,0,0,0,0,0,1,0,0
jonathanromurm8,29,,1,0,0,0,0,0,0,0,0,0,0,0,0,0,0,0,0,1,0,0,0
jkd77799,29,,16,0,1,1,0,1,1,0,1,1,1,1,1,1,0,1,1,1,1,1,1
humble78615,29,,5,0,0,0,0,1,1,0,0,1,0,0,0,1,0,0,0,1,0,0,0
d36d34f9ef104be,29,,11,0,1,1,1,1,1,1,0,1,1,1,0,1,0,0,0,0,0,0,1
cbgadtaula,29,,2,0,0,0,0,0,0,0,0,1,0,0,0,0,0,0,0,0,0,0,1
alam_aftab0,29,,2,0,0,0,0,0,0,1,0,0,1,0,0,0,0,0,0,0,0,0,0
_Staged_Reality,29,,5,0,0,0,0,0,0,0,0,0,1,0,0,0,0,0,1,0,1,1,1
Zikay69,29,,1,0,0,0,0,1,0,0,0,0,0,0,0,0,0,0,0,0,0,0,0
YdPwr97735,29,,1,0,0,0,0,0,1,0,0,0,0,0,0,0,0,0,0,0,0,0,0
Yaya919100,29,,1,0,0,0,0,0,0,0,0,0,0,0,0,0,0,1,0,0,0,0,0
Waw865518180051,29,,1,0,0,0,0,0,0,0,0,0,0,0,0,0,0,0,0,0,0,0,1
Starwars40A,29,,2,0,0,0,0,0,0,0,0,0,0,0,0,0,0,0,1,0,0,0,1
MozhganHas8766,29,,1,0,0,0,0,0,0,0,0,0,0,0,0,1,0,0,0,0,0,0,0
MoustaphaHv7gg,29,,4,1,0,0,0,1,0,0,0,0,0,1,0,0,0,0,0,0,0,0,1
Momo_Diaw_221,29,,5,0,0,0,0,0,0,0,1,0,0,1,0,0,0,0,1,0,1,1,0
Moh29935223Umar,29,,2,0,0,0,0,0,0,0,0,1,0,0,0,0,0,0,1,0,0,0,0
Mia55725318,29,,7,0,0,0,0,1,0,0,0,1,1,0,0,1,1,0,0,0,0,1,1
MazharA19870552,29,,1,0,0,0,0,0,0,0,0,0,0,0,0,0,0,0,0,1,0,0,0
MalaVidaOxy,29,,1,0,0,0,0,0,0,0,0,0,0,1,0,0,0,0,0,0,0,0,0
KMayablz,29,,1,1,0,0,0,0,0,0,0,0,0,0,0,0,0,0,0,0,0,0,0
BaharulIsl63128,29,,15,0,1,0,0,1,0,1,1,0,1,1,1,1,1,1,1,1,1,1,1
AwwalJakada_,29,,9,1,1,1,0,1,0,0,1,1,1,1,0,0,0,0,0,0,0,0,1
Ali185782256634,29,,1,0,1,0,0,0,0,0,0,0,0,0,0,0,0,0,0,0,0,0,0
Aabi_005,29,,2,0,0,0,0,0,0,0,0,0,0,0,0,0,0,0,0,0,1,1,0
A30749Ab,29,,1,0,0,0,0,0,1,0,0,0,0,0,0,0,0,0,0,0,0,0,0
7f6ff17f648a4e3,29,,1,0,0,0,0,0,0,0,0,1,0,0,0,0,0,0,0,0,0,0,0
111brigade_,29,,5,0,0,0,0,1,1,0,0,1,0,0,0,0,0,0,1,0,1,0,0
zaowu1,28,,5,0,0,0,0,0,1,0,0,1,0,0,0,0,0,0,1,1,0,1,0
yh_mn711,28,,1,0,0,0,0,0,0,0,0,0,0,0,1,0,0,0,0,0,0,0,0
vlad_terz1sk1,28,,5,0,0,0,0,0,0,0,0,1,1,0,0,0,0,0,0,0,1,1,1
thushaaar,28,,1,0,0,0,0,0,0,0,0,0,0,0,0,0,0,0,1,0,0,0,0
shalmsha2011,28,,1,0,0,0,0,0,0,1,0,0,0,0,0,0,0,0,0,0,0,0,0
reiner_melynda6,28,,1,0,0,0,0,0,0,0,0,0,0,0,0,0,0,0,0,0,1,0,0
raiddmeatbistro,28,,1,0,0,0,0,0,0,0,0,0,0,0,0,0,0,0,0,0,0,1,0
mahdi_talesh,28,,2,0,0,0,0,0,0,0,1,1,0,0,0,0,0,0,0,0,0,0,0
kuks_1738,28,,1,0,0,0,0,0,0,0,0,0,1,0,0,0,0,0,0,0,0,0,0
iamkothman,28,,1,0,0,0,0,0,0,0,0,0,0,0,0,0,0,0,0,1,0,0,0
hyperfipce,28,,1,0,0,0,0,0,0,0,0,0,0,0,0,0,0,0,0,0,0,0,1
hennawi_mohamad,28,,1,0,0,0,0,0,0,0,0,0,0,0,0,0,0,0,0,0,0,1,0
hasanelmifard,28,,1,0,0,0,0,0,1,0,0,0,0,0,0,0,0,0,0,0,0,0,0
happy_feet_100,28,,1,0,0,0,0,0,0,0,0,1,0,0,0,0,0,0,0,0,0,0,0
georgemc786,28,,3,0,0,0,0,0,0,0,1,1,0,1,0,0,0,0,0,0,0,0,0
duha159,28,,1,0,0,0,0,0,0,0,0,0,0,0,0,0,0,1,0,0,0,0,0
bolitics_bo,28,,1,0,0,1,0,0,0,0,0,0,0,0,0,0,0,0,0,0,0,0,0
azvatanam,28,,1,0,0,0,1,0,0,0,0,0,0,0,0,0,0,0,0,0,0,0,0
aliyi_osman,28,,1,0,0,0,0,0,0,0,0,0,0,0,0,0,0,0,0,1,0,0,0
adora_7876xx_gg,28,,1,0,0,0,0,0,0,0,0,1,0,0,0,0,0,0,0,0,0,0,0
abusafavid,28,,1,0,0,0,0,0,0,0,0,0,0,1,0,0,0,0,0,0,0,0,0
_ebbilol,28,,1,0,0,0,0,0,0,0,0,0,1,0,0,0,0,0,0,0,0,0,0
WarroomAli,28,,1,0,0,0,0,0,0,0,0,1,0,0,0,0,0,0,0,0,0,0,0
Unstable2030,28,,2,0,0,0,0,0,0,0,0,0,0,0,0,0,0,0,0,0,0,1,1
TafseerAwa68709,28,,1,0,0,0,0,0,0,0,0,0,0,0,0,0,0,0,0,0,0,1,0
TaDificil2025,28,,3,0,0,0,0,0,1,1,0,0,0,0,1,0,0,0,0,0,0,0,0
SemPavorII,28,,1,0,0,0,0,0,0,0,0,0,1,0,0,0,0,0,0,0,0,0,0
SakotraScenario,28,,3,0,0,0,0,0,0,0,0,0,0,0,0,0,0,0,0,0,1,1,1
STRAITOFHOtz,28,,1,0,0,1,0,0,0,0,0,0,0,0,0,0,0,0,0,0,0,0,0
RAJAIMRANALI13,28,,2,0,0,0,0,0,0,0,0,1,0,0,0,0,0,0,0,1,0,0,0
Patriot1982378,28,,1,0,0,0,0,0,0,0,0,0,0,0,0,0,0,0,0,0,1,0,0
Observicon,28,,1,0,0,0,0,0,0,0,0,0,0,0,0,0,0,0,0,0,0,0,1
NorAmin2021,28,,1,0,0,0,0,0,0,0,0,0,0,0,0,0,0,0,0,1,0,0,0
LeCeutel,28,,1,0,0,0,0,0,0,0,0,0,0,0,0,0,0,0,0,1,0,0,0
Komaaei,28,,1,0,0,0,0,0,0,1,0,0,0,0,0,0,0,0,0,0,0,0,0
KamoMabote,28,,1,0,0,0,0,0,0,0,0,0,0,0,0,0,0,0,0,0,0,0,1
Iranwithincom,28,,5,0,0,0,0,0,0,0,1,1,0,0,0,0,0,0,0,1,0,1,1
HarlordAnk80681,28,,11,0,1,0,1,1,1,0,0,1,0,1,1,1,0,0,1,1,1,0,0
HOSSAIN_KMM,28,,1,0,0,0,0,0,0,0,0,0,0,0,0,0,0,0,0,0,0,0,1
FiyaShahzad,28,,1,0,0,0,0,0,0,0,0,0,0,0,0,0,0,0,0,1,0,0,0
Brent1174872,28,,1,0,0,0,0,0,0,0,0,0,0,0,0,0,0,0,0,0,0,1,0
Behnam591059,28,,3,0,0,0,0,0,0,0,0,1,0,0,1,1,0,0,0,0,0,0,0
Arezu456117,28,,2,0,0,1,0,0,0,0,0,0,0,0,1,0,0,0,0,0,0,0,0
Andrew4Market,28,,1,0,0,0,0,0,0,0,0,0,1,0,0,0,0,0,0,0,0,0,0
Ali86737147,28,,1,0,0,0,0,0,0,0,0,0,0,0,0,0,0,0,0,0,1,0,0
AhmedUSUKKSA,28,,1,0,0,0,0,0,0,0,0,0,1,0,0,0,0,0,0,0,0,0,0
22Waterloo,28,,2,0,0,0,0,0,0,1,0,0,0,0,0,0,0,0,0,0,0,0,1
16Yeshwanth,28,,3,0,1,0,0,0,1,0,0,0,1,0,0,0,0,0,0,0,0,0,0
zhongcunxi80701,27,,1,0,0,0,0,0,0,0,0,0,0,0,0,0,0,0,0,0,1,0,0
taherian_hasan,27,,1,0,0,0,1,0,0,0,0,0,0,0,0,0,0,0,0,0,0,0,0
rj42898025,27,,7,0,0,0,0,0,0,0,0,1,1,1,1,1,0,0,0,1,0,1,0
oumarrafioubah6,27,,1,0,0,0,0,0,0,0,0,0,0,0,0,0,0,0,1,0,0,0,0
mpa140aywq,27,,1,0,0,0,0,0,0,0,0,0,0,1,0,0,0,0,0,0,0,0,0
medaraslan23,27,,1,0,0,0,0,0,0,0,0,0,1,0,0,0,0,0,0,0,0,0,0
johnsmith9wns,27,,2,0,0,0,0,0,1,0,0,0,0,0,0,0,0,0,1,0,0,0,0
joannahogg90,27,,1,0,0,0,0,0,0,0,0,0,0,0,0,0,0,0,0,0,0,0,1
h_dani_1986,27,,3,0,0,0,0,0,0,0,1,1,0,0,0,0,0,0,0,1,0,0,0
gkkcbz,27,,1,0,0,0,0,0,0,0,0,1,0,0,0,0,0,0,0,0,0,0,0
gibrilgaye26472,27,,2,0,0,0,0,0,0,0,0,0,0,0,0,0,0,0,0,1,1,0,0
danele8q,27,,1,0,0,0,0,1,0,0,0,0,0,0,0,0,0,0,0,0,0,0,0
altaf415,27,,1,0,0,0,0,0,0,0,0,0,0,0,0,0,0,0,0,1,0,0,0
aidenazarfan,27,,2,0,0,0,0,0,0,0,0,0,1,0,0,0,0,0,0,1,0,0,0
ahmasa0j,27,,2,0,0,0,0,0,0,0,0,0,1,0,0,1,0,0,0,0,0,0,0
Yil_m4z,27,,1,0,0,0,0,0,0,1,0,0,0,0,0,0,0,0,0,0,0,0,0
Vickbizz,27,,1,0,0,0,0,0,1,0,0,0,0,0,0,0,0,0,0,0,0,0,0
Shadab1303,27,,2,0,1,0,0,0,0,0,0,0,0,0,0,0,0,0,0,1,0,0,0
RezaSaghii,27,,3,0,0,0,0,0,0,0,0,0,1,0,0,1,0,0,0,0,0,0,1
Rafe87506011,27,,4,0,1,0,0,0,0,0,0,0,0,0,0,0,0,0,1,0,1,0,1
PerTenebras2,27,,3,0,0,0,0,0,0,0,0,1,0,0,0,1,1,0,0,0,0,0,0
Mohsenayuobi2,27,,1,0,0,0,0,0,0,0,0,0,0,0,0,0,1,0,0,0,0,0,0
Mina_Safariyan,27,,2,0,0,0,0,0,1,0,0,0,0,0,0,0,0,0,0,0,1,0,0
MemoonaRez49601,27,,1,0,0,0,0,0,0,0,1,0,0,0,0,0,0,0,0,0,0,0,0
MaryamShma55148,27,,1,0,0,1,0,0,0,0,0,0,0,0,0,0,0,0,0,0,0,0,0
MMF988,27,,3,0,0,0,0,0,0,0,0,0,0,0,0,1,0,0,1,0,1,0,0
Loveall786687,27,,2,0,0,0,0,0,0,0,0,0,0,0,0,0,0,1,0,1,0,0,0
LaskarMumt14531,27,,5,0,0,0,0,0,0,0,0,0,0,0,0,1,1,0,1,1,0,1,0
Konyaei,27,,1,0,0,0,0,0,0,0,0,0,0,0,0,1,0,0,0,0,0,0,0
KayaPatriot1776,27,,3,0,0,0,0,0,1,0,0,1,1,0,0,0,0,0,0,0,0,0,0
JunaiduDahiru,27,,1,0,0,0,0,0,0,0,0,0,0,0,0,0,0,0,0,1,0,0,0
IbraheemBu33449,27,,1,0,0,0,0,0,0,0,0,0,0,1,0,0,0,0,0,0,0,0,0
HamariAwazz,27,,2,0,1,0,0,1,0,0,0,0,0,0,0,0,0,0,0,0,0,0,0
GagaYudhis18,27,,4,0,0,0,0,0,0,0,1,0,1,0,0,1,1,0,0,0,0,0,0
Fernando1841401,27,,3,0,0,0,0,0,0,0,0,1,0,0,0,1,0,0,0,1,0,0,0
FdezLpz,27,,1,0,0,0,0,0,0,0,0,0,0,0,0,0,0,0,0,0,1,0,0
Envy_Me_6,27,,1,0,0,0,0,0,0,0,0,0,0,0,0,0,0,0,0,1,0,0,0
Daniel13711731,27,,4,0,0,0,0,0,0,0,0,0,0,0,0,1,1,1,0,0,1,0,0
CreekToldU,27,,1,0,0,0,0,0,0,0,0,0,0,1,0,0,0,0,0,0,0,0,0
Chapas_HDP,27,,1,0,0,0,0,0,0,0,0,0,0,0,0,0,0,1,0,0,0,0,0
ByeByeBB720,27,,2,0,0,0,0,0,0,1,0,0,0,0,0,0,0,0,0,0,0,0,1
AvengerOfMartyd,27,,2,0,0,0,1,1,0,0,0,0,0,0,0,0,0,0,0,0,0,0,0
ArashZ62117,27,,2,0,0,0,0,0,0,0,0,0,0,0,0,1,0,0,0,0,1,0,0
AmirHossei72557,27,,1,0,0,0,0,0,0,0,0,0,0,0,0,0,0,0,0,0,1,0,0
Ali_nawazish87,27,,2,0,0,0,0,1,1,0,0,0,0,0,0,0,0,0,0,0,0,0,0
AliTurunc001,27,,3,0,0,0,0,0,0,0,0,1,0,1,0,0,0,0,0,1,0,0,0
Al_K_AA,27,,1,0,0,0,0,0,0,0,0,0,0,0,0,0,0,1,0,0,0,0,0
2m4life,27,,4,0,0,0,0,1,0,0,0,0,0,1,0,0,0,0,1,0,0,0,1
zara_znj,26,,1,0,0,0,0,0,0,0,0,0,0,0,0,0,0,0,0,0,0,0,1
xLion_King,26,,1,0,0,0,0,0,0,0,0,0,1,0,0,0,0,0,0,0,0,0,0
unseeennworld,26,,1,0,0,0,0,0,0,0,0,0,0,0,0,0,0,0,0,0,0,0,1
sanazjai1377,26,,1,0,0,0,0,0,1,0,0,0,0,0,0,0,0,0,0,0,0,0,0
rock_unclee,26,,2,0,0,1,0,0,0,0,0,0,0,0,0,0,0,0,0,0,0,0,1
rajeshVeng50272,26,,2,0,0,0,0,0,0,0,0,0,0,0,0,0,0,0,0,1,0,1,0
rainyrayh,26,,1,0,0,0,0,0,0,0,0,1,0,0,0,0,0,0,0,0,0,0,0
qaweezy,26,,1,0,0,0,0,0,0,0,0,0,1,0,0,0,0,0,0,0,0,0,0
n_salighehdar5,26,,3,0,0,0,0,0,0,1,0,0,1,0,1,0,0,0,0,0,0,0,0
mojdeavar82307,26,,2,0,0,0,0,0,1,0,0,1,0,0,0,0,0,0,0,0,0,0,0
mikitankawaii_,26,,1,0,0,1,0,0,0,0,0,0,0,0,0,0,0,0,0,0,0,0,0
miggyptredarmy,26,,1,0,0,0,0,0,0,0,0,0,0,0,0,0,0,0,0,0,0,0,1
matsam795079,26,,5,0,0,0,0,0,0,0,1,0,1,0,0,0,0,1,0,1,0,0,1
masterandkisan,26,,2,0,0,0,0,0,0,0,0,0,1,0,0,0,0,0,0,0,1,0,0
m15797_spahy,26,,1,0,0,0,0,0,0,0,0,0,1,0,0,0,0,0,0,0,0,0,0
lamashms,26,,1,0,0,0,0,0,0,0,0,0,0,0,0,0,0,1,0,0,0,0,0
kingblvckmusik,26,,1,0,0,0,0,0,0,0,0,0,1,0,0,0,0,0,0,0,0,0,0
kahar792,26,,1,0,0,0,0,0,0,0,0,0,0,0,0,0,0,1,0,0,0,0,0
hh6885318649948,26,,2,0,0,0,0,0,0,0,0,0,0,0,1,1,0,0,0,0,0,0,0
dr56551,26,,1,0,0,0,0,0,0,0,0,0,0,0,0,0,0,0,1,0,0,0,0
cabsonzz,26,,1,0,0,0,0,0,0,0,0,1,0,0,0,0,0,0,0,0,0,0,0
bornvahid_s,26,,1,0,0,0,0,0,0,0,0,0,0,0,0,0,0,0,0,0,1,0,0
akhitweeting,26,,1,0,0,0,0,0,0,0,0,0,0,1,0,0,0,0,0,0,0,0,0
ZarghamJaffery,26,,2,0,0,0,0,0,0,0,0,0,1,0,0,0,0,0,0,0,0,0,1
WilayatHus45948,26,,3,0,0,0,0,0,0,0,0,1,0,0,0,0,0,0,1,1,0,0,0
VirajChaudhari7,26,,1,0,0,0,0,0,0,0,0,0,0,0,0,1,0,0,0,0,0,0,0
SulaimanAy26815,26,,3,0,0,0,0,0,1,0,0,0,0,0,1,0,0,0,0,0,0,1,0
ShiraziniaAli,26,,7,0,0,0,0,0,1,0,0,0,0,0,0,1,1,0,1,1,1,0,1
Shikauwk1127167,26,,3,1,0,0,0,0,1,0,0,1,0,0,0,0,0,0,0,0,0,0,0
SahraRazi,26,,1,0,0,1,0,0,0,0,0,0,0,0,0,0,0,0,0,0,0,0,0
SableGris_,26,,2,0,0,0,1,0,0,1,0,0,0,0,0,0,0,0,0,0,0,0,0
OrrangeCakes,26,,4,0,0,0,0,0,0,0,0,1,1,0,0,1,0,0,0,1,0,0,0
Meysam212144,26,,1,0,0,0,0,0,1,0,0,0,0,0,0,0,0,0,0,0,0,0,0
MMMakkus,26,,1,0,0,0,0,0,0,0,0,0,0,0,0,0,0,0,0,0,0,0,1
LibiaFernn17353,26,,1,0,0,0,0,0,0,0,0,0,0,0,0,0,0,0,0,0,1,0,0
ISagehart,26,,1,0,0,0,0,0,0,0,0,0,1,0,0,0,0,0,0,0,0,0,0
HamzaAl83323357,26,,16,0,1,0,1,1,1,1,1,1,1,1,1,1,1,1,0,1,0,1,1
HafezTalesh,26,,1,0,0,0,0,0,0,0,0,0,0,0,0,0,0,0,0,1,0,0,0
GholamKareme,26,,2,1,0,0,0,0,0,0,0,0,0,0,0,1,0,0,0,0,0,0,0
Dr_Soroush_Iz,26,,1,0,0,0,0,0,0,0,1,0,0,0,0,0,0,0,0,0,0,0,0
DCO_OnenessAcad,26,,1,0,1,0,0,0,0,0,0,0,0,0,0,0,0,0,0,0,0,0,0
Cleo_Patrah,26,,1,0,0,0,0,0,0,0,0,0,0,0,0,0,0,0,0,0,0,0,1
Bilb0Beggings,26,,1,0,0,0,0,0,0,0,0,0,0,0,0,1,0,0,0,0,0,0,0
BahronovShohruh,26,,2,0,0,0,0,0,1,0,0,0,0,0,0,0,0,0,0,1,0,0,0
zuzicrypt,25,,1,0,0,0,0,0,0,0,0,0,0,0,0,0,0,0,0,0,0,0,1
woosh336,25,,1,0,0,0,0,0,0,0,0,0,0,0,0,0,0,0,0,0,1,0,0
wassup44,25,,1,0,0,0,0,0,0,0,0,1,0,0,0,0,0,0,0,0,0,0,0
visitalgeria,25,,1,0,0,0,0,0,0,0,0,0,0,0,0,0,0,1,0,0,0,0,0
usain_abu1,25,,1,0,0,0,0,0,0,0,0,0,0,0,0,0,0,0,0,0,0,1,0
tr458683130,25,,1,0,0,0,0,0,0,0,1,0,0,0,0,0,0,0,0,0,0,0,0
tiago_tm84,25,,1,0,0,0,0,0,0,0,0,0,0,0,0,0,0,0,0,0,0,0,1
tamaboy72945618,25,,1,0,0,0,0,0,0,0,0,0,0,0,0,0,0,0,0,0,0,0,1
shhyz550,25,,1,0,0,0,0,0,0,0,0,0,0,0,0,0,0,0,0,0,0,1,0
salmankhan46201,25,,1,0,0,0,0,0,0,0,0,0,0,0,0,0,0,0,0,1,0,0,0
saeedjafar78252,25,,1,0,0,0,0,0,0,0,0,0,0,0,0,0,0,0,0,0,1,0,0
python060,25,,1,0,0,0,0,0,0,0,0,0,0,0,0,0,0,1,0,0,0,0,0
mahmoud_neysi,25,,1,0,0,0,0,0,0,0,0,0,1,0,0,0,0,0,0,0,0,0,0
junascoitin,25,,3,0,0,0,0,0,1,1,0,0,0,0,0,0,0,0,0,0,1,0,0
javadamiri1163,25,,2,0,1,0,0,0,0,0,0,0,0,0,0,1,0,0,0,0,0,0,0
ibassa98,25,,1,1,0,0,0,0,0,0,0,0,0,0,0,0,0,0,0,0,0,0,0
hamood9803,25,,12,0,0,0,0,0,1,1,1,1,1,0,1,1,1,0,1,1,0,1,1
fckgoldielica,25,,1,0,0,0,0,0,0,0,0,0,0,0,0,0,0,0,0,0,0,0,1
dr_kazemiyeh,25,,1,0,0,0,1,0,0,0,0,0,0,0,0,0,0,0,0,0,0,0,0
div34544,25,,5,0,1,1,1,0,1,0,0,1,0,0,0,0,0,0,0,0,0,0,0
cyber_mir,25,,3,0,0,0,0,0,0,0,0,0,1,1,1,0,0,0,0,0,0,0,0
cocomel66681190,25,,3,0,1,0,0,0,0,0,0,0,0,0,0,0,0,0,0,1,0,1,0
asali943808993,25,,2,0,0,0,0,0,0,0,0,0,0,0,0,0,0,0,1,0,1,0,0
amaan_alam40,25,,12,0,1,0,0,0,1,1,1,1,1,1,1,1,1,0,0,1,1,0,0
ali_ghezelayagh,25,,2,0,0,0,0,0,0,0,0,1,0,0,0,0,1,0,0,0,0,0,0
adam_khedawy,25,,1,0,0,0,0,0,0,0,0,0,0,0,0,1,0,0,0,0,0,0,0
a_prestidge4,25,,1,0,0,0,0,0,0,0,0,0,0,0,0,0,0,1,0,0,0,0,0
TruthBeTroll,25,,1,0,0,0,0,0,0,0,0,0,0,0,0,0,0,0,0,0,0,0,1
The_Nullifidian,25,,4,0,0,0,0,0,0,0,0,0,0,0,1,1,0,0,0,0,0,1,1
SagaciousSapien,25,,2,0,0,1,0,0,0,0,0,1,0,0,0,0,0,0,0,0,0,0,0
Ololra,25,,1,0,0,0,0,0,0,0,0,0,0,0,0,0,0,0,0,0,0,0,1
OfficialIKMKB,25,,10,0,0,0,0,0,1,1,1,1,1,1,0,0,0,1,0,1,1,1,0
NashR92237273,25,,1,0,0,0,0,0,0,0,0,0,0,0,0,0,0,0,0,0,0,1,0
Muzami990,25,,1,0,0,0,0,0,0,0,0,0,0,0,1,0,0,0,0,0,0,0,0
Mokhan8601Khan,25,,1,0,0,0,0,0,0,0,0,0,0,0,0,0,0,0,1,0,0,0,0
Jattiscrazy,25,,14,0,1,0,1,0,1,1,1,1,1,1,1,1,0,1,1,0,0,1,1
Hippy12342,25,,3,0,0,0,0,0,1,0,0,0,0,0,0,0,0,0,1,0,0,1,0
HakimRaisa,25,,1,0,0,0,0,0,0,1,0,0,0,0,0,0,0,0,0,0,0,0,0
BunduKargbo1,25,,1,0,0,0,0,0,0,0,0,1,0,0,0,0,0,0,0,0,0,0,0
BooksforGang,25,,1,0,0,0,0,0,0,0,0,0,0,0,0,0,0,0,0,1,0,0,0
BakrAnnour,25,,3,0,0,0,0,0,0,0,0,0,0,0,0,1,1,0,0,0,0,0,1
BYLI04706671,25,,1,0,0,0,0,0,0,0,0,0,0,0,0,0,0,0,0,0,0,1,0
Anas_Ismail_38,25,,1,0,0,0,0,0,1,0,0,0,0,0,0,0,0,0,0,0,0,0,0
Amzox75,25,,4,1,0,0,0,0,0,0,0,0,0,0,0,0,0,0,1,1,0,1,0
AminMaxamed6,25,,1,0,0,0,0,0,0,0,0,0,0,0,1,0,0,0,0,0,0,0,0
AliHash86022888,25,,3,0,0,0,0,1,1,0,0,0,0,0,0,1,0,0,0,0,0,0,0
3_100_13,25,,1,0,0,0,0,0,0,0,0,0,1,0,0,0,0,0,0,0,0,0,0
whatevenn_22,24,,2,0,0,0,0,0,0,0,0,0,0,0,0,0,0,0,0,0,1,0,1
wantam_1,24,,5,0,1,0,0,0,0,0,1,0,1,1,1,0,0,0,0,0,0,0,0
umwambali2,24,,1,0,0,0,0,0,0,0,0,0,0,0,0,1,0,0,0,0,0,0,0
tayyab_bravo1,24,,1,0,0,0,0,0,0,0,0,0,0,0,0,0,0,1,0,0,0,0,0
snuren3,24,,2,0,1,0,0,0,0,0,0,0,0,0,0,1,0,0,0,0,0,0,0
rfyqllyl1341914,24,,1,0,0,0,0,0,0,1,0,0,0,0,0,0,0,0,0,0,0,0,0
poya2000poya,24,,1,0,0,0,0,0,0,0,0,0,0,0,0,1,0,0,0,0,0,0,0
p_bonner44,24,,1,0,1,0,0,0,0,0,0,0,0,0,0,0,0,0,0,0,0,0,0
mrfaisu_srk,24,,10,1,1,1,0,0,1,0,0,1,1,0,1,1,0,0,0,1,0,0,1
micky8067,24,,2,0,0,0,0,0,0,0,0,0,0,0,0,0,0,0,1,1,0,0,0
metalmarx,24,,1,0,0,0,0,0,0,0,0,0,0,0,0,0,0,0,0,0,0,0,1
mazprop2,24,,1,0,0,0,0,0,0,0,0,0,0,0,0,0,0,0,0,0,0,1,0
kooberneets,24,,15,1,1,1,1,1,1,1,1,1,1,1,1,0,0,1,1,1,0,0,0
kldyy458438,24,,1,0,0,0,0,1,0,0,0,0,0,0,0,0,0,0,0,0,0,0,0
karegamutahi00,24,,3,0,0,0,0,0,0,1,0,0,0,0,0,1,0,0,0,0,0,1,0
joosingapo1234,24,,4,0,0,0,0,0,0,0,1,0,0,0,1,1,0,0,0,0,0,0,1
jeuneble,24,,3,0,0,0,0,0,1,0,0,0,0,1,0,0,0,0,1,0,0,0,0
homid912992,24,,1,0,0,0,0,0,0,0,0,0,0,0,0,0,0,0,0,0,0,1,0
faaz0011,24,,2,0,0,0,0,0,0,1,0,0,0,0,0,0,0,0,0,0,0,0,1
dumond_josephin,24,,1,0,0,0,0,0,0,0,0,0,0,0,0,0,0,0,0,0,0,1,0
drnbdy_,24,,12,1,1,0,0,1,1,1,1,1,1,0,1,1,0,0,0,0,1,0,1
alimovahedi7914,24,,1,0,0,0,0,0,0,0,0,0,0,0,0,0,0,0,1,0,0,0,0
ahakbarii,24,,2,0,0,0,0,0,0,0,0,0,0,0,0,0,0,0,1,1,0,0,0
agueroswrath,24,,1,0,0,0,0,0,0,0,0,0,0,0,0,0,0,0,1,0,0,0,0
_irani_patriot,24,,1,0,0,0,0,1,0,0,0,0,0,0,0,0,0,0,0,0,0,0,0
YDipeka54885,24,,1,0,0,0,0,0,0,0,0,0,1,0,0,0,0,0,0,0,0,0,0
Xxx777123904,24,,1,0,0,0,0,0,0,0,0,0,0,0,0,1,0,0,0,0,0,0,0
XamarPapi,24,,1,0,0,0,0,0,1,0,0,0,0,0,0,0,0,0,0,0,0,0,0
TopComedyJokes,24,,5,0,0,0,0,1,0,0,0,1,0,1,1,0,0,0,1,0,0,0,0
TamariNegi40036,24,,3,0,0,0,0,0,0,0,0,0,0,0,0,1,1,1,0,0,0,0,0
Schabi2025,24,,14,0,0,0,0,1,1,1,1,1,1,0,1,1,1,0,1,1,1,1,1
Sara05731645,24,,5,0,0,0,0,0,0,0,0,0,1,1,0,1,1,0,1,0,0,0,0
S_Farahanii,24,,1,0,0,0,0,0,0,1,0,0,0,0,0,0,0,0,0,0,0,0,0
SDeezer89,24,,1,0,0,0,0,0,0,0,0,0,0,0,0,0,0,0,0,0,1,0,0
S86130785Shaikh,24,,2,0,0,1,0,0,0,0,0,0,1,0,0,0,0,0,0,0,0,0,0
OrionRelayX,24,,1,0,0,0,0,0,0,0,0,0,0,0,0,0,0,0,0,0,1,0,0
O_S812305,24,,5,0,1,1,0,0,1,0,0,0,0,0,0,1,0,0,0,0,0,1,0
Niklas9101826,24,,3,0,0,0,0,0,0,0,0,0,1,0,0,1,1,0,0,0,0,0,0
Mk0926980289842,24,,2,0,0,0,0,0,0,0,0,0,0,0,0,0,0,0,0,0,0,1,1
MercurialWST,24,,2,0,0,0,0,1,0,0,0,0,0,0,0,0,0,0,0,0,0,0,1
Mathematic4321,24,,2,0,0,0,0,0,0,0,0,0,0,0,0,0,0,1,1,0,0,0,0
Mamushe8,24,,1,0,0,0,0,0,0,0,1,0,0,0,0,0,0,0,0,0,0,0,0
MDBillalBi135,24,,5,0,0,0,0,0,0,0,0,0,0,0,0,1,0,1,0,1,1,0,1
Liaghat290420,24,,13,1,0,1,0,0,1,0,1,1,1,1,0,0,0,1,1,1,1,1,1
JamiluAbdubsk,24,,3,0,0,0,0,0,1,0,0,0,0,0,0,1,0,0,0,0,0,0,1
Inuske_Yeah,24,,2,0,0,0,0,0,0,0,0,0,0,0,0,1,1,0,0,0,0,0,0
DevGlobales,24,,2,0,0,0,0,0,0,0,0,0,1,0,1,0,0,0,0,0,0,0,0
CondeyPonc17838,24,,1,0,0,0,0,0,0,0,0,0,0,0,0,1,0,0,0,0,0,0,0
ChitLee221924,24,,1,0,0,0,0,0,0,0,0,1,0,0,0,0,0,0,0,0,0,0,0
Angelika786kbjb,24,,4,0,0,0,0,0,0,0,0,1,1,0,1,1,0,0,0,0,0,0,0
Amar_Emimer,24,,2,0,1,0,0,0,0,0,0,0,0,0,0,0,0,0,0,1,0,0,0
AkramHuss21,24,,2,0,0,0,0,0,0,1,0,0,0,0,0,0,0,0,0,0,0,0,1
ARSALANmamir,24,,6,0,0,0,0,0,1,0,0,0,1,0,0,1,0,0,1,0,0,1,1
3eyyedtaba,24,,1,0,0,0,0,0,0,0,0,0,0,0,0,0,0,0,0,0,0,0,1
zohreh41306,23,,3,0,0,0,0,0,0,0,0,0,0,1,0,1,0,0,1,0,0,0,0
xirs83534,23,,1,0,0,0,0,0,0,0,0,0,0,0,0,0,0,0,0,0,0,0,1
thiconqueror,23,,1,0,0,0,0,0,0,0,0,0,1,0,0,0,0,0,0,0,0,0,0
sirajqadir3,23,,5,0,0,0,0,0,0,1,0,1,1,0,0,1,0,0,0,0,1,0,0
parkrightherebp,23,,1,0,0,0,0,0,0,0,0,0,0,0,0,0,0,0,0,0,0,0,1
mortyinus,23,,5,0,0,0,0,0,1,0,0,1,1,0,0,0,0,0,0,1,1,0,0
mkant_rap,23,,2,0,0,0,0,1,0,0,0,1,0,0,0,0,0,0,0,0,0,0,0
miyayye,23,,1,1,0,0,0,0,0,0,0,0,0,0,0,0,0,0,0,0,0,0,0
meowdystranger,23,,1,0,0,0,0,0,0,0,0,0,1,0,0,0,0,0,0,0,0,0,0
mehraban1378,23,,4,0,0,0,0,0,1,1,0,0,0,0,0,1,0,0,0,0,1,0,0
jatt_badsh76484,23,,1,0,0,0,0,0,0,0,0,0,0,0,0,0,0,0,0,1,0,0,0
jafarkhan__8088,23,,1,0,0,0,0,0,0,1,0,0,0,0,0,0,0,0,0,0,0,0,0
ixzashx,23,,2,0,0,0,0,0,0,1,0,1,0,0,0,0,0,0,0,0,0,0,0
hasnain1011011,23,,5,0,0,0,0,0,0,0,1,0,1,0,0,1,0,0,1,1,0,0,0
hasan_sediqiii,23,,1,0,0,0,0,0,0,0,0,0,0,0,0,0,0,0,0,0,1,0,0
gearyleigh75,23,,1,0,0,0,0,0,0,0,0,1,0,0,0,0,0,0,0,0,0,0,0
dcintuitive,23,,1,0,0,0,0,0,0,0,0,0,1,0,0,0,0,0,0,0,0,0,0
bigdeli_am29809,23,,2,0,0,1,0,0,0,0,1,0,0,0,0,0,0,0,0,0,0,0,0
awwspeace,23,,1,0,0,0,0,0,0,0,0,0,1,0,0,0,0,0,0,0,0,0,0
ameri_jasm71699,23,,1,0,0,0,0,0,0,0,0,0,0,0,0,1,0,0,0,0,0,0,0
adelpeighami2,23,,1,0,0,0,0,0,0,0,0,0,0,0,0,0,0,0,0,0,0,0,1
Z_Sh0o,23,,10,0,0,0,0,1,1,1,1,1,1,1,1,1,1,0,0,0,0,0,0
ZRoshanbin28688,23,,3,0,0,0,1,0,0,0,0,0,0,0,0,1,1,0,0,0,0,0,0
YakayanT,23,,3,0,0,0,0,0,0,0,0,0,0,0,0,1,1,0,0,0,0,0,1
Usmanidenyi,23,,1,0,0,0,0,0,0,0,0,0,1,0,0,0,0,0,0,0,0,0,0
TamoorH15406431,23,,1,0,0,0,0,0,0,0,0,0,0,0,0,0,0,0,1,0,0,0,0
Shouman12Hassan,23,,1,0,0,0,0,0,0,0,0,0,0,0,0,0,0,1,0,0,0,0,0
ShohagAbs26843,23,,1,0,0,0,0,0,0,0,0,0,0,1,0,0,0,0,0,0,0,0,0
RayaneSoulaiman,23,,13,0,1,1,0,1,1,0,1,0,0,1,1,1,1,1,1,0,1,1,0
ProjectHum0141,23,,1,0,0,1,0,0,0,0,0,0,0,0,0,0,0,0,0,0,0,0,0
PastrimiF39181,23,,6,0,0,0,0,1,1,1,0,1,1,0,0,0,0,0,0,0,1,0,0
NASER__SHIRAZI,23,,1,0,0,0,0,0,0,0,0,0,0,0,0,0,0,0,0,0,1,0,0
Mozhganaghajani,23,,2,0,0,0,0,1,0,0,0,1,0,0,0,0,0,0,0,0,0,0,0
Meyabadi_Ehsan,23,,1,0,0,0,0,0,0,0,0,0,0,1,0,0,0,0,0,0,0,0,0
MarjanRajani,23,,2,0,0,0,0,0,0,0,0,0,0,0,0,0,0,0,0,0,0,1,1
MajidRezaeiD,23,,3,0,1,0,0,1,0,0,0,0,0,0,0,1,0,0,0,0,0,0,0
Lamidiii2000,23,,1,0,0,0,0,0,0,0,1,0,0,0,0,0,0,0,0,0,0,0,0
Lamhcfc20,23,,7,0,0,1,1,0,1,0,0,1,1,0,0,0,0,0,0,0,1,0,1
LStudio58392,23,,1,0,0,0,0,0,0,0,0,0,0,0,1,0,0,0,0,0,0,0,0
Hero_trader1403,23,,2,0,0,0,1,0,1,0,0,0,0,0,0,0,0,0,0,0,0,0,0
GhyurN,23,,1,0,0,0,0,0,0,0,0,0,0,1,0,0,0,0,0,0,0,0,0
FuerteLibreX,23,,11,0,0,1,0,0,0,0,1,1,1,1,0,1,0,1,1,0,1,1,1
ForouggGhaderi,23,,1,0,0,0,0,0,0,0,0,1,0,0,0,0,0,0,0,0,0,0,0
FornCCCP,23,,2,0,0,0,0,0,0,0,0,0,0,0,0,0,0,1,0,0,1,0,0
Fettah122964,23,,1,0,0,0,0,0,0,0,0,1,0,0,0,0,0,0,0,0,0,0,0
DCO_IMC,23,,1,0,1,0,0,0,0,0,0,0,0,0,0,0,0,0,0,0,0,0,0
CheddarPabbpk4,23,,1,0,0,0,0,0,1,0,0,0,0,0,0,0,0,0,0,0,0,0,0
Bilal_lb961,23,,2,0,0,0,0,0,0,0,1,0,0,0,0,0,0,1,0,0,0,0,0
BenD5867,23,,1,0,0,0,0,0,0,0,0,0,0,0,0,0,0,0,1,0,0,0,0
BahFadda,23,,1,0,0,0,0,0,0,0,0,0,0,0,0,0,0,0,0,0,0,0,1
Arsh_Sheikh15,23,,1,0,0,0,0,0,0,0,0,0,0,0,0,0,0,0,0,0,1,0,0
Ali_muni63,23,,2,0,0,0,0,0,0,0,1,0,1,0,0,0,0,0,0,0,0,0,0
AlgoulMoe86338,23,,3,0,0,0,0,0,0,0,0,0,0,0,0,0,0,1,1,1,0,0,0
Abdul1871912,23,,5,0,0,0,0,1,1,0,0,1,1,0,0,0,1,0,0,0,0,0,0
Aabid______,23,,1,0,0,0,0,0,0,0,0,0,0,0,0,1,0,0,0,0,0,0,0
ALIWAQAS92110,23,,1,0,0,0,0,0,1,0,0,0,0,0,0,0,0,0,0,0,0,0,0
ALBeeB2,23,,1,0,0,0,0,0,0,0,0,0,0,0,0,0,0,0,0,0,0,1,0
313III313,23,,1,0,0,0,0,0,0,0,0,1,0,0,0,0,0,0,0,0,0,0,0
wsyy1121,22,,4,0,0,0,0,0,1,1,0,0,0,0,0,1,0,0,0,0,0,0,1
waximabbas,22,,1,0,0,0,0,0,0,0,0,1,0,0,0,0,0,0,0,0,0,0,0
va2hid,22,,1,0,0,0,0,0,0,0,0,0,0,0,0,0,0,0,0,0,1,0,0
shobybhai,22,,5,0,0,0,0,0,0,1,0,0,1,0,0,0,0,0,1,1,1,0,0
rgh6111,22,,5,0,0,0,0,1,1,0,0,0,1,0,0,0,1,0,0,0,1,0,0
pahlevan_m,22,,1,0,0,0,0,0,0,0,0,0,0,0,0,0,0,0,0,0,1,0,0
mr100____,22,,1,0,0,0,0,0,0,1,0,0,0,0,0,0,0,0,0,0,0,0,0
lvi1643569,22,,1,0,0,0,0,0,0,0,0,0,0,1,0,0,0,0,0,0,0,0,0
lbrahimail777,22,,2,0,0,0,0,0,0,0,0,1,0,0,0,0,0,0,0,1,0,0,0
hamzasheh_ca,22,,1,0,0,0,0,0,0,0,1,0,0,0,0,0,0,0,0,0,0,0,0
filisteeen,22,,1,0,0,0,0,0,0,0,0,0,0,0,0,0,0,0,0,0,0,0,1
dinobeous,22,,1,0,0,0,0,0,0,0,0,1,0,0,0,0,0,0,0,0,0,0,0
billbud1337,22,,1,0,0,0,0,0,0,0,0,0,0,0,0,0,0,0,0,1,0,0,0
asiyashubby,22,,3,0,0,0,0,0,0,1,0,0,1,0,0,0,0,0,0,0,0,0,1
ansari007845,22,,4,0,0,1,0,0,0,1,1,1,0,0,0,0,0,0,0,0,0,0,0
amirraf7866,22,,1,0,0,0,0,0,0,0,1,0,0,0,0,0,0,0,0,0,0,0,0
aligorgani73,22,,1,0,0,0,0,0,0,0,0,0,0,0,0,0,0,0,0,0,0,1,0
ali_raza1129,22,,4,0,0,0,0,0,1,0,1,0,0,0,0,1,0,0,0,0,1,0,0
Zaidonsalam,22,,1,0,0,0,0,0,0,0,0,0,0,0,0,0,0,0,0,0,0,0,1
Xvarnahh,22,,3,0,0,0,1,1,0,0,0,0,0,0,0,1,0,0,0,0,0,0,0
ShabbazXX,22,,1,0,0,0,0,0,0,0,0,0,0,0,0,0,0,0,0,1,0,0,0
RedResister_X,22,,1,0,0,0,0,0,0,0,0,0,0,0,0,0,0,0,0,0,1,0,0
Qayyum927,22,,2,0,0,0,0,0,0,0,0,0,0,1,0,0,0,1,0,0,0,0,0
Pzhangxo,22,,2,0,0,0,0,0,0,0,0,0,0,0,0,0,0,1,0,1,0,0,0
Pepeeurasiano,22,,1,0,0,0,0,0,0,0,0,0,0,0,0,0,0,0,1,0,0,0,0
Naser57358438,22,,1,0,0,0,0,1,0,0,0,0,0,0,0,0,0,0,0,0,0,0,0
MorwaM20171,22,,2,0,0,0,0,0,0,0,0,0,1,1,0,0,0,0,0,0,0,0,0
Lossan_bjp,22,,2,0,0,0,0,0,0,0,1,0,0,0,0,0,0,0,0,0,0,0,1
HabibiXfhc,22,,6,0,0,1,0,0,0,1,0,0,0,0,0,0,0,0,1,1,1,0,1
HaHasnain11,22,,1,0,0,0,0,0,0,0,0,0,0,1,0,0,0,0,0,0,0,0,0
Fredrush18Rush,22,,1,0,0,0,0,0,0,0,0,0,0,0,0,1,0,0,0,0,0,0,0
DonDiego_9881,22,,1,0,0,0,0,0,0,1,0,0,0,0,0,0,0,0,0,0,0,0,0
Diego1343712,22,,1,0,0,0,0,0,0,0,0,0,0,0,0,0,0,0,0,0,0,0,1
Crusaderspring,22,,1,0,1,0,0,0,0,0,0,0,0,0,0,0,0,0,0,0,0,0,0
BenDove30484434,22,,2,0,0,0,0,0,0,1,0,0,0,0,0,0,0,1,0,0,0,0,0
BCeneger,22,,1,0,0,0,0,0,1,0,0,0,0,0,0,0,0,0,0,0,0,0,0
AtrSib14441,22,,1,0,0,0,0,0,0,1,0,0,0,0,0,0,0,0,0,0,0,0,0
AteeqMughalPK,22,,1,0,0,0,0,0,0,0,0,0,1,0,0,0,0,0,0,0,0,0,0
Anonymouses_i,22,,5,0,0,0,0,0,1,0,0,1,1,0,0,1,1,0,0,0,0,0,0
Amrmohamed55972,22,,2,0,0,0,0,0,0,0,0,0,0,0,0,0,0,1,0,0,0,0,1
AliModares32336,22,,1,0,0,0,0,1,0,0,0,0,0,0,0,0,0,0,0,0,0,0,0
AlHussein77930,22,,1,0,0,0,0,0,0,0,0,0,0,0,0,0,0,0,0,0,0,1,0
Adjei_003,22,,7,1,0,0,0,0,1,1,0,1,0,1,1,0,0,0,0,0,0,0,1
13mousquetaires,22,,1,0,0,0,0,0,0,0,1,0,0,0,0,0,0,0,0,0,0,0,0
winchun47ha,21,,6,0,0,0,1,0,1,0,0,1,0,1,1,1,0,0,0,0,0,0,0
rebelfigure86,21,,1,0,0,0,0,0,0,0,0,0,0,0,0,0,0,1,0,0,0,0,0
prof_johnson12,21,,1,0,0,0,0,0,0,0,0,0,1,0,0,0,0,0,0,0,0,0,0
opinionist44526,21,,1,0,0,0,0,0,0,0,0,0,0,0,0,0,1,0,0,0,0,0,0
omp2040660,21,,2,0,0,0,0,0,0,0,0,0,0,0,0,0,0,1,0,0,1,0,0
naz56906,21,,1,0,0,0,0,0,0,0,0,0,0,0,0,0,0,0,0,0,0,0,1
myaserakbarii,21,,1,0,0,0,0,0,0,0,0,1,0,0,0,0,0,0,0,0,0,0,0
lemine_hmd,21,,1,1,0,0,0,0,0,0,0,0,0,0,0,0,0,0,0,0,0,0,0
kouhnezhad,21,,2,0,0,0,0,1,0,0,0,0,0,0,0,0,0,0,0,1,0,0,0
kazim_aj,21,,1,0,0,0,0,0,0,0,0,0,0,0,0,0,0,0,0,1,0,0,0
jll1223637,21,,1,0,1,0,0,0,0,0,0,0,0,0,0,0,0,0,0,0,0,0,0
jelirouse,21,,5,0,0,0,0,0,0,0,1,0,1,0,1,1,1,0,0,0,0,0,0
hassanixly,21,,5,0,0,0,0,0,1,0,0,0,1,1,0,0,0,1,0,1,0,0,0
gomes_hele16903,21,,3,0,0,0,0,0,0,0,0,0,1,0,0,1,1,0,0,0,0,0,0
gee_bangpo,21,,1,0,0,0,0,0,0,0,0,0,0,0,0,0,0,0,0,0,0,0,1
falmata45a,21,,7,0,0,0,1,1,1,1,1,0,0,0,0,0,0,0,0,0,0,1,1
d00dled000,21,,2,0,0,0,0,0,0,0,0,1,0,0,0,0,0,1,0,0,0,0,0
cchi2024,21,,1,0,0,0,0,0,0,0,1,0,0,0,0,0,0,0,0,0,0,0,0
bintangfajar33,21,,1,0,0,0,0,0,0,0,0,0,0,0,0,0,0,0,0,1,0,0,0
benish900,21,,7,0,0,0,1,0,0,0,0,0,0,0,1,1,0,1,0,1,1,0,1
bbclues,21,,1,0,0,0,0,0,0,0,0,0,0,0,0,0,0,0,0,0,0,0,1
bakht_huss23756,21,,1,0,0,0,0,0,0,0,0,0,1,0,0,0,0,0,0,0,0,0,0
bahramm53,21,,7,1,0,0,0,0,1,0,0,1,1,0,0,1,0,0,0,0,1,1,0
ahvaziahmad2,21,,1,0,0,0,0,0,0,0,0,0,0,0,0,1,0,0,0,0,0,0,0
aamiri__,21,,1,0,0,0,0,0,0,0,0,0,0,0,0,0,0,0,0,1,0,0,0
TemsamaniMouad,21,,1,0,0,0,0,0,0,0,0,0,1,0,0,0,0,0,0,0,0,0,0
Soldierspeak3,21,,2,0,0,0,0,0,0,0,0,0,0,0,0,0,0,1,0,1,0,0,0
Secularism_,21,,1,0,0,0,0,0,0,0,0,0,1,0,0,0,0,0,0,0,0,0,0
Rick82588886,21,,1,0,0,0,0,0,0,0,0,0,1,0,0,0,0,0,0,0,0,0,0
RevAaronEColyer,21,,1,0,0,0,0,1,0,0,0,0,0,0,0,0,0,0,0,0,0,0,0
Ramazanorccc,21,,1,0,0,0,0,0,0,0,0,0,0,0,0,0,0,0,0,0,0,0,1
QuraishSah65952,21,,1,0,0,0,0,0,0,1,0,0,0,0,0,0,0,0,0,0,0,0,0
OmoniSimond0,21,,1,0,0,0,0,0,0,0,0,0,0,0,0,0,0,0,0,1,0,0,0
MuntazirSy78854,21,,1,0,0,0,0,0,0,0,0,0,0,0,0,0,0,0,0,0,0,0,1
MrRio_87,21,,3,0,0,0,0,0,0,0,0,1,0,0,0,0,0,0,0,1,1,0,0
Marleenssmile,21,,4,0,0,0,0,0,0,1,0,1,0,1,0,0,0,0,1,0,0,0,0
Mansorkabir,21,,1,0,0,0,0,0,0,0,0,0,0,0,0,0,0,0,0,0,0,1,0
MahdiSalim79930,21,,3,0,0,1,0,0,0,0,0,0,0,1,0,0,0,0,0,0,1,0,0
Love00c4,21,,1,0,0,0,0,0,0,0,0,0,0,0,0,0,0,0,1,0,0,0,0
Levinhosevou13,21,,8,0,1,0,1,1,1,0,1,1,0,0,0,0,0,0,0,1,0,1,0
LeeleM42661,21,,1,0,0,0,0,0,0,0,0,0,1,0,0,0,0,0,0,0,0,0,0
JuliusGikuruN,21,,1,0,0,0,0,0,0,0,0,0,0,0,0,0,0,0,0,0,1,0,0
JOSE_R_ROSALES,21,,1,0,0,0,0,0,0,0,0,0,0,0,0,0,0,0,0,1,0,0,0
I_Am_NLe,21,,8,0,0,0,0,1,1,1,0,0,1,0,0,0,0,0,0,1,1,1,1
HaticeTelt313,21,,2,0,0,0,0,0,0,1,0,0,1,0,0,0,0,0,0,0,0,0,0
GAkuerter65250,21,,1,0,0,0,0,0,0,0,0,0,0,0,0,0,0,0,0,0,0,0,1
DenisyegonYegon,21,,1,0,0,0,0,0,0,0,0,0,0,0,0,0,0,0,0,0,1,0,0
BlackLight3r,21,,3,0,0,0,0,0,1,0,0,0,0,0,1,0,0,0,0,0,0,0,1
BDDD10,21,,1,0,0,0,0,0,1,0,0,0,0,0,0,0,0,0,0,0,0,0,0
Amjadabs,21,,3,0,0,0,0,0,0,0,0,0,0,0,1,1,0,0,0,0,0,1,0
AhamedIimb,21,,4,0,0,0,0,0,1,0,0,1,0,0,0,0,0,0,0,0,1,1,0
AbuLayla371379,21,,1,0,0,0,0,0,0,0,0,0,0,0,0,0,0,1,0,0,0,0,0
zsrana1,20,,1,0,0,0,0,0,0,0,0,0,0,0,0,0,0,0,0,0,1,0,0
yoeasf86,20,,7,1,0,0,0,1,1,1,0,1,0,1,0,0,0,0,0,0,0,1,0
wawawa1750131,20,,1,0,0,0,0,1,0,0,0,0,0,0,0,0,0,0,0,0,0,0,0
pashaowski,20,,2,0,0,0,0,0,0,0,0,0,0,0,0,0,0,0,0,0,1,0,1
nawbahar_h942,20,,1,0,0,0,0,0,0,0,0,0,0,0,0,1,0,0,0,0,0,0,0
moozzammil14,20,,1,0,0,0,0,0,0,0,0,0,0,0,0,0,0,0,0,0,1,0,0
mhdrasooli,20,,1,0,0,0,0,0,0,0,0,0,0,0,0,0,0,0,1,0,0,0,0
mburu43089,20,,1,0,0,0,0,0,0,0,0,0,1,0,0,0,0,0,0,0,0,0,0
kolbe3620333295,20,,8,0,1,1,1,0,0,0,1,0,0,1,0,1,0,0,1,0,0,0,1
kawase10000,20,,1,0,0,0,0,0,0,0,0,0,0,0,0,1,0,0,0,0,0,0,0
iranaxispk,20,,1,0,0,0,0,0,0,0,0,0,0,0,0,0,0,0,0,0,1,0,0
freedommf777,20,,1,0,0,0,0,0,0,0,0,0,0,0,0,0,0,0,0,0,0,0,1
figi2f2,20,,1,0,0,0,0,0,1,0,0,0,0,0,0,0,0,0,0,0,0,0,0
fedrozaragoza,20,,1,1,0,0,0,0,0,0,0,0,0,0,0,0,0,0,0,0,0,0,0
c_thomas29,20,,1,0,0,0,0,0,0,0,0,0,0,0,0,0,0,0,1,0,0,0,0
_hengamh_,20,,1,1,0,0,0,0,0,0,0,0,0,0,0,0,0,0,0,0,0,0,0
WaveDivine57,20,,1,0,0,0,0,0,0,0,0,0,1,0,0,0,0,0,0,0,0,0,0
Sol563887996186,20,,1,0,0,0,0,0,0,0,0,0,0,0,0,0,0,0,0,0,0,0,1
SadaqatUll5998,20,,1,0,1,0,0,0,0,0,0,0,0,0,0,0,0,0,0,0,0,0,0
SHrowai,20,,1,0,0,0,0,0,0,0,0,0,0,0,0,0,0,1,0,0,0,0,0
RonaldMwondha,20,,1,0,0,0,0,0,0,0,0,0,1,0,0,0,0,0,0,0,0,0,0
Osama50786600,20,,1,0,0,0,0,0,0,0,0,0,0,0,0,0,0,0,0,1,0,0,0
Nexusafro,20,,5,0,1,1,0,0,1,0,0,0,0,1,0,0,0,0,0,1,0,0,0
Mshahba39770307,20,,7,0,0,0,0,1,0,1,1,1,1,1,0,1,0,0,0,0,0,0,0
MohdabdulSaji12,20,,1,0,0,0,0,0,0,1,0,0,0,0,0,0,0,0,0,0,0,0,0
Mohamma48803386,20,,1,0,0,0,0,0,0,0,0,0,0,0,1,0,0,0,0,0,0,0,0
Mian_Yawar57,20,,1,0,0,0,0,0,0,0,0,1,0,0,0,0,0,0,0,0,0,0,0
MansoreAbbasi,20,,1,0,0,0,0,0,0,0,0,0,0,0,0,0,0,0,0,0,0,0,1
MFHusain4,20,,1,0,0,0,0,0,0,0,0,0,0,0,0,1,0,0,0,0,0,0,0
Khurshid1416457,20,,1,0,0,0,0,0,0,0,0,0,0,0,1,0,0,0,0,0,0,0,0
Khan_Shahbaz26,20,,1,0,0,0,0,0,0,0,0,0,0,0,0,0,0,0,0,0,0,0,1
IgilFati,20,,1,0,0,0,0,0,0,0,0,1,0,0,0,0,0,0,0,0,0,0,0
HsynSdam86296,20,,1,0,0,0,0,0,0,0,0,0,0,0,0,1,0,0,0,0,0,0,0
HaidiS58824,20,,1,0,0,0,0,1,0,0,0,0,0,0,0,0,0,0,0,0,0,0,0
HadiGholam22411,20,,2,0,0,0,0,0,0,0,0,0,0,0,0,1,0,0,0,1,0,0,0
Gul_Abdullah13,20,,1,0,0,0,0,0,0,0,0,0,0,0,0,0,0,0,0,0,0,0,1
GokuM14336,20,,2,0,0,0,0,0,0,0,0,0,0,0,0,0,0,0,0,1,0,1,0
FkingNotorious,20,,1,0,0,0,0,0,0,0,0,0,0,0,0,0,0,0,0,0,0,0,1
Devo01ahmed,20,,1,0,0,0,0,0,0,1,0,0,0,0,0,0,0,0,0,0,0,0,0
Danni_IR98,20,,2,1,0,0,0,0,0,0,0,0,0,0,0,0,0,0,0,0,0,1,0
CheGueverasoul,20,,1,0,0,0,0,0,0,0,0,0,0,0,0,0,0,0,0,0,1,0,0
BanafshaW36239,20,,1,0,0,0,0,0,0,0,0,0,0,0,0,0,0,0,0,0,1,0,0
AyMenPales,20,,2,0,0,0,0,0,1,0,0,0,0,0,0,0,0,0,0,0,0,0,1
Amir51045837,20,,6,0,0,0,0,1,1,1,0,1,0,0,0,1,0,0,1,0,0,0,0
AlkatrasTulipa,20,,2,0,0,0,0,0,0,0,1,0,0,0,0,0,0,0,0,1,0,0,0
Ah_Haghi,20,,1,0,0,0,0,0,0,0,0,0,0,0,0,0,0,0,0,0,1,0,0
AbbasAkbhar512,20,,2,0,0,0,0,0,0,0,0,0,0,0,0,0,0,0,0,1,0,1,0
zaxivon,19,,3,0,0,0,1,0,0,0,0,0,0,0,0,1,0,0,0,1,0,0,0
vatn665147,19,,1,0,0,0,0,0,0,0,0,0,0,0,0,0,0,0,1,0,0,0,0
soheilsaffari1,19,,1,0,0,0,0,1,0,0,0,0,0,0,0,0,0,0,0,0,0,0,0
naziholylight,19,,1,0,0,0,0,0,0,1,0,0,0,0,0,0,0,0,0,0,0,0,0
mosiesf,19,,2,0,0,0,0,1,0,0,0,0,1,0,0,0,0,0,0,0,0,0,0
mohammadhos80,19,,5,0,0,0,0,0,1,0,1,1,0,0,0,0,0,0,0,0,1,0,1
mhkhalilian,19,,1,0,0,0,0,0,0,0,0,0,0,0,0,0,0,0,0,0,1,0,0
meftah_313,19,,2,0,0,0,0,1,1,0,0,0,0,0,0,0,0,0,0,0,0,0,0
matjohnau,19,,1,0,0,0,0,0,0,0,0,1,0,0,0,0,0,0,0,0,0,0,0
kryptos2399,19,,3,0,0,0,0,0,1,0,1,0,1,0,0,0,0,0,0,0,0,0,0
khorshidafshar,19,,2,0,0,0,0,0,0,0,0,0,0,1,1,0,0,0,0,0,0,0,0
irfan4242332,19,,8,0,0,0,1,1,0,1,1,0,0,0,0,1,0,1,1,0,0,1,0
ibrar_muha17560,19,,1,0,0,0,0,0,0,0,0,0,0,0,0,0,0,0,0,0,0,0,1
dudok03,19,,4,0,0,0,0,0,1,1,1,1,0,0,0,0,0,0,0,0,0,0,0
ale8534,19,,1,0,0,0,0,0,0,0,1,0,0,0,0,0,0,0,0,0,0,0,0
_alsadr_,19,,1,0,0,0,0,0,0,0,0,0,0,0,0,1,0,0,0,0,0,0,0
ZeeshanMah40673,19,,1,0,0,0,0,0,0,0,0,0,0,0,0,0,0,0,0,0,0,0,1
ZAyaz70549,19,,1,0,0,0,0,0,0,0,0,0,0,0,0,0,0,0,0,0,0,0,1
TUnzicker21594,19,,2,0,0,1,0,0,0,0,0,0,0,0,0,0,0,0,0,0,0,0,1
Shafi262614,19,,8,0,1,0,0,0,0,1,1,1,1,1,0,0,0,0,1,0,0,0,1
SaddamH55572983,19,,1,0,0,0,0,0,0,0,0,0,1,0,0,0,0,0,0,0,0,0,0
Papito367653,19,,2,0,1,0,0,0,0,0,0,1,0,0,0,0,0,0,0,0,0,0,0
Muhamma9825198,19,,1,0,0,1,0,0,0,0,0,0,0,0,0,0,0,0,0,0,0,0,0
MasculineT44539,19,,4,0,0,0,0,0,1,0,0,0,1,0,0,0,0,0,0,1,0,1,0
Itz_abare,19,,4,0,0,0,0,0,0,0,0,0,0,0,0,0,0,0,1,1,0,1,1
Isa1763450,19,,2,0,0,0,0,0,0,1,0,1,0,0,0,0,0,0,0,0,0,0,0
Irvin4449237881,19,,1,0,0,0,0,0,0,0,0,0,0,0,0,0,0,0,0,1,0,0,0
HornyEnriq82133,19,,1,0,0,1,0,0,0,0,0,0,0,0,0,0,0,0,0,0,0,0,0
FerrerIniguez,19,,2,0,0,0,0,0,0,0,0,0,0,0,0,1,0,0,0,1,0,0,0
DawnAdo6h,19,,1,0,0,0,0,0,0,0,0,0,0,0,0,0,0,0,0,0,0,1,0
Carlosarez92,19,,1,0,0,0,0,0,0,0,1,0,0,0,0,0,0,0,0,0,0,0,0
Berryblazt,19,,2,0,0,0,0,0,0,0,0,0,0,1,0,0,0,0,0,0,0,0,1
Aliabdal007,19,,1,0,0,0,0,0,0,0,0,0,0,0,0,0,0,0,0,0,1,0,0
AfrinoGera19779,19,,1,0,0,0,0,0,0,0,0,0,0,0,0,0,0,0,0,0,0,0,1
Adityat27077822,19,,2,0,1,0,0,0,0,0,0,0,1,0,0,0,0,0,0,0,0,0,0
Abolfazl0779,19,,1,0,0,0,0,0,0,0,0,0,0,0,0,0,0,0,0,0,1,0,0
3p4trr,19,,1,0,0,0,0,0,0,0,0,0,1,0,0,0,0,0,0,0,0,0,0
13proudAmerican,19,,6,0,0,0,0,0,1,0,0,0,0,0,1,0,0,1,1,1,1,0,0
wnoovv,18,,1,0,0,0,0,0,0,0,0,0,0,0,0,0,0,0,0,0,0,0,1
wingedfoot0,18,,1,0,0,0,0,0,0,0,0,0,0,0,0,0,0,0,0,0,1,0,0
trustbuycrypto,18,,1,0,0,0,0,0,0,0,0,1,0,0,0,0,0,0,0,0,0,0,0
tintyteal,18,,1,0,0,0,0,0,0,0,0,0,1,0,0,0,0,0,0,0,0,0,0
talhakheybar,18,,1,0,0,1,0,0,0,0,0,0,0,0,0,0,0,0,0,0,0,0,0
printcmyk93,18,,5,0,0,0,1,1,1,0,0,1,0,0,0,0,0,0,0,1,0,0,0
nicolasktown2,18,,5,0,0,0,0,0,0,0,0,1,0,0,1,1,0,0,1,1,0,0,0
mugutmaat,18,,1,0,0,0,0,0,0,0,0,0,0,0,0,0,0,0,1,0,0,0,0
memecoinmagi,18,,1,0,0,0,0,0,0,0,0,0,0,0,0,0,0,0,0,1,0,0,0
mehru_syeda,18,,1,0,0,0,0,0,1,0,0,0,0,0,0,0,0,0,0,0,0,0,0
masumimm10,18,,2,0,0,0,0,0,0,0,0,1,0,0,0,0,0,0,0,0,1,0,0
mabshkr,18,,1,0,0,0,0,0,0,1,0,0,0,0,0,0,0,0,0,0,0,0,0
kurigalzuII,18,,1,0,0,0,0,0,0,0,0,0,1,0,0,0,0,0,0,0,0,0,0
khan_ayyan9674,18,,1,0,0,0,0,0,0,0,0,0,0,0,0,0,0,0,0,1,0,0,0
jood2006111,18,,1,0,0,0,0,0,0,0,0,0,0,0,0,0,0,0,0,0,0,1,0
jinghostjin,18,,1,0,0,0,0,0,0,0,0,0,0,0,0,0,0,0,0,0,0,0,1
immortalguardw,18,,5,0,1,1,1,0,0,0,1,1,0,0,0,0,0,0,0,0,0,0,0
hyyyyyder,18,,1,0,0,0,0,0,0,0,0,0,0,0,1,0,0,0,0,0,0,0,0
hoosinali12871,18,,3,0,0,0,0,1,0,0,0,0,0,0,0,1,1,0,0,0,0,0,0
fadhilimas38307,18,,1,0,0,0,0,0,0,0,1,0,0,0,0,0,0,0,0,0,0,0,0
emiriyade,18,,3,0,0,0,0,0,0,0,0,0,0,0,0,0,0,0,1,1,0,0,1
eip43434343,18,,2,0,0,0,0,0,0,0,0,0,0,0,0,0,0,0,0,0,1,1,0
drfreediver,18,,1,0,0,0,0,0,0,0,0,1,0,0,0,0,0,0,0,0,0,0,0
caterva_news,18,,1,0,0,0,0,0,1,0,0,0,0,0,0,0,0,0,0,0,0,0,0
amin___badie,18,,1,0,0,0,0,0,0,0,0,0,1,0,0,0,0,0,0,0,0,0,0
alesul1717,18,,1,0,0,0,0,0,0,0,0,0,0,0,0,0,0,0,0,0,0,0,1
adeeb_skry,18,,4,0,0,0,0,0,1,0,0,0,0,0,1,1,0,0,1,0,0,0,0
WtnDwst17173,18,,1,0,0,0,0,0,0,0,0,0,0,0,0,0,0,0,0,0,0,0,1
WalterBlack_93,18,,5,0,0,0,0,1,0,0,0,0,0,1,0,0,0,1,0,0,1,0,1
SleetSleet91,18,,4,0,0,0,0,1,0,0,1,1,0,0,0,0,1,0,0,0,0,0,0
RiazKhan496106,18,,1,0,0,0,0,0,0,0,0,0,0,0,0,0,0,0,0,0,0,0,1
ReyazunNajafi,18,,4,0,0,0,0,0,0,0,0,0,1,0,0,0,0,0,1,0,0,1,1
RMC_0077,18,,2,0,0,0,0,0,0,1,1,0,0,0,0,0,0,0,0,0,0,0,0
R3bellionRound6,18,,1,0,0,0,0,0,0,0,0,0,0,0,0,0,0,0,0,0,0,0,1
Pantera0001tj01,18,,2,0,0,0,0,0,0,0,0,0,1,0,0,0,0,0,0,1,0,0,0
MrXeeya3c,18,,1,0,0,0,0,1,0,0,0,0,0,0,0,0,0,0,0,0,0,0,0
MonsieurSall224,18,,9,0,1,1,0,0,1,1,1,0,1,1,0,0,0,0,1,0,0,0,1
Mhihate11030,18,,5,0,0,0,0,0,0,1,1,0,0,0,1,1,0,0,0,1,0,0,0
MSMirmoosa,18,,3,0,0,0,1,0,0,0,0,0,1,1,0,0,0,0,0,0,0,0,0
MMovahedam,18,,1,0,0,0,0,0,1,0,0,0,0,0,0,0,0,0,0,0,0,0,0
KhosroRuzbeh,18,,2,0,0,0,0,0,0,0,0,0,0,0,0,0,0,0,0,0,0,1,1
IsroniSai,18,,2,0,0,0,0,0,0,1,0,1,0,0,0,0,0,0,0,0,0,0,0
Hammoud_Batul,18,,3,0,0,0,0,0,0,0,0,0,1,0,0,0,0,1,0,1,0,0,0
Geralyn31076,18,,1,0,0,0,0,0,0,0,0,0,0,0,0,1,0,0,0,0,0,0,0
Fernand12037337,18,,2,0,0,0,0,0,0,0,0,0,0,1,0,0,0,0,0,1,0,0,0
ErSha71574,18,,1,0,0,0,0,0,0,0,0,1,0,0,0,0,0,0,0,0,0,0,0
EPNMatoMX1,18,,1,0,0,0,0,0,0,0,0,0,0,0,0,0,0,0,0,0,0,0,1
DeltaNeutra1,18,,6,0,0,0,0,0,0,0,1,0,0,0,0,1,1,0,1,1,1,0,0
Da_Ace444,18,,1,0,0,0,0,0,0,0,0,1,0,0,0,0,0,0,0,0,0,0,0
BotoNass,18,,1,0,0,0,0,0,0,0,0,0,1,0,0,0,0,0,0,0,0,0,0
AnonMorais,18,,9,0,0,0,0,0,0,0,0,1,1,1,1,1,1,0,0,1,1,0,1
AmyrRfy11694,18,,1,0,0,0,0,0,0,0,0,0,0,0,0,0,0,0,0,0,1,0,0
AlirezaSal3980,18,,1,0,0,1,0,0,0,0,0,0,0,0,0,0,0,0,0,0,0,0,0
Alif_Mridha69,18,,1,0,0,0,0,0,0,0,0,0,0,0,0,0,0,0,0,0,1,0,0
AhmedY18289,18,,1,0,0,0,0,0,0,0,0,1,0,0,0,0,0,0,0,0,0,0,0
Aftaxcaac,18,,3,0,0,0,0,0,0,0,0,1,1,0,0,0,0,0,0,1,0,0,0
AfafEid44,18,,1,0,0,0,0,0,0,0,0,1,0,0,0,0,0,0,0,0,0,0,0
yzhr386510,17,,1,0,0,0,0,0,0,0,0,0,0,1,0,0,0,0,0,0,0,0,0
taheranari,17,,1,0,0,0,0,0,0,0,0,0,0,0,0,0,0,0,1,0,0,0,0
sharifu20139,17,,5,0,0,0,0,0,0,1,1,1,0,0,0,0,0,0,0,0,0,1,1
samane_jfri,17,,1,0,0,0,0,0,0,1,0,0,0,0,0,0,0,0,0,0,0,0,0
prosaleemiqbal,17,,1,0,0,1,0,0,0,0,0,0,0,0,0,0,0,0,0,0,0,0,0
pnwwnp92867,17,,4,1,0,0,1,0,0,0,0,0,0,0,0,0,0,0,0,0,0,1,1
navid_asga74926,17,,3,0,0,0,1,0,0,0,0,0,1,0,0,0,0,0,1,0,0,0,0
mo_shiralipour,17,,1,0,0,0,0,0,0,0,0,0,0,0,0,0,1,0,0,0,0,0,0
mahdi_afzali_m,17,,1,0,1,0,0,0,0,0,0,0,0,0,0,0,0,0,0,0,0,0,0
madianyfzih0,17,,1,0,0,0,0,0,0,0,0,0,0,0,0,0,0,0,1,0,0,0,0
kamboh027,17,,1,0,0,0,0,0,0,0,0,0,0,0,0,0,0,0,0,1,0,0,0
k__vahid,17,,1,1,0,0,0,0,0,0,0,0,0,0,0,0,0,0,0,0,0,0,0
jahsrggk,17,,1,0,0,0,0,0,0,0,0,0,0,0,0,0,0,0,0,0,0,0,1
j_linda75,17,,1,0,0,0,0,0,0,0,0,0,0,0,0,0,0,0,0,0,0,0,1
ifysso,17,,3,0,0,0,0,0,0,0,0,1,0,0,0,0,0,0,0,0,1,0,1
ganjineh_defa,17,,1,0,0,0,0,0,0,0,0,0,0,0,0,0,0,0,0,0,0,0,1
emamsajad92326,17,,6,0,0,0,0,0,0,0,0,1,1,0,1,0,0,0,1,0,1,0,1
drzs0,17,,1,0,0,0,0,0,0,0,0,1,0,0,0,0,0,0,0,0,0,0,0
comutico,17,,1,0,0,0,0,0,0,0,0,0,0,0,0,0,0,0,0,0,0,0,1
carrierwave666,17,,1,0,0,0,0,0,0,0,0,0,0,0,0,0,1,0,0,0,0,0,0
britneycar5535,17,,5,0,0,0,0,0,0,1,1,1,0,0,1,0,0,0,1,0,0,0,0
biparva_hossein,17,,1,0,0,0,0,0,0,0,0,0,0,0,0,0,0,0,0,0,1,0,0
bhaiBoota19,17,,2,0,0,0,0,0,0,0,0,1,0,0,0,1,0,0,0,0,0,0,0
asim_riaz1235,17,,5,0,0,0,1,1,1,0,0,1,0,1,0,0,0,0,0,0,0,0,0
adriansiavash,17,,8,1,1,0,1,1,1,1,0,1,0,0,1,0,0,0,0,0,0,0,0
Zahrah7dj,17,,1,0,0,0,0,1,0,0,0,0,0,0,0,0,0,0,0,0,0,0,0
YojHklmKm26RhPG,17,,1,0,0,0,0,0,1,0,0,0,0,0,0,0,0,0,0,0,0,0,0
UsmanShahzd2,17,,1,1,0,0,0,0,0,0,0,0,0,0,0,0,0,0,0,0,0,0,0
TruthShandy,17,,1,1,0,0,0,0,0,0,0,0,0,0,0,0,0,0,0,0,0,0,0
TioManuelito,17,,5,0,0,0,0,1,1,0,0,0,0,0,1,1,1,0,0,0,0,0,0
Shahali000,17,,5,0,0,0,0,0,0,0,0,0,0,0,1,0,0,0,1,0,1,1,1
Sakha9617,17,,2,0,0,0,0,0,0,0,0,0,0,0,0,0,0,0,0,1,1,0,0
SCOOP201043,17,,1,0,0,0,0,0,0,0,0,0,0,0,0,0,0,0,0,0,0,0,1
PirouzS490733,17,,3,0,0,0,0,0,0,0,0,1,0,0,0,0,0,0,0,0,1,0,1
PhysicsB2,17,,3,0,0,0,0,0,0,0,0,1,0,0,0,0,0,0,1,0,0,0,1
OYildiz28,17,,1,0,0,0,0,0,0,0,0,0,0,0,0,0,0,0,0,1,0,0,0
Noumanwazir578,17,,1,0,0,0,0,0,0,0,0,0,0,0,0,0,0,0,1,0,0,0,0
NaqviHasan68201,17,,2,0,0,0,0,0,0,0,0,0,0,0,1,0,0,0,0,0,1,0,0
Mjk746545075710,17,,1,1,0,0,0,0,0,0,0,0,0,0,0,0,0,0,0,0,0,0,0
Mira1461023,17,,1,0,0,0,0,0,0,0,1,0,0,0,0,0,0,0,0,0,0,0,0
Me91809632,17,,2,0,0,0,0,0,0,0,1,0,0,0,0,0,0,0,0,1,0,0,0
MacSami272992,17,,2,0,0,0,0,0,0,0,0,0,0,0,0,0,0,0,0,0,1,0,1
KAndarabi92761,17,,7,0,1,0,0,1,1,1,1,1,0,0,1,0,0,0,0,0,0,0,0
Javier414285467,17,,1,0,0,0,0,0,0,1,0,0,0,0,0,0,0,0,0,0,0,0,0
HadiDboukgw,17,,6,0,0,0,0,0,0,0,1,1,1,1,0,0,0,1,0,0,0,1,0
Ghannadzadeh_IR,17,,1,0,0,0,0,0,0,0,0,0,0,0,0,0,0,0,0,0,0,0,1
G178343,17,,1,0,0,0,0,0,1,0,0,0,0,0,0,0,0,0,0,0,0,0,0
FChamiyan8997,17,,1,0,0,0,0,0,0,0,0,0,0,1,0,0,0,0,0,0,0,0,0
DrTimeLead,17,,7,1,1,0,0,0,0,0,1,1,1,1,0,0,0,0,0,0,0,1,0
DespiertaNDO,17,,1,0,1,0,0,0,0,0,0,0,0,0,0,0,0,0,0,0,0,0,0
Dan__umma,17,,1,0,0,0,1,0,0,0,0,0,0,0,0,0,0,0,0,0,0,0,0
DRMHROUDBARI,17,,1,0,0,0,0,0,0,0,0,0,0,0,0,1,0,0,0,0,0,0,0
Baitham92,17,,1,0,1,0,0,0,0,0,0,0,0,0,0,0,0,0,0,0,0,0,0
Alimt1984,17,,1,0,0,0,0,0,0,0,1,0,0,0,0,0,0,0,0,0,0,0,0
AliKiani441779,17,,3,0,0,0,1,0,0,0,0,0,0,1,0,1,0,0,0,0,0,0,0
AkhavanReza,17,,4,0,0,0,0,1,0,0,0,0,0,0,0,1,0,0,1,0,1,0,0
AcientMind,17,,1,0,0,0,0,0,0,0,0,0,0,0,0,0,0,0,0,0,0,0,1
728289214zzxxcc,17,,1,0,0,1,0,0,0,0,0,0,0,0,0,0,0,0,0,0,0,0,0
1618A2b,17,,1,0,0,0,0,0,0,0,0,0,1,0,0,0,0,0,0,0,0,0,0
unlockrich,16,,3,0,0,0,0,0,0,0,0,1,1,1,0,0,0,0,0,0,0,0,0
tramlock5,16,,1,0,0,0,0,0,0,0,1,0,0,0,0,0,0,0,0,0,0,0,0
tch1855105,16,,4,0,0,0,0,0,0,0,0,1,0,0,0,0,0,1,1,0,1,0,0
tadaa765,16,,1,0,0,0,0,0,0,0,0,1,0,0,0,0,0,0,0,0,0,0,0
sar_3006,16,,4,0,0,0,0,0,0,0,0,0,1,0,0,1,1,0,0,0,0,1,0
sahil_ch47,16,,1,0,0,0,0,0,0,0,0,0,0,0,0,0,0,0,0,1,0,0,0
saad36226949,16,,3,0,0,0,0,0,0,0,0,0,0,1,0,0,0,1,0,1,0,0,0
s66kingtruth,16,,4,0,0,0,0,0,1,0,0,0,0,0,0,0,0,0,0,1,1,0,1
r_gharebaq,16,,1,0,0,0,0,0,0,0,0,0,0,0,0,0,0,0,0,0,1,0,0
proto_rashashin,16,,1,0,0,0,0,0,1,0,0,0,0,0,0,0,0,0,0,0,0,0,0
polakzelwowa,16,,1,0,0,0,0,0,0,0,0,0,0,0,0,0,0,0,0,1,0,0,0
phArFCBR55qaKac,16,,2,0,0,0,0,0,0,0,1,0,0,0,0,0,0,0,0,1,0,0,0
muntakhabsports,16,,1,0,0,0,0,0,0,0,0,0,1,0,0,0,0,0,0,0,0,0,0
mohsinnizamani0,16,,1,0,0,0,0,0,0,0,0,0,0,0,0,0,0,0,0,1,0,0,0
moein134489,16,,1,0,0,0,0,0,0,0,0,0,0,0,0,0,0,0,0,1,0,0,0
manmfq,16,,1,0,0,0,1,0,0,0,0,0,0,0,0,0,0,0,0,0,0,0,0
malyuvn,16,,1,0,0,0,0,0,0,0,0,0,1,0,0,0,0,0,0,0,0,0,0
jelan59408,16,,2,0,0,0,0,0,0,0,1,0,0,0,0,0,0,1,0,0,0,0,0
dooplexes,16,,1,0,0,0,0,0,0,0,0,1,0,0,0,0,0,0,0,0,0,0,0
contremarch2025,16,,1,0,0,0,0,0,0,0,0,0,0,0,0,0,0,0,0,0,1,0,0
ayesha54017,16,,1,0,0,0,0,0,0,0,0,0,0,0,0,1,0,0,0,0,0,0,0
axcell_service,16,,1,0,0,0,0,0,0,0,0,1,0,0,0,0,0,0,0,0,0,0,0
ahme13102,16,,1,1,0,0,0,0,0,0,0,0,0,0,0,0,0,0,0,0,0,0,0
_cirujano,16,,3,0,0,0,0,0,0,0,1,0,1,0,0,0,0,0,0,0,0,0,1
Zeta_Spark,16,,1,0,0,0,0,0,1,0,0,0,0,0,0,0,0,0,0,0,0,0,0
ZeeshanaliMerc1,16,,4,1,1,0,0,0,0,0,0,1,1,0,0,0,0,0,0,0,0,0,0
WUhshg89699,16,,8,0,1,0,0,1,1,0,1,1,1,0,0,0,0,0,0,0,0,1,1
TimmyjayF,16,,1,0,0,0,0,0,0,1,0,0,0,0,0,0,0,0,0,0,0,0,0
Sherry722361351,16,,1,0,0,0,0,0,0,0,0,0,0,0,0,0,0,0,0,0,1,0,0
Rashan_Number2,16,,2,0,0,0,0,1,1,0,0,0,0,0,0,0,0,0,0,0,0,0,0
Raja___munawar,16,,2,0,0,0,0,0,0,0,0,0,1,0,0,1,0,0,0,0,0,0,0
PeterWriter254,16,,1,0,0,0,0,0,0,0,0,1,0,0,0,0,0,0,0,0,0,0,0
NoPasaran_xp,16,,1,0,0,0,0,0,0,0,0,1,0,0,0,0,0,0,0,0,0,0,0
MehranGhazi_,16,,5,0,1,1,0,1,0,1,0,0,0,0,0,0,0,0,0,0,1,0,0
MatchaBingo,16,,1,0,0,0,0,0,0,0,0,0,0,0,0,0,0,0,0,0,0,1,0
MarkeTraker,16,,3,0,0,0,0,0,1,0,0,0,1,0,0,0,0,0,0,1,0,0,0
Mafia1757490,16,,1,0,0,0,0,0,0,0,0,0,0,0,0,0,0,0,1,0,0,0,0
MASIH5005,16,,1,0,0,0,0,0,0,1,0,0,0,0,0,0,0,0,0,0,0,0,0
Lou1583238,16,,11,0,0,0,0,0,0,0,0,0,1,1,1,1,1,1,1,1,1,1,1
LiamFulllerton,16,,1,0,0,0,0,0,0,0,0,0,0,0,1,0,0,0,0,0,0,0,0
JudgeDoom88,16,,4,0,0,0,0,0,1,0,0,0,0,0,0,1,0,0,0,1,0,1,0
JoeBat48973,16,,10,0,0,1,0,1,1,1,0,1,1,0,1,1,0,0,1,1,0,0,0
Jazzyb11011092,16,,1,0,0,0,0,0,1,0,0,0,0,0,0,0,0,0,0,0,0,0,0
HawkEye2003,16,,1,0,0,0,0,0,0,0,0,0,0,0,0,0,0,0,0,1,0,0,0
Hamidirani4ever,16,,2,0,0,0,0,0,0,0,0,0,0,0,0,0,0,0,1,0,1,0,0
Gulj110,16,,1,0,0,0,0,0,0,0,1,0,0,0,0,0,0,0,0,0,0,0,0
FT7755,16,,4,0,0,0,0,0,0,1,1,1,0,0,0,0,0,0,0,0,0,0,1
Ceo1535051,16,,4,0,0,0,0,0,0,1,0,0,1,0,1,0,0,0,1,0,0,0,0
BakhtshahZ93531,16,,1,0,0,0,0,0,0,0,0,0,0,0,0,0,0,0,1,0,0,0,0
BManyor70299,16,,3,0,0,0,1,0,0,1,0,1,0,0,0,0,0,0,0,0,0,0,0
AsquareLea1898,16,,1,0,0,0,0,0,0,0,1,0,0,0,0,0,0,0,0,0,0,0,0
AravindKs321591,16,,3,0,0,0,0,0,1,0,0,0,0,0,0,1,1,0,0,0,0,0,0
AminPatel8675,16,,3,0,0,0,0,0,0,1,0,0,0,0,0,0,0,0,0,1,1,0,0
Allan1150812,16,,1,0,0,0,0,0,0,0,0,1,0,0,0,0,0,0,0,0,0,0,0
A_motaghian,16,,13,0,1,0,1,1,1,1,0,1,1,0,1,1,1,1,1,1,0,0,0
younis_56__,15,,5,0,1,0,0,1,1,0,0,0,0,0,0,0,0,0,1,1,0,0,0
xuser495926,15,,1,0,0,0,0,0,0,0,0,0,1,0,0,0,0,0,0,0,0,0,0
unhinged679,15,,1,0,0,0,0,0,0,0,0,0,0,0,0,0,0,0,1,0,0,0,0
silversix35,15,,1,0,0,0,0,0,0,0,1,0,0,0,0,0,0,0,0,0,0,0,0
shahr23142,15,,2,1,0,0,0,0,0,0,0,0,0,0,0,0,0,0,0,1,0,0,0
raisei10,15,,2,0,0,0,0,1,1,0,0,0,0,0,0,0,0,0,0,0,0,0,0
oguzcelik23,15,,1,0,0,0,0,0,1,0,0,0,0,0,0,0,0,0,0,0,0,0,0
noble506cz,15,,5,0,0,0,1,0,1,1,0,1,1,0,0,0,0,0,0,0,0,0,0
mtabarestani1,15,,3,0,0,0,0,0,0,0,0,0,0,0,0,0,0,1,1,1,0,0,0
mohebolhossein1,15,,1,0,0,0,0,0,0,0,0,0,0,0,0,0,0,0,0,0,1,0,0
missyouISAA,15,,7,0,0,0,0,0,0,0,1,1,1,0,1,0,0,1,0,1,0,1,0
mebeni6,15,,10,0,1,0,0,0,1,0,0,1,1,1,0,0,0,1,1,1,1,0,1
maherabdelk,15,,1,0,0,0,0,0,0,0,0,0,0,0,0,0,0,0,0,1,0,0,0
imran79949518,15,,1,0,0,0,0,0,0,0,0,1,0,0,0,0,0,0,0,0,0,0,0
gratefulman26,15,,2,0,0,0,0,0,0,0,0,1,0,0,0,1,0,0,0,0,0,0,0
fares_lubna,15,,1,0,0,0,0,0,0,0,0,0,1,0,0,0,0,0,0,0,0,0,0
dasitchmonitor,15,,1,0,0,0,0,0,0,0,0,0,0,0,0,0,0,0,0,0,0,0,1
cryptoswolf,15,,1,0,0,0,0,0,0,0,0,0,0,0,1,0,0,0,0,0,0,0,0
ayonno,15,,1,0,0,0,0,0,1,0,0,0,0,0,0,0,0,0,0,0,0,0,0
athinker313,15,,1,1,0,0,0,0,0,0,0,0,0,0,0,0,0,0,0,0,0,0,0
antizionist1967,15,,1,0,0,0,0,0,0,0,0,0,0,0,0,0,0,0,0,1,0,0,0
amirali_ak128,15,,1,0,0,0,0,0,0,0,0,0,0,1,0,0,0,0,0,0,0,0,0
Two010_000oh,15,,9,1,0,0,0,0,1,1,1,1,1,1,0,1,1,0,0,0,0,0,0
TajimK70157,15,,1,0,0,0,0,0,0,0,0,0,0,0,0,0,0,0,0,0,1,0,0
SwamiNatha71202,15,,1,0,0,0,0,0,0,1,0,0,0,0,0,0,0,0,0,0,0,0,0
Soheila529506,15,,1,0,0,0,0,0,0,0,0,0,0,0,0,0,0,0,0,0,1,0,0
MutaziliteHero,15,,3,0,0,0,0,0,0,0,0,1,1,0,0,0,0,0,0,0,0,1,0
MohamadNor97369,15,,1,0,0,0,0,0,0,0,0,0,0,0,0,0,0,0,1,0,0,0,0
Likeeir,15,,1,0,1,0,0,0,0,0,0,0,0,0,0,0,0,0,0,0,0,0,0
Laylapallang,15,,3,0,0,0,1,0,0,0,0,1,1,0,0,0,0,0,0,0,0,0,0
KenKiraeng,15,,1,0,0,0,0,0,0,0,1,0,0,0,0,0,0,0,0,0,0,0,0
KCSallylilac,15,,1,0,0,0,0,0,1,0,0,0,0,0,0,0,0,0,0,0,0,0,0
Jungle1u2,15,,14,0,1,0,1,1,1,0,1,1,1,0,0,1,1,0,1,1,1,1,1
JoeJoejenz653,15,,11,0,1,0,0,1,1,0,1,1,1,0,1,1,1,0,1,1,0,0,0
JUANTIMBALES23,15,,1,0,0,0,0,0,0,0,0,1,0,0,0,0,0,0,0,0,0,0,0
HeheBirdApp,15,,1,0,0,0,0,0,0,0,0,0,0,0,0,1,0,0,0,0,0,0,0
GeeHadiJack,15,,4,0,1,0,0,0,0,0,0,0,0,0,0,0,1,0,1,1,0,0,0
Finzrer_Ultima,15,,1,0,0,0,0,0,0,0,0,0,1,0,0,0,0,0,0,0,0,0,0
FaranggisB,15,,1,0,0,0,0,0,0,0,0,0,0,0,0,1,0,0,0,0,0,0,0
Erestu32,15,,1,0,1,0,0,0,0,0,0,0,0,0,0,0,0,0,0,0,0,0,0
Eleanor1563136,15,,1,0,0,0,1,0,0,0,0,0,0,0,0,0,0,0,0,0,0,0,0
ClaudeGuic53495,15,,1,0,0,0,0,0,0,0,0,0,0,1,0,0,0,0,0,0,0,0,0
BufoEnthusiast,15,,1,0,0,0,0,0,0,0,0,0,0,0,0,0,0,0,0,1,0,0,0
Ayrin_kook,15,,1,0,0,0,0,0,0,0,0,0,0,0,0,1,0,0,0,0,0,0,0
AyeshaaBhutta,15,,1,0,0,0,0,0,0,0,0,0,0,0,0,0,0,0,0,0,0,0,1
Amirsaffar7,15,,1,0,0,0,0,0,0,0,0,1,0,0,0,0,0,0,0,0,0,0,0
AmatulRaafi,15,,1,0,0,0,0,0,0,0,0,1,0,0,0,0,0,0,0,0,0,0,0
AliTehrani_lb,15,,1,0,0,0,0,0,0,0,0,0,0,0,0,0,0,0,0,0,1,0,0
AliB1195640,15,,2,0,0,0,0,0,0,0,0,1,0,0,0,0,0,0,1,0,0,0,0
AftabKhan020401,15,,1,0,0,0,0,0,0,0,0,0,1,0,0,0,0,0,0,0,0,0,0
Abumaaroof,15,,1,0,1,0,0,0,0,0,0,0,0,0,0,0,0,0,0,0,0,0,0
752Anwar,15,,1,0,0,0,0,0,0,0,0,0,0,0,0,0,0,1,0,0,0,0,0
xmonster73,14,,1,0,0,0,0,0,0,0,0,0,0,0,0,0,0,0,0,0,0,0,1
sadekhamza02,14,,1,0,0,0,0,0,0,0,0,1,0,0,0,0,0,0,0,0,0,0,0
oronyjuniour,14,,2,0,0,0,0,0,0,0,0,0,0,0,0,0,0,0,0,0,0,1,1
oniiiiichang,14,,1,0,0,0,0,0,0,0,0,0,0,0,0,1,0,0,0,0,0,0,0
naijamustswit,14,,1,0,0,0,0,0,0,0,0,1,0,0,0,0,0,0,0,0,0,0,0
melvinkian,14,,3,0,1,0,0,0,1,0,1,0,0,0,0,0,0,0,0,0,0,0,0
md_rahil73964,14,,1,0,0,0,0,0,0,0,0,0,0,0,0,0,0,0,0,1,0,0,0
kojeeww,14,,4,0,0,1,0,0,0,0,0,1,0,1,0,0,0,0,0,0,1,0,0
khosa_madynaq,14,,2,0,0,0,0,0,0,0,0,0,1,0,0,0,0,0,0,1,0,0,0
junjunmsruhachi,14,,1,0,0,1,0,0,0,0,0,0,0,0,0,0,0,0,0,0,0,0,0
hajasrar,14,,1,0,0,0,0,0,0,0,0,0,0,0,0,0,0,0,0,0,0,0,1
fawazfikri,14,,3,0,0,1,0,0,1,0,0,0,0,0,0,0,0,0,0,0,0,0,1
bullyproof27,14,,2,0,0,0,0,0,0,0,0,0,0,1,0,0,0,0,1,0,0,0,0
beingnothi5477,14,,1,0,0,0,0,0,0,0,0,0,0,0,0,0,0,0,0,0,0,0,1
amnan7890,14,,1,0,0,0,0,0,0,0,0,0,0,0,0,0,0,0,0,0,0,0,1
amin98044212581,14,,8,0,0,0,0,0,1,0,1,0,1,1,1,1,0,0,1,0,1,0,0
aliakbar_paraj,14,,1,0,0,0,0,0,0,0,0,0,0,0,0,0,0,0,0,0,1,0,0
ViewerTruth2026,14,,1,0,0,0,0,0,0,0,0,0,0,0,0,0,0,0,0,0,0,0,1
TheLebPat,14,,5,0,0,0,0,0,1,0,0,1,1,0,0,0,0,1,0,1,0,0,0
TKCmidnight,14,,1,0,0,0,0,0,0,0,0,0,0,0,0,0,0,0,0,1,0,0,0
SyedAliAoun9362,14,,1,0,0,0,0,0,0,0,0,0,0,0,0,0,0,0,0,1,0,0,0
SuzannaDew,14,,4,0,1,0,0,0,0,1,0,0,1,0,0,0,0,0,0,0,0,0,1
Suna212925,14,,3,0,0,0,0,0,1,0,0,0,1,0,0,0,0,0,0,1,0,0,0
Siamak666891,14,,4,0,0,0,0,0,0,0,0,0,0,0,0,0,0,1,0,1,1,1,0
SelmarRBinder,14,,1,0,0,0,0,0,0,0,0,0,1,0,0,0,0,0,0,0,0,0,0
Saadiqbalbaryar,14,,1,0,0,0,0,0,0,0,0,0,0,0,0,0,0,0,0,1,0,0,0
SaadWaq83137980,14,,1,0,0,0,0,0,0,0,0,0,0,0,0,0,0,0,0,0,0,0,1
Resister32,14,,1,0,0,0,0,0,0,0,0,0,0,0,0,0,0,0,0,0,0,0,1
RayH9876,14,,3,0,0,0,0,0,1,0,1,0,1,0,0,0,0,0,0,0,0,0,0
Patrick86845170,14,,1,0,0,0,0,0,0,0,0,0,0,0,0,0,0,0,0,0,0,0,1
OsmanBa84100137,14,,3,0,0,1,0,0,0,0,0,0,1,0,0,0,0,0,0,0,0,1,0
OmarOliver44163,14,,5,1,0,0,0,0,0,0,0,1,0,0,0,0,0,0,1,0,0,1,1
MariKhan346180,14,,3,0,0,0,0,0,0,0,1,0,0,1,0,0,0,0,1,0,0,0,0
LiveFlame_spark,14,,1,0,0,0,0,0,0,0,0,0,0,0,0,0,0,0,0,1,0,0,0
Krismushsoltani,14,,1,0,0,0,0,0,0,0,0,0,0,0,0,0,0,0,0,0,0,0,1
Khan_H14,14,,1,0,0,0,0,0,0,0,0,0,0,0,0,0,0,0,0,1,0,0,0
IDFTroopsNews,14,,1,0,0,0,0,0,0,0,0,0,0,0,0,0,0,0,1,0,0,0,0
HassenHh2966741,14,,1,0,0,0,0,0,0,0,0,0,0,0,0,1,0,0,0,0,0,0,0
Hakikat1221,14,,1,0,0,0,0,0,0,0,0,0,0,0,1,0,0,0,0,0,0,0,0
HadiMokhta8748,14,,2,0,0,0,0,0,0,0,0,0,0,0,1,0,0,0,0,0,1,0,0
GolEle16413,14,,1,0,0,0,0,0,0,0,0,0,0,0,0,1,0,0,0,0,0,0,0
GameIran65905,14,,4,0,0,0,0,1,1,1,0,1,0,0,0,0,0,0,0,0,0,0,0
GPTChatAiOpen,14,,2,0,0,0,0,0,0,0,0,0,1,0,0,0,0,0,1,0,0,0,0
DanaWhite478333,14,,4,1,0,0,0,0,0,0,0,0,1,0,0,0,0,0,0,1,1,0,0
DCO_E14,14,,1,0,1,0,0,0,0,0,0,0,0,0,0,0,0,0,0,0,0,0,0
ChillHernandez,14,,1,0,0,0,0,0,1,0,0,0,0,0,0,0,0,0,0,0,0,0,0
Bolsheviki_B02,14,,1,0,0,0,0,0,0,0,0,0,0,0,0,0,0,0,0,0,1,0,0
Baharahmadi1405,14,,1,0,0,0,0,0,0,0,0,0,0,0,0,0,0,0,0,0,0,1,0
BARCODE_XXXX,14,,1,0,0,0,0,0,0,0,0,0,0,0,0,1,0,0,0,0,0,0,0
AnasEspinoj18,14,,1,0,0,0,0,0,1,0,0,0,0,0,0,0,0,0,0,0,0,0,0
AmyrhsynS12834,14,,1,0,0,0,0,0,0,0,0,0,0,0,0,0,0,0,0,1,0,0,0
Amilieaafaz,14,,1,0,0,0,0,0,0,0,0,0,0,0,0,1,0,0,0,0,0,0,0
AT9_170,14,,5,0,0,1,1,0,1,1,1,0,0,0,0,0,0,0,0,0,0,0,0
yaraane_mahdi,13,,1,0,0,0,0,0,0,0,0,0,0,0,0,1,0,0,0,0,0,0,0
shahabm8990,13,,1,0,0,0,0,1,0,0,0,0,0,0,0,0,0,0,0,0,0,0,0
shabgard733,13,,4,0,0,1,0,1,0,0,0,0,0,0,0,1,1,0,0,0,0,0,0
seyedalialavi14,13,,1,0,0,0,0,0,0,0,0,0,0,0,0,0,0,0,0,0,1,0,0
samsamiramees,13,,2,0,0,0,0,0,0,0,0,0,0,0,0,1,1,0,0,0,0,0,0
sadpersia,13,,2,0,0,0,1,0,0,0,0,0,0,0,0,0,0,0,0,0,0,1,0
rollingstoneyyc,13,,1,0,0,0,0,0,0,0,0,0,1,0,0,0,0,0,0,0,0,0,0
rar_for92268,13,,1,0,0,0,0,0,0,0,0,0,0,0,0,0,0,0,0,0,0,0,1
phniko246,13,,1,0,0,0,0,0,1,0,0,0,0,0,0,0,0,0,0,0,0,0,0
muhamed98327,13,,13,0,0,1,0,1,1,1,0,0,1,1,1,1,0,1,1,1,1,0,1
mug_mar8,13,,2,0,0,0,0,0,0,0,1,0,0,0,0,0,0,0,0,1,0,0,0
montyjabzz,13,,6,0,0,0,0,0,0,0,0,1,1,1,1,0,0,0,1,0,0,0,1
mohamedsab73531,13,,1,0,0,0,0,0,0,0,1,0,0,0,0,0,0,0,0,0,0,0,0
mohamedadke,13,,2,0,1,0,0,0,0,1,0,0,0,0,0,0,0,0,0,0,0,0,0
mdsaifykhan4,13,,2,1,0,0,0,0,0,0,0,0,0,0,0,0,0,0,0,0,0,0,1
mbamadi110,13,,1,0,0,0,0,0,0,0,0,0,0,0,0,1,0,0,0,0,0,0,0
mamirmorad,13,,1,0,0,0,0,1,0,0,0,0,0,0,0,0,0,0,0,0,0,0,0
mahdi_z313a,13,,1,0,0,0,0,0,0,0,0,0,0,0,0,0,0,0,0,0,1,0,0
lex10034,13,,2,0,0,0,0,1,0,0,0,0,0,0,0,0,0,0,0,1,0,0,0
ldnn786,13,,6,0,0,1,1,0,0,0,1,1,0,1,0,0,0,0,0,0,0,0,1
langari1416,13,,2,0,0,0,0,0,0,0,0,1,1,0,0,0,0,0,0,0,0,0,0
jastin609728016,13,,3,0,0,1,0,0,0,0,0,0,0,0,0,0,0,0,0,0,0,1,1
info_Zen0,13,,4,0,0,0,0,0,0,0,0,1,0,0,0,0,0,0,1,0,1,0,1
ina_mayes,13,,1,0,0,0,0,0,0,0,0,0,0,0,0,0,0,0,0,0,1,0,0
iaamsorted,13,,1,0,0,0,0,0,0,0,0,0,1,0,0,0,0,0,0,0,0,0,0
hussain_im34360,13,,13,0,1,1,0,0,1,0,1,1,1,1,1,1,0,1,1,1,0,1,0
hajizadehhdr,13,,1,0,0,0,0,0,0,0,0,0,0,0,0,0,0,0,0,0,1,0,0
greg_rss,13,,1,0,0,0,0,0,0,0,0,0,0,0,1,0,0,0,0,0,0,0,0
bahramazizi39,13,,1,0,0,0,0,0,0,1,0,0,0,0,0,0,0,0,0,0,0,0,0
adytweets_,13,,2,0,0,0,0,0,0,0,0,1,0,0,1,0,0,0,0,0,0,0,0
aakhodadadian,13,,1,0,0,0,0,0,0,0,0,0,0,0,0,0,0,0,0,0,1,0,0
Zakiyah_HM,13,,1,0,0,0,0,0,0,0,0,0,0,0,0,0,0,1,0,0,0,0,0
YupingX86292,13,,1,0,0,0,0,0,0,0,0,0,0,0,0,0,0,0,0,0,0,0,1
Wyclefffscng,13,,1,0,0,0,0,0,0,0,0,1,0,0,0,0,0,0,0,0,0,0,0
UkashaCoder,13,,1,0,0,0,0,0,0,0,0,0,0,0,0,0,0,0,1,0,0,0,0
True_Irainian,13,,1,0,0,0,0,0,0,0,0,0,0,0,0,0,0,0,0,0,0,0,1
THassan534339,13,,1,0,0,0,0,0,1,0,0,0,0,0,0,0,0,0,0,0,0,0,0
SharonSalv48052,13,,1,0,0,0,0,0,0,0,0,0,0,0,0,0,0,0,1,0,0,0,0
SaharGandomkar,13,,1,0,0,0,1,0,0,0,0,0,0,0,0,0,0,0,0,0,0,0,0
ProofUltimate,13,,1,0,0,0,0,0,0,0,0,1,0,0,0,0,0,0,0,0,0,0,0
MKhlyly12652,13,,1,0,0,0,0,0,0,0,0,0,0,0,0,0,0,0,0,0,1,0,0
MH_GHzz,13,,2,0,0,0,0,0,0,0,0,0,0,0,0,1,0,0,1,0,0,0,0
LisaEvans1279,13,,1,0,0,0,0,0,0,0,0,0,0,0,0,0,0,1,0,0,0,0,0
KedarKalam32947,13,,12,0,1,1,0,0,0,0,0,1,1,1,1,1,1,1,0,0,1,1,1
KAMBACKq,13,,11,0,0,0,1,1,1,0,0,1,0,0,1,0,0,1,1,1,1,1,1
Jeonbamsmum,13,,1,0,0,0,0,0,0,0,1,0,0,0,0,0,0,0,0,0,0,0,0
JaberSahragard,13,,1,0,1,0,0,0,0,0,0,0,0,0,0,0,0,0,0,0,0,0,0
HarveyN55808,13,,3,0,0,0,0,0,0,1,0,0,0,0,0,1,0,0,0,1,0,0,0
EziEtoo,13,,1,0,0,0,0,0,0,0,0,0,0,0,0,0,0,0,0,0,0,0,1
EngrMSKMKD,13,,1,0,0,0,0,0,0,0,0,0,0,0,0,0,0,0,0,0,0,0,1
Deedeefy0c,13,,1,0,0,0,0,0,0,0,0,0,1,0,0,0,0,0,0,0,0,0,0
Boniwalw,13,,5,1,0,1,0,0,0,1,0,0,1,0,0,0,0,0,0,1,0,0,0
Bioptimiz3,13,,1,0,0,0,1,0,0,0,0,0,0,0,0,0,0,0,0,0,0,0,0
BassamKhan34142,13,,1,0,0,0,0,0,0,0,0,0,0,0,0,0,0,0,0,1,0,0,0
Babaeiloleti,13,,1,0,0,0,0,1,0,0,0,0,0,0,0,0,0,0,0,0,0,0,0
Axel597472829,13,,1,0,1,0,0,0,0,0,0,0,0,0,0,0,0,0,0,0,0,0,0
AsadAliAnsari16,13,,1,0,0,0,0,0,0,0,0,0,1,0,0,0,0,0,0,0,0,0,0
ArmanAl77283203,13,,10,0,1,1,0,0,1,0,1,1,0,0,1,0,0,0,1,1,1,0,1
AngelaSozz28285,13,,1,0,0,0,0,0,0,0,0,0,0,0,0,0,0,0,0,0,0,0,1
AkborTaluk95340,13,,1,0,0,0,0,0,0,0,0,1,0,0,0,0,0,0,0,0,0,0,0
AhamedMuslim97,13,,9,0,1,0,0,0,1,1,0,1,0,0,1,1,0,1,0,0,1,0,1
AbedinyJalil,13,,3,0,0,0,0,0,0,0,0,0,0,0,1,0,0,0,1,0,1,0,0
yungnigokidd,12,,1,0,0,0,0,0,0,0,0,0,0,1,0,0,0,0,0,0,0,0,0
sithkingandrew,12,,3,0,1,0,0,0,0,0,1,0,0,1,0,0,0,0,0,0,0,0,0
sinsafc,12,,5,0,0,0,0,0,1,1,1,0,1,0,0,0,0,0,0,1,0,0,0
sajad_agha35080,12,,6,0,0,0,0,0,1,1,1,0,0,0,0,1,1,0,0,1,0,0,0
ramzimort,12,,1,0,0,0,0,0,0,0,0,0,0,0,0,0,0,0,0,0,0,0,1
mohsensarduie,12,,1,0,1,0,0,0,0,0,0,0,0,0,0,0,0,0,0,0,0,0,0
mohsenhamedi049,12,,1,0,0,0,0,1,0,0,0,0,0,0,0,0,0,0,0,0,0,0,0
miladp55p,12,,3,0,0,0,0,0,0,0,1,0,0,0,0,0,1,0,0,0,1,0,0
mamalijavad,12,,1,0,0,0,0,0,0,0,0,0,0,0,0,0,0,0,0,0,0,1,0
malotru4763,12,,1,0,0,0,0,0,0,0,0,0,0,0,0,0,0,0,0,0,1,0,0
macintoshfriend,12,,1,0,0,0,0,0,0,0,1,0,0,0,0,0,0,0,0,0,0,0,0
m_shahbazi1,12,,1,0,0,0,0,0,0,0,0,0,0,0,0,1,0,0,0,0,0,0,0
luzwojcik6,12,,1,0,0,0,0,0,0,0,0,0,0,0,0,0,0,1,0,0,0,0,0
lilyy9ino,12,,1,0,0,0,0,0,0,0,0,0,0,0,0,0,0,1,0,0,0,0,0
kumar_sonu88700,12,,1,0,0,0,0,0,0,0,0,0,0,0,0,0,0,0,0,0,1,0,0
kazemita,12,,2,0,0,0,0,0,0,0,0,1,0,0,0,0,0,0,0,0,1,0,0
jafare165201,12,,2,0,0,0,0,0,0,0,0,0,0,0,0,0,0,0,0,0,1,0,1
investmentDOGE_,12,,1,0,0,0,0,0,0,0,0,0,0,0,0,1,0,0,0,0,0,0,0
insomniaInkwave,12,,3,1,0,0,0,0,0,0,0,1,0,0,0,0,0,0,0,0,0,1,0
insiderous,12,,1,0,0,0,0,0,0,0,0,0,0,0,0,0,0,0,0,0,0,0,1
hussain_zamin,12,,6,0,1,0,1,0,1,1,0,1,0,0,0,0,0,0,0,0,0,0,1
hensayeXI,12,,1,0,0,0,0,0,0,0,0,0,0,0,0,0,0,0,0,0,0,0,1
amirsalar1,12,,1,0,0,0,0,0,0,0,0,0,0,0,1,0,0,0,0,0,0,0,0
african_latin,12,,4,0,0,0,0,0,0,1,1,0,1,0,0,0,0,0,0,0,1,0,0
aan_toof26952,12,,1,0,0,0,0,0,0,0,0,0,0,0,0,1,0,0,0,0,0,0,0
ZeeJnoobi,12,,8,0,1,1,1,1,0,0,0,1,1,0,1,0,0,0,0,0,1,0,0
Web3_ProjectsN,12,,1,0,0,0,0,0,0,0,0,0,0,0,0,1,0,0,0,0,0,0,0
Ugur__777,12,,7,0,0,0,0,1,1,0,0,1,1,0,1,1,1,0,0,0,0,0,0
Shekar30922646,12,,1,0,0,0,0,0,0,0,1,0,0,0,0,0,0,0,0,0,0,0,0
Shabi1356,12,,1,0,0,0,1,0,0,0,0,0,0,0,0,0,0,0,0,0,0,0,0
Sediqp2x,12,,1,0,0,0,0,0,0,0,0,0,0,0,0,0,0,0,0,0,1,0,0
Satyr352,12,,1,0,0,0,0,0,0,0,0,0,0,0,0,0,0,0,0,0,1,0,0
Sardarkhan80329,12,,12,1,1,1,1,1,0,0,1,1,1,1,1,1,0,0,0,0,0,0,1
Qasim_Soliemani,12,,5,0,0,0,0,0,0,0,0,1,0,1,0,1,1,0,0,0,1,0,0
Poderosisimo20,12,,1,0,0,0,0,0,0,0,0,0,0,0,0,0,0,0,0,1,0,0,0
PiruzN4065,12,,1,0,0,0,0,0,0,0,0,0,1,0,0,0,0,0,0,0,0,0,0
Pari741957,12,,4,0,0,0,0,0,0,0,0,0,0,0,0,1,0,0,0,1,1,1,0
OHonarwar,12,,1,0,0,0,0,0,0,0,0,0,0,0,0,0,0,0,0,1,0,0,0
NaveedHassan_2,12,,2,0,0,0,0,0,0,0,0,1,1,0,0,0,0,0,0,0,0,0,0
Mohadesse81,12,,1,0,0,0,0,0,0,0,0,1,0,0,0,0,0,0,0,0,0,0,0
Mmm89243057,12,,9,0,0,0,0,1,1,1,0,1,1,1,0,0,0,0,0,1,1,0,1
Majnoonjoon,12,,3,0,0,0,1,0,0,0,0,0,0,1,0,1,0,0,0,0,0,0,0
Lo568977,12,,1,0,0,0,0,0,0,0,0,0,0,0,0,0,0,1,0,0,0,0,0
KenrolHasibuan,12,,1,0,0,0,0,0,1,0,0,0,0,0,0,0,0,0,0,0,0,0,0
Kad29313616,12,,1,0,0,0,0,0,0,0,0,0,0,0,0,1,0,0,0,0,0,0,0
Jazr9817,12,,2,0,0,0,0,0,0,0,0,1,0,0,0,1,0,0,0,0,0,0,0
Introvertleeee,12,,1,0,0,0,0,0,0,0,1,0,0,0,0,0,0,0,0,0,0,0,0
HferdosianPc2,12,,2,0,0,0,0,0,0,0,0,0,0,0,0,0,0,1,1,0,0,0,0
Firouzi3611,12,,3,0,0,0,1,0,0,0,1,0,0,0,0,0,0,0,0,0,1,0,0
Drilling_Engr,12,,2,0,0,0,0,0,0,0,0,1,0,0,0,0,0,0,0,0,1,0,0
BaranDaem,12,,11,0,1,0,0,0,1,0,0,0,1,1,1,1,1,1,1,0,0,1,1
AliMahdavi53348,12,,1,0,0,0,0,0,0,0,0,0,0,0,0,0,1,0,0,0,0,0,0
Adam696919,12,,1,0,0,0,0,0,0,0,0,1,0,0,0,0,0,0,0,0,0,0,0
Abdelmouna89191,12,,4,0,0,0,1,1,0,0,0,0,0,0,0,1,0,0,0,0,0,0,1
Abdalla1687690,12,,1,0,0,0,0,0,0,0,1,0,0,0,0,0,0,0,0,0,0,0,0
8z5sygb2sz,12,,1,0,0,0,0,0,0,1,0,0,0,0,0,0,0,0,0,0,0,0,0
2iggo3,12,,1,0,0,0,1,0,0,0,0,0,0,0,0,0,0,0,0,0,0,0,0
toohighXD,11,,2,0,0,0,0,0,0,0,0,0,1,0,0,0,0,0,0,1,0,0,0
syedfaisal71925,11,,1,1,0,0,0,0,0,0,0,0,0,0,0,0,0,0,0,0,0,0,0
sidd_naushad,11,,10,0,1,1,0,1,0,1,1,0,0,1,1,1,0,0,1,0,0,1,0
rehanmaqsood34,11,,8,1,0,0,0,1,0,0,0,1,1,1,1,0,0,0,0,0,0,1,1
ranahanzla788,11,,1,0,0,0,0,0,0,0,0,0,0,0,0,0,0,0,0,1,0,0,0
mohdreza0787,11,,7,0,0,0,0,1,0,1,1,0,1,0,0,0,0,0,0,1,1,0,1
mohammadRa26074,11,,1,0,0,0,0,0,0,0,0,0,0,0,0,0,0,0,0,0,0,1,0
mhd_alikhatami,11,,1,0,0,0,0,0,0,0,0,0,0,1,0,0,0,0,0,0,0,0,0
manokha03583284,11,,1,0,0,0,0,0,0,0,0,0,0,0,0,0,0,0,0,0,0,0,1
m74185048,11,,1,0,0,0,0,0,0,0,0,0,0,0,0,0,0,0,0,0,1,0,0
khalili_rasul,11,,1,0,0,0,1,0,0,0,0,0,0,0,0,0,0,0,0,0,0,0,0
ijlal7860145,11,,6,1,1,1,0,0,0,1,0,0,1,1,0,0,0,0,0,0,0,0,0
iiamg0d,11,,1,0,0,0,0,0,0,0,0,0,0,0,0,0,0,0,0,0,0,0,1
ibmirza001,11,,4,0,0,0,0,0,0,1,1,0,0,0,0,1,0,0,0,1,0,0,0
hsaboori7,11,,1,0,0,0,0,0,0,0,0,0,1,0,0,0,0,0,0,0,0,0,0
hitman_dem,11,,2,0,0,0,0,0,0,0,0,0,0,0,0,0,0,1,1,0,0,0,0
hazimehkatrinee,11,,2,0,0,0,0,0,0,0,0,0,0,0,0,0,0,1,0,0,0,0,1
hadi_haqi,11,,1,0,0,0,0,0,0,0,0,0,0,0,0,0,1,0,0,0,0,0,0
fateme_ahmady,11,,1,0,0,0,0,0,0,1,0,0,0,0,0,0,0,0,0,0,0,0,0
cronotopico,11,,5,0,0,0,0,0,1,0,1,1,1,0,0,1,0,0,0,0,0,0,0
cristhiamj80990,11,,7,0,0,0,0,0,0,0,0,0,1,0,1,1,0,1,0,1,1,1,0
chocolate_floor,11,,1,0,0,0,0,0,0,0,0,0,1,0,0,0,0,0,0,0,0,0,0
actuallyreza,11,,1,0,0,0,0,0,0,0,0,0,0,0,0,0,0,0,1,0,0,0,0
abi_nash_das,11,,3,0,0,0,0,0,0,0,0,1,1,0,0,1,0,0,0,0,0,0,0
ZeinabSadat101,11,,1,0,0,0,0,0,0,0,0,0,0,0,0,1,0,0,0,0,0,0,0
ZeinabNikookar,11,,1,0,0,0,0,0,0,0,0,0,0,0,0,0,0,0,0,0,0,0,1
XinVihD001,11,,3,0,0,0,0,0,1,0,0,0,0,0,0,1,0,0,1,0,0,0,0
XX__maney,11,,18,1,1,1,0,1,1,1,1,1,1,1,1,1,0,1,1,1,1,1,1
Witcher1780,11,,3,0,0,0,0,0,0,0,0,1,0,0,0,1,0,0,1,0,0,0,0
Usuario17271036,11,,2,0,0,0,0,0,0,0,0,0,0,0,0,1,0,1,0,0,0,0,0
USMANAH70154063,11,,2,0,0,0,0,0,1,0,0,0,0,0,0,0,0,0,0,1,0,0,0
Thevivairan,11,,2,0,0,0,0,0,0,1,0,1,0,0,0,0,0,0,0,0,0,0,0
TakingOutStops,11,,5,0,1,0,0,0,1,0,0,0,0,0,0,1,0,0,1,1,0,0,0
SherlynTra96805,11,,2,0,0,0,0,0,0,0,0,0,0,0,0,0,0,1,0,0,1,0,0
SeyedH62514,11,,1,0,0,0,0,0,0,0,0,0,0,0,0,0,0,0,0,0,1,0,0
SaraAfsharqkw0,11,,2,0,0,0,0,0,0,0,0,0,0,0,0,1,1,0,0,0,0,0,0
Sadozay2022,11,,2,0,0,0,0,0,0,0,0,0,0,0,0,0,0,0,0,0,1,1,0
RabbiShincha,11,,1,0,0,0,0,0,0,0,0,0,0,0,0,0,0,0,0,0,0,0,1
REMYmomK,11,,10,1,1,1,1,0,0,0,1,1,1,1,1,0,0,0,0,0,1,0,0
Qaz000pl,11,,1,0,0,0,0,0,0,0,0,0,0,0,0,0,0,0,0,0,0,0,1
MinabHusseini,11,,1,0,0,0,0,0,0,0,0,0,0,0,0,0,0,0,0,1,0,0,0
MikeMann3795474,11,,9,0,0,0,0,0,0,1,1,1,1,0,1,1,1,1,0,0,1,0,0
KmKmanzoorkgl,11,,3,0,0,1,0,0,0,1,0,0,0,0,0,1,0,0,0,0,0,0,0
Joy453236796728,11,,2,0,0,0,0,0,0,1,0,1,0,0,0,0,0,0,0,0,0,0,0
JhangyrVs,11,,1,0,0,0,0,0,0,0,0,0,0,0,0,0,0,0,0,0,0,0,1
JHegarty11712,11,,1,0,0,0,0,0,1,0,0,0,0,0,0,0,0,0,0,0,0,0,0
God313ir2,11,,1,0,0,0,0,0,1,0,0,0,0,0,0,0,0,0,0,0,0,0,0
Ferensdaniell,11,,2,0,0,0,0,0,0,0,0,0,0,0,0,0,0,0,0,0,1,0,1
Faizul36299Syed,11,,1,0,0,0,0,0,0,0,0,0,0,0,0,0,0,1,0,0,0,0,0
Cristin70548823,11,,1,0,0,0,0,0,0,0,0,0,0,0,0,0,0,0,0,0,0,1,0
BenUzi19770,11,,8,0,1,0,0,0,1,1,1,1,0,1,1,0,0,0,0,0,0,0,1
AwarenessAcute,11,,1,0,0,0,0,0,0,0,0,0,1,0,0,0,0,0,0,0,0,0,0
AsimNisar487205,11,,1,0,1,0,0,0,0,0,0,0,0,0,0,0,0,0,0,0,0,0,0
Aramm200,11,,2,0,0,0,0,0,0,0,0,0,1,0,0,0,0,0,0,0,0,0,1
Adelsh71,11,,1,0,0,0,0,0,0,0,0,0,0,0,0,0,0,0,0,0,1,0,0
A82717424Amir,11,,1,0,0,0,0,0,1,0,0,0,0,0,0,0,0,0,0,0,0,0,0
visionary165000,10,,2,0,0,0,0,0,0,0,0,0,0,0,0,0,0,0,1,0,1,0,0
soltanmarx,10,,3,0,0,0,0,0,0,0,0,1,0,0,0,0,0,0,0,1,0,0,1
skgame123,10,,1,0,0,0,0,0,0,1,0,0,0,0,0,0,0,0,0,0,0,0,0
sarbazali110,10,,1,0,0,0,0,0,0,0,0,0,0,0,0,1,0,0,0,0,0,0,0
sajadakzo,10,,2,0,0,0,0,0,0,0,0,1,0,0,0,0,1,0,0,0,0,0,0
qiaaan487236,10,,4,0,0,0,0,0,0,0,0,0,0,1,0,1,0,0,1,1,0,0,0
pighunterpk,10,,7,0,1,0,0,0,1,1,0,0,1,0,1,1,0,0,0,1,0,0,0
onespaintown,10,,1,1,0,0,0,0,0,0,0,0,0,0,0,0,0,0,0,0,0,0,0
muzamilabbasi67,10,,1,0,0,0,0,0,0,0,0,0,0,0,0,0,0,0,0,0,0,0,1
mmbnobodyreally,10,,4,0,0,0,0,0,0,0,0,0,1,0,0,0,0,1,1,0,0,0,1
mahmoodfir89645,10,,1,0,0,0,0,0,0,0,0,0,0,0,0,1,0,0,0,0,0,0,0
lyr1547556,10,,1,0,0,0,0,0,0,0,0,0,0,0,0,0,0,1,0,0,0,0,0
luffygoatsama,10,,1,0,0,0,0,0,0,0,0,0,0,0,0,0,0,0,0,1,0,0,0
jerrylenz02,10,,2,1,1,0,0,0,0,0,0,0,0,0,0,0,0,0,0,0,0,0,0
javadfarhani3,10,,5,1,0,0,1,1,0,1,0,0,0,0,0,0,0,0,0,0,1,0,0
jabar31705969,10,,1,0,0,0,0,0,0,0,0,0,0,0,0,0,0,0,1,0,0,0,0
inihandzum01,10,,1,0,0,0,0,0,0,0,0,0,0,0,1,0,0,0,0,0,0,0,0
hosseinzadeh_10,10,,1,0,0,0,0,0,0,0,0,0,0,0,0,0,0,1,0,0,0,0,0
goyim_intel,10,,3,0,0,0,0,0,0,0,0,0,1,0,0,0,0,0,0,0,1,0,1
blackwhitecats_,10,,1,0,0,0,0,0,0,0,0,0,0,0,0,0,0,0,0,0,0,0,1
azrdnx,10,,5,0,0,0,0,1,1,1,1,1,0,0,0,0,0,0,0,0,0,0,0
amooeian,10,,1,0,0,0,0,0,0,0,0,0,0,0,0,0,0,0,0,0,1,0,0
_bonyadi_,10,,5,0,0,1,0,0,0,0,0,0,1,0,0,0,0,1,0,1,0,1,0
Yoyoismebglm,10,,1,1,0,0,0,0,0,0,0,0,0,0,0,0,0,0,0,0,0,0,0
Yahyaa_008,10,,1,0,0,0,0,0,0,0,0,0,0,0,0,1,0,0,0,0,0,0,0
Tolga_barchin,10,,2,0,0,0,0,0,0,0,0,0,1,0,0,0,0,1,0,0,0,0,0
Tanturam1,10,,1,0,0,0,0,0,0,0,0,0,0,0,0,0,0,0,0,0,1,0,0
Susan109252,10,,1,0,0,0,0,0,0,0,0,0,0,0,0,0,0,1,0,0,0,0,0
Shinchansjm,10,,3,0,1,0,0,0,0,0,0,0,1,0,0,1,0,0,0,0,0,0,0
ShellingsP86216,10,,1,0,0,1,0,0,0,0,0,0,0,0,0,0,0,0,0,0,0,0,0
Sbsq2m,10,,1,0,0,0,0,0,0,0,0,0,0,0,0,0,0,0,0,0,0,0,1
SayyidTabatabai,10,,14,0,0,1,1,1,1,0,1,1,0,0,0,1,1,1,1,1,1,1,1
Saint_kaii,10,,3,1,0,0,0,0,1,0,0,0,0,0,0,0,0,1,0,0,0,0,0
RayKaan755,10,,1,0,0,0,0,0,0,0,0,0,1,0,0,0,0,0,0,0,0,0,0
Nematsohrabi,10,,1,0,0,0,0,0,0,0,0,0,0,0,0,0,0,0,0,0,1,0,0
Muhamme20045864,10,,2,0,0,0,0,0,0,0,0,0,0,0,0,0,0,0,0,0,0,1,1
Mos_khorasani,10,,1,0,0,0,0,0,0,0,0,0,0,0,0,0,0,0,0,0,1,0,0
MisguidedICBM,10,,1,0,0,0,0,0,0,0,0,0,0,0,0,0,0,0,0,0,0,1,0
MdNur957046,10,,1,0,0,0,0,0,0,0,0,0,0,1,0,0,0,0,0,0,0,0,0
Malang2336342,10,,1,0,1,0,0,0,0,0,0,0,0,0,0,0,0,0,0,0,0,0,0
MakiMahmoo82720,10,,1,0,0,0,0,0,0,0,0,0,0,0,0,0,0,0,0,0,0,0,1
LuizOlivei40257,10,,1,0,0,0,0,0,0,1,0,0,0,0,0,0,0,0,0,0,0,0,0
LLM18656,10,,1,0,0,0,0,0,1,0,0,0,0,0,0,0,0,0,0,0,0,0,0
KA_TR_55,10,,1,0,0,0,0,0,1,0,0,0,0,0,0,0,0,0,0,0,0,0,0
Justcuriou46357,10,,1,0,0,0,0,0,0,0,0,0,0,0,0,0,0,0,0,0,0,0,1
Jessie754545913,10,,1,0,0,0,0,0,0,0,0,0,0,0,0,0,0,0,0,0,0,0,1
Ingaypingay,10,,2,0,0,0,0,0,0,0,0,0,0,0,0,0,0,0,0,0,0,1,1
ICBM2050,10,,1,0,0,0,0,0,0,0,0,0,1,0,0,0,0,0,0,0,0,0,0
HsynSrayy17358,10,,1,0,0,0,0,0,0,0,0,0,0,0,0,0,0,0,0,0,1,0,0
HammadKhan68748,10,,1,0,0,0,0,0,1,0,0,0,0,0,0,0,0,0,0,0,0,0,0
HPelczar62184,10,,2,0,0,0,0,0,0,0,0,0,0,0,0,0,0,0,0,0,0,1,1
FakrulI85638654,10,,1,0,0,0,0,0,0,0,0,1,0,0,0,0,0,0,0,0,0,0,0
DrmohammadiAli1,10,,1,0,0,0,0,0,0,0,0,0,0,0,0,0,0,0,0,0,1,0,0
DelOcampo75427,10,,1,0,0,0,0,0,0,1,0,0,0,0,0,0,0,0,0,0,0,0,0
DanfordJer58140,10,,1,0,0,0,0,0,0,1,0,0,0,0,0,0,0,0,0,0,0,0,0
DahirAbdal15545,10,,1,0,0,0,0,0,0,0,0,0,1,0,0,0,0,0,0,0,0,0,0
ChemistSadeq,10,,1,0,0,0,1,0,0,0,0,0,0,0,0,0,0,0,0,0,0,0,0
CemalDince1471,10,,1,0,0,0,0,0,0,0,0,0,0,0,0,0,0,0,0,0,1,0,0
Carlson297,10,,3,0,0,0,0,0,1,0,0,0,0,1,0,1,0,0,0,0,0,0,0
CFayq53288,10,,2,0,1,0,0,0,0,0,0,0,0,0,0,0,0,0,0,0,0,0,1
BlydenKelv38272,10,,2,0,0,0,0,0,0,0,0,0,0,0,0,0,0,0,0,0,0,1,1
Barb64015346858,10,,1,0,0,0,0,0,0,0,0,0,0,0,0,0,0,0,0,0,0,0,1
BSodiq18794,10,,8,1,0,0,0,0,1,0,0,1,1,0,1,1,1,1,0,0,0,0,0
Amiriran123,10,,7,0,0,0,0,0,0,1,0,1,1,0,1,1,0,0,0,1,0,1,0
AIMuhammadUK,10,,1,0,0,0,0,0,0,0,0,0,0,0,0,0,0,1,0,0,0,0,0
AI1GlobalNews,10,,1,0,0,0,0,0,0,0,0,0,0,0,0,0,0,0,0,1,0,0,0
6yfd3a,10,,1,0,0,0,0,0,0,0,0,0,0,0,0,1,0,0,0,0,0,0,0
zaidiaa_85,9,,1,0,0,0,0,0,0,0,0,0,0,0,0,0,0,0,0,0,0,1,0
yq9k7x8c9d,9,,2,1,0,0,0,0,0,0,0,0,0,0,0,1,0,0,0,0,0,0,0
ultimexxxx,9,,1,1,0,0,0,0,0,0,0,0,0,0,0,0,0,0,0,0,0,0,0
thomas360926296,9,,1,0,0,0,0,0,0,1,0,0,0,0,0,0,0,0,0,0,0,0,0
sarac630722,9,,1,0,0,0,0,0,0,0,0,0,1,0,0,0,0,0,0,0,0,0,0
raheem16813,9,,1,0,0,0,0,0,0,0,1,0,0,0,0,0,0,0,0,0,0,0,0
q_xdfsrt414t,9,,1,0,0,0,0,0,0,0,0,0,0,0,0,0,0,0,0,0,0,0,1
mugambi_billy,9,,2,0,0,0,0,0,0,0,0,0,1,0,0,0,0,0,0,1,0,0,0
mrzihad2026,9,,1,0,0,0,0,0,1,0,0,0,0,0,0,0,0,0,0,0,0,0,0
mm77224486,9,,1,0,0,0,0,0,0,0,0,0,0,0,0,0,0,0,0,0,1,0,0
mian_yaar31451,9,,11,0,1,1,0,1,1,0,1,1,1,1,1,0,0,0,1,0,0,0,1
mayabaszad82563,9,,1,0,0,0,0,0,0,0,0,0,0,0,0,0,0,0,0,0,0,1,0
matthewxevers,9,,1,0,0,0,0,0,0,0,0,0,0,0,0,0,0,0,0,1,0,0,0
mahmood82468393,9,,1,0,0,0,0,0,0,0,1,0,0,0,0,0,0,0,0,0,0,0,0
lirekrio,9,,1,0,0,0,0,0,0,0,0,0,0,0,0,1,0,0,0,0,0,0,0
larak1985,9,,1,0,0,0,0,0,0,0,0,0,0,0,0,0,0,0,0,0,0,1,0
jamalisina75,9,,1,0,0,0,0,0,0,0,0,0,0,1,0,0,0,0,0,0,0,0,0
isaaqe3,9,,3,0,0,0,0,0,1,0,0,0,0,0,0,0,0,0,0,0,1,0,1
humam53672465,9,,4,0,0,0,0,0,0,0,0,0,0,0,1,0,0,1,0,0,0,1,1
hfj810375,9,,6,0,1,1,0,0,1,0,0,0,1,0,0,0,0,0,0,0,0,1,1
hashimi777110,9,,1,0,0,0,0,0,0,0,0,0,0,0,0,0,0,1,0,0,0,0,0
fullmyuaername,9,,8,0,0,1,1,0,0,0,0,0,1,1,1,1,0,0,1,0,1,0,0
flax415,9,,2,0,0,0,0,0,0,0,0,0,0,1,1,0,0,0,0,0,0,0,0
batoullb,9,,2,0,0,0,0,0,0,0,0,0,1,0,0,0,0,1,0,0,0,0,0
baquir_rizvi,9,,1,0,0,0,0,0,0,0,0,0,0,0,0,0,0,0,1,0,0,0,0
arquitecto25227,9,,1,1,0,0,0,0,0,0,0,0,0,0,0,0,0,0,0,0,0,0,0
amavibear,9,,1,0,0,0,0,0,0,0,0,0,0,0,0,1,0,0,0,0,0,0,0
ahoomach58752,9,,2,0,0,0,0,0,0,0,0,0,0,0,0,0,0,0,0,0,1,0,1
ahmadktk01,9,,1,0,0,0,0,0,0,0,0,0,1,0,0,0,0,0,0,0,0,0,0
agsalman3,9,,1,0,1,0,0,0,0,0,0,0,0,0,0,0,0,0,0,0,0,0,0
adaneshp,9,,1,0,0,0,0,1,0,0,0,0,0,0,0,0,0,0,0,0,0,0,0
_____zayn_,9,,1,0,0,0,0,0,0,1,0,0,0,0,0,0,0,0,0,0,0,0,0
Sam003854118709,9,,1,0,0,0,0,0,0,0,0,0,0,0,0,0,0,0,0,0,0,1,0
Salehirad110,9,,1,0,0,0,0,0,0,0,0,0,0,1,0,0,0,0,0,0,0,0,0
SadaqatH38155,9,,1,0,0,0,0,0,0,0,0,0,0,0,0,0,0,0,0,1,0,0,0
SSPure1900,9,,1,0,0,0,0,0,0,0,0,0,0,0,0,0,1,0,0,0,0,0,0
SMLuqman64,9,,1,0,0,0,0,0,1,0,0,0,0,0,0,0,0,0,0,0,0,0,0
Parkbuts,9,,6,0,0,0,0,0,0,0,1,1,1,0,1,0,1,0,0,0,1,0,0
Nick17707,9,,3,0,0,0,0,0,0,0,0,0,1,0,1,0,0,0,0,1,0,0,0
Mustafabul90403,9,,1,0,0,0,0,0,0,1,0,0,0,0,0,0,0,0,0,0,0,0,0
MezouedH,9,,4,0,0,0,0,1,1,0,0,1,0,0,0,0,0,0,0,0,1,0,0
MesutBiten,9,,3,0,0,0,0,0,0,0,0,1,0,1,0,1,0,0,0,0,0,0,0
MarteenCarboogo,9,,1,0,0,0,0,0,0,0,0,0,1,0,0,0,0,0,0,0,0,0,0
Marketcroww,9,,1,0,0,0,0,0,0,0,0,0,1,0,0,0,0,0,0,0,0,0,0
Mahmoodjoockar,9,,1,0,0,0,0,0,0,0,0,0,0,0,0,0,0,0,0,0,1,0,0
M3k4NiK_,9,,19,1,1,1,0,1,1,1,1,1,1,1,1,1,1,1,1,1,1,1,1
KhanaferZein,9,,1,0,0,0,0,0,0,0,0,0,0,0,0,0,0,1,0,0,0,0,0
KassemKawt50181,9,,1,0,0,0,0,0,0,0,0,0,0,0,0,0,0,1,0,0,0,0,0
Karla684234,9,,1,0,0,0,0,1,0,0,0,0,0,0,0,0,0,0,0,0,0,0,0
K_P1386,9,,1,0,0,0,0,0,0,0,0,0,0,0,1,0,0,0,0,0,0,0,0
JeshuaAlon,9,,1,0,0,0,0,0,0,0,0,0,0,0,0,0,0,0,0,0,1,0,0
Homerock10,9,,3,0,0,0,0,0,0,0,0,0,0,0,0,1,0,0,1,0,1,0,0
GrYasso,9,,1,0,0,0,0,0,0,0,0,0,0,0,0,0,0,0,0,0,1,0,0
Geopol762,9,,7,0,0,1,0,1,0,0,1,1,0,1,0,0,0,0,0,0,0,1,1
Fatimawqh,9,,2,0,0,0,0,0,0,0,0,0,0,0,0,0,0,0,0,1,1,0,0
EarlySignal,9,,2,0,0,0,0,0,1,0,0,0,0,0,0,1,0,0,0,0,0,0,0
CornyCopeYeah,9,,1,0,0,0,0,0,0,0,0,0,0,0,0,0,0,0,0,1,0,0,0
Blossom2369,9,,4,0,0,0,0,0,0,0,0,0,1,1,1,0,0,0,0,0,0,1,0
BibiBosaka,9,,2,0,0,0,0,0,0,1,0,0,0,0,0,0,0,1,0,0,0,0,0
Bashirelkaleb,9,,1,0,0,0,0,0,0,0,0,0,0,0,0,0,0,1,0,0,0,0,0
AsadBukhar38988,9,,6,0,0,0,0,0,0,1,1,0,0,0,1,0,0,0,1,1,0,0,1
AmindinMb,9,,2,0,0,0,0,0,0,1,0,0,0,0,0,1,0,0,0,0,0,0,0
Amin1_Amin1,9,,2,0,0,0,0,0,1,0,0,0,0,0,0,0,1,0,0,0,0,0,0
Amihhh12345ul,9,,1,0,0,0,1,0,0,0,0,0,0,0,0,0,0,0,0,0,0,0,0
AhmetHa19410908,9,,2,0,0,0,0,0,0,0,0,0,0,0,0,0,0,0,0,0,0,1,1
AgungBudis60730,9,,1,0,0,0,0,0,0,0,0,0,0,0,0,0,0,0,1,0,0,0,0
AdalatYari,9,,1,0,0,0,0,0,0,0,0,0,0,0,0,0,0,0,0,0,1,0,0
sharppaper8,8,,1,0,0,0,0,0,0,0,0,0,0,0,0,0,0,0,0,0,0,0,1
sardar_irann,8,,2,0,0,0,0,0,0,0,0,0,0,0,0,0,0,0,0,1,0,0,1
s_colleen87,8,,1,0,0,0,0,0,0,0,0,0,1,0,0,0,0,0,0,0,0,0,0
pumbridgesux05,8,,1,0,0,0,0,0,0,0,0,0,0,0,0,0,0,0,0,0,0,0,1
prodigalsonMain,8,,1,0,0,0,0,0,0,0,0,0,0,0,0,0,1,0,0,0,0,0,0
pok_fac,8,,1,0,0,0,0,0,0,0,0,0,0,0,0,0,0,0,0,1,0,0,0
ph4ntom1225411,8,,1,0,0,0,0,0,0,0,0,0,0,0,0,0,0,0,0,0,0,1,0
muhammadali7515,8,,1,0,0,0,0,0,0,0,0,1,0,0,0,0,0,0,0,0,0,0,0
msadegh_shaban,8,,4,0,0,0,0,0,0,0,0,0,0,0,1,1,1,0,0,1,0,0,0
mohitbansal021,8,,2,0,0,0,0,0,0,0,0,1,0,0,1,0,0,0,0,0,0,0,0
meysamrost88638,8,,1,0,0,0,0,0,0,0,0,0,0,0,0,0,0,0,0,0,1,0,0
mentrawa,8,,1,0,0,0,0,0,0,0,0,0,0,0,0,0,0,0,0,0,1,0,0
mckawthar,8,,1,0,0,1,0,0,0,0,0,0,0,0,0,0,0,0,0,0,0,0,0
madmax431525,8,,2,0,0,0,0,0,0,0,0,0,0,0,0,0,0,0,1,1,0,0,0
lolololol547004,8,,3,0,0,0,0,0,0,0,0,0,0,0,0,0,0,0,0,0,1,1,1
jack_jackppl,8,,3,0,0,0,0,0,0,0,0,0,1,1,0,1,0,0,0,0,0,0,0
j_donna43,8,,1,0,0,0,1,0,0,0,0,0,0,0,0,0,0,0,0,0,0,0,0
hasan_herr,8,,1,0,0,0,0,0,0,0,0,0,0,0,0,0,0,0,0,0,0,0,1
graffyin,8,,1,0,0,0,0,0,0,0,0,0,0,0,0,0,0,0,0,0,0,0,1
enock_kamw21279,8,,1,0,0,0,0,0,0,0,1,0,0,0,0,0,0,0,0,0,0,0,0
daniel_kamoni,8,,1,0,0,0,0,0,0,0,0,0,0,0,0,0,0,0,0,1,0,0,0
chotu_l2927,8,,1,0,0,0,0,0,0,0,0,0,0,0,0,0,0,0,0,0,0,0,1
arbabhaikhan,8,,1,0,0,0,0,0,0,0,0,0,0,0,0,0,0,1,0,0,0,0,0
anuragdhal401,8,,1,0,0,0,0,0,0,0,0,0,1,0,0,0,0,0,0,0,0,0,0
ZeiglerNao29076,8,,4,0,0,0,0,0,0,0,0,1,0,0,0,0,0,1,0,0,0,1,1
ZUBZO2,8,,6,0,1,0,0,1,0,0,1,1,1,0,0,0,0,0,0,0,0,0,1
WalleMyLove,8,,1,1,0,0,0,0,0,0,0,0,0,0,0,0,0,0,0,0,0,0,0
Tj_monii,8,,3,0,0,0,0,1,0,0,1,0,0,0,0,0,0,0,0,1,0,0,0
TheRedFlag13784,8,,1,0,0,0,0,0,0,0,0,0,0,0,0,0,0,0,0,0,0,1,0
SyedRizzvi_09,8,,1,0,0,0,0,0,0,0,0,0,0,0,0,1,0,0,0,0,0,0,0
Strategic_nat87,8,,1,0,0,0,0,0,1,0,0,0,0,0,0,0,0,0,0,0,0,0,0
Siimaaw,8,,4,0,0,0,0,1,1,0,0,1,0,0,0,1,0,0,0,0,0,0,0
Shalamsays,8,,1,0,0,0,0,0,0,0,0,0,1,0,0,0,0,0,0,0,0,0,0
Sebastin10pm,8,,1,0,0,0,0,0,0,0,1,0,0,0,0,0,0,0,0,0,0,0,0
Rickflairtrain,8,,1,0,0,0,0,0,1,0,0,0,0,0,0,0,0,0,0,0,0,0,0
Relity_Check,8,,2,0,0,0,0,0,0,0,0,0,0,0,0,1,0,0,0,0,0,0,1
Rana04380287,8,,1,0,0,0,0,0,0,0,0,0,1,0,0,0,0,0,0,0,0,0,0
PrinceAjijullah,8,,1,0,0,0,0,0,0,0,0,1,0,0,0,0,0,0,0,0,0,0,0
Parsa63162847,8,,1,0,0,0,0,0,0,0,0,0,0,0,0,0,0,0,0,0,1,0,0
ParisFardis,8,,4,0,0,0,0,0,0,0,0,0,0,1,1,1,1,0,0,0,0,0,0
OBaraka72552,8,,1,0,0,1,0,0,0,0,0,0,0,0,0,0,0,0,0,0,0,0,0
NomadicBanjara,8,,1,0,0,0,0,0,0,0,0,0,0,0,0,0,0,0,1,0,0,0,0
NassirHussain03,8,,2,0,0,0,0,0,0,0,0,1,1,0,0,0,0,0,0,0,0,0,0
NadimShukr,8,,8,0,0,0,0,0,1,0,1,1,0,0,0,1,1,0,1,0,0,1,1
Na5n9,8,,2,0,0,0,0,0,0,0,0,1,0,0,0,0,0,0,0,0,0,0,1
Mojtaba23752163,8,,1,0,0,0,0,0,0,0,0,0,0,0,0,0,0,0,0,0,1,0,0
Mehwish61140661,8,,3,0,0,0,0,1,1,0,1,0,0,0,0,0,0,0,0,0,0,0,0
Masva__14,8,,2,0,0,0,0,0,0,0,0,0,0,0,0,1,1,0,0,0,0,0,0
MUDIAGAABENZ,8,,8,1,1,1,0,0,0,0,1,1,1,1,1,0,0,0,0,0,0,0,0
LeMinvestor,8,,1,0,0,0,0,1,0,0,0,0,0,0,0,0,0,0,0,0,0,0,0
Kimmoje90,8,,1,0,0,0,0,0,0,0,0,0,0,0,0,0,0,0,0,0,0,0,1
KianooshAsefi,8,,1,0,0,0,0,0,0,0,0,1,0,0,0,0,0,0,0,0,0,0,0
Kamyar1372,8,,2,0,0,0,0,0,0,0,0,1,0,0,0,0,0,0,0,0,0,0,1
Juv391,8,,1,0,0,0,0,0,0,0,0,0,0,0,0,0,0,0,0,0,1,0,0
Joeh193849601,8,,1,0,0,0,0,0,0,0,0,0,0,0,0,1,0,0,0,0,0,0,0
JMuyanja35460,8,,1,1,0,0,0,0,0,0,0,0,0,0,0,0,0,0,0,0,0,0,0
IMarcatine91611,8,,2,0,0,0,0,0,0,0,0,0,0,0,0,0,0,1,1,0,0,0,0
HITCH0X0,8,,1,0,0,0,0,0,0,0,0,0,0,0,0,1,0,0,0,0,0,0,0
GurillaM99095,8,,1,0,0,0,0,0,0,0,0,0,0,1,0,0,0,0,0,0,0,0,0
FuradAbduraman,8,,1,0,0,0,0,0,0,0,0,0,0,0,0,0,0,1,0,0,0,0,0
DilMoha41310167,8,,1,0,0,0,0,0,0,0,0,0,0,0,0,0,0,0,0,0,1,0,0
Bathlamine,8,,1,0,0,0,1,0,0,0,0,0,0,0,0,0,0,0,0,0,0,0,0
Bassam387383641,8,,2,0,0,0,0,0,0,0,0,0,0,0,0,1,0,1,0,0,0,0,0
BNazanin12147,8,,2,0,0,0,0,0,0,0,0,0,0,0,0,0,0,0,1,0,1,0,0
AsefiKianosh,8,,1,0,0,0,0,0,0,0,0,0,1,0,0,0,0,0,0,0,0,0,0
Amal135153,8,,1,0,0,0,0,0,1,0,0,0,0,0,0,0,0,0,0,0,0,0,0
Alireza_hh1,8,,2,0,0,0,1,0,1,0,0,0,0,0,0,0,0,0,0,0,0,0,0
Alidaei2002,8,,1,0,0,0,0,0,0,0,0,0,0,0,0,0,0,0,0,0,0,0,1
Ali_Moosvi777,8,,3,1,0,0,0,0,0,0,0,1,1,0,0,0,0,0,0,0,0,0,0
Ali505Sh,8,,4,0,1,0,1,0,0,1,0,0,0,0,0,0,0,0,0,0,1,0,0
Adnan680811,8,,1,0,0,0,0,0,0,0,0,0,0,0,0,0,0,0,0,1,0,0,0
AbuAbu999999,8,,1,0,0,0,0,0,0,0,0,1,0,0,0,0,0,0,0,0,0,0,0
Aboubak04280423,8,,1,0,0,0,0,0,0,0,0,1,0,0,0,0,0,0,0,0,0,0,0
AalizKhan1,8,,2,0,0,0,0,0,1,1,0,0,0,0,0,0,0,0,0,0,0,0,0
12thloading,8,,1,0,0,0,0,0,0,0,0,0,0,0,0,1,0,0,0,0,0,0,0
zxxdfgggqyxjfo,7,,1,0,0,0,0,0,0,0,0,0,0,0,0,0,0,0,1,0,0,0,0
yahyagold22,7,,1,0,0,0,0,0,0,0,0,0,0,0,0,0,0,0,0,0,1,0,0
war_analysis_,7,,2,0,0,0,0,0,1,0,0,0,0,0,1,0,0,0,0,0,0,0,0
waqarhb88,7,,2,0,0,0,0,0,0,1,0,1,0,0,0,0,0,0,0,0,0,0,0
usmanazam_d2t,7,,5,0,0,1,0,0,0,0,1,1,0,0,0,1,0,0,0,0,0,0,1
thecommitted313,7,,1,0,0,0,0,0,0,0,0,0,0,0,0,1,0,0,0,0,0,0,0
skynomadz,7,,1,0,0,0,0,0,0,0,0,0,0,1,0,0,0,0,0,0,0,0,0
shahrukhpjr,7,,8,1,0,1,0,1,0,0,0,1,1,0,1,0,0,0,0,1,1,0,0
seyyed_meghdad,7,,3,0,0,0,0,1,1,0,1,0,0,0,0,0,0,0,0,0,0,0,0
rukkyposhh3,7,,1,0,0,0,0,0,0,0,0,1,0,0,0,0,0,0,0,0,0,0,0
ribos95712,7,,1,0,0,0,0,0,0,0,0,0,0,0,0,0,0,0,0,0,0,1,0
rakesh19gaikwad,7,,1,0,0,0,0,0,1,0,0,0,0,0,0,0,0,0,0,0,0,0,0
rafimre,7,,2,0,0,0,0,1,1,0,0,0,0,0,0,0,0,0,0,0,0,0,0
peykani1373,7,,1,0,0,0,0,0,0,0,0,0,0,0,0,1,0,0,0,0,0,0,0
moallem_khaste,7,,13,0,0,0,0,1,0,1,1,1,1,1,1,0,0,1,1,1,1,1,1
mmmmmmmmk1233,7,,1,0,0,0,0,1,0,0,0,0,0,0,0,0,0,0,0,0,0,0,0
marmoz8dwo,7,,2,0,0,0,1,0,0,0,1,0,0,0,0,0,0,0,0,0,0,0,0
mamadhossini95,7,,1,0,0,0,0,0,0,0,0,0,0,0,0,0,0,0,1,0,0,0,0
luciasciarra_,7,,1,0,0,0,0,0,0,0,0,0,0,0,0,0,0,0,0,0,1,0,0
infiniteforev16,7,,2,0,0,0,0,0,0,0,0,0,0,0,0,0,0,0,0,0,0,1,1
immeesaw1,7,,1,0,0,0,0,0,0,0,0,0,0,0,0,0,0,0,0,0,1,0,0
imREVOLUTION83,7,,1,0,0,0,0,0,0,0,0,0,1,0,0,0,0,0,0,0,0,0,0
hgdjbhsru4922,7,,3,0,0,0,0,0,0,0,0,0,0,0,0,0,0,1,1,1,0,0,0
herat_icro,7,,17,0,1,1,1,1,1,1,1,1,0,0,1,1,1,1,1,1,1,1,1
freethinker4650,7,,1,0,0,0,0,0,0,0,0,0,0,0,0,0,0,0,0,0,0,0,1
bd005x,7,,3,0,0,0,0,0,1,0,0,0,0,0,0,0,0,0,0,1,1,0,0
babajide1707,7,,3,0,0,0,0,0,0,1,0,1,0,0,0,1,0,0,0,0,0,0,0
amir1dvr,7,,1,0,0,0,0,0,0,0,0,0,0,0,0,0,0,0,0,0,1,0,0
alpha_crabie,7,,1,0,0,0,0,0,0,0,0,0,0,0,0,0,0,0,0,0,1,0,0
abod7226,7,,1,0,0,0,0,0,0,0,0,0,0,0,0,0,0,1,0,0,0,0,0
a9wr_06,7,,1,0,0,0,0,0,0,0,0,0,1,0,0,0,0,0,0,0,0,0,0
Yn101163,7,,2,0,0,0,0,0,1,0,0,0,0,0,0,0,0,1,0,0,0,0,0
VieiraDr18047,7,,1,0,0,0,0,0,0,0,0,0,0,0,0,0,0,0,0,0,1,0,0
TangiburSk,7,,1,0,0,0,0,0,0,0,1,0,0,0,0,0,0,0,0,0,0,0,0
ShontaK78523,7,,1,0,0,0,0,0,0,0,0,0,0,0,0,0,0,0,0,0,0,0,1
SamraYyyansari,7,,1,0,0,1,0,0,0,0,0,0,0,0,0,0,0,0,0,0,0,0,0
Sadool484785,7,,2,1,0,0,0,0,0,0,0,0,0,0,0,0,1,0,0,0,0,0,0
Rudyligth,7,,1,0,0,0,0,0,0,0,0,0,0,0,0,0,0,0,0,0,0,0,1
Perspolis56101,7,,1,0,0,0,0,0,0,0,0,0,0,0,0,0,0,0,0,0,1,0,0
Omid189208,7,,1,0,0,0,0,0,0,0,0,0,0,0,0,0,0,0,0,0,0,1,0
NigahHussain512,7,,1,0,0,0,0,0,0,0,0,0,0,0,0,0,0,0,0,1,0,0,0
MuhammadNaey7,7,,1,0,0,0,0,0,0,1,0,0,0,0,0,0,0,0,0,0,0,0,0
Mehrdad__Persia,7,,1,0,0,0,0,0,0,0,0,0,0,0,0,0,0,0,0,0,0,1,0
MehmetE59328668,7,,2,0,0,0,0,0,1,0,0,0,0,1,0,0,0,0,0,0,0,0,0
MarkupPricing,7,,4,0,0,0,0,0,0,1,1,0,1,0,0,0,0,0,0,1,0,0,0
ManniPoseidon,7,,7,0,0,0,0,1,1,1,1,1,1,0,0,1,0,0,0,0,0,0,0
MancheeTheBrave,7,,1,0,0,0,0,0,0,0,0,0,0,0,0,0,0,0,0,1,0,0,0
MahdiHesamix,7,,1,0,0,0,0,0,0,0,0,0,0,0,0,0,0,0,0,1,0,0,0
Maan1370135,7,,2,0,0,0,0,0,0,0,0,0,0,0,0,0,0,0,0,1,0,0,1
MNaqvi35356,7,,1,0,0,0,0,0,0,0,0,0,0,0,0,0,0,0,0,0,0,0,1
MAHu45594,7,,1,0,0,0,0,0,0,0,0,0,0,0,0,0,0,0,0,0,0,1,0
Kerbela_br,7,,1,1,0,0,0,0,0,0,0,0,0,0,0,0,0,0,0,0,0,0,0
IntelRDops,7,,2,0,0,0,0,0,1,0,0,1,0,0,0,0,0,0,0,0,0,0,0
GodsaveIran,7,,3,0,0,0,0,0,0,0,0,0,0,0,0,0,0,0,1,0,1,0,1
Ghazanfari79,7,,1,0,0,0,0,0,0,1,0,0,0,0,0,0,0,0,0,0,0,0,0
GSkhy79261,7,,1,0,0,0,0,0,0,0,0,0,0,0,0,0,0,0,0,1,0,0,0
Furriously_,7,,1,0,0,0,0,0,0,0,1,0,0,0,0,0,0,0,0,0,0,0,0
FannyCa2014,7,,1,0,0,0,0,0,0,0,0,0,0,0,0,0,0,0,0,0,0,0,1
Delpazi_missile,7,,1,0,0,0,0,0,0,0,0,0,0,0,0,0,0,0,0,0,1,0,0
CabralVict28372,7,,1,1,0,0,0,0,0,0,0,0,0,0,0,0,0,0,0,0,0,0,0
Bilalsa65238053,7,,1,0,0,0,0,0,0,0,0,0,0,0,0,0,0,0,0,0,0,0,1
Behrangtk,7,,3,0,0,0,1,1,0,0,1,0,0,0,0,0,0,0,0,0,0,0,0
ArnautovVassil,7,,1,0,0,0,0,0,0,0,0,0,0,0,0,0,0,0,0,1,0,0,0
AmirThePunk,7,,1,0,0,0,0,0,0,0,0,0,0,0,0,0,0,0,0,1,0,0,0
AliMikhak,7,,3,0,0,0,0,0,0,0,0,1,1,0,0,0,0,0,0,0,1,0,0
AilrezaRezaeii,7,,1,0,0,0,0,0,0,0,0,0,0,0,0,0,0,0,0,0,1,0,0
AhmedJajer21920,7,,1,0,0,0,0,0,0,0,1,0,0,0,0,0,0,0,0,0,0,0,0
AhmdNdal39441,7,,1,0,0,0,0,0,0,0,0,0,0,0,0,0,0,1,0,0,0,0,0
Achqmqn,7,,1,0,0,0,0,0,0,0,0,0,0,0,0,0,0,0,0,0,0,0,1
AbwtrabyMh90415,7,,3,0,0,0,1,0,0,0,0,1,0,0,0,1,0,0,0,0,0,0,0
Abdulnasser0093,7,,1,0,0,0,0,0,0,0,0,0,0,0,0,0,0,0,0,1,0,0,0
AazraChang,7,,1,0,0,0,0,0,0,0,0,0,1,0,0,0,0,0,0,0,0,0,0
313_sire,7,,2,0,0,0,0,0,0,0,0,0,0,0,0,0,0,0,0,0,1,1,0
1986sshdgp,7,,8,0,1,0,1,0,1,0,0,1,0,1,0,1,1,0,0,0,1,0,0
ya_mhmd98984,6,,1,0,0,1,0,0,0,0,0,0,0,0,0,0,0,0,0,0,0,0,0
vladimirtutyrev,6,,2,0,0,0,0,0,0,0,0,0,0,0,0,0,0,1,0,1,0,0,0
sulololeve65153,6,,1,0,0,0,0,0,0,0,0,0,1,0,0,0,0,0,0,0,0,0,0
serchasara9243,6,,5,0,0,0,1,1,1,0,0,0,0,1,1,0,0,0,0,0,0,0,0
sadidinft,6,,1,0,0,0,0,0,0,0,0,0,0,1,0,0,0,0,0,0,0,0,0
rancidlobster,6,,1,0,0,0,0,0,0,0,0,1,0,0,0,0,0,0,0,0,0,0,0
ola_classified,6,,1,0,0,0,0,0,0,0,0,0,1,0,0,0,0,0,0,0,0,0,0
nukeblaster80,6,,1,0,0,0,0,0,1,0,0,0,0,0,0,0,0,0,0,0,0,0,0
naklov24,6,,8,1,0,1,1,1,0,1,1,1,0,0,0,1,0,0,0,0,0,0,0
mohmdi0313,6,,1,1,0,0,0,0,0,0,0,0,0,0,0,0,0,0,0,0,0,0,0
mohammed_g68455,6,,3,0,0,0,0,0,0,0,0,0,1,1,0,0,0,0,0,0,0,0,1
mahmoudi_h4431,6,,1,0,0,0,0,0,0,1,0,0,0,0,0,0,0,0,0,0,0,0,0
mahdiezati822,6,,1,0,0,0,0,0,1,0,0,0,0,0,0,0,0,0,0,0,0,0,0
mahdi_ha_1384,6,,1,0,0,0,0,0,0,0,0,0,0,0,0,0,0,0,0,0,1,0,0
kohannews_ir,6,,2,0,0,0,0,0,0,0,0,0,0,0,0,1,0,0,1,0,0,0,0
kitabh2md,6,,1,1,0,0,0,0,0,0,0,0,0,0,0,0,0,0,0,0,0,0,0
kelbofe,6,,2,0,0,0,0,0,0,0,0,0,0,0,0,0,0,0,0,0,0,1,1
kamal_961_,6,,2,0,0,0,0,0,0,0,0,0,0,0,0,0,0,1,0,1,0,0,0
irsamir69,6,,1,0,1,0,0,0,0,0,0,0,0,0,0,0,0,0,0,0,0,0,0
irfanhyder147,6,,1,0,0,0,0,0,0,0,0,1,0,0,0,0,0,0,0,0,0,0,0
houchatism77582,6,,1,0,0,0,0,0,0,0,0,0,0,0,0,0,0,1,0,0,0,0,0
hnaseri67,6,,1,0,0,0,0,0,0,0,0,0,0,0,0,0,0,0,0,0,0,0,1
exjoos,6,,3,0,0,0,0,0,1,0,0,1,1,0,0,0,0,0,0,0,0,0,0
emadmontana,6,,1,0,0,0,0,0,0,0,0,0,1,0,0,0,0,0,0,0,0,0,0
elpatron2223,6,,13,0,0,0,0,0,0,0,1,1,1,1,1,1,1,1,1,1,1,1,1
dwai6384,6,,4,0,0,0,0,0,1,0,0,0,1,0,0,0,0,1,0,0,0,1,0
djaihfnp92,6,,1,0,0,0,0,0,0,0,0,0,0,0,0,0,0,0,0,0,1,0,0
cahidebayram6,6,,1,0,0,0,0,0,0,0,0,0,0,0,0,0,0,0,0,0,1,0,0
c_truxler29,6,,1,0,0,0,0,0,0,0,0,0,0,0,0,0,0,0,0,0,0,1,0
bbhaj46239,6,,1,0,0,0,0,0,0,0,0,0,0,0,0,1,0,0,0,0,0,0,0
azimi166_x,6,,1,0,0,0,0,1,0,0,0,0,0,0,0,0,0,0,0,0,0,0,0
atamin1995,6,,2,0,0,0,0,0,0,0,0,0,1,0,1,0,0,0,0,0,0,0,0
asadbut25776078,6,,3,0,0,0,0,0,0,0,0,1,0,0,0,0,0,0,0,0,1,0,1
arash_irani85,6,,1,0,0,0,0,0,0,0,0,0,0,1,0,0,0,0,0,0,0,0,0
amuseinmyself,6,,1,0,0,0,0,0,0,0,0,0,0,0,0,0,0,0,0,0,0,0,1
amirmasoudette,6,,1,0,0,0,0,0,1,0,0,0,0,0,0,0,0,0,0,0,0,0,0
ahmadi52757,6,,1,0,0,0,0,0,0,0,0,0,0,0,0,0,0,0,0,0,0,0,1
afruiux,6,,1,0,0,0,0,0,0,1,0,0,0,0,0,0,0,0,0,0,0,0,0
a_k22ak,6,,1,0,0,0,0,0,0,0,0,0,0,0,0,0,0,1,0,0,0,0,0
Zladak786,6,,1,0,0,0,0,0,0,0,0,0,0,1,0,0,0,0,0,0,0,0,0
ZamJbran30439,6,,2,0,0,0,0,0,0,0,0,0,0,0,0,1,0,0,0,0,1,0,0
ZAID2032052,6,,1,0,0,0,0,0,0,0,0,0,0,0,0,0,0,1,0,0,0,0,0
YHeydar31339787,6,,2,0,0,0,0,0,0,0,0,0,0,0,0,1,1,0,0,0,0,0,0
VCociancich,6,,1,0,0,0,0,0,0,0,0,0,0,0,0,0,0,0,0,1,0,0,0
UsmanBello74117,6,,12,0,1,1,1,0,0,1,1,1,1,0,0,1,1,1,0,1,0,0,1
Touran_osmani,6,,1,0,0,0,0,0,0,0,0,1,0,0,0,0,0,0,0,0,0,0,0
Taurinotoretto,6,,1,0,0,0,0,0,0,0,0,0,0,0,0,0,0,1,0,0,0,0,0
Taseer_seyyed,6,,3,0,0,0,0,0,1,0,0,0,1,0,0,0,0,0,1,0,0,0,0
SubhamayMukhe12,6,,1,0,0,0,0,0,0,0,0,0,0,0,0,0,0,0,0,0,1,0,0
Sevil_Aftabi,6,,1,0,0,0,0,0,0,0,0,0,0,0,0,0,0,0,0,0,0,1,0
SasiFebruari,6,,3,0,0,0,0,0,0,0,1,1,1,0,0,0,0,0,0,0,0,0,0
SalmanH17056692,6,,1,0,1,0,0,0,0,0,0,0,0,0,0,0,0,0,0,0,0,0,0
SainiVarun20223,6,,2,0,0,0,0,0,1,0,0,0,0,0,0,0,0,0,0,1,0,0,0
SafdarMehd31680,6,,1,0,0,0,0,0,0,0,0,0,0,0,1,0,0,0,0,0,0,0,0
RouhollahK64369,6,,1,0,0,0,0,0,0,0,0,0,0,0,0,0,0,0,0,0,1,0,0
RemondetYasmine,6,,1,0,0,0,0,0,0,0,0,0,0,0,0,0,0,0,0,0,0,0,1
Rashkanow222,6,,1,0,0,0,0,0,0,0,0,0,0,0,0,0,0,0,0,0,1,0,0
Natamamir,6,,7,0,0,0,0,0,0,0,0,0,0,0,1,1,1,1,1,0,1,1,0
Masterdense,6,,4,0,1,0,0,0,1,0,0,1,0,0,0,1,0,0,0,0,0,0,0
M_NSR_T,6,,1,0,0,0,0,0,0,0,0,0,0,0,0,0,0,0,0,0,0,0,1
LazarusAmon,6,,4,0,0,0,0,0,0,1,1,1,1,0,0,0,0,0,0,0,0,0,0
Lakes_ft_yayaa,6,,1,0,0,0,0,0,1,0,0,0,0,0,0,0,0,0,0,0,0,0,0
LYasirsia93247,6,,1,0,0,0,0,0,0,0,1,0,0,0,0,0,0,0,0,0,0,0,0
LT67319005,6,,1,0,0,0,0,0,0,0,0,0,0,0,0,0,0,0,0,0,0,0,1
KodaliSuhail,6,,1,0,0,0,0,0,0,0,0,0,0,0,0,0,0,0,0,1,0,0,0
Khomenie063,6,,1,0,0,0,0,0,1,0,0,0,0,0,0,0,0,0,0,0,0,0,0
KanishkaParsi,6,,1,0,0,0,0,0,0,1,0,0,0,0,0,0,0,0,0,0,0,0,0
Kamal1838007,6,,1,0,0,0,0,0,0,0,0,0,0,0,0,0,0,0,1,0,0,0,0
JospinLynnom,6,,1,0,1,0,0,0,0,0,0,0,0,0,0,0,0,0,0,0,0,0,0
JohnSmithfyub,6,,1,0,0,0,0,0,0,0,0,0,0,0,0,0,0,0,0,0,0,0,1
JackStuar1972,6,,1,0,0,0,0,0,0,0,0,0,0,0,0,0,0,0,1,0,0,0,0
IzharHadyan,6,,3,0,0,0,0,0,0,0,0,0,0,0,0,0,0,1,0,0,1,0,1
IamMinhas04,6,,2,1,0,0,0,1,0,0,0,0,0,0,0,0,0,0,0,0,0,0,0
HassanJ8917,6,,1,0,0,1,0,0,0,0,0,0,0,0,0,0,0,0,0,0,0,0,0
Has_nain_,6,,2,0,0,0,0,0,0,0,0,0,0,1,0,0,0,0,1,0,0,0,0
Haneef000786,6,,1,0,0,0,0,0,1,0,0,0,0,0,0,0,0,0,0,0,0,0,0
GodMinimal,6,,1,0,0,0,0,0,0,0,0,0,0,0,0,0,0,0,0,0,1,0,0
GhulamQadir404,6,,2,0,0,0,0,0,0,0,0,0,0,0,0,1,1,0,0,0,0,0,0
GhostThe54114,6,,2,0,0,0,0,0,0,0,0,0,0,0,0,0,0,0,0,0,1,0,1
GhafourG42254,6,,2,0,0,0,0,0,0,0,0,0,0,0,0,0,1,0,0,0,1,0,0
GaringNico91555,6,,3,0,0,0,0,0,0,0,0,0,0,0,0,0,0,0,0,0,1,1,1
ElnazMorovati,6,,1,0,0,0,0,0,0,0,0,0,0,0,0,0,0,0,0,0,1,0,0
Castro86830,6,,2,0,0,0,0,0,0,1,1,0,0,0,0,0,0,0,0,0,0,0,0
Booksteafire,6,,1,0,0,0,0,0,0,0,0,0,0,0,0,0,0,1,0,0,0,0,0
AtameAUnMisil,6,,3,0,0,0,0,0,0,0,0,0,0,0,0,0,0,0,0,1,1,0,1
AnticheCivilta,6,,1,0,0,0,0,0,0,0,0,0,0,0,0,0,0,0,0,1,0,0,0
AlyZaman52035,6,,1,0,1,0,0,0,0,0,0,0,0,0,0,0,0,0,0,0,0,0,0
Alexa537647,6,,2,0,0,0,0,0,0,0,1,0,1,0,0,0,0,0,0,0,0,0,0
AbdulrahmanTh7,6,,1,0,0,0,0,0,0,0,0,0,0,0,0,0,0,1,0,0,0,0,0
ALIFAZAL110,6,,1,0,0,0,0,0,0,0,0,0,0,0,0,0,0,0,0,0,1,0,0
A1l3ireza,6,,2,0,0,0,0,1,1,0,0,0,0,0,0,0,0,0,0,0,0,0,0
7sqol,6,,1,0,0,1,0,0,0,0,0,0,0,0,0,0,0,0,0,0,0,0,0
zainabsayeghh_,5,,1,0,0,0,0,0,0,0,0,0,0,0,0,0,0,1,0,0,0,0,0
zaidi25067,5,,1,0,0,0,0,0,0,0,0,0,0,0,0,0,0,0,0,0,1,0,0
zah_195,5,,1,0,0,0,0,0,0,0,0,0,0,0,0,0,0,0,0,0,0,0,1
yahyaabbasi512,5,,1,0,0,0,0,0,0,0,0,0,0,0,0,0,0,0,0,1,0,0,0
techfriends869,5,,1,0,1,0,0,0,0,0,0,0,0,0,0,0,0,0,0,0,0,0,0
sulait254455,5,,2,0,0,0,0,0,0,0,0,0,1,0,0,0,0,0,0,0,1,0,0
shavali_ali,5,,1,0,0,0,0,1,0,0,0,0,0,0,0,0,0,0,0,0,0,0,0
seidmht31972,5,,5,0,0,1,0,0,0,1,0,0,0,0,0,0,0,0,1,1,0,1,0
sehassan31,5,,2,0,0,0,0,0,0,0,0,0,0,0,0,0,0,0,0,0,0,1,1
samady14123,5,,1,0,0,1,0,0,0,0,0,0,0,0,0,0,0,0,0,0,0,0,0
sachita457127,5,,4,0,0,0,0,0,1,1,0,1,0,0,0,0,0,0,0,0,0,0,1
roger2013896633,5,,2,0,1,0,0,0,0,0,0,0,0,0,0,1,0,0,0,0,0,0,0
rezamehdi8,5,,1,0,0,0,0,0,0,0,0,1,0,0,0,0,0,0,0,0,0,0,0
peygir_,5,,1,0,0,0,0,0,0,0,0,0,0,0,0,0,0,0,1,0,0,0,0
pbxgaming87,5,,1,0,0,0,0,0,0,0,0,0,0,0,0,1,0,0,0,0,0,0,0
ow3zrh,5,,1,0,0,0,0,0,0,0,0,0,0,0,0,0,0,0,0,0,1,0,0
onixa1963,5,,1,0,0,0,0,0,0,0,0,0,0,1,0,0,0,0,0,0,0,0,0
omalik07,5,,1,0,0,0,0,0,0,0,0,0,0,0,0,0,0,0,0,0,0,0,1
nayfalbkaly2,5,,1,0,0,0,0,0,0,0,0,0,0,0,0,0,0,1,0,0,0,0,0
navidnafaryeh,5,,4,0,0,0,0,0,0,0,0,1,1,0,1,1,0,0,0,0,0,0,0
mubbashir___,5,,1,0,0,0,0,0,0,0,0,1,0,0,0,0,0,0,0,0,0,0,0
milo61239,5,,1,0,0,0,0,0,0,0,0,0,0,0,0,0,0,0,1,0,0,0,0
mehrabanxoxr,5,,1,0,0,0,0,0,0,0,0,0,0,0,0,0,0,0,0,0,1,0,0
mat72313,5,,1,0,0,0,0,0,0,0,0,1,0,0,0,0,0,0,0,0,0,0,0
malik_hasaan275,5,,1,0,0,0,0,0,0,0,0,0,1,0,0,0,0,0,0,0,0,0,0
lurkingfo,5,,1,0,0,0,0,0,0,0,0,0,0,0,0,0,0,0,0,0,0,0,1
lilyy883i,5,,1,0,0,0,0,0,0,0,0,0,0,0,0,0,0,0,0,1,0,0,0
kur9595,5,,1,0,0,0,0,0,0,0,0,0,0,0,0,1,0,0,0,0,0,0,0
khyrabady45534,5,,1,0,0,0,0,0,0,0,0,0,0,0,0,0,1,0,0,0,0,0,0
khabokhak,5,,1,0,0,0,0,0,0,0,0,0,0,0,0,0,0,0,0,0,0,0,1
kabuczynski,5,,1,0,0,0,0,0,1,0,0,0,0,0,0,0,0,0,0,0,0,0,0
javaidmalik921,5,,8,0,0,1,1,1,1,0,0,0,0,0,0,0,0,1,1,0,0,1,1
jannemanloy,5,,5,0,0,0,1,1,1,1,1,0,0,0,0,0,0,0,0,0,0,0,0
heideheide1234,5,,4,0,0,0,0,0,0,0,1,0,0,0,0,0,0,0,0,1,1,0,1
hall_betty38104,5,,1,0,0,0,0,0,0,0,0,0,0,0,0,0,0,0,0,0,0,1,0
gundermanni1987,5,,1,0,0,0,0,0,0,0,0,0,0,0,0,0,0,0,0,0,1,0,0
gkh_kgkh796,5,,1,1,0,0,0,0,0,0,0,0,0,0,0,0,0,0,0,0,0,0,0
frznjoon,5,,1,0,0,0,0,0,0,0,0,0,0,0,0,0,0,0,0,0,0,0,1
drdiaz73,5,,2,1,1,0,0,0,0,0,0,0,0,0,0,0,0,0,0,0,0,0,0
cherrypie_berry,5,,5,0,0,0,0,0,1,0,0,1,0,0,0,1,0,0,0,1,0,0,1
ayeshagulalaye,5,,1,1,0,0,0,0,0,0,0,0,0,0,0,0,0,0,0,0,0,0,0
ardalan02382268,5,,2,0,0,0,0,0,0,0,0,0,0,0,0,1,1,0,0,0,0,0,0
anwar_khan12988,5,,1,0,0,0,0,0,1,0,0,0,0,0,0,0,0,0,0,0,0,0,0
amirhoseinam313,5,,1,0,0,0,1,0,0,0,0,0,0,0,0,0,0,0,0,0,0,0,0
ali_kochoolo,5,,1,0,0,0,0,0,0,0,0,0,0,0,0,0,0,0,0,0,1,0,0
ali543506,5,,1,0,0,0,0,0,0,0,0,0,0,0,1,0,0,0,0,0,0,0,0
adwwitieya,5,,1,0,0,0,0,0,0,0,0,0,0,0,0,0,0,0,0,0,1,0,0
abdullah_s33693,5,,1,1,0,0,0,0,0,0,0,0,0,0,0,0,0,0,0,0,0,0,0
___yunus__emre,5,,1,0,0,0,0,0,0,0,1,0,0,0,0,0,0,0,0,0,0,0,0
ZHooshmand62,5,,1,0,0,0,0,0,0,0,0,1,0,0,0,0,0,0,0,0,0,0,0
Wizard7Z5,5,,1,0,0,0,0,0,0,0,1,0,0,0,0,0,0,0,0,0,0,0,0
Thucydidesso2o,5,,1,0,0,0,0,0,0,0,0,0,0,0,0,0,0,0,0,0,1,0,0
SyedShamsAli,5,,2,0,0,0,0,0,0,0,1,0,0,0,0,0,0,0,1,0,0,0,0
SinaMohamadifam,5,,1,0,0,1,0,0,0,0,0,0,0,0,0,0,0,0,0,0,0,0,0
Sarah3bdelFata7,5,,1,0,0,0,0,0,0,1,0,0,0,0,0,0,0,0,0,0,0,0,0
SajidMughali,5,,1,0,0,0,0,0,0,0,0,0,0,0,0,0,0,0,0,0,1,0,0
SANAULLAH1818,5,,1,0,0,1,0,0,0,0,0,0,0,0,0,0,0,0,0,0,0,0,0
RumiAlmighty,5,,8,0,0,0,1,0,0,0,0,1,0,0,1,1,0,0,1,1,1,0,1
RankaSekento,5,,1,0,0,0,0,0,0,0,1,0,0,0,0,0,0,0,0,0,0,0,0
Outlander404,5,,1,0,0,0,0,0,0,0,0,0,0,0,0,0,0,0,1,0,0,0,0
OBEY9988,5,,1,0,0,0,0,0,1,0,0,0,0,0,0,0,0,0,0,0,0,0,0
NimaSalian50787,5,,1,0,0,0,0,1,0,0,0,0,0,0,0,0,0,0,0,0,0,0,0
NamJoon10336,5,,5,1,0,0,0,0,0,0,1,0,1,1,0,0,0,0,1,0,0,0,0
MrFarhad7596,5,,4,0,0,0,0,0,0,0,0,0,0,0,0,0,0,1,0,1,1,0,1
MoussawiAliM,5,,1,0,0,0,0,0,0,1,0,0,0,0,0,0,0,0,0,0,0,0,0
MoqbeelMot86888,5,,4,0,1,0,1,1,0,0,0,0,0,0,0,0,0,0,0,0,1,0,0
MhsnRb,5,,2,0,0,0,0,0,0,0,0,0,0,0,0,0,0,0,0,0,0,1,1
ManzadehHatami,5,,1,0,0,0,0,0,0,0,0,0,0,0,0,0,0,0,0,0,0,1,0
HosseinYou60393,5,,1,0,0,0,0,0,0,0,0,0,0,0,0,1,0,0,0,0,0,0,0
HasnainWal9280,5,,1,0,0,0,0,0,1,0,0,0,0,0,0,0,0,0,0,0,0,0,0
Harun_irany,5,,1,0,0,0,0,0,0,0,0,1,0,0,0,0,0,0,0,0,0,0,0
HamzaIzhar12,5,,1,0,0,0,0,0,0,0,0,0,0,0,0,0,0,0,0,0,0,0,1
HFatima20192022,5,,1,0,0,0,0,0,1,0,0,0,0,0,0,0,0,0,0,0,0,0,0
FortressOfObliv,5,,1,0,0,0,0,0,0,0,1,0,0,0,0,0,0,0,0,0,0,0,0
FadiElAmin10,5,,1,0,0,0,0,0,0,0,0,0,0,0,0,0,0,0,0,1,0,0,0
EmamiMohta2800,5,,1,0,0,0,0,0,0,0,0,0,0,0,0,0,0,0,0,1,0,0,0
DrMShabanii,5,,1,0,0,0,0,0,0,1,0,0,0,0,0,0,0,0,0,0,0,0,0
DorothyHil48859,5,,1,0,0,0,0,0,0,0,0,0,0,0,0,0,0,0,0,0,0,1,0
Danish5843640,5,,1,0,0,0,0,0,1,0,0,0,0,0,0,0,0,0,0,0,0,0,0
DanGadoo99,5,,2,0,0,0,0,0,0,0,0,0,1,0,0,0,0,0,0,0,0,0,1
Cuscagh,5,,1,0,0,0,0,0,1,0,0,0,0,0,0,0,0,0,0,0,0,0,0
Behmanish313,5,,1,0,0,0,0,1,0,0,0,0,0,0,0,0,0,0,0,0,0,0,0
BMstfybshty,5,,1,0,0,0,0,0,0,0,0,1,0,0,0,0,0,0,0,0,0,0,0
B47ANZ,5,,3,0,0,0,0,0,0,0,0,0,1,0,0,0,0,0,1,1,0,0,0
AtifWrites72,5,,1,0,0,0,0,0,1,0,0,0,0,0,0,0,0,0,0,0,0,0,0
Asaph21o,5,,1,0,1,0,0,0,0,0,0,0,0,0,0,0,0,0,0,0,0,0,0
AliRezaPah66351,5,,1,0,0,0,0,0,1,0,0,0,0,0,0,0,0,0,0,0,0,0,0
AkirJojou72113,5,,1,0,0,0,0,0,0,0,0,0,0,0,0,0,0,0,0,0,0,0,1
AKochi94748f,5,,1,0,0,0,0,0,0,1,0,0,0,0,0,0,0,0,0,0,0,0,0
9s72tk,5,,1,0,0,0,0,1,0,0,0,0,0,0,0,0,0,0,0,0,0,0,0
zehnebozorg,4,,1,0,0,0,0,0,0,0,0,0,0,0,0,0,0,0,1,0,0,0,0
zaidisaab111,4,,1,0,0,0,0,0,0,0,0,0,0,0,0,0,0,0,0,0,0,0,1
younes572960,4,,1,0,0,0,0,0,0,0,0,1,0,0,0,0,0,0,0,0,0,0,0
wenMawienbd9,4,,1,0,0,0,0,0,0,0,0,1,0,0,0,0,0,0,0,0,0,0,0
waseemvaliyara,4,,2,0,0,0,0,1,1,0,0,0,0,0,0,0,0,0,0,0,0,0,0
thesmokingrdog3,4,,1,0,0,0,0,0,0,0,0,0,0,0,0,1,0,0,0,0,0,0,0
rostam140,4,,2,1,0,0,0,0,0,0,0,0,1,0,0,0,0,0,0,0,0,0,0
reportmaidabuse,4,,1,0,0,0,0,0,0,0,0,1,0,0,0,0,0,0,0,0,0,0,0
nomolae_,4,,1,0,0,0,0,0,0,0,1,0,0,0,0,0,0,0,0,0,0,0,0
modibo_nia10427,4,,9,0,0,1,1,1,1,1,1,0,1,1,0,0,0,0,0,0,0,1,0
lordmahdi79,4,,1,0,0,0,0,0,1,0,0,0,0,0,0,0,0,0,0,0,0,0,0
iyonNANDESUGA,4,,1,0,0,0,0,0,0,0,0,0,0,0,0,1,0,0,0,0,0,0,0
ho3479o,4,,3,0,0,0,0,0,0,0,1,1,0,1,0,0,0,0,0,0,0,0,0
here345693,4,,1,0,0,0,0,0,0,0,0,0,0,0,0,0,0,0,0,0,0,1,0
fasa300052,4,,1,0,0,0,0,0,1,0,0,0,0,0,0,0,0,0,0,0,0,0,0
f_iran1357,4,,2,0,0,0,0,0,0,0,0,0,0,0,0,1,0,0,1,0,0,0,0
dotnetguy,4,,1,0,0,0,0,1,0,0,0,0,0,0,0,0,0,0,0,0,0,0,0
daringduckk1,4,,3,0,0,0,0,0,0,0,0,0,0,0,0,0,0,0,0,0,1,1,1
d_defir58,4,,1,0,0,1,0,0,0,0,0,0,0,0,0,0,0,0,0,0,0,0,0
cryptMTF,4,,1,0,0,0,0,0,0,0,0,1,0,0,0,0,0,0,0,0,0,0,0
beingasthought,4,,1,0,0,0,0,0,0,0,0,0,0,0,0,0,0,0,0,0,0,0,1
b93596,4,,1,0,0,0,0,0,0,0,0,0,0,0,0,0,0,0,0,1,0,0,0
atena313313,4,,2,0,0,0,0,1,0,0,0,0,0,1,0,0,0,0,0,0,0,0,0
asal1355031,4,,1,0,1,0,0,0,0,0,0,0,0,0,0,0,0,0,0,0,0,0,0
alielahi83,4,,1,0,0,0,0,1,0,0,0,0,0,0,0,0,0,0,0,0,0,0,0
a_yousuf54597,4,,1,0,0,0,0,0,0,0,1,0,0,0,0,0,0,0,0,0,0,0,0
YasGeeky,4,,1,0,0,0,0,0,0,0,0,0,1,0,0,0,0,0,0,0,0,0,0
XxashlynnpawxX,4,,1,0,0,0,0,0,0,0,0,0,0,0,1,0,0,0,0,0,0,0,0
WarringVoices,4,,1,0,0,0,0,0,0,0,0,0,0,0,0,0,0,0,0,0,0,0,1
Wafaa82396010,4,,1,0,0,0,0,0,0,0,1,0,0,0,0,0,0,0,0,0,0,0,0
TMacammad52743,4,,1,0,0,0,0,0,0,0,0,0,0,0,0,0,0,0,0,0,0,0,1
TEN7SHI,4,,1,0,0,0,0,0,0,0,0,0,1,0,0,0,0,0,0,0,0,0,0
Shahedam34,4,,5,0,0,0,1,0,0,0,0,0,0,1,1,1,0,0,0,0,1,0,0
SeyedQir,4,,2,0,0,0,1,1,0,0,0,0,0,0,0,0,0,0,0,0,0,0,0
Scooby_jow53,4,,1,0,0,0,0,0,0,0,0,1,0,0,0,0,0,0,0,0,0,0,0
SarahAdams48659,4,,1,0,0,0,0,0,0,0,0,0,0,0,0,0,0,1,0,0,0,0,0
Rasoul9372,4,,7,0,0,0,1,0,0,0,0,1,0,0,0,1,0,0,0,1,1,1,1
RAhmdy1886,4,,8,0,0,0,1,0,0,0,0,1,1,1,1,1,0,1,1,0,0,0,0
PooianK33667,4,,1,0,0,0,0,0,0,0,0,0,0,0,0,0,0,0,0,1,0,0,0
PersianNova2026,4,,16,0,0,1,0,1,1,1,1,1,1,1,1,1,1,1,1,1,1,0,1
Persian86885586,4,,2,0,0,0,1,0,0,1,0,0,0,0,0,0,0,0,0,0,0,0,0
PakistannKhan,4,,1,0,0,0,0,0,0,1,0,0,0,0,0,0,0,0,0,0,0,0,0
Otibans,4,,1,0,0,1,0,0,0,0,0,0,0,0,0,0,0,0,0,0,0,0,0
NowshadBeg47324,4,,1,0,0,0,0,0,0,0,0,0,0,0,0,0,0,0,0,0,0,0,1
Neutral2320,4,,2,0,0,0,0,0,0,0,0,1,0,0,0,0,0,0,0,0,0,0,1
MurphyLesl7672,4,,1,0,0,0,0,1,0,0,0,0,0,0,0,0,0,0,0,0,0,0,0
Moz90287,4,,2,0,0,0,0,0,1,0,0,0,0,0,0,0,0,0,0,0,0,1,0
Mikailyalvarma1,4,,2,0,0,0,0,0,0,0,0,0,0,0,0,0,0,0,0,0,1,1,0
Meysam83mashini,4,,1,0,1,0,0,0,0,0,0,0,0,0,0,0,0,0,0,0,0,0,0
MaxBrup,4,,1,0,0,0,0,0,0,0,0,0,0,0,0,0,0,0,0,0,0,0,1
MahdiJb77,4,,1,0,0,0,0,0,0,0,0,0,0,0,0,0,0,0,0,0,1,0,0
LoRdJoHn1150,4,,1,1,0,0,0,0,0,0,0,0,0,0,0,0,0,0,0,0,0,0,0
Kateay553,4,,2,0,0,0,0,0,0,0,0,1,0,0,0,0,0,0,0,0,1,0,0
JenniferJo59009,4,,3,0,0,0,0,0,0,0,0,0,0,0,0,0,0,0,0,0,1,1,1
Jennife24692884,4,,2,0,0,0,0,0,0,0,0,0,0,0,0,0,0,0,0,1,1,0,0
JdjdHaks51570,4,,2,0,0,0,0,0,0,0,1,0,1,0,0,0,0,0,0,0,0,0,0
Janet1995751977,4,,1,0,0,0,0,0,0,0,0,0,0,0,0,0,0,0,0,0,0,0,1
Jahad233,4,,2,0,0,0,0,0,0,0,0,0,0,0,0,1,1,0,0,0,0,0,0
HuzaifaAmer1169,4,,4,0,1,0,0,0,0,0,1,1,0,1,0,0,0,0,0,0,0,0,0
HouseLeshe,4,,1,0,0,0,0,0,0,0,1,0,0,0,0,0,0,0,0,0,0,0,0
Hlengian,4,,1,0,0,0,0,0,1,0,0,0,0,0,0,0,0,0,0,0,0,0,0
Ham24840,4,,1,0,0,0,0,0,0,0,1,0,0,0,0,0,0,0,0,0,0,0,0
HDahir32920,4,,1,0,0,0,0,0,0,0,0,0,0,0,0,0,0,0,0,1,0,0,0
H489150,4,,12,0,0,1,1,0,0,1,1,1,1,1,1,1,1,0,0,1,0,1,0
GillaniSye30042,4,,1,0,0,0,0,0,0,0,0,1,0,0,0,0,0,0,0,0,0,0,0
GashtehGom99886,4,,4,0,0,0,0,0,1,0,0,0,0,0,0,1,0,0,1,0,1,0,0
FatemeSotuodeh,4,,1,0,0,0,1,0,0,0,0,0,0,0,0,0,0,0,0,0,0,0,0
FarrTree,4,,1,0,0,0,0,0,0,0,0,0,1,0,0,0,0,0,0,0,0,0,0
FRuodan51890,4,,1,0,0,0,0,0,1,0,0,0,0,0,0,0,0,0,0,0,0,0,0
EvlUnclSAM,4,,2,0,0,0,0,0,0,1,0,0,0,0,0,0,0,0,0,0,0,0,1
EliSmithemky,4,,2,0,0,0,0,0,1,0,0,0,0,0,0,0,0,1,0,0,0,0,0
DonnaJohns13325,4,,2,0,0,0,0,0,0,0,0,0,0,0,0,0,0,0,0,1,1,0,0
Cruzzzman,4,,1,0,0,0,0,0,0,0,0,0,0,0,0,0,0,0,0,1,0,0,0
COlogy83595,4,,2,0,0,0,0,0,0,0,0,0,0,0,0,0,0,1,0,1,0,0,0
BCharchick56663,4,,3,0,0,0,0,0,0,0,0,0,1,0,1,0,0,0,0,0,1,0,0
AskariABL,4,,1,0,0,0,0,0,0,0,0,0,0,0,0,0,0,0,0,1,0,0,0
Aqaiehashemi2,4,,2,0,0,0,0,0,0,0,0,0,1,1,0,0,0,0,0,0,0,0,0
AntiMunh,4,,11,0,1,0,0,0,1,0,1,1,1,0,0,1,1,0,1,1,1,1,0
AmiraliAli68382,4,,2,0,0,0,0,0,1,0,0,1,0,0,0,0,0,0,0,0,0,0,0
AmirMamad65768,4,,1,0,0,0,0,0,1,0,0,0,0,0,0,0,0,0,0,0,0,0,0
AmIrReZae0,4,,4,0,0,0,0,0,1,1,0,0,1,0,0,1,0,0,0,0,0,0,0
Alien37330,4,,1,0,0,0,0,0,0,0,0,0,0,0,0,0,0,0,0,0,0,0,1
AlexisS10780,4,,2,0,0,0,0,0,0,0,0,0,0,1,0,0,0,0,0,0,1,0,0
AdrianKhaybar,4,,1,0,0,0,0,0,0,0,0,0,0,0,0,0,0,0,1,0,0,0,0
Abdolrazagh_M,4,,1,0,0,0,0,0,0,0,0,0,1,0,0,0,0,0,0,0,0,0,0
ARH0110,4,,1,0,0,0,0,0,0,0,0,0,0,0,0,0,0,0,0,0,1,0,0
1_kacaanwa,4,,2,1,0,0,0,0,0,0,0,0,1,0,0,0,0,0,0,0,0,0,0
zohresexi74,3,,1,0,0,0,0,1,0,0,0,0,0,0,0,0,0,0,0,0,0,0,0
varaqeel,3,,1,0,0,0,0,1,0,0,0,0,0,0,0,0,0,0,0,0,0,0,0
toufighpoor,3,,1,0,0,0,0,0,0,0,0,1,0,0,0,0,0,0,0,0,0,0,0
strawberry68776,3,,3,1,0,0,1,0,0,0,0,0,1,0,0,0,0,0,0,0,0,0,0
shaik_ali50571,3,,1,0,0,0,0,0,0,0,0,0,0,0,0,0,0,0,1,0,0,0,0
shabbir_gb,3,,2,0,0,0,0,0,0,1,0,0,0,0,0,0,0,0,1,0,0,0,0
sarmad_adi87190,3,,1,0,0,0,0,0,0,0,1,0,0,0,0,0,0,0,0,0,0,0,0
rwllh2663344780,3,,1,0,0,0,0,0,0,0,0,0,0,0,0,0,0,1,0,0,0,0,0
rezabahrami007,3,,1,0,0,0,0,0,0,0,0,0,0,0,0,1,0,0,0,0,0,0,0
ramsbedryf4,3,,3,0,0,0,0,1,0,0,1,0,0,1,0,0,0,0,0,0,0,0,0
qadimaffridi,3,,3,0,0,0,0,0,0,0,0,0,0,0,0,0,0,0,1,0,1,1,0
pius_muriuki,3,,1,0,0,0,0,0,0,0,0,1,0,0,0,0,0,0,0,0,0,0,0
parivash_m_p,3,,1,0,0,0,0,0,0,0,0,0,0,0,0,0,0,0,0,0,0,1,0
pairvansak,3,,1,0,0,0,0,0,0,0,0,1,0,0,0,0,0,0,0,0,0,0,0
oeildumondyr,3,,1,0,0,0,0,0,0,0,0,0,0,0,0,0,0,0,0,0,0,1,0
neyshaburiii,3,,1,0,0,0,0,0,0,0,0,0,0,0,0,0,0,0,0,0,1,0,0
natoyahayir2027,3,,6,0,0,0,0,0,0,0,0,0,1,1,1,1,1,1,0,0,0,0,0
n__nm1718,3,,1,0,0,0,0,0,0,0,0,0,0,0,0,0,0,1,0,0,0,0,0
lori_byer74307,3,,6,0,0,0,0,0,0,0,0,1,1,0,1,1,0,0,0,0,0,1,1
jones_amanda42,3,,1,0,0,0,0,0,0,0,1,0,0,0,0,0,0,0,0,0,0,0,0
jhonnynice57934,3,,2,0,0,0,0,0,0,0,0,0,0,0,1,0,0,0,0,1,0,0,0
j_stephanie24,3,,1,0,0,0,0,0,0,1,0,0,0,0,0,0,0,0,0,0,0,0,0
irshaduop123,3,,1,0,0,0,0,0,0,0,0,0,0,0,0,0,0,0,0,0,1,0,0
iliaJandaghi,3,,1,0,0,0,0,0,0,0,0,0,0,0,0,0,1,0,0,0,0,0,0
ibrahimjn22,3,,8,0,0,0,0,0,1,1,0,1,0,0,0,0,0,1,1,1,0,1,1
husseinkibsi,3,,2,0,0,0,0,0,1,0,0,0,1,0,0,0,0,0,0,0,0,0,0
hoseini_abas2,3,,1,0,0,0,0,0,0,0,0,0,0,1,0,0,0,0,0,0,0,0,0
hmisphre134886,3,,4,0,0,0,0,0,0,0,1,1,1,0,0,1,0,0,0,0,0,0,0
fotohi_j98,3,,1,0,0,0,0,0,0,0,0,0,1,0,0,0,0,0,0,0,0,0,0
former_pontius,3,,1,0,0,0,0,0,0,0,1,0,0,0,0,0,0,0,0,0,0,0,0
fatimas_123,3,,1,0,0,0,0,0,0,0,0,0,1,0,0,0,0,0,0,0,0,0,0
farshad5950,3,,1,0,0,0,0,0,0,0,0,0,0,0,0,1,0,0,0,0,0,0,0
eric77772277,3,,1,0,0,0,0,0,1,0,0,0,0,0,0,0,0,0,0,0,0,0,0
elitheroot,3,,1,0,0,0,0,0,0,0,0,0,1,0,0,0,0,0,0,0,0,0,0
dgtndst8nit7tb7,3,,5,0,0,0,0,1,1,1,0,0,0,1,0,0,0,0,1,0,0,0,0
danialanari,3,,1,0,0,0,0,0,0,0,0,1,0,0,0,0,0,0,0,0,0,0,0
bitokhm,3,,6,1,0,0,0,0,0,0,0,0,1,0,0,1,1,0,1,0,1,0,0
baronerampantte,3,,3,0,0,0,0,1,1,0,0,0,1,0,0,0,0,0,0,0,0,0,0
aunabbass,3,,1,0,0,0,0,0,0,0,0,0,0,0,0,0,0,0,0,1,0,0,0
asgharij25,3,,2,0,0,0,0,0,1,0,0,1,0,0,0,0,0,0,0,0,0,0,0
arijafali,3,,1,0,0,0,0,0,0,1,0,0,0,0,0,0,0,0,0,0,0,0,0
alienslaughng,3,,1,0,0,0,0,0,0,0,0,0,1,0,0,0,0,0,0,0,0,0,0
ald976846,3,,1,0,0,0,0,0,0,0,0,0,0,0,0,0,0,0,0,1,0,0,0
akinfisher,3,,1,0,0,0,0,0,0,1,0,0,0,0,0,0,0,0,0,0,0,0,0
ahmad2o04,3,,1,0,0,0,0,0,0,0,0,1,0,0,0,0,0,0,0,0,0,0,0
agha_hadiii,3,,1,0,0,0,0,0,0,0,0,0,0,0,0,0,0,0,0,0,1,0,0
acfan_india,3,,7,0,0,0,0,0,0,0,0,0,1,0,1,1,0,0,1,1,1,0,1
abbashyder2001,3,,2,0,0,0,0,0,0,0,0,0,0,0,0,0,0,0,1,0,1,0,0
a_gh98_3,3,,2,0,0,0,0,0,0,0,0,0,0,0,0,0,0,1,0,0,1,0,0
TliTalha278437,3,,2,0,0,0,0,0,0,0,0,1,0,0,0,0,0,0,0,0,0,0,1
Th15990Abw,3,,1,0,0,0,0,0,0,0,0,0,0,0,0,1,0,0,0,0,0,0,0
ShrikarHm,3,,4,0,0,1,0,0,0,0,1,1,1,0,0,0,0,0,0,0,0,0,0
SharafatHu20006,3,,3,0,0,0,0,1,0,0,0,0,1,0,0,0,0,0,0,0,1,0,0
Shahriarj1974,3,,1,0,0,0,0,0,0,0,0,0,0,0,0,0,0,0,0,0,1,0,0
Shahabzxpz,3,,1,1,0,0,0,0,0,0,0,0,0,0,0,0,0,0,0,0,0,0,0
SandraColl94900,3,,1,0,0,0,0,0,0,0,0,0,0,0,0,0,0,0,0,0,1,0,0
SabiyaYasmoq,3,,1,0,0,0,0,0,0,0,0,0,0,0,0,0,0,0,0,1,0,0,0
SYDp52TN,3,,1,0,0,0,0,0,0,0,0,0,0,0,0,0,0,1,0,0,0,0,0
SHO_1940,3,,1,0,0,0,0,0,0,0,0,1,0,0,0,0,0,0,0,0,0,0,0
RpsAbdulla85771,3,,1,0,0,0,0,0,0,0,1,0,0,0,0,0,0,0,0,0,0,0,0
RizwanaQayyum,3,,1,0,0,0,0,0,0,0,0,0,0,0,0,1,0,0,0,0,0,0,0
Rezamaghami_ir,3,,1,0,0,0,0,0,0,0,0,0,1,0,0,0,0,0,0,0,0,0,0
PatriciaWr61935,3,,2,0,0,0,0,0,0,0,0,0,0,0,0,0,0,1,0,0,1,0,0
NooshinSamyjyi,3,,1,0,0,0,0,0,0,0,0,0,1,0,0,0,0,0,0,0,0,0,0
Nobodyheh1234,3,,2,0,0,0,0,0,0,0,0,1,0,0,0,0,0,0,0,0,1,0,0
MohammadAl31221,3,,2,0,0,0,0,0,0,0,0,0,0,0,0,0,0,0,0,0,1,1,0
Mohamma30316340,3,,1,0,0,0,0,0,0,0,0,0,1,0,0,0,0,0,0,0,0,0,0
Mehxh7p,3,,1,0,0,0,0,0,0,0,0,0,0,0,0,0,0,0,1,0,0,0,0
Mdotkaleem,3,,1,0,0,0,0,0,0,0,0,0,1,0,0,0,0,0,0,0,0,0,0
MahdiMa28379365,3,,1,0,0,0,0,0,0,0,1,0,0,0,0,0,0,0,0,0,0,0,0
LemNidal37070,3,,3,1,0,0,0,0,0,0,0,0,0,0,0,0,0,0,0,1,0,1,0
KuolKuol7,3,,1,0,0,0,0,0,0,0,1,0,0,0,0,0,0,0,0,0,0,0,0
Kobe24234,3,,3,0,0,0,0,0,1,0,1,0,0,0,0,0,0,0,0,0,0,0,1
Kateonline54657,3,,2,0,0,0,0,0,0,0,0,0,0,0,0,0,0,0,0,0,0,1,1
JulieJusing,3,,1,0,0,0,0,0,0,0,0,0,0,0,0,0,0,0,1,0,0,0,0
JohnBrown459382,3,,1,0,0,0,0,0,0,0,0,0,0,0,0,1,0,0,0,0,0,0,0
JiCastro12,3,,1,0,0,0,0,0,0,0,0,1,0,0,0,0,0,0,0,0,0,0,0
JaneneOlog17118,3,,3,0,0,0,0,0,0,0,0,0,1,0,0,0,0,1,0,0,0,1,0
JaberZrek,3,,1,0,0,0,0,0,0,0,0,0,0,0,0,0,0,1,0,0,0,0,0
IzazBacha55,3,,1,0,0,0,0,0,0,0,0,0,0,0,0,0,0,0,0,0,1,0,0
Ibn_Ummih,3,,1,0,0,0,0,0,1,0,0,0,0,0,0,0,0,0,0,0,0,0,0
Hosseini0p,3,,1,0,0,0,0,0,0,0,0,0,0,0,0,1,0,0,0,0,0,0,0
HadiaminiS,3,,1,0,0,0,0,0,0,0,0,0,0,0,0,0,0,0,0,0,1,0,0
HadiU5mpf,3,,1,0,0,0,0,0,0,0,0,1,0,0,0,0,0,0,0,0,0,0,0
H_sorkheh,3,,2,0,0,0,1,0,1,0,0,0,0,0,0,0,0,0,0,0,0,0,0
HAIDER473840,3,,2,0,0,1,0,0,0,0,0,0,0,0,0,0,0,0,0,0,0,0,1
GarciaAlbe70674,3,,1,0,0,0,1,0,0,0,0,0,0,0,0,0,0,0,0,0,0,0,0
F_dlj2096,3,,1,0,0,0,0,0,0,1,0,0,0,0,0,0,0,0,0,0,0,0,0
DorothyJoh28687,3,,1,0,0,0,0,0,0,0,0,0,0,0,0,0,0,1,0,0,0,0,0
DickersonA48252,3,,3,0,0,0,0,0,0,0,0,0,0,0,0,0,0,1,0,0,0,1,1
Cockrochjehkrq,3,,1,0,0,0,0,0,0,0,0,1,0,0,0,0,0,0,0,0,0,0,0
BuhariBakir,3,,2,0,0,0,0,0,0,0,0,0,0,0,0,1,0,0,0,1,0,0,0
BotAccount2027,3,,1,0,0,0,0,0,0,0,0,0,0,0,0,0,0,0,1,0,0,0,0
BeardedMind,3,,1,0,0,0,0,0,0,0,0,0,1,0,0,0,0,0,0,0,0,0,0
AminRahravnx24v,3,,4,0,1,0,0,0,0,0,0,0,0,1,0,1,1,0,0,0,0,0,0
AmeerUmour260,3,,2,0,0,0,0,0,0,0,1,0,0,0,0,0,0,0,0,0,0,0,1
AltafHusse19507,3,,1,0,0,0,0,0,0,0,0,0,0,0,0,1,0,0,0,0,0,0,0
Alireza783078,3,,1,0,0,0,0,1,0,0,0,0,0,0,0,0,0,0,0,0,0,0,0
AliJafri1026818,3,,2,0,0,0,0,1,0,0,0,0,0,0,1,0,0,0,0,0,0,0,0
AiTech324873,3,,1,0,0,0,0,0,0,0,0,0,0,0,0,0,0,0,0,0,0,0,1
AhmadRa01170258,3,,1,0,0,0,0,0,0,0,0,0,0,0,0,0,0,0,0,0,1,0,0
AfricaEmti53071,3,,1,0,0,0,0,0,0,0,0,0,0,0,0,0,0,0,0,0,0,0,1
AbdolD10290,3,,1,0,0,0,0,0,0,0,0,0,0,0,0,0,0,0,0,1,0,0,0
AbbasRanjb23415,3,,1,0,0,0,0,0,0,0,0,0,0,1,0,0,0,0,0,0,0,0,0
AbassKamar110,3,,1,0,0,0,0,0,0,0,0,0,0,0,0,1,0,0,0,0,0,0,0
20Isael4,3,,4,0,0,0,0,0,0,0,0,0,0,0,0,1,0,0,0,1,0,1,1
zahra185436617,2,,2,0,0,0,0,1,0,1,0,0,0,0,0,0,0,0,0,0,0,0,0
yazdan069,2,,3,0,0,0,0,1,0,0,0,0,0,0,0,1,1,0,0,0,0,0,0
yamahdi03130,2,,1,0,1,0,0,0,0,0,0,0,0,0,0,0,0,0,0,0,0,0,0
whoguessopa,2,,1,0,0,0,0,0,0,0,0,0,1,0,0,0,0,0,0,0,0,0,0
unitedafricains,2,,2,0,0,0,0,0,0,0,0,0,0,0,0,0,0,0,0,0,0,1,1
tvvitter_41,2,,2,0,0,0,0,0,0,0,0,0,0,0,0,0,0,0,0,1,0,0,1
turi_ali22267,2,,1,0,0,0,0,0,0,1,0,0,0,0,0,0,0,0,0,0,0,0,0
suroor_haider,2,,1,0,0,0,0,0,1,0,0,0,0,0,0,0,0,0,0,0,0,0,0
ssn115296410963,2,,1,0,0,0,0,0,0,0,0,0,0,0,0,0,0,0,0,0,1,0,0
ssmz2000,2,,2,0,0,0,0,0,0,0,0,0,0,0,0,1,1,0,0,0,0,0,0
srt_6t,2,,11,0,0,0,0,0,0,1,0,1,1,0,1,1,1,0,1,1,1,1,1
speedykingss,2,,1,0,0,0,0,0,0,0,0,0,0,0,0,1,0,0,0,0,0,0,0
sjsjwwwwskskksk,2,,1,0,0,0,0,0,0,0,0,0,0,0,1,0,0,0,0,0,0,0,0
sdrakbari,2,,1,0,0,0,0,0,0,0,0,0,0,0,1,0,0,0,0,0,0,0,0
romain27934513,2,,1,0,0,0,0,0,0,0,0,0,0,0,0,0,1,0,0,0,0,0,0
rezaxoeqx,2,,1,0,1,0,0,0,0,0,0,0,0,0,0,0,0,0,0,0,0,0,0
reckClap,2,,1,0,0,0,0,0,0,0,0,0,1,0,0,0,0,0,0,0,0,0,0
realsunovabeach,2,,3,0,0,0,1,1,0,1,0,0,0,0,0,0,0,0,0,0,0,0,0
persanium,2,,1,0,0,0,0,0,0,0,0,0,0,0,0,0,0,0,0,0,0,1,0
pendingpretty,2,,2,0,0,0,0,0,0,0,0,0,1,0,0,0,0,0,0,0,0,0,1
pavel7mjk,2,,1,0,0,0,0,0,0,0,0,0,0,0,0,0,0,0,0,0,0,0,1
paralyssaa,2,,1,0,0,0,0,0,0,0,0,0,0,0,0,0,0,0,0,0,1,0,0
notedbyg,2,,1,0,0,0,0,0,0,0,0,0,0,0,0,0,0,0,0,0,0,1,0
nasirmalikxcom,2,,6,0,0,0,0,0,0,1,1,0,1,0,1,1,0,0,0,1,0,0,0
mshkat569,2,,1,0,0,0,0,0,0,0,0,0,0,0,0,0,0,0,0,0,1,0,0
mr_anjami9,2,,1,0,0,0,0,0,0,0,0,0,0,0,0,1,0,0,0,0,0,0,0
mdmd73089806,2,,2,0,0,0,0,0,0,0,0,0,0,0,0,0,0,0,0,0,0,1,1
malike2030,2,,1,0,0,0,0,1,0,0,0,0,0,0,0,0,0,0,0,0,0,0,0
london_mor35486,2,,1,0,1,0,0,0,0,0,0,0,0,0,0,0,0,0,0,0,0,0,0
lolly0nwd,2,,1,0,0,0,0,0,0,0,0,0,0,0,0,1,0,0,0,0,0,0,0
logicalshani09,2,,1,0,0,0,0,0,0,0,0,0,0,0,0,0,0,0,0,0,0,1,0
kvexorin,2,,1,0,0,0,0,0,0,0,0,0,0,0,0,0,0,1,0,0,0,0,0
keypoints963,2,,4,0,1,0,0,0,0,0,0,1,1,0,0,0,0,0,0,0,0,0,1
jkomijani,2,,2,0,0,0,0,0,0,0,0,0,0,0,0,1,0,0,0,0,1,0,0
jessbess1981,2,,1,0,0,0,1,0,0,0,0,0,0,0,0,0,0,0,0,0,0,0,0
jagetays,2,,1,0,0,0,0,0,0,0,0,0,0,0,0,0,0,0,0,0,0,0,1
imlitex,2,,13,0,1,0,1,1,1,1,1,1,1,1,1,1,1,0,0,1,0,0,0
hossien_zh67318,2,,1,0,0,0,0,0,1,0,0,0,0,0,0,0,0,0,0,0,0,0,0
hojacatoldj,2,,3,0,0,0,0,0,0,0,0,1,1,1,0,0,0,0,0,0,0,0,0
hasan_news10,2,,5,0,0,0,0,0,1,0,1,0,0,0,0,1,0,0,0,0,0,1,1
graham_amy95,2,,1,0,1,0,0,0,0,0,0,0,0,0,0,0,0,0,0,0,0,0,0
freeworld313_12,2,,1,0,0,0,0,0,0,0,0,0,0,0,0,0,0,0,0,1,0,0,0
elmdor88,2,,1,0,0,0,0,0,1,0,0,0,0,0,0,0,0,0,0,0,0,0,0
ekraseyedi,2,,1,0,0,0,0,1,0,0,0,0,0,0,0,0,0,0,0,0,0,0,0
ecomedia256,2,,3,0,0,0,0,0,0,0,1,0,0,0,0,0,0,0,0,1,1,0,0
ds_witaj,2,,1,0,0,0,0,0,0,0,0,1,0,0,0,0,0,0,0,0,0,0,0
bowlingsylvia43,2,,1,0,0,0,0,0,0,0,0,0,0,0,0,1,0,0,0,0,0,0,0
bash_mario98,2,,1,0,0,0,0,0,0,0,0,0,0,0,0,0,0,0,0,1,0,0,0
banoo_lawasani,2,,1,0,0,0,0,0,1,0,0,0,0,0,0,0,0,0,0,0,0,0,0
asimhussain144,2,,1,1,0,0,0,0,0,0,0,0,0,0,0,0,0,0,0,0,0,0,0
ashu100686,2,,1,0,0,0,0,0,0,0,0,0,1,0,0,0,0,0,0,0,0,0,0
amireliyazzio,2,,1,0,0,0,0,0,0,0,0,0,0,0,0,0,1,0,0,0,0,0,0
alrbyshamkh6,2,,1,0,0,0,0,0,1,0,0,0,0,0,0,0,0,0,0,0,0,0,0
alia185291,2,,6,0,0,0,0,1,0,1,0,1,0,0,1,0,1,0,1,0,0,0,0
akhtar_afr37183,2,,1,0,0,0,0,0,0,0,0,0,0,0,0,0,0,1,0,0,0,0,0
ahtesha56552,2,,1,0,0,0,0,0,0,0,0,0,0,0,0,0,0,1,0,0,0,0,0
a_hamsade,2,,1,0,0,0,0,1,0,0,0,0,0,0,0,0,0,0,0,0,0,0,0
Zari1121408,2,,1,0,0,0,0,0,1,0,0,0,0,0,0,0,0,0,0,0,0,0,0
YaSahb72215,2,,1,0,0,0,0,0,1,0,0,0,0,0,0,0,0,0,0,0,0,0,0
WalkerSones8,2,,1,0,0,0,0,0,0,1,0,0,0,0,0,0,0,0,0,0,0,0,0
Vand1880,2,,2,0,0,0,0,0,0,0,0,0,0,0,0,1,1,0,0,0,0,0,0
Tash8445,2,,1,1,0,0,0,0,0,0,0,0,0,0,0,0,0,0,0,0,0,0,0
TarmuaB,2,,5,0,0,0,0,0,0,0,0,1,1,1,1,0,1,0,0,0,0,0,0
Shunssjlnz,2,,1,0,0,0,0,0,0,0,0,0,0,0,0,0,0,0,0,0,0,0,1
Shimaparsi12,2,,5,0,0,0,0,0,1,1,0,0,0,0,0,1,1,1,0,0,0,0,0
ShakirKhan32937,2,,2,0,0,0,0,0,0,0,0,0,0,0,0,1,1,0,0,0,0,0,0
ShakibHasa11717,2,,1,0,0,0,0,0,0,0,0,0,0,0,0,0,0,0,0,0,0,0,1
Shabirkhan56647,2,,1,0,0,0,0,0,0,0,0,0,0,0,0,0,0,0,1,0,0,0,0
SayedMehdiRizvi,2,,5,0,0,1,0,0,0,0,0,0,0,1,0,1,1,0,0,1,0,0,0
SaqibHamid52300,2,,3,0,0,0,0,0,0,0,0,0,1,1,0,0,0,0,0,0,0,0,1
SaqibDawary6,2,,1,0,0,0,0,0,0,0,0,0,0,0,0,1,0,0,0,0,0,0,0
Samani44371,2,,2,1,0,0,0,0,0,0,0,0,0,0,0,0,0,0,0,1,0,0,0
SalimKh16216658,2,,1,0,0,0,0,0,0,0,0,0,0,0,0,0,0,0,0,0,1,0,0
SajadOkhovat,2,,2,0,0,0,0,0,0,0,0,1,0,0,0,0,0,0,0,0,0,1,0
Sadaankhansz,2,,1,0,0,0,0,0,0,0,0,0,0,0,1,0,0,0,0,0,0,0,0
SKakaei48044,2,,9,0,0,0,0,1,1,0,1,1,0,1,0,1,1,0,0,1,0,0,1
SIGNORE_YOLO,2,,1,1,0,0,0,0,0,0,0,0,0,0,0,0,0,0,0,0,0,0,0
RatusariaL98637,2,,1,0,0,0,0,0,0,0,0,0,0,0,0,0,0,0,0,0,1,0,0
NancyJacks19440,2,,1,0,0,0,0,0,0,0,0,0,1,0,0,0,0,0,0,0,0,0,0
Musa636892,2,,1,0,0,0,0,0,0,1,0,0,0,0,0,0,0,0,0,0,0,0,0
MohammadBorooj1,2,,1,0,0,0,0,0,0,0,0,0,0,0,0,0,0,0,0,0,0,0,1
MichelleYo70903,2,,1,0,0,0,0,0,0,0,0,0,0,0,0,0,0,0,0,1,0,0,0
MasonAkane24385,2,,3,0,0,0,0,0,0,0,0,0,0,0,0,0,0,1,0,0,0,1,1
MarylandWi81649,2,,1,0,0,0,0,0,0,0,0,0,0,0,0,0,0,1,0,0,0,0,0
MariaFord446793,2,,5,0,0,0,0,0,0,0,0,1,1,0,0,0,0,1,0,1,0,0,1
MHEEE900,2,,1,0,0,0,0,0,0,0,0,0,0,0,0,0,0,0,0,0,0,0,1
LocaIFisherman,2,,1,0,0,0,0,0,0,0,0,0,0,0,0,0,0,0,0,0,1,0,0
LmTfqh36588,2,,8,0,0,0,0,1,1,0,1,0,0,0,0,1,1,1,0,0,1,1,0
LauraDa42391971,2,,1,0,0,0,0,0,0,0,0,0,0,0,0,0,0,0,0,0,1,0,0
JHouse95597,2,,1,0,0,0,0,0,0,0,0,0,0,0,0,0,0,0,0,0,0,1,0
JDarashiri,2,,1,0,0,0,0,0,0,0,0,0,0,0,0,0,0,0,0,1,0,0,0
IamIran8023,2,,3,0,0,0,0,0,0,0,0,0,0,1,0,0,0,0,0,1,1,0,0
HosseinSasani99,2,,1,0,0,0,0,0,0,0,0,0,0,0,1,0,0,0,0,0,0,0,0
HosseinNas50727,2,,1,0,0,0,0,0,0,0,0,0,0,0,0,0,0,0,0,0,0,1,0
HelenPhill90895,2,,1,0,0,0,0,0,0,0,0,0,0,0,0,0,0,0,0,0,0,1,0
Hedayatull67464,2,,1,0,0,0,0,0,0,0,0,0,0,1,0,0,0,0,0,0,0,0,0
HaeunieJeon,2,,1,0,0,0,0,0,0,0,0,0,1,0,0,0,0,0,0,0,0,0,0
HGayton54615,2,,2,0,0,0,0,0,0,0,0,0,0,0,0,0,0,1,0,0,1,0,0
Ghadanfar_96,2,,1,0,0,0,0,0,0,0,0,0,0,0,0,1,0,0,0,0,0,0,0
Extremist463774,2,,1,0,0,0,0,0,0,0,0,1,0,0,0,0,0,0,0,0,0,0,0
Eraj70706247574,2,,1,0,0,0,0,0,0,0,0,1,0,0,0,0,0,0,0,0,0,0,0
ElnazVahdatiev,2,,1,0,0,0,0,0,1,0,0,0,0,0,0,0,0,0,0,0,0,0,0
DonaldNixon4547,2,,2,1,1,0,0,0,0,0,0,0,0,0,0,0,0,0,0,0,0,0,0
DeborahHal42449,2,,1,0,0,0,0,0,0,0,0,0,0,0,0,0,0,0,0,0,0,1,0
DebbieQuim51264,2,,1,0,1,0,0,0,0,0,0,0,0,0,0,0,0,0,0,0,0,0,0
Deadlydeathlas1,2,,1,0,0,0,0,1,0,0,0,0,0,0,0,0,0,0,0,0,0,0,0
Baqir_sial314,2,,1,0,0,0,0,0,0,0,0,0,0,0,0,0,0,0,0,1,0,0,0
AshrafA26476280,2,,1,0,0,0,0,0,0,0,0,0,0,0,0,0,0,0,0,1,0,0,0
AquilesBoy00,2,,1,0,1,0,0,0,0,0,0,0,0,0,0,0,0,0,0,0,0,0,0
Amiralit3rh,2,,1,0,0,0,0,0,0,0,0,0,0,0,0,0,0,0,0,0,1,0,0
AminZarei___ir,2,,1,0,0,0,0,0,0,0,0,0,0,0,0,0,0,0,0,0,0,1,0
AliciaBaxt49258,2,,1,0,0,0,0,1,0,0,0,0,0,0,0,0,0,0,0,0,0,0,0
AliJs432140,2,,1,0,0,0,0,0,0,0,0,0,0,0,0,0,0,0,0,0,1,0,0
AlbertaBro62446,2,,3,0,1,0,0,0,0,0,0,0,0,0,0,1,0,0,0,0,1,0,0
Al33068Alam,2,,2,0,0,1,0,0,0,0,0,0,0,0,0,0,0,0,0,0,1,0,0
Ahmadwfah,2,,2,0,0,0,0,0,0,0,0,0,0,0,0,0,0,0,0,0,1,0,1
Ahmadmo93589925,2,,2,0,1,1,0,0,0,0,0,0,0,0,0,0,0,0,0,0,0,0,0
Ahmadi_RezaAmir,2,,2,0,0,0,0,0,0,1,0,0,0,0,0,0,0,0,0,0,1,0,0
AghaBaber707,2,,1,0,0,0,0,0,0,0,0,0,0,0,0,0,0,0,0,0,0,0,1
AbooZeynab91328,2,,1,0,0,0,0,1,0,0,0,0,0,0,0,0,0,0,0,0,0,0,0
AbdulRahma47016,2,,2,0,0,0,0,0,0,0,0,1,0,0,0,0,0,0,0,0,0,0,1
ALETHEI29099084,2,,3,0,0,0,1,0,0,0,0,0,0,1,1,0,0,0,0,0,0,0,0
zraikar,1,,1,0,0,0,0,0,0,0,0,0,0,0,0,1,0,0,0,0,0,0,0
withxtruth,1,,1,0,0,0,0,0,0,0,0,1,0,0,0,0,0,0,0,0,0,0,0
vpek15,1,,1,0,0,0,0,0,0,0,0,1,0,0,0,0,0,0,0,0,0,0,0
vallghalam_,1,,1,0,0,0,0,0,0,0,0,0,1,0,0,0,0,0,0,0,0,0,0
thompson_a1020,1,,2,0,0,0,0,0,0,0,0,0,0,0,0,0,0,1,0,1,0,0,0
shannon_hi48927,1,,3,0,0,0,1,0,0,0,0,1,0,0,0,0,0,0,0,1,0,0,0
shahzad63yo,1,,1,0,0,0,0,0,0,0,0,0,0,0,0,0,0,0,0,0,1,0,0
sepehr863408,1,,1,0,0,0,0,1,0,0,0,0,0,0,0,0,0,0,0,0,0,0,0
sa1rjq,1,,1,0,1,0,0,0,0,0,0,0,0,0,0,0,0,0,0,0,0,0,0
sGAb20hru0,1,,1,0,0,0,0,0,0,1,0,0,0,0,0,0,0,0,0,0,0,0,0
rdbaba78,1,,1,0,0,0,0,0,0,0,0,1,0,0,0,0,0,0,0,0,0,0,0
ramin81062,1,,1,0,0,0,0,0,0,0,0,0,0,0,0,1,0,0,0,0,0,0,0
prince_maruf206,1,,2,0,0,0,0,0,0,0,0,0,1,1,0,0,0,0,0,0,0,0,0
nnsvw,1,,2,0,0,0,0,1,1,0,0,0,0,0,0,0,0,0,0,0,0,0,0
muqavemat72313,1,,2,0,0,0,0,0,0,0,0,1,1,0,0,0,0,0,0,0,0,0,0
muddasar_03,1,,1,0,0,0,0,0,0,0,0,0,0,0,0,0,0,0,0,0,0,0,1
marwihd,1,,1,1,0,0,0,0,0,0,0,0,0,0,0,0,0,0,0,0,0,0,0
mansal73,1,,1,0,0,0,0,0,0,0,0,0,0,0,1,0,0,0,0,0,0,0,0
main_Omale,1,,2,0,0,0,0,0,0,1,1,0,0,0,0,0,0,0,0,0,0,0,0
link263499,1,,1,0,0,0,0,0,0,0,0,0,0,0,0,0,0,0,0,0,0,0,1
lilyyn3x3,1,,1,0,0,0,0,0,0,0,0,0,0,0,0,0,0,0,1,0,0,0,0
khanbhaiha001,1,,1,0,0,0,0,0,0,1,0,0,0,0,0,0,0,0,0,0,0,0,0
kerkenouphis,1,,1,0,0,0,0,0,0,0,0,0,0,0,0,0,0,0,0,1,0,0,0
jowkar_nurse,1,,4,0,0,0,0,1,1,0,0,1,0,0,0,0,0,0,0,0,1,0,0
jones_step1102,1,,2,0,0,0,1,0,0,1,0,0,0,0,0,0,0,0,0,0,0,0,0
jawn_jf,1,,1,0,0,0,0,1,0,0,0,0,0,0,0,0,0,0,0,0,0,0,0
j4kqjj,1,,1,0,0,0,0,0,0,1,0,0,0,0,0,0,0,0,0,0,0,0,0
isa_omondi254,1,,1,0,0,0,0,1,0,0,0,0,0,0,0,0,0,0,0,0,0,0,0
irib_sadr,1,,4,0,1,0,0,0,0,0,0,0,1,0,0,1,1,0,0,0,0,0,0
hossein32655803,1,,1,0,0,0,0,0,0,0,0,0,0,1,0,0,0,0,0,0,0,0,0
haseeb_afzal123,1,,1,0,0,0,0,0,1,0,0,0,0,0,0,0,0,0,0,0,0,0,0
hajijanhaji0,1,,2,0,0,0,1,0,0,0,0,0,0,0,1,0,0,0,0,0,0,0,0
hackerj450,1,,1,0,0,0,0,0,0,0,0,0,1,0,0,0,0,0,0,0,0,0,0
gmamikpip,1,,1,0,0,0,0,0,0,0,0,0,0,0,0,1,0,0,0,0,0,0,0
gaddafyfan,1,,1,0,0,0,0,0,0,0,0,0,0,0,0,0,0,0,1,0,0,0,0
fsidra54,1,,2,0,0,0,0,0,0,0,0,0,0,1,0,0,0,0,0,1,0,0,0
fierro_luz66756,1,,2,0,0,0,0,0,0,0,0,0,0,0,0,0,0,1,0,0,0,1,0
faysal_here7,1,,1,0,0,0,0,0,1,0,0,0,0,0,0,0,0,0,0,0,0,0,0
ehsanshari17530,1,,1,0,0,0,0,0,0,0,0,0,0,0,0,1,0,0,0,0,0,0,0
dynoraetlabora,1,,1,0,1,0,0,0,0,0,0,0,0,0,0,0,0,0,0,0,0,0,0
do_remmi,1,,3,0,0,0,0,0,0,0,1,0,1,0,0,0,0,0,0,0,0,0,1
dhambieia,1,,2,0,0,1,0,0,1,0,0,0,0,0,0,0,0,0,0,0,0,0,0
dar9299,1,,1,0,0,0,0,0,0,0,0,0,0,0,0,0,0,0,0,0,0,0,1
cardenas_t30061,1,,2,0,0,1,0,1,0,0,0,0,0,0,0,0,0,0,0,0,0,0,0
briggs_don18734,1,,4,0,1,0,1,0,0,0,0,0,0,0,1,0,0,1,0,0,0,0,0
bobbybo06076741,1,,1,0,0,1,0,0,0,0,0,0,0,0,0,0,0,0,0,0,0,0,0
babak_hadizadeh,1,,2,0,0,0,0,0,0,0,0,0,0,0,0,1,1,0,0,0,0,0,0
augenfux23515,1,,1,0,0,0,0,0,0,0,0,0,0,0,0,0,0,0,0,0,0,0,1
amyr_j34847,1,,1,0,0,0,0,0,1,0,0,0,0,0,0,0,0,0,0,0,0,0,0
aman75467297,1,,3,0,0,0,0,0,0,0,0,0,0,0,0,1,1,1,0,0,0,0,0
alsbry26594,1,,1,0,1,0,0,0,0,0,0,0,0,0,0,0,0,0,0,0,0,0,0
alnasrytbark,1,,1,0,0,0,0,0,0,0,0,0,0,0,0,0,0,1,0,0,0,0,0
abab15348,1,,1,0,0,0,0,0,0,0,0,0,0,0,0,0,0,0,0,0,0,1,0
_Upon_Truth_,1,,1,0,0,0,0,0,0,0,0,0,0,0,0,0,0,0,1,0,0,0,0
ZeeArif94372,1,,1,0,0,0,0,0,0,0,0,0,1,0,0,0,0,0,0,0,0,0,0
Ying194371Ying,1,,2,0,0,0,0,0,0,0,0,0,1,0,0,0,0,0,0,0,1,0,0
Yasinvisa,1,,2,0,1,0,0,1,0,0,0,0,0,0,0,0,0,0,0,0,0,0,0
Xavier1739224,1,,1,0,0,0,0,0,0,0,0,0,0,0,0,0,0,0,0,0,0,0,1
Winnithepo79429,1,,1,0,0,0,0,0,0,0,0,1,0,0,0,0,0,0,0,0,0,0,0
VelasquezH75528,1,,1,0,0,0,0,1,0,0,0,0,0,0,0,0,0,0,0,0,0,0,0
V4244M,1,,1,1,0,0,0,0,0,0,0,0,0,0,0,0,0,0,0,0,0,0,0
UririWanywa,1,,1,0,0,0,0,0,0,0,0,0,1,0,0,0,0,0,0,0,0,0,0
TudelaMari58037,1,,1,1,0,0,0,0,0,0,0,0,0,0,0,0,0,0,0,0,0,0,0
Towardstotuus,1,,1,0,0,0,0,0,1,0,0,0,0,0,0,0,0,0,0,0,0,0,0
ToniR8450,1,,1,0,0,0,0,0,0,0,0,0,0,0,0,0,0,1,0,0,0,0,0
TheUnbowedLand,1,,1,0,0,0,0,0,0,0,0,0,0,0,0,0,0,0,0,0,1,0,0
TashaWoods28439,1,,2,0,0,1,0,1,0,0,0,0,0,0,0,0,0,0,0,0,0,0,0
SuperdoucheDoge,1,,2,0,0,0,0,0,1,0,1,0,0,0,0,0,0,0,0,0,0,0,0
SullivanSu56122,1,,2,0,1,0,0,1,0,0,0,0,0,0,0,0,0,0,0,0,0,0,0
SabriAli46543,1,,1,0,0,0,0,0,0,0,0,0,0,0,0,0,0,0,0,0,0,0,1
Rizzu8448,1,,1,1,0,0,0,0,0,0,0,0,0,0,0,0,0,0,0,0,0,0,0
RheaultLin56480,1,,1,0,0,0,0,0,0,0,0,0,0,0,0,0,0,0,0,0,0,1,0
PowellShar5102,1,,2,0,0,0,0,0,0,0,0,1,0,1,0,0,0,0,0,0,0,0,0
PorschaRob68422,1,,1,0,0,0,0,0,0,0,0,0,0,0,0,0,0,0,0,0,0,1,0
Polf138200,1,,1,0,0,0,0,0,0,0,0,0,0,0,0,0,0,0,0,0,0,1,0
Peymannabt,1,,2,0,0,0,0,0,0,0,0,0,0,0,0,1,0,0,0,1,0,0,0
Patriot1950249,1,,1,0,0,0,0,0,0,0,0,0,0,0,0,0,0,0,0,1,0,0,0
PatriciaTh80835,1,,4,0,0,0,0,0,0,0,0,0,0,0,0,0,0,1,0,0,1,1,1
Nabattpazar,1,,1,0,0,0,0,0,0,0,0,0,1,0,0,0,0,0,0,0,0,0,0
Muaz_tasin,1,,7,0,0,1,0,1,0,1,1,1,0,0,1,0,0,0,0,0,0,0,1
MostafaAsh5085,1,,3,0,0,1,0,0,1,1,0,0,0,0,0,0,0,0,0,0,0,0,0
Mohammadtimodal,1,,1,0,0,0,0,0,0,0,0,0,0,0,0,0,0,0,0,0,1,0,0
Mohaddeseh_05,1,,1,0,0,0,0,0,1,0,0,0,0,0,0,0,0,0,0,0,0,0,0
MissC94000,1,,1,0,0,0,0,0,0,0,0,0,0,0,0,0,0,0,0,0,0,1,0
MhdyYa14551,1,,1,0,0,0,0,0,1,0,0,0,0,0,0,0,0,0,0,0,0,0,0
MayaAli0209,1,,1,0,0,0,0,0,0,0,0,0,0,0,0,0,0,1,0,0,0,0,0
MarylandL36248,1,,4,0,0,1,1,0,0,1,1,0,0,0,0,0,0,0,0,0,0,0,0
MarylandK60134,1,,1,0,0,0,0,0,0,1,0,0,0,0,0,0,0,0,0,0,0,0,0
MalmirSami36397,1,,1,0,0,0,0,0,0,0,0,1,0,0,0,0,0,0,0,0,0,0,0
MahsaZenderooh,1,,1,0,0,0,0,0,0,1,0,0,0,0,0,0,0,0,0,0,0,0,0
MahdiiEsmaelii,1,,1,0,0,0,0,0,1,0,0,0,0,0,0,0,0,0,0,0,0,0,0
Lxlx191922,1,,2,0,0,0,0,0,1,1,0,0,0,0,0,0,0,0,0,0,0,0,0
LiggonsMar21167,1,,1,0,0,0,0,0,0,0,0,0,1,0,0,0,0,0,0,0,0,0,0
LauraEd69193969,1,,1,0,0,0,0,0,0,0,0,0,0,0,0,0,0,0,0,1,0,0,0
KurtzCarla68402,1,,1,0,1,0,0,0,0,0,0,0,0,0,0,0,0,0,0,0,0,0,0
KayhanOnline,1,,1,0,0,0,0,0,0,0,0,0,0,0,0,0,0,0,1,0,0,0,0
Katy13_99,1,,1,0,0,0,0,0,0,0,0,0,0,0,0,1,0,0,0,0,0,0,0
Kateonlinenow,1,,7,0,0,0,0,0,0,0,1,0,1,1,1,1,1,0,0,1,0,0,0
KarimifarMaziar,1,,1,0,0,0,0,0,0,0,0,1,0,0,0,0,0,0,0,0,0,0,0
JohnAdamsKS,1,,1,0,1,0,0,0,0,0,0,0,0,0,0,0,0,0,0,0,0,0,0
JeffreyGinez,1,,1,0,0,0,0,0,0,0,0,0,0,0,0,1,0,0,0,0,0,0,0
JanRoos153430,1,,2,0,0,0,0,0,0,0,0,0,0,0,0,0,0,1,0,0,1,0,0
Jafarhadiajlan,1,,1,0,0,0,0,0,0,0,0,0,0,0,0,0,0,0,0,0,0,0,1
JTsesnokov96,1,,2,0,0,0,0,1,0,0,1,0,0,0,0,0,0,0,0,0,0,0,0
Iran1i98,1,,1,0,0,0,0,0,0,1,0,0,0,0,0,0,0,0,0,0,0,0,0
HelenGonza29567,1,,1,0,0,0,0,0,0,0,0,0,1,0,0,0,0,0,0,0,0,0,0
HeangJean22108,1,,1,0,0,0,1,0,0,0,0,0,0,0,0,0,0,0,0,0,0,0,0
Hassan_ghith,1,,1,1,0,0,0,0,0,0,0,0,0,0,0,0,0,0,0,0,0,0,0
HasanSalim9te,1,,1,1,0,0,0,0,0,0,0,0,0,0,0,0,0,0,0,0,0,0,0
Harry6996j,1,,1,0,0,0,0,0,0,0,0,0,0,0,0,0,0,0,1,0,0,0,0
HamedAbasi13,1,,1,0,0,0,0,0,0,1,0,0,0,0,0,0,0,0,0,0,0,0,0
Haidersipah,1,,1,0,0,0,0,0,0,0,0,0,0,0,0,0,0,0,1,0,0,0,0
GreenLisa45075,1,,2,0,0,0,0,0,0,0,0,0,0,0,0,0,0,0,0,0,0,1,1
ForghaniMa32993,1,,1,0,0,0,0,0,0,0,0,1,0,0,0,0,0,0,0,0,0,0,0
Drmahdisalari,1,,1,0,0,0,0,0,0,0,0,0,0,0,0,0,0,0,0,0,1,0,0
DrTimeLeaddd,1,,1,0,0,0,0,0,0,0,0,0,0,0,0,0,0,0,0,0,0,0,1
DirectorClan,1,,1,0,0,0,0,0,0,0,0,0,1,0,0,0,0,0,0,0,0,0,0
DetoxTeawf,1,,3,0,0,0,0,0,0,0,1,1,1,0,0,0,0,0,0,0,0,0,0
ChrispyDoggo,1,,1,0,0,0,0,0,0,0,0,0,0,0,0,1,0,0,0,0,0,0,0
Chiefwhip_1,1,,2,0,0,0,0,0,0,0,0,0,0,0,1,1,0,0,0,0,0,0,0
CKizziar33931,1,,3,0,0,0,0,0,0,0,0,0,0,0,1,0,0,0,0,0,1,1,0
BoucherGel43167,1,,1,0,0,0,0,0,0,0,0,0,1,0,0,0,0,0,0,0,0,0,0
BinanceNad55999,1,,15,0,1,0,0,1,1,1,1,1,1,0,1,1,1,0,1,1,1,1,1
BenjJLin,1,,1,0,0,0,0,0,0,0,0,0,1,0,0,0,0,0,0,0,0,0,0
AyranZmyn1527,1,,1,0,0,0,0,0,1,0,0,0,0,0,0,0,0,0,0,0,0,0,0
AyranMn42629,1,,1,0,0,0,0,0,1,0,0,0,0,0,0,0,0,0,0,0,0,0,0
AstroMvw,1,,4,0,0,0,1,0,0,1,1,1,0,0,0,0,0,0,0,0,0,0,0
AstouCA73643427,1,,1,0,0,0,0,0,0,0,0,0,0,0,0,1,0,0,0,0,0,0,0
AraghianAr92657,1,,1,0,0,0,0,0,0,0,0,0,0,0,0,0,0,0,1,0,0,0,0
AmyMyers19466,1,,1,0,0,0,0,0,0,0,0,1,0,0,0,0,0,0,0,0,0,0,0
Amin66bahramian,1,,1,0,0,0,0,0,0,0,0,0,0,0,1,0,0,0,0,0,0,0,0
AmiinDayl,1,,1,0,0,0,0,0,0,0,0,1,0,0,0,0,0,0,0,0,0,0,0
AaiAarBee,1,,1,0,0,0,0,0,0,0,0,0,0,0,0,0,0,0,0,0,0,0,1
AMM11088,1,,3,0,0,0,0,1,1,1,0,0,0,0,0,0,0,0,0,0,0,0,0
AHess4976,1,,3,0,0,0,0,0,0,0,0,0,0,0,0,0,0,1,0,1,0,1,0
65madani,1,,1,0,0,0,0,1,0,0,0,0,0,0,0,0,0,0,0,0,0,0,0
41SIR_,1,,3,0,0,0,0,0,0,0,0,0,0,0,0,0,1,1,1,0,0,0,0
001_san69270,1,,1,0,0,0,0,0,0,0,0,0,0,0,0,0,0,1,0,0,0,0,0
ziziquv2,0,,1,0,0,0,0,0,0,0,1,0,0,0,0,0,0,0,0,0,0,0,0
zahrap4gh,0,,2,0,1,0,1,0,0,0,0,0,0,0,0,0,0,0,0,0,0,0,0
ylinol43748,0,,3,1,0,0,0,0,0,1,1,0,0,0,0,0,0,0,0,0,0,0,0
xtailormade,0,,3,0,0,0,0,0,0,0,0,0,0,0,1,1,0,0,0,1,0,0,0
xfzpf,0,,1,0,0,0,0,0,0,0,0,1,0,0,0,0,0,0,0,0,0,0,0
wpqgae,0,,1,0,0,1,0,0,0,0,0,0,0,0,0,0,0,0,0,0,0,0,0
wjj1g,0,,2,0,0,0,0,0,1,0,0,0,0,0,0,1,0,0,0,0,0,0,0
wardita,0,,1,0,0,0,0,0,0,0,0,0,0,0,0,0,0,1,0,0,0,0,0
victoria_j61922,0,,3,0,0,0,0,0,0,0,0,0,0,0,0,1,0,0,0,0,0,1,1
unhilig,0,,1,0,0,0,0,0,0,0,0,0,0,0,0,0,0,0,0,0,0,0,1
todayaffairs360,0,,1,0,0,0,0,0,1,0,0,0,0,0,0,0,0,0,0,0,0,0,0
tamara_san10484,0,,4,0,1,1,0,0,0,1,0,0,1,0,0,0,0,0,0,0,0,0,0
soltani64_mehdi,0,,1,0,0,0,0,1,0,0,0,0,0,0,0,0,0,0,0,0,0,0,0
sofiaaapk5x,0,,1,0,0,0,0,0,0,0,0,0,0,0,0,0,0,0,0,1,0,0,0
sofiaaa4tk9,0,,1,0,0,0,0,0,0,0,0,0,0,0,0,0,0,0,0,1,0,0,0
shelby_tay77625,0,,2,0,0,1,1,0,0,0,0,0,0,0,0,0,0,0,0,0,0,0,0
saimabozdar,0,,1,0,0,0,0,0,1,0,0,0,0,0,0,0,0,0,0,0,0,0,0
saedi791400,0,,1,0,0,0,0,0,1,0,0,0,0,0,0,0,0,0,0,0,0,0,0
sadatvasei,0,,1,1,0,0,0,0,0,0,0,0,0,0,0,0,0,0,0,0,0,0,0
sadamrashkaldo,0,,1,0,0,0,0,0,0,0,0,0,1,0,0,0,0,0,0,0,0,0,0
sabrina_gr25680,0,,1,0,0,0,0,1,0,0,0,0,0,0,0,0,0,0,0,0,0,0,0
ruben_ari14858,0,,1,0,0,0,0,1,0,0,0,0,0,0,0,0,0,0,0,0,0,0,0
rosiitas9741,0,,2,0,0,0,0,0,0,0,0,0,1,0,1,0,0,0,0,0,0,0,0
rosiitas91868,0,,1,0,0,0,0,0,0,0,0,1,0,0,0,0,0,0,0,0,0,0,0
robin_broo32384,0,,3,0,0,0,1,1,0,0,1,0,0,0,0,0,0,0,0,0,0,0,0
robert22170,0,,1,0,0,0,0,0,0,0,0,0,0,0,0,0,0,0,0,0,1,0,0
rivera_ken48690,0,,3,0,0,1,0,1,0,0,1,0,0,0,0,0,0,0,0,0,0,0,0
rezawfx,0,,1,0,0,0,0,0,0,0,0,0,0,0,0,0,0,0,0,0,0,1,0
paula_chav29851,0,,2,0,0,0,1,1,0,0,0,0,0,0,0,0,0,0,0,0,0,0,0
paula_brig1508,0,,4,0,0,0,0,0,0,0,0,0,0,0,0,0,0,1,0,1,0,1,1
nykdl10578,0,,2,0,0,1,0,0,0,0,0,0,0,0,0,0,0,1,0,0,0,0,0
nezamaaa1491621,0,,1,0,0,0,0,0,1,0,0,0,0,0,0,0,0,0,0,0,0,0,0
natasha_cl81111,0,,1,0,1,0,0,0,0,0,0,0,0,0,0,0,0,0,0,0,0,0,0
mryhpz,0,,1,0,0,0,0,0,0,0,0,0,0,0,0,1,0,0,0,0,0,0,0
momofmahh,0,,1,0,0,0,0,0,0,0,1,0,0,0,0,0,0,0,0,0,0,0,0
mohsenkooti,0,,1,0,0,0,0,0,0,0,0,1,0,0,0,0,0,0,0,0,0,0,0
mohamad9719fa,0,,1,0,0,0,0,0,0,0,0,0,0,0,0,0,0,0,0,0,0,1,0
mhmdmhm62427351,0,,1,0,0,0,0,0,0,0,0,0,0,0,0,0,0,0,0,0,1,0,0
majkrzak94381,0,,1,0,0,0,0,0,0,0,1,0,0,0,0,0,0,0,0,0,0,0,0
majkrzak45457,0,,2,0,0,0,0,0,0,0,0,0,1,0,0,1,0,0,0,0,0,0,0
lilyysx4d,0,,1,0,0,0,0,0,0,0,0,0,0,0,0,0,0,1,0,0,0,0,0
lay0012026,0,,1,0,0,0,0,0,0,0,0,0,0,0,0,0,0,1,0,0,0,0,0
laura_ande36131,0,,1,0,0,0,0,0,0,0,0,0,0,0,0,0,0,0,0,0,0,1,0
ladyk26524,0,,1,0,0,0,0,0,0,0,0,0,0,0,0,0,0,0,0,0,0,1,0
kouroooush726,0,,4,0,0,0,0,0,0,0,0,1,1,0,1,0,0,0,0,0,0,0,1
kimberly_c95449,0,,1,0,0,0,1,0,0,0,0,0,0,0,0,0,0,0,0,0,0,0,0
johnson_kr37971,0,,3,0,0,1,1,1,0,0,0,0,0,0,0,0,0,0,0,0,0,0,0
johnmaxider,0,,3,0,0,0,0,0,0,0,0,0,0,0,1,1,1,0,0,0,0,0,0
javatagha,0,,4,0,0,0,0,0,0,0,0,0,0,0,0,1,1,0,0,1,1,0,0
irandokht1283,0,,2,0,0,0,0,0,0,0,0,0,0,0,0,1,1,0,0,0,0,0,0
iranFlare,0,,1,0,0,0,0,1,0,0,0,0,0,0,0,0,0,0,0,0,0,0,0
idjyof,0,,1,0,0,0,0,0,1,0,0,0,0,0,0,0,0,0,0,0,0,0,0
huff_mary88525,0,,2,0,0,0,0,0,0,0,0,1,0,0,0,0,0,0,0,0,1,0,0
hester_hol55704,0,,1,0,0,0,0,0,0,1,0,0,0,0,0,0,0,0,0,0,0,0,0
henderson77202,0,,1,0,0,0,0,0,0,0,0,0,0,0,0,0,0,0,0,0,0,0,1
haj_ahmad80,0,,1,0,0,0,0,0,0,0,0,0,0,0,0,0,0,0,0,0,0,0,1
gyxzPVaA6FPVdUn,0,,1,0,0,0,0,0,0,0,0,0,0,0,1,0,0,0,0,0,0,0,0
grandovhz,0,,2,0,0,0,0,0,0,0,0,0,0,0,0,1,1,0,0,0,0,0,0
ghararehasemani,0,,1,0,0,0,0,0,0,0,0,0,0,0,0,0,0,0,0,1,0,0,0
fatimamtairek91,0,,1,0,1,0,0,0,0,0,0,0,0,0,0,0,0,0,0,0,0,0,0
ebubeprincea,0,,1,0,0,0,0,0,0,0,0,1,0,0,0,0,0,0,0,0,0,0,0
dunbar6234,0,,1,0,0,0,0,0,0,0,0,0,1,0,0,0,0,0,0,0,0,0,0
deanna_jac53780,0,,2,0,0,1,0,0,0,0,1,0,0,0,0,0,0,0,0,0,0,0,0
dawn_malon81560,0,,1,0,0,0,0,0,0,0,0,1,0,0,0,0,0,0,0,0,0,0,0
cihanharbi2024,0,,1,1,0,0,0,0,0,0,0,0,0,0,0,0,0,0,0,0,0,0,0
carla_spal76196,0,,1,0,0,0,1,0,0,0,0,0,0,0,0,0,0,0,0,0,0,0,0
carboseiro62819,0,,1,0,0,0,0,0,0,0,0,0,0,0,1,0,0,0,0,0,0,0,0
bobo_carol26158,0,,2,0,0,0,0,0,0,0,0,0,0,0,0,0,0,1,0,1,0,0,0
bnmqdc,0,,2,0,0,0,0,1,1,0,0,0,0,0,0,0,0,0,0,0,0,0,0
biubiu998866,0,,1,0,0,0,0,0,0,0,0,0,0,0,0,0,0,0,0,0,0,0,1
ayatullahyldz,0,,15,0,1,1,1,1,1,1,1,1,1,1,1,1,1,1,1,0,0,0,0
asktariq2,0,,1,0,0,0,0,0,0,0,0,0,1,0,0,0,0,0,0,0,0,0,0
asia_curri20508,0,,3,0,0,0,0,0,0,0,0,1,0,0,0,0,0,1,0,0,0,0,1
arpesinoric,0,,1,0,0,0,0,0,0,0,0,1,0,0,0,0,0,0,0,0,0,0,0
arminEB1993,0,,1,0,0,0,0,0,0,0,0,0,0,0,0,1,0,0,0,0,0,0,0
ap_1_4,0,,1,0,0,0,0,0,0,0,0,0,0,0,0,0,0,0,0,0,1,0,0
anticafe1221,0,,1,0,0,0,0,0,0,0,0,0,0,0,0,1,0,0,0,0,0,0,0
almostslutgj,0,,2,0,0,0,0,0,0,0,0,0,1,0,0,0,0,0,0,1,0,0,0
almaraastore,0,,2,0,1,0,0,0,0,0,0,0,0,0,0,1,0,0,0,0,0,0,0
ali_khalkhalii,0,,1,0,0,0,0,0,0,0,0,0,0,0,0,0,0,0,0,0,1,0,0
ali3rezk,0,,1,0,0,0,0,0,1,0,0,0,0,0,0,0,0,0,0,0,0,0,0
akashsrajput,0,,1,1,0,0,0,0,0,0,0,0,0,0,0,0,0,0,0,0,0,0,0
afzali_soheila,0,,1,0,0,0,0,0,1,0,0,0,0,0,0,0,0,0,0,0,0,0,0
ZAtakishi21525,0,,1,0,0,0,0,0,0,0,0,0,0,0,0,0,0,0,1,0,0,0,0
YolandaMor89907,0,,3,0,0,0,0,0,0,1,1,0,1,0,0,0,0,0,0,0,0,0,0
XTurkvan37489,0,,1,0,0,0,0,0,0,0,0,0,0,0,0,1,0,0,0,0,0,0,0
WidodoAlbe45441,0,,4,0,0,0,0,1,0,1,0,1,0,0,0,0,0,0,1,0,0,0,0
VictoriaMa87236,0,,2,0,0,0,1,1,0,0,0,0,0,0,0,0,0,0,0,0,0,0,0
VickiCook397780,0,,1,0,0,0,1,0,0,0,0,0,0,0,0,0,0,0,0,0,0,0,0
VThibodeau71344,0,,1,0,0,0,0,0,0,1,0,0,0,0,0,0,0,0,0,0,0,0,0
TownsendNa34743,0,,4,0,1,0,1,0,0,1,1,0,0,0,0,0,0,0,0,0,0,0,0
TownsendAn63648,0,,1,0,0,0,0,1,0,0,0,0,0,0,0,0,0,0,0,0,0,0,0
TonyaBrown89693,0,,3,0,0,1,0,0,0,1,0,1,0,0,0,0,0,0,0,0,0,0,0
Toghi59,0,,1,0,0,0,0,0,0,0,0,0,0,0,0,0,0,0,0,0,1,0,0
TinaG40579,0,,2,0,0,0,0,0,0,0,0,1,1,0,0,0,0,0,0,0,0,0,0
TheInkBastard,0,,1,0,0,0,0,0,0,0,0,0,0,0,0,0,0,0,1,0,0,0,0
TashaS43147,0,,1,0,0,0,0,0,0,1,0,0,0,0,0,0,0,0,0,0,0,0,0
TanyaMayfi31577,0,,4,0,1,0,1,1,0,0,1,0,0,0,0,0,0,0,0,0,0,0,0
TahiraFowad,0,,3,0,0,0,0,0,0,0,1,0,0,1,0,0,0,0,0,0,0,1,0
TSHMediaST,0,,1,0,0,0,0,1,0,0,0,0,0,0,0,0,0,0,0,0,0,0,0
SuzanneT28027,0,,2,0,0,0,0,0,0,0,0,0,1,0,0,0,0,0,0,0,0,0,1
SusieHolde28649,0,,1,0,0,0,0,0,0,0,0,0,1,0,0,0,0,0,0,0,0,0,0
StaceyKost3368,0,,2,0,0,0,0,0,0,0,0,1,0,0,0,0,0,0,0,0,0,0,1
SrinivasRe39785,0,,1,1,0,0,0,0,0,0,0,0,0,0,0,0,0,0,0,0,0,0,0
Siavashroostaei,0,,1,0,0,0,0,0,0,0,0,0,0,0,0,0,0,0,0,0,1,0,0
ShannonN50998,0,,5,0,0,0,0,0,0,0,0,0,0,0,0,0,0,1,0,1,1,1,1
Shams_ali14125,0,,1,0,0,0,0,1,0,0,0,0,0,0,0,0,0,0,0,0,0,0,0
Sarbaz155016,0,,1,0,0,0,0,0,0,0,1,0,0,0,0,0,0,0,0,0,0,0,0
SarahBobo433721,0,,1,0,0,0,1,0,0,0,0,0,0,0,0,0,0,0,0,0,0,0,0
SangareMoh5589,0,,1,0,0,0,0,0,0,0,0,0,0,0,0,1,0,0,0,0,0,0,0
Salvatore3oaj,0,,1,0,0,0,0,0,0,0,0,0,0,0,0,0,0,1,0,0,0,0,0
SalemAlWoszf,0,,1,0,0,0,0,0,1,0,0,0,0,0,0,0,0,0,0,0,0,0,0
Saikot269,0,,3,0,0,0,0,0,0,0,0,1,0,0,0,0,0,1,0,0,0,0,1
Sadiaa_Baloch5,0,,1,0,0,0,0,0,0,0,0,0,0,0,0,0,0,0,0,0,0,0,1
SMuhuthia98150,0,,1,0,0,0,0,0,0,0,0,0,1,0,0,0,0,0,0,0,0,0,0
SMendez21926,0,,1,0,0,0,1,0,0,0,0,0,0,0,0,0,0,0,0,0,0,0,0
Rn3136M,0,,1,0,0,0,0,0,0,0,0,0,0,0,0,0,1,0,0,0,0,0,0
RheaultRos79335,0,,5,0,0,0,0,0,0,0,0,1,0,0,1,0,0,1,0,1,0,0,1
Rezajukar,0,,1,1,0,0,0,0,0,0,0,0,0,0,0,0,0,0,0,0,0,0,0
Rend581702Rend,0,,2,0,0,0,0,1,0,0,0,1,0,0,0,0,0,0,0,0,0,0,0
RamosTabit62397,0,,1,0,0,0,1,0,0,0,0,0,0,0,0,0,0,0,0,0,0,0,0
RahmanMaso49526,0,,13,1,1,1,1,0,1,0,1,1,1,0,1,0,0,0,1,1,1,0,1
Pramodgusain12,0,,1,0,0,0,0,0,0,0,0,0,1,0,0,0,0,0,0,0,0,0,0
PoojaGuptakk,0,,1,0,0,1,0,0,0,0,0,0,0,0,0,0,0,0,0,0,0,0,0
PeaceJanet71488,0,,4,0,0,0,0,0,0,0,0,0,1,0,0,0,0,1,0,0,1,1,0
PatriciaLa9259,0,,1,0,0,0,0,0,0,1,0,0,0,0,0,0,0,0,0,0,0,0,0
Parvaznama_news,0,,1,0,0,0,0,0,0,0,0,0,0,0,0,0,0,0,0,0,0,1,0
PKozlowski2208,0,,2,0,1,0,0,1,0,0,0,0,0,0,0,0,0,0,0,0,0,0,0
OttonielSymfony,0,,1,0,0,0,0,0,0,0,0,0,0,0,0,0,0,1,0,0,0,0,0
OrtegaJen36049,0,,2,0,0,0,0,0,0,0,1,0,0,1,0,0,0,0,0,0,0,0,0
Notgannasay,0,,1,1,0,0,0,0,0,0,0,0,0,0,0,0,0,0,0,0,0,0,0
Nemo123K873,0,,1,0,0,0,0,0,0,0,0,0,0,0,0,0,0,0,0,1,0,0,0
NedaF31691,0,,1,0,0,0,0,0,0,0,0,0,1,0,0,0,0,0,0,0,0,0,0
Naqvi_1984,0,,1,0,0,1,0,0,0,0,0,0,0,0,0,0,0,0,0,0,0,0,0
NancyLeigh60698,0,,1,0,0,0,0,0,0,1,0,0,0,0,0,0,0,0,0,0,0,0,0
NancyColli18840,0,,2,0,0,0,0,0,0,0,0,0,0,0,0,0,0,0,0,0,1,0,1
NShigri95801,0,,1,0,0,0,0,0,0,0,0,0,0,0,0,0,0,0,1,0,0,0,0
Mubashir_Ale5,0,,4,0,0,0,0,0,0,0,0,1,1,1,0,0,0,0,0,1,0,0,0
MostafaIrani198,0,,9,0,0,0,0,0,0,0,1,1,1,0,1,1,1,0,1,0,1,1,0
Mojtabariahi3,0,,1,0,0,0,0,0,0,1,0,0,0,0,0,0,0,0,0,0,0,0,0
MohammadSa66170,0,,1,0,0,0,0,0,0,0,0,0,0,0,0,0,0,0,0,0,1,0,0
MohammadMu84518,0,,7,0,0,0,0,0,1,0,1,1,0,1,0,0,0,0,1,1,0,0,1
MohammadAb68783,0,,5,0,0,0,0,0,0,0,0,1,0,1,1,1,1,0,0,0,0,0,0
Mohamadmahdigf,0,,1,0,0,0,0,0,0,0,0,0,0,0,0,0,0,0,0,0,0,0,1
MistyBerg42467,0,,2,0,1,0,0,0,0,0,1,0,0,0,0,0,0,0,0,0,0,0,0
Mercypower888,0,,2,0,1,0,0,0,0,0,0,1,0,0,0,0,0,0,0,0,0,0,0
MelissaB59715,0,,3,0,0,1,1,0,0,0,0,1,0,0,0,0,0,0,0,0,0,0,0
MelanieTip97720,0,,1,0,0,0,1,0,0,0,0,0,0,0,0,0,0,0,0,0,0,0,0
MelanieRam19355,0,,2,0,0,0,1,1,0,0,0,0,0,0,0,0,0,0,0,0,0,0,0
MasoudM09889236,0,,1,0,0,0,0,0,0,0,0,0,0,0,0,0,0,0,0,0,1,0,0
MaricelSin26423,0,,4,0,0,0,0,0,0,0,0,0,0,0,0,0,0,1,0,1,1,1,0
Maikail110,0,,1,0,0,0,0,0,0,1,0,0,0,0,0,0,0,0,0,0,0,0,0
Mahdi_14_313,0,,1,0,0,0,0,0,0,0,0,0,0,1,0,0,0,0,0,0,0,0,0
MadisonC89361,0,,1,0,0,0,1,0,0,0,0,0,0,0,0,0,0,0,0,0,0,0,0
MRAOOF51,0,,1,0,0,0,0,0,1,0,0,0,0,0,0,0,0,0,0,0,0,0,0
MMV_IRAN,0,,2,0,0,0,0,0,0,0,0,0,0,0,0,0,0,0,0,1,1,0,0
MLinnertz32320,0,,6,0,1,1,1,0,0,1,0,1,1,0,0,0,0,0,0,0,0,0,0
LoriD25200,0,,3,0,0,0,0,0,0,0,0,0,0,0,0,0,0,1,0,1,0,1,0
LindseyNar1473,0,,1,0,1,0,0,0,0,0,0,0,0,0,0,0,0,0,0,0,0,0,0
LianaEspos39345,0,,2,0,0,0,0,0,0,0,1,0,1,0,0,0,0,0,0,0,0,0,0
LMalyszko64277,0,,3,0,0,0,0,0,0,0,0,1,1,0,0,1,0,0,0,0,0,0,0
LDoyle37934,0,,3,0,0,1,0,0,0,0,0,0,1,1,0,0,0,0,0,0,0,0,0
Kullanici07570,0,,1,0,0,0,0,0,0,1,0,0,0,0,0,0,0,0,0,0,0,0,0
KozlowskiB10598,0,,4,0,0,1,1,0,0,0,1,1,0,0,0,0,0,0,0,0,0,0,0
KingGdq07,0,,1,0,0,0,0,0,0,0,0,1,0,0,0,0,0,0,0,0,0,0,0
KimiaXray55807,0,,1,0,0,0,0,0,0,0,0,0,0,0,1,0,0,0,0,0,0,0,0
KimberlyTa41590,0,,1,0,0,0,0,0,0,0,0,0,0,0,0,0,0,0,0,0,0,0,1
KimberlyRa33780,0,,1,0,0,0,0,0,0,1,0,0,0,0,0,0,0,0,0,0,0,0,0
KhizarMunixhkt,0,,2,0,0,0,0,1,1,0,0,0,0,0,0,0,0,0,0,0,0,0,0
KeishaSeab36536,0,,2,0,0,0,0,0,0,0,0,0,1,1,0,0,0,0,0,0,0,0,0
KayleeHuska,0,,1,0,0,0,0,0,0,0,0,0,0,0,1,0,0,0,0,0,0,0,0
KarHsn66451,0,,1,0,0,0,0,0,0,0,0,0,0,0,0,0,0,0,0,1,0,0,0
KamilShari94987,0,,1,0,0,0,0,0,0,1,0,0,0,0,0,0,0,0,0,0,0,0,0
KHanson97993,0,,2,0,0,1,1,0,0,0,0,0,0,0,0,0,0,0,0,0,0,0,0
KGlaysbroo61983,0,,2,0,0,1,1,0,0,0,0,0,0,0,0,0,0,0,0,0,0,0,0
JulieLaven43697,0,,4,0,0,0,1,0,0,0,1,0,0,0,0,1,0,0,0,0,0,1,0
JulieGill785519,0,,1,0,0,0,1,0,0,0,0,0,0,0,0,0,0,0,0,0,0,0,0
JanetteTuc5703,0,,3,0,0,1,0,0,0,0,1,1,0,0,0,0,0,0,0,0,0,0,0
Jana3820813000,0,,1,0,0,0,0,0,0,0,0,0,0,0,0,0,0,0,0,1,0,0,0
JMarshall13472,0,,2,0,0,0,1,0,0,1,0,0,0,0,0,0,0,0,0,0,0,0,0
JBoucher98830,0,,1,0,0,0,0,0,0,0,0,0,0,0,0,0,0,0,0,0,0,0,1
IngridDieh93079,0,,2,0,0,0,0,0,0,0,1,0,0,0,0,0,0,0,0,0,0,1,0
IMoshglk99992,0,,2,0,0,0,0,0,0,0,0,0,0,0,0,1,1,0,0,0,0,0,0
HsynJsyn52068,0,,2,0,0,0,0,0,0,0,0,0,0,1,0,0,0,0,0,0,0,0,1
HMSRIYAR,0,,1,0,0,0,0,0,0,0,0,0,0,0,0,0,0,0,0,0,0,0,1
Gulkirmizi98,0,,1,0,0,0,0,0,0,0,0,0,0,0,0,0,0,1,0,0,0,0,0
GriffinAma21436,0,,2,0,0,0,1,0,0,0,0,0,1,0,0,0,0,0,0,0,0,0,0
GhulamNabi37244,0,,1,0,0,0,0,0,0,0,0,0,0,0,0,1,0,0,0,0,0,0,0
GeoFocusNews,0,,1,0,0,0,0,0,0,0,0,1,0,0,0,0,0,0,0,0,0,0,0
GelinMarti8033,0,,1,0,0,0,0,0,0,1,0,0,0,0,0,0,0,0,0,0,0,0,0
GailPeters16018,0,,1,0,0,0,0,0,0,1,0,0,0,0,0,0,0,0,0,0,0,0,0
FranklinVa32727,0,,5,0,0,0,0,0,0,0,0,0,1,0,1,1,0,0,0,0,0,1,1
FourthSword1949,0,,1,0,0,0,0,0,1,0,0,0,0,0,0,0,0,0,0,0,0,0,0
FloydCassi18177,0,,1,0,0,0,1,0,0,0,0,0,0,0,0,0,0,0,0,0,0,0,0
FierroNata58889,0,,2,0,0,0,1,0,0,0,0,1,0,0,0,0,0,0,0,0,0,0,0
FierroChar99277,0,,5,0,1,0,1,0,0,0,0,0,0,0,0,0,0,1,0,0,1,1,0
FazzinoSha73438,0,,3,0,0,0,0,0,0,1,0,0,0,0,0,1,0,1,0,0,0,0,0
Fatimamshezsg2,0,,1,0,0,0,0,0,0,0,0,0,0,0,0,0,0,1,0,0,0,0,0
EricksonKa69928,0,,1,0,0,0,1,0,0,0,0,0,0,0,0,0,0,0,0,0,0,0,0
EnlighterBro,0,,1,0,0,0,0,0,0,0,0,0,1,0,0,0,0,0,0,0,0,0,0
DonnaThoma18188,0,,1,0,0,0,0,0,0,0,0,0,0,0,0,0,0,0,0,0,0,1,0
DominusXronou,0,,1,0,0,0,0,0,0,0,0,0,0,0,0,0,0,0,0,0,0,0,1
DjilyToure41619,0,,2,0,0,0,0,0,0,0,0,0,0,1,0,0,0,0,0,0,1,0,0
DinariIbrahim,0,,1,0,0,0,0,0,0,0,0,1,0,0,0,0,0,0,0,0,0,0,0
DickersonM8617,0,,2,0,0,1,1,0,0,0,0,0,0,0,0,0,0,0,0,0,0,0,0
DiannWyant99007,0,,2,0,0,1,1,0,0,0,0,0,0,0,0,0,0,0,0,0,0,0,0
DianaRiver31085,0,,4,0,0,0,0,0,0,0,1,1,1,1,0,0,0,0,0,0,0,0,0
DeftSurrea36375,0,,1,0,0,0,0,1,0,0,0,0,0,0,0,0,0,0,0,0,0,0,0
DebbiePitt21770,0,,2,0,0,0,0,0,0,0,0,0,0,0,0,0,0,0,0,0,0,1,1
DeannaCoop47849,0,,1,0,0,0,1,0,0,0,0,0,0,0,0,0,0,0,0,0,0,0,0
Darshanx1619151,0,,2,0,0,0,0,0,0,0,0,0,0,0,0,1,1,0,0,0,0,0,0
DHart8270,0,,2,0,0,0,0,0,0,0,0,0,0,0,0,0,0,0,0,0,0,1,1
CrystalBru32161,0,,4,0,0,0,0,0,0,0,1,1,0,0,0,1,0,1,0,0,0,0,0
ClaudiaHuf12967,0,,1,0,0,0,1,0,0,0,0,0,0,0,0,0,0,0,0,0,0,0,0
CherylRome16655,0,,1,0,0,0,0,0,0,0,0,0,0,0,0,0,0,0,0,0,0,1,0
CarolSylva1889,0,,5,0,0,0,0,0,0,0,0,0,1,0,0,1,0,1,0,0,0,1,1
CarlsonMeg47680,0,,3,0,0,1,0,0,0,0,0,0,0,0,1,0,0,0,0,0,1,0,0
CWright17966,0,,1,0,0,0,0,0,0,0,0,0,1,0,0,0,0,0,0,0,0,0,0
CMalyszko60454,0,,3,0,0,1,1,0,0,0,1,0,0,0,0,0,0,0,0,0,0,0,0
BriggsYola18648,0,,1,0,0,0,0,0,0,1,0,0,0,0,0,0,0,0,0,0,0,0,0
BrandyLee8616,0,,1,0,0,1,0,0,0,0,0,0,0,0,0,0,0,0,0,0,0,0,0
BoyceGelin11553,0,,2,0,0,0,0,0,0,0,1,0,1,0,0,0,0,0,0,0,0,0,0
Bolttoo12,0,,1,1,0,0,0,0,0,0,0,0,0,0,0,0,0,0,0,0,0,0,0
Bluemoon_4100,0,,1,0,0,0,0,0,0,0,0,0,0,0,0,0,0,0,0,1,0,0,0
BilibaniMuzafer,0,,1,0,0,0,0,0,0,0,1,0,0,0,0,0,0,0,0,0,0,0,0
BaxterBeck37444,0,,1,0,1,0,0,0,0,0,0,0,0,0,0,0,0,0,0,0,0,0,0
BarbaraTay73191,0,,2,0,0,0,0,0,0,0,0,0,0,0,0,0,0,1,0,1,0,0,0
BarbWagues26589,0,,1,0,0,1,0,0,0,0,0,0,0,0,0,0,0,0,0,0,0,0,0
Atiqull47440161,0,,1,0,0,0,0,0,0,0,0,1,0,0,0,0,0,0,0,0,0,0,0
AndrewGalito,0,,2,0,0,0,0,0,0,0,0,0,0,0,0,0,0,0,0,0,0,1,1
Amirqqftef,0,,1,0,0,0,0,0,0,0,0,0,0,0,1,0,0,0,0,0,0,0,0
AmirHesamR8rm,0,,1,0,0,0,0,0,0,0,0,0,0,0,0,1,0,0,0,0,0,0,0
Alikeputk,0,,1,0,0,0,0,0,0,0,1,0,0,0,0,0,0,0,0,0,0,0,0
AliciaMart25149,0,,1,0,0,0,1,0,0,0,0,0,0,0,0,0,0,0,0,0,0,0,0
AliciaCleg66280,0,,5,0,0,0,1,0,0,0,1,1,0,0,0,0,0,0,0,1,1,0,0
AliShaarib,0,,1,0,0,0,0,0,0,0,0,0,0,0,0,0,0,0,1,0,0,0,0
AlexandreL4179,0,,1,0,0,0,0,0,0,0,0,0,0,0,0,0,0,0,0,0,0,1,0
AlRidwan142,0,,3,0,0,0,0,0,1,0,0,1,0,0,0,0,0,0,0,1,0,0,0
AhmdTajiik,0,,1,0,0,0,0,0,0,0,0,0,0,0,0,0,0,0,0,0,1,0,0
AguirreKat19405,0,,2,0,0,0,0,0,0,0,0,0,1,1,0,0,0,0,0,0,0,0,0
AguirreJan5087,0,,1,0,0,0,1,0,0,0,0,0,0,0,0,0,0,0,0,0,0,0,0
AdnanFuckisrel,0,,1,0,0,0,0,0,0,0,0,0,1,0,0,0,0,0,0,0,0,0,0
Adamkira14,0,,1,0,0,1,0,0,0,0,0,0,0,0,0,0,0,0,0,0,0,0,0
AbwNjm27421,0,,1,0,0,0,0,0,0,0,0,0,0,0,0,0,0,0,0,0,0,1,0
Abdulpnw,0,,1,0,0,0,0,0,0,0,0,1,0,0,0,0,0,0,0,0,0,0,0
AbbakarGad53727,0,,1,0,0,0,0,0,0,0,0,0,0,0,0,0,0,0,0,1,0,0,0
AI75aj,0,,3,0,0,0,0,0,0,0,1,0,0,1,0,0,0,0,0,1,0,0,0
AHeang59195,0,,5,0,0,0,0,0,0,0,0,0,0,0,1,1,0,1,0,0,0,1,1
8pftmhcr,0,,1,0,0,0,0,0,0,0,0,0,0,0,0,0,0,0,0,0,1,0,0