username,followers_count,final_location,count
asmashirazi,3598003,Pakistan,1
zerohedge,3000585,United States,6
ShireenMazari1,2443982,Pakistan,4
suhasinih,1300724,India,1
shaunking,966771,United States,6
TamimBarghouti,861075,United Kingdom,1
financialjuice,807457,United Kingdom,3
PressTV,598867,Iran,1
s_m_marandi,562521,Starlink - Iran,17
alykhansatchu,552212,United Kingdom,2
BarakRavid,502840,United States,1
ali_naka,494114,Africa,1
Shahidmasooddr,475938,South Asia,1
carlquintanilla,470406,United States,1
REDBOXINDIA,432518,India,1
LiveSquawk,421927,United Kingdom,5
JavierBlas,392184,United Kingdom,4
NachoRgz,389601,Mexico,2
barnes_law,368114,United States,1
zei_squirrel,347220,North America,1
ShamaJunejo,337568,United Kingdom,8
GeromanAT,334973,Austria,6
fpleitgenCNN,334364,Germany,2
Sentletse,326031,South Africa,2
Meteo1970,286765,Italy,2
Zeinobia,285522,Egypt,2
Ayadjamaladdin,281629,United States,1
AliAbunimah,277249,United States,1
SaraMirGilgity,271480,Europe,6
RealPepeEscobar,259803,Thailand,3
timand2037,257731,Australia,1
lookner,250098,United States,1
M_Boynukalin,247794,Turkey,1
Abdlgni_AZubidi,239769,United States,1
upholdreality,231712,Puerto Rico,1
MenchOsint,225634,Europe,1
Bandarhetar,222629,Yemen,1
propandco,220700,Sweden,2
kamalsharf,219328,Yemen,1
fatih_yasli,216629,Turkey,1
omidmollaye_,215832,West Asia,1
IrnaEnglish,214360,Iran,6
ArmedForcesIR09,210237,South Asia,1
AHLULBAYT_TV,209055,Web VPN Iraq,8
TadhgHickey,203012,Ireland,1
EndGameWW3,202660,United States,1
ejmalrai,194257,Europe,1
PierreABISAAB,191393,Lebanon,1
IraninSA,184030,South Africa,1
mikelayestaran,181837,Spain,1
famil2r,175706,Iran,5
rockfish31,159947,Japan,2
NetworksManager,158100,United States,16
OkwasiaBiNti,157389,Ghana,1
MazMHussain,156018,United States,1
MonaTahini,152209,Lebanon,1
PravinSawhney,152047,India,1
saeedthabit,151459,West Asia,1
BusaidiNaser,148791,West Asia,1
SpecialSitsNews,144144,Europe,1
Aakar__Patel,144069,India,1
qcCultural,142830,Portugal,2
Zabayar,137723,Venezuela,2
hasanahmadian,133911,Qatar,1
dunya20101,133835,Turkey,1
Tasnimnews_EN,133573,Iran,1
BBCKasraNaji,132504,United Kingdom,5
2E+92,129011,North Africa,6
hussein_alamlhi,127647,Yemen,4
mmohammadii61,123519,Iran,4
h0d3r_fa,123273,United Kingdom,1
staunovo,120044,Switzerland,2
agha_mohamad1_,118296,Iran - VPN,1
alhasanitaleb,117562,Yemen,1
PaliNewsNetwork,111604,United States,1
sashna111,108695,United States,1
ALI_HASHIM_313A,104470,West Asia,18
TurgayEvren1,103986,Turkey,8
smahmoodrazavi,103364,Iran,17
WW3_Monitor,98187,United States,1
AlinaSalazarG,97259,Mexico,3
Mo_elmalik,95832,Sudan,1
RunnerXBT,94956,Europe,1
IRNA_1313,94566,Iran,7
HRA80,94376,Iran,3
dimitrilascaris,93186,Greece,1
apocalypseos,92735,North America,15
AlanEyre1,92359,United States,3
IranMilitaryEN,90842,Iran,2
Iran_in_India,90512,,2
hasanunal1920,88004,Turkey,1
21stcentury_ML,87034,North America,1
Khandoozi_se,86164,Iran,1
m_Khalili93,84707,Iran,2
Phastidio,84620,Italy,1
jalilmoheby,84150,West Asia,3
ItsTheEnforcer,78616,United States,4
HussainShafiei,78364,United Kingdom,2
JohnKicklighter,78103,Web VPN United States,1
LeonXXI_MX,77839,Mexico,1
Navsteva,77560,United States,8
sidraakuser,77416,Pakistan,17
Asamoh_,76889,Kenya,3
EnglishFars,76872,Iran,1
BrexitFx,76052,Africa,1
Smita_Sharma,75874,India,1
boubou_le_prof,75545,Turkey,1
ali_ahmadnia,74221,Australia,1
alihmourad,74199,Lebanon,1
Mobtala_n,74020,Iran,1
CallaWalsh,72989,North America,1
s_k_sh,72879,Iran,10
BalochNadir5,72117,Pakistan,1
DrAhmedKalebi,71343,Kenya,1
TheNavroopSingh,71146,India,8
Manal_Abdelaal,69704,Egypt,2
hoflolz,69442,United States,1
itxhamza480,69417,South Asia,1
AkimotoThn,69011,Japan,1
Shirvani_moh,68565,West Asia,3
crushtheracists,66610,Europe,1
malekshariati,66453,Iran,5
vahabzadeh_ali,65597,West Asia,2
iribnews_irib,64941,Iran,3
kanyicool,64772,Kenya,1
m_ghanavatii,64604,Iran,2
OndoboGreg,64501,Canada,1
drpezeshkian2,64354,VPN - Iran,11
ahmedyassine30,62480,Lebanon,1
Ollie_Vargas_,61484,China,1
dubalh,61090,Turkey,1
BangouraKhame,60675,Africa,2
anim3223,60070,VPN - Iran,3
Kathleen_Tyson_,59547,United Kingdom,1
A_Aljermozi0,59429,West Asia,6
alishamkhani_ir,58274,Iran,8
rifain_nouvelle,57439,Europe,1
RodriguezManuel,56782,Chile,1
BluesignV,56450,West Asia,1
EyesOnSouth1,56260,Lebanon,1
QuatrinaHosain,55811,Pakistan,1
ohmahahm,55760,Korea,1
WaelEssam77,55524,Europe,1
Maimonah_313,54894,West Asia,2
MalaikaSRaza,54442,Pakistan,1
artedaguerracnl,52782,Brazil,1
BiLLYKHAERUDIN,52501,Indonesia,3
MuhamadAfzalECP,52000,Pakistan,1
berningman16,51691,United States,2
will_pulido,51309,Spain,1
tleilax___,50846,Switzerland,1
HajAhmad128,50580,West Asia,3
themiamivoice,49673,United States,1
IraninJapan,49196,Japan,5
amalsaad_lb,48915,United Kingdom,2
HouseCracka,47813,United States,1
yas4748,47671,VPN - Iran,1
roqchams,47588,Lebanon,2
Minarashidi66,47539,Iran,4
PrepperCanadian,45985,Canada,1
safiALshami,45556,Yemen,4
AWSALZUBAIDI,45356,Iraq,2
OwaisTohid,45037,Pakistan,1
Abdul_Majid33,44858,West Asia,4
SAMOUSAVI9,44643,Iran,3
SurvivingMyWay,44476,United States,1
theskibeagle,44474,Ireland,1
aishamusic,44420,United States,1
sarnchos,44301,Nigeria,17
mahmuod313,43848,Iran,1
hahellyer,43825,Egypt,1
AnisSholehB,43256,Indonesia,3
ishakaa,43247,United States,1
jisatu01,43239,Indonesia,2
qaizimi,43143,Southeast Asia,1
hydrah1444,42918,Yemen,1
MomodouTaal,42316,North Africa,1
Ntsetsana,42284,South Africa,1
Persianserene1,42144,Iran,3
KimiaMozafarian,41755,West Asia,2
ComptonMadeMe,41617,United States,6
Vidyut,41226,India,2
karaokecomputer,40304,United States,4
jose04152,40212,South America,4
Nazmadiny_4988,39822,Iran,1
rawanenasser,39497,Lebanon,3
A7_Mirza,39449,West Asia,4
barbaraslavin1,39335,United States,2
nationaljuche,39054,Web VPN Hong Kong,1
IraninHyderabad,38998,,3
IranEmbassyLB,38763,Lebanon,1
SammerAbbas,38623,Pakistan,1
Fateme07005731,38560,Iran,3
BPSPro,38511,United States,6
Aly_jezzini,38495,Lebanon,3
JonesHowDareYou,38494,Australia,1
B_O_B_B_Y,38069,United States,5
vefaghemelli,37702,Iran,6
DarnelSugarfoo,37220,United States,2
MahdiFinizadeh,36949,VPN - Iran,1
xagreat,36784,Africa,1
validsource20,36748,VPN - Iran,2
AjAqrabawi,36564,West Asia,2
Armaiss,36448,West Asia,10
dina_sulaeman,36104,Indonesia,1
GeorgeCharamba2,35956,United Kingdom,1
MehdiKharratya,35681,Iran,2
MaloneySuzanne,35616,United States,1
lambahamra,35458,Lebanon,1
2B7C89526,35072,North America,6
TovarichDelSur,34963,Argentina,2
xysist,34913,Kenya,1
Dropz11,34797,United States,1
Ahmadnaderi_ir,34599,Iran,2
zburki,33945,Pakistan,1
franktianxie,33746,United States,1
salahbabgi,33516,Turkey,1
Admfdlwzer,32977,Yemen,1
JJKALE2,32623,Australia,1
SKhatibzadeh,32426,Iran,2
17jordani,32250,Spain,4
onthishillwedie,32200,United Kingdom,1
chronicalihere,32119,Canada,1
prolter995,31964,West Asia,1
raziakkhan,31847,United Kingdom,7
FrontierArt1,31706,United States,5
Whois_ImamMahdi,31688,Iran,1
MizanNewsAgency,31595,Iran,2
NadaAndersen,31556,Uganda,1
SyedRezaMehdi,31522,Pakistan,1
ensiehmosavi,31375,West Asia,1
38divan,31282,Turkey,2
eleconomics,31219,Japan,1
NicoleGrajewski,31189,United States,1
dana916,31170,United States,9
FaiziWithKhan,31147,South Asia,2
GhrftM95810,30981,West Asia,1
Meer_PPP_,30907,Pakistan,9
AuctionMirza570,30729,United States,1
IiZeina,30704,Lebanon,1
ObaiCJ,30661,West Asia,1
Inkosana_,30592,Mozambique,1
hubofintel,30551,South Asia,1
Ameen_media,30108,United States,3
DavidLe76335983,30071,United States,1
_haye_,30028,Indonesia,7
kochar_ir,29820,Iran,2
Morteza_Avini,29702,United Kingdom,1
CoteAndre2,29394,Canada,2
KLovesNature,29353,Canada,3
talaye73877,29337,Iran,5
bonzerbarry,29048,United States,1
johnhussainpres,28954,VPN - Iran,6
DmodosCutter,28877,United Kingdom,3
ScottishCommie,28854,Europe,1
vjeannek,28845,United States,1
imambakirukus,28704,Turkey,2
firasmodad,28686,United Kingdom,1
farbodebrahimi5,28674,VPN - Iran,8
SagalAshour,28602,Europe,1
DickTugging,28549,United Kingdom,1
ANDREW_FDWT,28521,China,2
Agyptensohn,28501,Egypt,1
MainlandAfrica,28405,Web VPN South Africa,1
alCamel77,28273,Europe,2
zainaconda,28206,Pakistan,12
Piyusaja2,27992,Indonesia,1
Ruhollahnejabat,27944,Iran,1
Bahar__Saadatt,27882,Iran,1
VigilantesV,27781,Mexico,2
mosbatboy,27610,Iran,1
shaabiranks,27449,United States,2
SomalisVoices,26930,Europe,2
DonTarantino_,26858,Sudan,1
yamahdy_ma,26809,Iran,1
TheMarketDog,26756,Netherlands,3
Rezhasan,26676,India,1
fahadq801,26657,North America,2
korkmaanlat,26498,Netherlands,1
Moslehi_m_m,26440,West Asia,10
sehsanhosseini,26290,Iran,1
AAlwishe,26237,North Africa,1
RameshPV2010,26194,South Asia,1
AmiinMosavii94,26135,VPN - Iran,3
IRANinMAZAR,26089,,1
Ya_Fatemeh_113,26008,Iran,9
karimshami1,25986,Yemen,4
spedroza_12,25830,Mexico,1
santosbyamu,25799,United States,1
A_moshlab,25631,West Asia,1
IranmissionEU,25451,,1
OPVoters,25436,Australia,2
Narjes_Rahmati,25420,United States,16
SIDRAIM42094220,25352,United Arab Emirates,2
yilmaz_mesut,25346,Turkey,5
SpanishDan1,25284,Spain,7
_cl59_P,25089,West Asia,2
hhundubey,25085,Kenya,1
nikhil_palsingh,25064,United States,1
DwrFamyl,24976,Iran,1
Crussian17,24894,United States,1
AmirT_HK,24772,Iran,2
FatemeMohebbi,24716,West Asia,8
Shinamuller,24513,Germany,1
OsamaYe21,24513,Yemen,1
MazenMahdi,24280,Bahrain,1
mali2335,24137,Turkey,1
frknasir,24036,Africa,2
MerciKhodaya,23896,Iran,4
FrameTheGlobe,23798,United States,1
political_aya__,23735,Lebanon,1
Doovare_Loor,23674,West Asia,4
edwardblk,23657,Maldives,3
manaamini1369,23589,West Asia,2
justinpodur,23426,Canada,5
moetkacik,23404,United States,1
EbrahimRezaei14,23312,Iran,1
Karanimutonga,23184,Kenya,1
NimaTavRood,23171,Sweden,3
mhcz128,23034,Iran,16
UrOrientalist,22910,Canada,2
fa_abv,22854,VPN - Iran,1
yazdanparast313,22769,VPN - Iran,3
_NOMICS,22716,United Kingdom,2
Gaamuk,22536,India,1
IzkMohbi,22535,Iran,4
decolonize_this,22437,United States,9
7sardar7,22377,Iran,1
rmslim,22340,North America,1
Bahaa_Karbala,22320,Iraq,2
BlackQueenLara,22263,Web VPN France,2
staffofmoses2,22205,West Asia,1
Bry_ant6,22171,Uganda,6
CeciliaRamirezH,22018,United States,6
akishojaee13,21948,VPN - Iran,1
saif_SH45,21634,North America,14
radiodaljir,21585,United States,4
JairoAHenadg,21378,Colombia,10
PaulSorrentino3,21348,United States,2
IraninSpain,21322,,5
Ufaq_RM,21137,Pakistan,1
TamanishaJohn,21094,Canada,3
sardare_delhaa,21007,VPN - Iran,1
kadijah214,20916,Iraq,1
sarrafteh,20900,VPN - Iran,1
tajudine2013gm2,20862,Nigeria,17
M7A7G7X,20815,Poland,2
DoodlesTrks,20651,United States,2
professor_Hasan,20580,Austria,1
hiep2016,20570,Viet Nam,1
Olang_Moses,20520,Kenya,3
WardaJaafar,20513,Lebanon,1
TaniaSaidWhat,20466,United States,3
olivenews,20293,Web VPN Japan,2
enfree1993,20175,Italy,1
GrantSmithEllis,20151,United States,9
EngineerNGR,20134,Nigeria,1
xahidcreator,20112,Malaysia,4
mcm_ct,20075,United States,3
IsuphJt,20051,Africa,11
TodoChiapas,20048,Mexico,2
itsalireza_akb,19993,Iran,4
fatima_nssr,19933,Lebanon,1
JICHOdaDOG,19921,Kenya,3
bob_vanderhoeve,19901,Belgium,1
Prroph,19828,Kenya,4
Hamidr1361,19742,Iran,8
alhosni44a,19707,Oman,1
stellarman22,19688,United States,1
GavMcCracken,19686,Canada,1
ninoqazi,19682,Pakistan,1
WarnockWarrior,19641,United States,2
moreproteinbars,19589,United States,1
warintelfeed,19526,South Asia,1
BandeKhuda,19354,Canada,1
AmmarKazmi,19278,United Kingdom,2
DPezeshkian1403,19085,Iran,6
BamaramSaeed,19047,Europe,1
les_politiques,18951,Canada,8
169Nomis,18882,United Kingdom,3
CheetahPlains,18801,South Africa,1
nargesi__63,18684,Iran,5
aliasghar_1999,18648,Iran,1
NotoriousBEG,18579,United States,1
SarbazRezvi,18562,Iran,4
Mutesimarion_,18508,Uganda,1
MusadiqZ,18482,Nigeria,2
snackvampire,18481,United States,5
0R5xaJ4TNlCMxJZ,18381,Yemen,1
DerekMeers,18379,United Kingdom,6
Mohadeseh1993,18337,West Asia,3
judeonzita,18278,Uganda,1
SocialRightsIRL,18195,Ireland,7
LalitaAM11,18161,Mexico,1
FelipeBeck,18159,Brazil,1
Almutawakkil560,18011,Yemen,1
n1988_nm,17957,Iran,5
nimabolhasanii,17797,Iran,2
DavudHossaini,17751,Sweden,1
abdolahzadeh_ir,17739,Iran,18
DrMohaqeqi,17541,VPN - Iran,2
PopescuCo,17502,Canada,1
journalist13655,17485,Iran,2
HasnainDreshak,17480,Pakistan,2
aqolizadeh,17473,VPN - Iran,16
IraninBerlin,17415,Germany,1
sara_kaaf,17354,Iran,1
FadiMansour77,17324,United States,1
e_manavi,17242,Iran,1
khodor_ad30,17153,Lebanon,1
iamykamal98,17148,Pakistan,1
abubakar_mnazif,17129,Nigeria,1
ImranistPK123,17127,North America,2
abaruah64,17050,India,1
JavadGheibi,17028,VPN - Iran,1
JustMeBeingMe4,16982,United Kingdom,8
kadileleD,16946,Namibia,2
MsJamshidi,16851,United States,6
mostafavosogh,16757,West Asia,1
_adultfeelings,16738,Africa,5
IRAN_GHANA,16728,Ghana,2
Sweeegu,16718,Nigeria,1
70sBachchan,16643,United States,2
CdeNMaswerasei,16585,Namibia,4
autumnshade,16512,India,1
IRAN_in_NL,16497,,1
IqrarAlee112,16493,Pakistan,2
laura8blum,16452,United Kingdom,1
sanjiva,16382,Sri Lanka,2
refigh_jalal,16330,Iran,3
NadeemRamAli,16301,India,3
oxfordgirl,16217,United Kingdom,2
hosini80,16205,Iran,5
Rabiul_Islam11,16129,India,2
ali__altunkaya,15946,Qatar,1
baran__wakilii,15919,VPN - Iran,5
theLemniscat,15860,South Africa,10
GndemAnalizi,15777,Turkey,1
RiazGilani,15760,Kenya,3
Ahmedalswarii,15756,West Asia,1
_Ain4SSw33ty_,15730,Indonesia,4
HS_Soleimani,15724,West Asia,6
Nayere_n_d_81,15683,VPN - Iran,2
Iftykhan15,15661,United Kingdom,16
MUHAMMADABUOUN,15646,Africa,2
hasanein_hadad,15628,Iran,1
PHREUTERS,15614,Turkey,1
IraninSerbia,15604,,3
osamabinjavaid,15547,Qatar,3
m_akbarzadeh5,15530,Iran,5
LarryBoorstein,15518,United States,3
MhmdRfdh,15468,Yemen,3
VviewSsonicMair,15457,United States,6
IRANinSWEDEN,15366,Sweden,5
DrAliMatar,15355,Lebanon,1
gndzongana,15333,South Africa,2
kenmiryam,15296,Indonesia,3
kadirakaras,15296,Turkey,1
dan_murphy,15265,United Arab Emirates,1
huseini221,15158,Iraq,1
Arsha45914097,15098,West Asia,11
jennessie7,14944,United States,1
RiaziZeinab,14932,Iran,1
KateEmersonBri,14927,Australia,1
MARCIELOARENAS,14903,Argentina,1
aghel_ir,14812,West Asia,10
jamesob,14785,United States,1
MBazmar1359,14748,West Asia,1
luigi_warren,14739,United States,1
inzyrashid,14724,United Arab Emirates,5
ramonlopez54,14682,United States,1
LoudL,14663,France,2
Vandal_pizzosta,14648,Ghana,11
drkamranlawyer,14644,Iran,10
ShreyaOpines,14602,India,1
salmanrood,14590,Iran,15
D_modaresian,14571,Iran,2
shameensuleman,14535,United Kingdom,10
MendesOnca,14506,Brazil,7
shangpal,14459,India,1
AlnsrRkn,14456,West Asia,1
kargadan,14453,North America,8
fer0314marq,14441,Colombia,3
A_MQQ_,14377,West Asia,1
rosendo_joe,14280,Canada,12
MumtazBhattiDin,14156,Pakistan,2
brookebay21,14103,United Kingdom,1
DrSakriKaia,14041,North America,3
Battersby1888,14035,United Kingdom,15
MorenaMariaPa,14001,United States,2
as2imi,13914,Yemen,4
IRANinSalone,13869,,2
hoora_Eghbalian,13865,Iran,12
kensuke_yaoi,13843,Japan,2
OneQuantumLeap,13843,Web VPN United Kingdom,4
Saeedrmz24,13793,VPN - Iran,13
Amina_Nur_005,13763,Pakistan,2
Pingachoo,13751,United Kingdom,1
egypttheBB2025,13701,North Africa,2
okkucrypto,13682,East Asia,3
Sazar57,13584,VPN - Iran,2
pyrmontvillage,13554,Australia,12
MsRonnyB,13551,Australia,1
Abdulherphyz,13548,Nigeria,10
Tayyebehmeshkia,13523,Iran,3
MehdiJami,13489,Georgia,1
ImReadinHere,13460,Europe,1
SaraNajmaii,13444,United States,1
kevinweke_,13426,Kenya,1
ajdemarang,13363,North America,2
nicci_eddy,13343,United States,3
Mukhtar_Jadban,13314,West Asia,4
MunibaKamal,13310,Pakistan,1
Zarkesh5,13295,VPN - Iran,4
florintruth,13274,United States,1
IRANinHUNGARY,13273,Hungary,6
Khushboosayys,13271,India,5
marcosvmf_,13266,Brazil,1
Keban_li_23,13234,Turkey,1
asmartbrunette1,13161,United States,12
fatemeh_sadat91,13160,Iran,2
baoshaoshan,13136,Australia,1
profsarahj,13132,Australia,1
TheBirmingham6,13121,United Kingdom,1
Lukyluke311,13102,Europe,14
mhmdhsyn__,13068,VPN - Iran,1
Bublee_gee,13031,Pakistan,2
OwaisCheema9,13011,United Kingdom,1
Gharibabadi,12965,Starlink - Iran,1
abdu,12959,West Asia,2
DrDadabhoy,12922,United States,4
fmahdipour,12904,Iran,6
LavasaniMalihe,12854,West Asia,6
ShabanaFaryal,12850,United States,1
emocionycambio,12831,Spain,2
HiyaleeM,12789,Maldives,6
martinez_j7902,12711,United Kingdom,2
RhondaGarad,12672,Australia,1
FGhoddoussi,12636,United States,3
hopeluta_,12610,Brazil,1
atorabi76_,12610,VPN - Iran,2
mortezagolpoor,12554,Iran,1
aa77xxss,12507,Yemen,12
kwakuasanteb,12459,Ghana,2
Fezhh_kh,12458,VPN - Iran,1
Alimokhtarzadeh,12446,Iran,7
hassanq2014,12411,Yemen,2
SicilianoSum,12386,Italy,1
Sh110Kn,12386,Pakistan,2
Mahmut_Ak47,12283,Turkey,2
Doc_m_7,12230,West Asia,1
MO21_ALI,12221,Iran,5
EliaBecks,12211,Afghanistan,1
Jangjouye,12199,East Asia,1
RealNickMugalli,12184,United States,3
zgdekli,12183,Turkey,8
giulianol,12178,Italy,2
midoo0,12153,United Kingdom,10
Abbas_Safari1,12145,Iran,1
Theignorantsoul,12141,India,1
kabulii,12133,United Kingdom,6
Elii9964,12130,VPN - Iran,5
wamsha92s,12110,Pakistan,1
IronLady0012,12058,North America,1
xerxesss,12053,Iran,2
sana_bano__313,12031,Iran,2
qa_kd7,12015,Yemen,1
eastnitty,11992,United Kingdom,1
GerardBondeau,11991,France,3
Ostureh313,11974,Iran,1
JoAnn_Marie,11891,Mexico,1
GuimaraesHelcio,11882,Brazil,3
rrghadi01,11845,Iran,8
sidduu96,11839,India,1
MerruX,11808,North America,2
Horaciorivashen,11806,Spain,1
JL_SR2024,11805,Spain,1
midoriSW19,11801,United Kingdom,1
sandra_miria,11764,Brazil,2
Enter1984Art,11757,Denmark,1
zahrahp_1,11739,West Asia,1
red_loeb,11702,United Kingdom,1
shamama_abbasi,11666,United Kingdom,1
mahtab_rasooli,11666,Iran,2
n_brti1984,11662,Iran,3
tacticalgrid,11658,Germany,2
NahidPoureisa,11655,Iran,1
nilofarabaszade,11654,West Asia,16
Vendra_Deje,11636,Indonesia,1
Michael_Wgd,11609,Europe,1
salcinz,11607,Italy,10
ArmyX313M,11601,Africa,5
HARJGTHEONEDBA,11575,Canada,1
AthousandBrains,11570,Africa,3
DM55283,11562,Eastern Europe (Non-EU),1
RTwassoli,11556,Indonesia,1
Timberwolf__,11516,United Arab Emirates,1
thuhthuna,11500,Maldives,1
Smkomeil,11489,West Asia,3
fateme_gh_m,11477,Iran,5
mojtaba_v6,11474,West Asia,2
Marvi_Economics,11429,VPN - Iran,2
SamTorabi72,11407,Iran,17
syed2000,11389,United States,8
carmenprs,11366,South America,1
Vpedrosa,11336,United Kingdom,1
resisres,11313,Mexico,1
GilaniTufail,11301,India,6
MCTothSTL,11289,United States,6
RanjhaHafeez,11286,South Asia,1
revayateman,11263,West Asia,8
izadgashb1,11253,Iran,1
Mohamadhossie15,11253,West Asia,3
ye02987,11248,Yemen,1
talia___100sun,11243,Iraq,1
jaraparilla,11239,Australia,1
zeinabshehab6,11197,Lebanon,1
Fatima_solymani,11157,Iran,13
marita_stappung,11147,Chile,17
AnonymousGlobal,11065,North America,4
tayebsaeidi,11063,Iran,1
Javan_4,11007,VPN - Iran,4
alishoieb1,10997,Lebanon,1
HashemiMarzi,10976,Iran,1
allidoismix,10960,United States,1
neghah13,10932,Iran,7
MahdiHajjar1,10917,VPN - Iran,1
hamed21224200,10912,VPN - Iran,12
5trategist,10876,VPN - Iran,4
saintgothic,10871,United States,1
elharafeesh,10869,Egypt,1
Sara_zs1,10865,Lebanon,2
_DilS3Rahul_,10828,Southeast Asia,2
jefff256,10821,Uganda,1
HUSSEINSROUR,10804,Lebanon,1
MZ0JNS9aLkjhtqx,10798,Sudan,1
riannuzziGPC,10778,Italy,2
pbkBMkmmkkwkpvg,10741,Yemen,1
TheMatundaMan,10724,Africa,1
ahadian_ir,10715,Iran,15
BlackMoth_313,10714,France,1
tawarayasotatsu,10707,Japan,1
teejay_132,10705,Nigeria,13
JustaCoinToss,10692,United States,1
BehnamBk,10689,VPN - Iran,1
ibrahim_alwaree,10661,Yemen,1
abbas_inc,10651,Bahrain,1
OlaIsrael01,10651,Africa,1
baqirululoom,10626,Pakistan,6
Forthleft2,10617,Australia,1
JustShemaBaby,10601,United States,1
ramedumar,10598,Venezuela,3
seyedmahdi11,10550,Iran,1
guevara_iria,10550,Cuba,1
finanzmarktwelt,10547,Germany,3
MiladSlimm,10522,Mauritania,3
MAHMOUD19005690,10515,Egypt,2
1RedRevolution,10490,Turkey,4
gashm1975,10473,Yemen,1
mustafa_alkhtib,10451,Yemen,4
darya_daar,10448,Iran,1
PabloMtzDelCam1,10432,Mexico,4
dayumaEc,10424,France,5
alihadi68,10421,United Kingdom,18
mikaeeldayani,10389,West Asia,2
ElrondBurrell,10368,Australasia,4
mtz_ir,10298,VPN - Iran,1
goleyasm313,10294,VPN - Iran,2
hannabaker13rw,10288,VPN - Iran,1
amirakbariorg,10269,Iran,9
Vaporous123,10262,Pakistan,1
Ozo__Ude,10252,Nigeria,1
Shinestar8517,10218,VPN - Iran,2
derakhshanmedia,10215,West Asia,7
jala_leb,10197,United States,4
nowtypiing,10181,West Asia,2
Sir_elmusty,10145,Nigeria,2
msolymani13,10118,Canada,12
Captain0TT,10093,United Kingdom,12
chimmychonngaa,10030,Ghana,3
gaza_son1,10017,Yemen,1
Soheil_1100,9994,,1
Moh_valibeigy,9986,,1
Jamils641,9962,,1
Amary22Mastfe,9961,,3
AKarklar2,9961,,5
shinbiganA,9946,,1
Ayei_Eloheichem,9901,,1
ghalibaffans,9896,,16
Ali_2023ak,9887,,1
Khaled_Nabil07,9879,,1
M_Jamshidi_,9866,,8
jumosa6,9825,,1
Mubaraqshehu_,9783,,2
atungisa_,9769,,1
xpresenterxeli,9761,,5
WAR527,9758,,2
hezardastan1981,9731,,6
NR_7755,9726,,1
Sara_sal222,9722,,1
mohamadmsb,9715,,1
ubmuiu,9700,,1
yavashuseyinn,9682,,2
Sweetbarbaralee,9680,,1
aghamoallem20,9676,,1
WaiTnaWaGatundu,9635,,1
NaomiBinyanAtid,9621,,1
reatlegetswe,9553,,1
Jalal_alansi,9551,,1
ZeeZag1,9519,,4
JamalKhanfer,9504,,1
Abo423Hager,9496,,13
Gorge_254,9475,,3
Ami_Snowleopard,9447,,1
meysam1irani,9423,,3
minooo_hastam,9421,,12
ghalbesalim,9410,,1
havayesf,9405,,2
OtigbaCrypto,9395,,2
HarrygPettit,9383,,1
sadiam110,9361,,1
hasan_m128,9348,,9
aa1ll2ii3aa11,9346,,5
HaidarAkarar,9304,,3
cherylbenson,9286,,1
PatriotSynergy,9283,,1
1366Hani,9273,,1
Kaali67800508,9262,,1
Kaybella_k,9253,,1
Zahraan___,9249,,1
thierry_bros,9238,,1
gan_dom_0631,9237,,3
alihadi_Ragnar,9234,,9
balenowatch,9226,,3
kill_biil,9217,,7
marielSiviglia,9151,,6
DedyNad_id,9142,,8
ApricotForever,9141,,1
JoannaTeglund,9140,,1
Yng_Habeeb,9112,,1
ali_chahkho,9109,,6
muntazireimam84,9096,,14
rociocangla,9094,,9
MashkurKabuli,9094,,4
Yahyasharaf10,9088,,1
pawelrakowski85,9085,,2
legibitiquas,9067,,3
ZAIDWASI,9067,,1
apls452,9065,,1
b4dchan,9061,,1
mou123144,9041,,1
donaldgorbachev,9029,,1
OfficialHFJ,9011,,1
Divya_M_P,9002,,1
CLIFHIGH3,8994,,2
f_safari_84,8931,,2
Amandasatiro07,8930,,1
GhamariVafa,8916,,8
mhmdiism,8882,,1
Iman_Momeni1,8869,,1
alidaneshmand_4,8855,,1
Hamid2w,8854,,1
FUTURENEWS2020,8792,,4
VanSulli,8790,,15
ArtCrunchy,8762,,1
OctarRuga,8750,,1
DCSWORLDPAK,8746,,1
JucheAffirmer,8737,,1
husseinb,8731,,3
Mohamme97589888,8724,,4
Sabamontazer,8720,,16
Jordigave,8712,,1
cie1947,8701,,2
saharenamdar,8680,,1
Limare64,8660,,3
BillowIsmail,8646,,5
rRealNeilNash,8631,,1
assem77129,8589,,4
MichiganNation2,8580,,2
PriyabrataT,8575,,1
Hasnat_A_Koot,8575,,2
SaurabhJoshi,8547,,3
rezamiri81,8538,,2
SENSIMILLIEA,8531,,1
Juan_RemolinaC,8528,,2
yucelbarakaz,8524,,5
LDelsoll,8523,,2
GMF_YEM_2025,8523,,2
FreeGeneraxion,8517,,1
VandanaHari_SG,8511,,2
parima19683,8507,,1
syfhosseini,8497,,2
OT__VIBES,8478,,1
mohmmed_allaw,8465,,2
IRANinFRANCE,8443,,1
AttyeLina,8435,,8
wawireCS,8429,,4
SabriaCBalland,8429,,2
moshetonychin,8385,,1
golzar63,8338,,1
dublinactivist,8335,,2
Afifehabedi,8331,,10
NassimNoUnoff,8303,,2
mysticaltech,8300,,2
rrschmocker54,8299,,2
morteza_pn,8299,,1
iFortknox,8275,,1
WithyGrove,8272,,1
OLUWA2M1,8265,,1
Tinkeringhalo2,8248,,2
m_noroozpoor,8245,,2
DuroBelinda,8244,,3
resistancestan,8225,,2
tinfoilhat79,8208,,1
sharen_mm,8189,,2
Beingkhanumar,8180,,13
carloslaconcha1,8166,,1
waweru,8163,,6
AllyReza14,8149,,11
jdamijan,8140,,2
Alhajrifatema,8139,,1
junaid_haido,8138,,5
crosslinkjapan,8129,,1
RogueKite,8121,,1
A_E_Rasooli,8120,,1
pilaraymara,8114,,3
asinosvay,8109,,1
BenjiSeitlhamo,8100,,4
dimitri_kenya,8088,,2
TheLevantineMan,8076,,2
Shahaab92,8076,,5
burujlaptop,8073,,1
neuro_words,8051,,1
AljnwbA711,8048,,3
Pakniyat__,8041,,10
noora_257,8021,,14
morteza_kaka313,7992,,13
1foreverseeking,7990,,3
biteme_suckas,7974,,2
Plz_Relax_,7969,,1
raniaa1289045,7959,,1
JA00963,7959,,1
theAghaMostafa,7942,,1
malk21_9,7941,,1
BrendanPeberdy,7896,,1
m_rahimi_72,7862,,1
Sansirated,7858,,2
ITANDEHUI1801,7847,,1
agha_bakeri,7846,,1
1NuevoOrden,7843,,1
afrilivesmatter,7827,,5
_Popins,7819,,3
andrepaltry,7795,,2
Orthodoxe,7795,,1
aghaye_chaei,7791,,10
f_mustafavi,7784,,1
zarebin0,7782,,2
UdsiAsli,7767,,2
jong_slow,7760,,1
luxeprogressive,7756,,2
abdulla_faraz,7743,,5
PAOLANURNBERG,7738,,4
TxWidiwidi,7731,,1
TalentCoop,7731,,1
SamiRamadani1,7706,,1
palm_phattanan,7654,,2
SusanSmithAus,7651,,1
emilcyc,7643,,6
masaf_foods,7635,,1
shehzadhqazi,7633,,1
mizukamistaff,7609,,1
N_Rahimi_107,7604,,4
emanuelpietrob1,7598,,2
fazle_alam,7595,,2
AfgFactChecks,7591,,2
laili_dideban63,7558,,1
thrsts_,7525,,8
iranembassy_nz,7518,,5
A_R_Aliyani,7510,,1
realazadeh,7508,,1
anniefofani,7489,,9
HammerstoneMar3,7479,,1
Maenyria_M,7472,,4
charlie_marema,7471,,10
IRANinFINLAND,7471,,13
GrownRoom,7467,,4
zahra_hp79,7461,,1
Filomen03258997,7449,,19
CHItrader,7445,,1
Saeidi_Saeid3,7425,,1
saeedha85,7423,,2
tdirurupsp5e88t,7408,,1
MushtaQ_Q_,7408,,1
Vital_aH,7399,,8
thisismoh265,7391,,5
jafari000000,7375,,1
Razaazaidi,7368,,4
Minaei_izad,7363,,6
TheActor_movie,7342,,1
jay_onemoney,7327,,1
FlashWireNews,7299,,7
dart_jan,7297,,1
Asad6579,7289,,3
raihan__2,7274,,1
HipsterUnionRep,7271,,2
3Gaddar,7250,,1
ahmadkhaniiii,7236,,2
BigChiefDamian,7219,,3
aminifar1365,7202,,1
NewsInSmol,7197,,1
andytuit,7192,,1
Ash_Prashar,7186,,2
Gerrrty,7157,,2
denomeme,7156,,1
MamaNoelles,7155,,2
JartoYa,7151,,1
iraninitaly,7149,,2
DrBMcDH,7099,,1
RyanHatari,7096,,1
stumbue,7082,,2
matt7gh,7066,,1
ykarimi_,7062,,5
helenmcollins1,7061,,1
IBuzgan,7057,,4
isaacjdotcom,7054,,1
TomBaller1975,7051,,1
carlworker,7042,,3
angelgooner,7031,,2
0mhp037,7024,,1
HwgYjyLACO5XW9S,7011,,14
VsFatemeh,7010,,1
Simon_A_Wood,6991,,3
Ad_Tel_210168,6988,,1
J_Jazim,6958,,4
Che_guevara_in_,6945,,1
MartynNamorong,6937,,9
mishi_mishi75,6928,,1
whoisbobbparris,6902,,2
_soomayeh__,6900,,1
Ziyad_F_I,6891,,1
stickwithchick,6873,,2
acmnepal,6871,,1
Rre_shima,6866,,2
tomalallave,6841,,3
jjwhitlaw,6840,,4
ghaderi62,6838,,1
JanJak_AMC,6834,,5
anoo_ell,6827,,2
zahrarezaee1992,6824,,4
ZahraKhalili_TV,6809,,2
Noodoggy,6800,,1
MasroorAnsari,6800,,1
aleksandraopal2,6770,,1
rocinante2d,6748,,3
sadeghnikoo,6741,,8
Bayanov74,6732,,1
gulabaton_22,6728,,1
b95326567,6726,,2
WhirlwindWisdom,6726,,3
jocakim_de,6724,,1
MKjrstad,6722,,6
AllawiSsemanda,6701,,1
pathrs,6673,,1
CeltiCRab19671,6657,,2
AndreaT2303,6657,,1
aga1nsta11oddz,6643,,1
ramana1729,6641,,1
KanyindaPat,6610,,1
HamjaAhsan,6609,,4
MadMax62309410,6607,,1
Makintamie,6603,,7
_Aldawlah,6598,,1
bil1gets,6585,,1
_checkings,6581,,1
fouad_jm2,6571,,11
RoisinQuinn79,6570,,1
JohnHuddyTV,6555,,1
PalomaGablice,6554,,1
AhmedQuraishiAR,6545,,1
EnsiyehKhazali,6542,,3
SMCADMAN,6541,,2
AmrAdelFahmy,6538,,6
roohollaah313,6535,,1
mjacksonrm51,6527,,1
Ussignur_,6520,,10
Ojayy031,6505,,3
IsmailEctasie,6503,,2
onpoint_co_ke,6495,,1
AcylManany,6484,,1
nanda_pradeip,6468,,1
KingTherapy,6466,,11
254Stevie,6464,,3
DisputingSunnah,6452,,2
superbranch,6447,,1
EhsanNikna52158,6442,,2
eightynines,6440,,1
HajjiSyd,6431,,1
shahidhemmat1,6430,,1
Sana_aniyah711,6423,,2
zumalt_barbara,6420,,2
Abdolreza_ya_ir,6416,,7
DrMohdTariq,6407,,1
alishbanaeem2,6402,,1
e_winzar,6401,,1
proudUGn1,6400,,5
sherifhany,6392,,1
i_5_6,6380,,1
JobeerB,6359,,16
ShKa4kh,6342,,2
skandariamir1,6337,,2
SEYEDREZA138,6326,,5
javadaghaei2002,6297,,12
TriciaNC1,6286,,1
Logos_Freedom,6276,,3
BorderReiverReb,6252,,1
DaaniPooh,6238,,1
Khnoom_shin,6209,,2
rosa_rior,6191,,4
gggg45466,6168,,1
Moohammadd,6156,,5
RealJohnGaltFla,6155,,1
kamoh_james,6151,,1
suareicolliepro,6123,,2
jrs_x_,6122,,4
ShaBbarAli51565,6074,,1
PromoterBoxing,6074,,3
MajidN88,6060,,3
elchamocandanga,6052,,1
atalayha,6048,,1
EspartacoSoy,6039,,3
Silent_Laila,6038,,3
NaqviMA,6037,,1
Digi_Cult_Mood,6034,,2
f_rassta,6024,,1
madiiiiyee,6016,,4
shibby3235,6010,,7
mohammad_abkati,6006,,1
lukelockwood6,5992,,1
S_Mahendrarajah,5977,,10
dewTwt,5969,,1
arsenal_25,5961,,2
tarakangarlou,5958,,3
ashraphkatso,5947,,1
Meysame_tamaarr,5918,,4
zulfikar_1923,5915,,1
alozaib,5905,,1
nr_afzali,5890,,3
m_rezaei1988,5889,,17
SidySissokho,5879,,1
iam_bams,5873,,1
Mancenido_MaR,5869,,1
QudsiyaMashhadi,5868,,1
aldo_chavez,5861,,1
Hawkeye1745,5853,,5
beebah5,5848,,3
shy_kh_gheyr_ba,5843,,4
NajafEkram,5832,,12
fa3eel5yr,5830,,1
fhipos,5820,,2
Agha_mbz2,5819,,1
DiveBomb321,5816,,10
AllOddsmobile,5812,,2
qualann,5811,,1
CCKKI,5804,,3
drbehrozmohebbi,5773,,1
hotcitiesworld,5765,,2
Marzban_313,5759,,9
lueyee,5757,,1
QayoumHaider,5757,,2
mehrakiiiii,5733,,7
StarveYourEgo,5706,,1
AliJafri,5691,,2
mhrezaa2,5681,,1
Dr_fathi_davood,5676,,2
r_zabib,5671,,1
MofthelA,5669,,2
sareh_dehnabi,5666,,1
Mvhm00d,5660,,2
vixflatline,5655,,2
ganeshmahnar,5641,,1
nailatrahman,5637,,17
aprajitanefes,5619,,13
fahimeh_chh,5617,,2
taseenb,5603,,2
hussain_rehber,5601,,7
ShabazzArts,5597,,3
sardar_e_eshgh,5593,,1
arfh_hshmi,5586,,1
EzatollahAkbari,5580,,18
m_zeinaly,5557,,6
s_p_hossini,5549,,9
Chioxini,5534,,3
analuna74,5530,,1
BosCityFAN,5530,,3
Organoponico1,5527,,1
VoxUmmah,5522,,1
abdolreza1108,5520,,2
olamaei313,5515,,1
tasmime_kobra,5510,,5
ShehnazB2IK92,5499,,1
m_dehgannejad,5487,,1
Mott_Mason,5486,,8
RiseUpAbove,5476,,1
iran_uzbekistan,5472,,1
Ebrahim_Zolfgri,5463,,1
zarinnam,5460,,14
GordonCarrico,5460,,1
JeihaniEsf,5443,,1
fridaygirl13,5441,,2
GaonaArnaldo,5427,,1
MaryCar73085656,5420,,1
narjes_31180,5418,,2
Azeem_Sabzvari,5415,,1
sweetbrunet1,5411,,1
lalitapetila,5402,,1
BellaMagnani,5400,,1
stephen_moatshe,5391,,1
Ni_ibro,5380,,4
IRANinNorway,5378,,6
joaogerardobr,5372,,6
history_seeker,5368,,1
seyedmomeni1362,5363,,6
sarjoiee,5362,,2
BrianCountryma4,5352,,1
Taylor_Luck,5350,,1
_last_born___,5346,,1
MryPakty95055,5346,,4
Turbulence_pod,5345,,1
mohajer_shirazi,5335,,4
difc_dubai,5332,,1
gk_goran,5327,,3
ZHoseine,5325,,1
toller_1,5324,,2
Botshelo_SA,5319,,4
al_emami,5317,,2
Mahdiar2982,5313,,9
zeynab_safari61,5311,,6
LawSha2,5310,,2
morteza_hajiani,5305,,1
CamaradaVan,5305,,1
ReclutadoraVic,5294,,1
maraag22,5292,,1
TheSportProhet,5277,,1
ASK7799,5270,,19
ardashir_313,5259,,3
jalalrashidi404,5255,,11
AboAlsofi92443,5253,,1
mustafaniaz_din,5224,,1
AliHuss14369664,5223,,6
M__Sabah,5220,,2
JarritaLT,5220,,1
BobInPascoFl,5215,,1
RandomnesInnate,5210,,1
Hamed57030573,5208,,4
RamiHas84107388,5204,,1
ms_rhymy,5197,,2
EllyRostoum,5195,,9
Orangeman1992,5186,,3
belorusskiypatr,5182,,1
diamondrapids,5180,,1
LaDjazairiya,5180,,1
hamidrezaya,5172,,9
MechaOrvo,5170,,2
Muller141,5169,,1
A_Sharifan,5169,,4
HamzaCh27,5168,,14
Avadnanulutas,5167,,2
Rogerskamujuri,5165,,1
FancyandTheCity,5164,,5
Kuroageha7,5158,,2
heinah__a,5147,,3
AboAlshahli,5146,,1
GideonNgumbau,5144,,3
s_total_s2,5139,,7
SidneyJunqueir6,5136,,3
Mohammad_kam786,5136,,5
Iran_NewsRoom,5133,,1
AbwaslamAlsrwry,5126,,1
almotawkil,5119,,1
FahdSheikh3,5115,,7
Tijgernest,5107,,1
sebahattin_aks,5106,,5
Raajkml1,5096,,1
nishant10a,5094,,1
KevinHemphill7,5085,,1
maurlind,5083,,1
Libertarian196,5081,,1
S92__n,5075,,4
LOC_bbk,5067,,6
ABALFAZLLL,5065,,1
LineGoesDown,5057,,1
RobinSneed5,5043,,2
alexagacebo,5037,,11
Nadwi_Yusuf,5036,,6
The_Fazul,5027,,1
kudasith,5025,,13
wanjeka29,5024,,2
nkamlo06,5024,,13
mahdi___1406,5018,,3
parastooki,5015,,3
KamandMs6562,5013,,6
littlemeanj9,4997,,1
uzairsdad,4992,,3
hafez_hakami,4987,,1
ghademoon_158,4985,,1
abo_amer111,4985,,13
JeddNews,4982,,1
hosna_76,4975,,2
yarubibnqahtan,4969,,3
Ananse99,4967,,6
Amirzalll,4965,,3
HaiderAli099,4964,,5
Maryamsinapour,4958,,1
leftist_sam,4957,,3
SchrodingersAlt,4956,,1
ali_s1352,4951,,11
a_l_i1364_1366,4949,,2
angelacorrias,4944,,3
Corvidelle,4944,,1
Im_hillarious,4942,,1
IGSerbetci,4931,,1
Motaherghafary,4929,,3
minorites,4927,,1
27Par27,4926,,1
IRANinGREECE,4908,,3
Sbu_Fo,4906,,4
Avin__1368,4897,,1
HusseinBrasil,4888,,1
ZaraketH,4883,,1
preueth,4875,,2
grosherz,4868,,1
LungeloN_Zulu,4868,,1
feizimedia,4861,,3
mohamad_barani,4853,,1
benjiejabo1990,4852,,1
GMSBaghdadi,4851,,2
UndercoverMoth9,4848,,3
HdhMoadu,4838,,2
Ammarirani1,4837,,1
roozshah,4835,,3
rofasanten,4831,,9
afsoon_04,4831,,8
istade_313,4827,,1
kavarama1,4820,,1
gvenugopalan,4815,,5
Brother_mostafa,4813,,1
Marzieh_SadatAs,4810,,8
TheGreekUSA,4807,,1
wettanaam,4799,,2
Final__battle,4792,,4
BinazirJ,4792,,1
khalifa_ih,4787,,1
Inspiring_mind1,4785,,1
amahmoudi1363,4780,,1
E_s_f_a_h_a_n,4775,,1
jamaan78,4768,,1
MidhatZ,4765,,3
PH_HERMS,4763,,1
DavidBo03050197,4761,,1
ukatcher,4749,,11
Georgiemutt,4749,,2
sharif_zamani,4744,,1
farahadams,4738,,8
OttenbergEve,4730,,1
Alawi_Jahaf,4712,,2
Mesali666802ak,4704,,1
RSA_Observer,4702,,1
fsanleec,4701,,2
edisonburbanoOK,4701,,1
abbashajhashemy,4701,,4
seraj220,4694,,1
Savitri4Ever,4688,,1
Mose_s9,4686,,2
SyedAounMehdi1,4680,,1
m4h007,4673,,1
PilardelaMaza1,4669,,3
desempleado666,4665,,2
web3navalguy,4660,,1
kittyhundal,4660,,5
KATELYNisViolet,4660,,1
BehrouzNiko,4657,,2
QuiteBH,4655,,11
MonophonicTokyo,4654,,2
AHFarooqui,4652,,1
sadoz13,4645,,2
amsaifullah6070,4640,,3
demirmadeni,4639,,1
vahid_taghavii,4634,,3
MO30_so,4633,,5
MoonRos,4631,,4
2019Blueboy,4627,,1
Excuminicato,4621,,4
EEbadi313,4621,,3
jalilyonline,4609,,2
Revolution93843,4609,,3
KachhawaGayatri,4608,,1
Yolanda32129812,4599,,1
albanuskyalo20,4596,,3
ixadilx,4593,,4
Kaptan_IK,4593,,6
Biblititute,4591,,2
maracana1950,4585,,1
MAbadullah,4579,,10
komail19081,4576,,1
ArshadbalochPTI,4576,,2
JihadHamzi,4574,,2
M_Makusidi,4572,,10
Assab_Eritrea,4570,,8
IzeteAnaalves,4566,,1
jean_maqdisi,4551,,4
MariaTAlves,4551,,1
Ali2musa,4549,,19
josemunar1,4548,,1
z_rouzpaikar,4546,,2
helena_1372,4546,,1
DrNamdar,4546,,1
USFamilyMan,4544,,3
NjorowaNjoroge,4541,,10
Hamza_Ameer8,4532,,2
JohnHol32019188,4524,,5
delhi_dave,4521,,3
hajjd26,4514,,1
HadiHamze6,4513,,7
MelgerTina,4506,,2
horrenghelabi1,4484,,1
victoriadonnac1,4481,,1
EllisonNoko,4474,,1
seyd_mahdi1386n,4466,,7
AlmostfShurief,4464,,6
barbara21174049,4460,,1
Nath67Lic,4454,,1
h_gandomkar,4453,,18
XaviPortales,4452,,3
MaxKingsleyEh,4452,,2
dokhte_irane57,4444,,1
Dr_MM_Tadayon,4443,,9
nkwyy49813,4431,,6
susanabotar,4429,,9
rorofofo151,4424,,1
Armvguedon,4422,,9
NarinderBassi3,4414,,2
mattdberk,4413,,1
artavil110,4411,,5
aboo_abes,4411,,1
Prakash_Dassc,4407,,4
MOKONETOPOLA,4402,,2
JustAJerseyGir2,4397,,1
Citizen_IQ,4394,,6
CommentsOnly,4390,,2
Aboammar20204,4386,,16
rnamdari,4384,,3
CG6300161976744,4377,,1
gianluca826,4374,,3
heismakeba,4371,,1
IsraelNews23,4367,,7
joerobertson,4364,,2
MotimeleThabo,4362,,6
Arcndege,4361,,1
gVLY0Q148Nsmh84,4353,,5
saeednoormoham2,4351,,1
JohnRad15,4349,,1
0xY10_,4347,,1
shaistasalam1,4344,,11
farhadbakhtiary,4344,,1
IraninLahore,4343,,14
steveirons,4340,,2
sleekzin,4329,,2
HoseinNateghi24,4320,,1
_Aminga,4309,,1
SEKoohzad,4306,,13
MAGAGrandm95633,4306,,2
faizaumar,4302,,3
AmirChizari,4298,,6
sarapezeshki62,4294,,2
Mosthafavi,4294,,1
sangdovini_ir,4292,,12
H_kebsi1,4290,,2
LJLMD,4287,,1
mortazavi,4286,,18
DVanHook822,4285,,1
ramsthoughts,4278,,1
cocchi2a,4275,,1
BethCharleston,4271,,1
syed2404,4269,,1
Roellchen2011,4262,,1
bolandnazar333,4260,,1
maryam_rezaeiii,4258,,3
faezeh_salimi80,4256,,1
PazhuhandeErfan,4256,,9
yanvonzeebroeck,4255,,11
shahedbaniasadi,4246,,1
zeinabm62,4239,,5
6xcigsw3oaNe3Dy,4239,,1
fatima_zarei1,4235,,1
montse_villoldo,4231,,1
JoeyGomezSantos,4228,,12
Lycurgus65,4226,,9
SerefTrk58,4222,,6
UnplugTheEmpire,4217,,3
saouatt,4215,,1
amyd872001,4215,,4
SerbezV,4214,,2
mosemogeni,4211,,2
SHBokhari13,4209,,1
Charles68431225,4209,,2
PMLNStrategist,4208,,1
IRANinBiH,4199,,7
BiGpUssssY,4199,,10
notronmexicuh,4194,,2
_simplyoasis,4168,,2
illi4141,4167,,10
urdanetazulmag1,4165,,1
New_ManNow,4161,,7
mrr_koko,4159,,1
ELKAMEL_,4156,,1
gregalmonte_,4152,,1
Taltool11,4152,,1
Lajbaz2233,4149,,1
sara_yazdy,4147,,1
Heshambasuoni,4144,,1
Dr_KayvanSaedy,4135,,18
experimentalis,4133,,2
MohebAli632,4131,,1
farzandekaaveh,4130,,7
gandombanoooo,4127,,2
JW_Shaikh,4127,,1
BamwineAmon,4116,,5
ochreblue,4110,,1
IRANinBRUNEI,4108,,8
mahya_a17,4098,,3
Wendy94669657,4098,,7
CDjerbal,4098,,5
ho_jafarzadeh,4093,,3
ElinaOliva,4091,,14
hk_nik,4088,,1
KurumiSensei_Jp,4086,,1
malihe_rose,4084,,1
Frearca,4080,,1
THEGENESISTUBE,4079,,5
oralardan,4077,,2
sadat_as1,4076,,8
don_vulpine,4075,,4
tailssouth,4074,,1
hoseinrafieii,4074,,5
emmoshah,4074,,1
hassanabdirahm8,4071,,1
c7jil,4067,,2
krause53391,4066,,5
ShafiqueQasim,4065,,12
AKAMUSHAMBA,4054,,4
HSamawat,4052,,2
Bunyaemin,4050,,3
Bentolhoda6150,4050,,12
JuAntonioOK,4049,,1
Tubi_81,4048,,2
eobrucee,4040,,1
ellen_coyle,4039,,1
SnoopyLima13,4031,,5
SASHAVGBOT3,4027,,1
hassanatashafr3,4023,,1
MirraSara1,4019,,4
srk908,4018,,1
ganiyumar,4016,,1
IvanBuchanJanus,4013,,1
khoshnevisan20,4010,,1
REDDEAD_uzi,4010,,1
RajaArsalanKhan,4007,,3
danesh_morteza,4005,,1
MashhadiMiss,4002,,1
Mr_Mohajerr,4001,,3
KwekuAdoboli,3988,,1
hazrate_kia,3984,,1
GulrizSen,3981,,3
ArianParsIrani,3978,,2
alive1313,3976,,1
Ikissdalife,3974,,4
MarwaNasha99112,3968,,3
kipkoech_R,3967,,4
raymonddelauney,3966,,10
del_neviss,3959,,1
astronglady,3955,,1
Shahzadslem,3948,,1
CraigJo37661463,3940,,3
Shaha_Alom_MH,3937,,3
tylermacro10,3935,,1
amitabhprevi,3935,,6
AkimAlo101,3935,,1
big_klaw,3934,,2
Ryan_Bohl,3933,,3
I_M_A_Trader,3932,,1
edris_vahdat666,3926,,13
IMgoodyz,3926,,1
h_a_sn,3921,,1
Iam_VillageBoy,3921,,4
SondossAlAsaad,3916,,1
SKDitta,3914,,1
Fauter7,3908,,4
Atlas_Times,3900,,2
yarraaa37,3899,,1
angiebabie2009,3898,,1
masoumeh1991gh,3895,,1
MaryHamdy71,3893,,1
houthi_h_i_h_,3892,,2
whereangelsdare,3891,,4
MacJuanma,3890,,8
Rx_Amad,3888,,1
MuratYoldas666,3862,,1
ALIYUMJAJERE,3862,,4
kitsuchitsuchi,3859,,3
HarunaNAbdullah,3847,,5
Kimia451513,3844,,13
Absalom421,3844,,5
tchemtcem,3842,,17
globalstockflsh,3839,,3
LatinReporters,3837,,11
larryhilz,3829,,3
iamOlyfred,3829,,2
omeiza90,3828,,10
Msh1301151,3826,,1
Itskiptoro,3826,,2
janethomson1952,3823,,1
hosseintazeh,3817,,1
resistance7771,3814,,17
Katerina112,3814,,6
neutrondust_,3812,,1
wembe_sita,3808,,2
KanwalZaidi,3807,,1
S_U_Dikko,3805,,2
1070Bir,3805,,1
reg_wds,3804,,1
bjovan3,3799,,1
GreenPaul58,3797,,1
haque_shahidul,3796,,1
AlabbasM2222,3789,,4
nilofar_kaviyan,3781,,1
DiplomaticIns,3773,,1
LegalEzra,3772,,2
nyakahuma8,3768,,1
mdmdn49015232,3768,,4
KingRetweetsL,3765,,2
Anonylyzer13,3764,,7
austexwoman,3762,,1
bevmolx,3752,,4
fly_dog_Andy,3750,,1
Guice54907918,3748,,2
realjahromi,3744,,4
amasood22,3743,,2
AliDezhpour,3742,,5
Abdullahpashte1,3742,,1
NachoValle21,3737,,2
shima84m,3735,,2
alirezapashapo3,3735,,3
Moradian_ir,3727,,11
VickiewWest,3724,,1
FAI_analisis,3721,,2
AhmadReza1417,3721,,3
hamedanian_m,3720,,1
Moh4mmd,3713,,13
Ahmad_khanifar_,3713,,5
zeeshan_shah_dc,3712,,2
mahya56,3707,,1
elvis_minera,3706,,3
vivekdbg2,3705,,1
sultan02011972s,3703,,1
hh__dd40,3702,,13
mis_SUFi_8,3700,,2
GonabadiH,3698,,4
Arianrhod11,3697,,7
Mh8_1384,3694,,2
AhoFrank,3693,,1
salahqashah,3689,,1
FaribaMoradi16,3687,,1
DaniMet1,3686,,3
MichaelPBryant2,3683,,1
Em_BaTsari,3682,,7
51Raha,3681,,2
roohallahj,3679,,2
AZPerspectives,3677,,1
AMMARRezaFati,3676,,7
cjeewa,3671,,12
MarleneFlorkow,3671,,1
aldyn_wjyt,3670,,1
gianlucac1bis,3668,,3
eskandar_Baghbn,3668,,5
bilalmonzer,3668,,2
Electroboy313,3667,,1
unitedguy9,3653,,1
anoncitizenhere,3651,,1
AhmadHusainWar2,3648,,5
SelbagD,3646,,5
saniyatisa,3642,,1
AniR113,3642,,4
scoutstandup,3641,,2
jHoutait,3637,,1
bas_wzyr76,3636,,1
shahendahawary,3631,,9
mhaiderimtiaz,3627,,3
Thanos3421,3627,,1
IsaacMongi,3627,,1
raiya_zak,3625,,1
johnnybridge2,3625,,1
AnnaCCallahan,3625,,7
jack_sprat74,3623,,1
Jhohel1,3623,,3
HugoSenart,3621,,17
BBC_WorId,3619,,8
alexabreo22,3617,,1
MitraJelodari1,3616,,1
AlecsGlez,3614,,5
Chickenpe11ets,3612,,2
SunilKumarAus,3611,,8
real_ag7,3603,,2
notintrestedb,3599,,14
halehesmaili,3596,,4
MuhammadAalija1,3595,,1
Ya_zahra90,3592,,4
melanie_needham,3589,,1
BulletBear13,3577,,2
h_alaswad1,3574,,1
ArnoutPauwels,3571,,1
Jrao95,3570,,1
SerendipitySays,3569,,1
Manishmenna,3564,,1
sabengel4,3561,,9
SChenHayes,3561,,14
Cangrejito72,3559,,3
akhtar978,3552,,4
cruzhq058,3550,,2
mashroteh_khah,3545,,10
isam989,3545,,3
BellaFalasteen,3543,,2
YaotlAltan,3539,,1
Miladbagheri_ir,3538,,1
DNArigged,3536,,2
CamposIco,3532,,1
eminisym,3530,,1
IBRAHIM39574256,3530,,1
Byron__3,3528,,3
mydy_ahmd,3524,,1
Swarthy_Bastard,3523,,1
nadia_hamdan64,3512,,3
LACryptoDoctor,3505,,11
simbalkh,3504,,8
anthonygrogers,3504,,1
amb_k221,3504,,1
sangarban_m,3503,,4
LorraineHarvey_,3494,,2
ShreoshiB,3488,,8
Irandost8,3487,,5
oyuncak_dunya_,3486,,1
filizka4,3486,,18
brownpundit,3486,,1
MimiNiMwafrika,3485,,1
Jbp55638373,3485,,1
heydari1398,3484,,5
97yvrkTdXM5RblF,3484,,1
lorcaat,3483,,3
Vendetta_110,3480,,1
ShamaAh88661370,3477,,1
haseebrzv,3475,,2
vraiRwandais,3473,,11
AdrianNCF,3473,,1
jad_bitar64,3472,,2
ciscozappa,3472,,3
ziasayzz,3468,,1
Kh9syl,3465,,2
IranCroatia,3465,,5
hommeebene1998,3464,,1
SubhasSadhu4,3459,,1
usmanzafar58,3453,,1
Mina2067,3453,,2
Paul33946932645,3451,,14
RosanneMil3145,3449,,13
jmrioboiler,3448,,1
salarii70,3446,,5
Majed10001011,3445,,4
ChubbyRoots,3444,,7
el_abejita,3443,,1
TheTribeOfTruth,3441,,4
h_ghaempanah_ir,3439,,4
beman__baman,3439,,2
aam9294402,3439,,3
6140POEM,3439,,14
Amirkurd1386,3438,,8
AhmaadMakama,3438,,18
AliRazaSays_,3429,,3
myyyraa,3427,,1
david_fairn,3427,,1
omwonyole,3425,,1
outtatime200028,3422,,3
SaeedEN02,3420,,2
manullinas,3418,,3
dkhtrgil,3416,,2
TheFlying_Goat,3409,,2
Petanicacing,3407,,6
OL_Spirit,3404,,2
HusainAliDawood,3403,,2
Darker_air,3402,,1
CanadianMuslims,3402,,2
Talib_voice,3399,,2
rsdaroga,3397,,1
ArcherHarper6,3396,,2
noiranwarorg,3392,,1
shana2727,3390,,2
JoyceOnstad,3390,,2
munenemberia,3389,,1
alsino_,3389,,1
TonyMar68854421,3386,,1
iboadel,3384,,3
Cosmonautzzzx,3384,,1
syd_aby,3383,,1
GeorgievSony,3383,,3
Thercy_,3377,,1
AliKa_213,3377,,1
urbinaoscar,3375,,2
agha_sadegh_110,3375,,2
DuraMauricia,3374,,1
hanzalabeirut,3367,,1
alireza_r315,3367,,4
davidwjohns1111,3366,,3
shcutter,3365,,1
glyphodend,3361,,5
Henrysimonumar,3358,,1
sukaina_ali,3356,,1
Lonlyblue0813,3356,,1
ayat530,3349,,1
SarahhFadel18,3349,,1
ChericHaji,3346,,1
caciquecaonao,3345,,1
AhmadJaafaru,3345,,6
marinavanzyl,3342,,1
wendzedin,3340,,3
MansourNmi,3338,,1
saeede_nia,3336,,1
rizikaoikonomik,3334,,4
___Noah_F,3334,,1
ToobaOkhravi,3334,,11
Q1rewq,3332,,1
RFetrati,3329,,2
JeSuis4Peace,3329,,4
bigboy_63,3326,,2
jahangiri56,3324,,2
mrsgolbano,3316,,1
Farqinhr,3313,,9
LexieVillanelle,3312,,1
zvir14,3304,,1
mohamadzade1995,3300,,1
mhelena1313,3295,,1
longitude0,3294,,1
im_mahbobeh,3293,,2
EDF48857369,3292,,1
GeorgeLuvala,3290,,1
riyazulkhaliq,3289,,1
SouzaBenedict,3288,,2
YUSUF_OLATUNJI7,3286,,1
MaryMil62180561,3286,,1
Hieremias25,3283,,2
hasan_s29,3282,,2
enio_mori,3280,,1
ahmD1ALAMaM,3280,,1
Left_Indy,3280,,1
faxire,3278,,1
BarbaraMayabc,3278,,1
Farouk_FaroukD,3276,,9
free0xSage,3274,,2
PointsNorthe,3270,,1
Khan786Rish,3270,,4
kourouklides,3268,,1
CasaChichi,3266,,6
neric16,3264,,2
TheEvilGenius3,3262,,1
Laughterrr_,3261,,1
Catherine022877,3259,,3
abhic4ever,3258,,1
TheRealTci,3258,,1
dominicxowino,3257,,3
GregLBean,3256,,1
Hussainpk15,3254,,1
hajiaba_,3253,,2
Qatab10,3253,,2
azade_mardanii,3251,,1
michelle_ogno,3250,,3
Florantine11,3250,,1
BilalHashmig125,3246,,11
cd4_hr,3244,,3
American4plstin,3242,,1
Fateme_srb,3239,,1
McIslamofobia,3238,,8
r_e_m1,3235,,3
l_taghipour,3235,,2
xenosstinkriti2,3233,,10
SahrukQURESHI14,3232,,2
MahmoodyAli,3228,,1
onderaslan38,3227,,1
OpenlyClassist,3227,,1
InfoKatsaros,3225,,4
_Indus_,3224,,2
mostafahamedi_y,3223,,4
Sadalmelik19,3223,,1
abdallhgcz307,3222,,1
VermilViathan,3220,,3
mllsos7,3217,,1
dadgahemonafegh,3217,,2
rainebyoona1,3216,,1
afropessimistic,3211,,1
DavidRobie,3211,,1
DonMichael13_,3209,,1
o7NmSCkvBBmGLKm,3205,,1
lokiloptr154668,3199,,1
T3chniq_,3196,,6
CountLuchino,3194,,1
imelda_mairead,3193,,1
DrIftilharR,3193,,8
Horn_Esquire,3189,,2
marypgkeating,3186,,2
fizzymo_,3186,,5
DallasLeftie,3183,,1
DASKAVI,3183,,10
_guilleonidas,3181,,2
JusticeAb24,3177,,4
151515icigo,3174,,8
5C5CX,3168,,1
gavev,3165,,1
adlyzulkefly,3163,,1
shamxeed05,3161,,3
bioAitech,3161,,1
gnitnaZ,3158,,2
Heathersh1Bruce,3155,,1
lorestani_mo,3153,,1
AseelAlFakhry,3150,,2
siKeTv_,3146,,1
earthygirl011,3137,,7
molesteeth,3134,,1
alarzprince,3134,,1
Chris_P_GR,3134,,1
ghadamyari_ir,3132,,1
rojoChilean,3130,,1
Sir_Benzene,3127,,1
Mss__Raiyah,3125,,2
chavoshan_ir,3123,,6
abegabe701,3123,,1
Syedtarananaqvi,3112,,1
MehrdadChegin,3112,,1
AlharebDr,3108,,2
Aida2791,3107,,2
WQAORiYm9oBw5vR,3106,,1
TrainWreck1766,3103,,1
227Juliana,3102,,2
MaraHelenaAssi1,3101,,1
allanfold,3099,,4
omargdraws,3096,,2
bothrapawan53,3096,,1
120WeirdAvenue,3096,,1
J_Rezazadeh,3092,,5
arcdini,3091,,1
A_A_j313,3090,,1
THAT_resistGUY,3087,,1
professor_766,3084,,9
wiesiede,3083,,2
msianputeri,3083,,4
FereshtehSaemi,3083,,1
CeReKala,3082,,1
iknowWassup,3081,,1
Yasthetwit,3081,,1
Shelomohkeita,3081,,2
GASirianni,3077,,11
abuishak991,3076,,1
txemasg,3075,,6
smzamie,3073,,1
hoda_b_z,3071,,1
Lehlohonolo_13,3071,,2
sajadkhadem1,3069,,2
zeynabazari,3067,,1
asraaddvuux,3065,,1
amou_h2,3065,,1
IntropaJacques,3065,,1
txuriya,3064,,1
AlfakihMotea,3063,,1
MweneMuganga,3061,,1
abu__moataz,3058,,11
luiscarlosrl,3056,,3
Caspian713,3055,,1
DanFmTo,3051,,1
floskinborkkum1,3047,,1
Maxy_Plato,3042,,1
CuriumGray,3040,,13
hanifleylabi,3037,,2
NicolasMalavida,3033,,3
rtebizo,3032,,1
dmatkins137,3032,,1
bamwine_adams,3028,,1
Ron_Da_Don_II,3028,,1
Moh_ALazi,3028,,1
McArthurhustle,3028,,5
AL_HASANi4,3028,,3
soltaninezhad20,3027,,3
ll_Mersad_ll,3026,,1
Pollydoodle1,3026,,1
Manjina_Hani,3026,,1
_zulfukar_2,3025,,1
AliRamji2,3025,,2
EbruBasa,3023,,1
djsmallchange,3018,,1
RH19962,3016,,1
Mehdi_56m,3016,,6
World_War718,3015,,4
jo_nordic,3013,,2
a_mitgrover,3012,,1
fcabravo,3011,,3
Sam45moh,3009,,1
ziazamany,3007,,3
chuckcorbin,3005,,1
RahaDarSokoot,3004,,6
funkywitch1982,3002,,1
Male2026,3001,,1
Lastfaul,3000,,8
RahehalTV,2998,,1
hectoralvareza1,2995,,2
baranbahari3254,2995,,3
lvictorfaulkner,2993,,1
seyyed_relax,2990,,8
leftfielder,2986,,1
GiusAcconcia,2985,,4
ahmad_sayeem,2982,,2
Marpassion,2981,,1
renewableworks,2979,,4
mutugikaburu93,2979,,1
Vadebaggers,2976,,4
JamalGurhan,2976,,1
tabish_abass,2973,,2
ninatankina,2970,,1
Ali_N_12313,2966,,1
nishant_nihar,2960,,2
fatemekhanoom12,2960,,2
HalFurman,2960,,1
your_bhupesh,2959,,1
lulua_b,2957,,1
PoirotKr,2955,,1
DestiGrace1,2954,,1
MHDR_1,2953,,2
IraninAlgeria,2953,,1
Mma3h1bMoo5T9Lk,2952,,1
sajediRonak,2950,,6
zahra2533,2946,,1
savas_k14,2946,,1
Rahil__68,2946,,1
AhmadAhmadi1997,2946,,1
AtefehKhanoom,2943,,17
kenan101138,2942,,4
Long_Archer,2941,,2
AdnanhussainAD,2941,,1
MMursalin11,2939,,1
ishaq15075,2936,,1
gauagg,2932,,1
studio_1357,2931,,1
Mobin3232,2929,,19
reihane_asgari,2928,,6
LeylaNarimani,2922,,3
JessesLaw,2922,,1
MuhammadDehdari,2919,,12
Farz_Zaad,2918,,11
mhsn_hooshmand,2915,,2
NBI2345,2915,,3
pinkpaisley3,2914,,1
majorBILLYB,2914,,7
daoudmiakhel,2913,,1
Zakieabdolahi44,2913,,1
Mzee_kubwa,2909,,1
mosisyellow,2908,,3
RangaSiyaar1,2908,,7
PerseusAryamehr,2907,,1
Msee_flaniKe,2907,,9
IRANinERBIL,2905,,1
EBRAHIM_KHOOBAN,2904,,3
NanoSpacecrafts,2903,,1
H_adi998,2903,,1
Samira27040081,2902,,8
MeetJoeBlack63,2902,,1
PapiiKennyy7,2901,,1
elijah_abebe,2899,,4
BjGilger,2897,,1
Newrawriot,2894,,1
Javed09628124,2891,,2
iamBarnet,2888,,5
SA3EEDnet,2887,,1
polarbear_2017,2884,,4
dhalfgar,2884,,1
harsh8848,2882,,1
dawven_145,2879,,1
MataHarikka,2876,,5
PauletteAlt,2875,,1
elzebrauu,2874,,1
AjitNagrgoje,2874,,6
Abo_Amaar17,2873,,1
BissaneTarraf,2871,,1
abooqanas,2868,,1
alhakem2000999,2866,,1
ProfessorDNA,2866,,1
RezaSoleimany75,2865,,19
cmohamadou1,2863,,1
etoileluna77,2862,,1
elchusdegranada,2862,,2
NdSolanki,2861,,1
shipa123,2859,,17
noir_rex,2859,,1
deepmpolar,2858,,14
Magnificent_98,2858,,2
Psalmuel220,2857,,16
bdyl3938,2856,,2
Jeremymari36773,2855,,2
mazd34772,2851,,1
shaylin1400,2850,,1
chdkidaizy,2849,,1
rougarouaroo,2846,,3
AsclepiasSyrica,2846,,3
DublinIran,2845,,2
ConflictW95,2843,,1
phelanm,2841,,1
Zahra_18_shz,2841,,1
mohammad1078614,2840,,9
WhoIsMahdi51214,2840,,3
AvandBabak,2834,,2
fta_aljwf,2833,,4
cherry_c_c_c_,2833,,10
Sefuelix,2832,,1
jeremiah5244,2830,,1
InterstellarG0,2828,,3
Jeszczebardziej,2827,,7
hossein77dev,2826,,7
eta_habyb,2826,,2
haydaroruc,2825,,1
zahrae12016,2824,,2
horiguchikesazo,2823,,5
LunaBot1,2821,,1
Dappy_52,2820,,1
ibnyahya43,2819,,6
amirmahdi_ms,2816,,1
MinenhleMlambo7,2814,,11
JibMonkey,2814,,1
teh_mahdiyeh,2813,,3
Mohamma14289992,2813,,1
SallyMo70506324,2809,,5
justicieropopul,2801,,2
Masekela38,2799,,2
abdul1685,2798,,6
_mastito,2798,,3
Beanz_on_Taoist,2796,,3
BadaliSabi6872,2791,,7
fatmh05777226,2790,,1
DarkCigars,2790,,1
thembile_hlati,2789,,1
militarymf420,2789,,1
evilfarmer_,2788,,1
leon_ulises,2785,,1
wtk0315,2783,,1
Simacoder,2782,,2
m_shad55_4,2780,,1
yellowbeppe,2779,,3
meAboiii,2779,,2
Nima12121,2778,,1
khorshide_s,2776,,1
Spread_Bet,2775,,1
gordonschuecker,2772,,1
ark_610,2768,,1
Thokoza88288017,2768,,1
MurattSaribas,2768,,1
nazilafathi,2766,,1
mhmohtasham,2766,,4
khatere5353,2766,,2
BeautyvogueWBg,2761,,1
lizzetlis,2760,,1
karimmyles,2758,,1
mah242456,2757,,2
bmolinaicortes,2751,,1
mamal38764890,2749,,1
TommyMofo19,2748,,1
nnnn78656,2746,,2
IsidroRodes,2746,,1
HopeBegley,2746,,1
vafaesfahani,2745,,3
thefishermon,2741,,1
SimoneR88717010,2741,,1
blckminos,2739,,1
smith6times,2737,,1
Fawad__Ahmed,2734,,1
zeynab_banoo313,2733,,12
mars_mad69,2729,,1
ZydLky,2720,,1
EMBIRAN_ECUADOR,2718,,1
LaurenceMoussi3,2713,,3
Lydia_Canaan,2710,,2
Fzsmhhag10,2707,,1
MaywaMontenegro,2706,,5
WordofthePlay,2705,,1
hannahumming,2704,,1
haidarbcr,2702,,1
Ih8imperialism,2702,,19
mayasdreams,2701,,4
cv148,2700,,7
jad_ramadan2099,2698,,1
ARetardation99,2698,,8
IamMayaSharma,2697,,5
ciao8eIIa,2696,,1
Pinkman3119711,2696,,4
dennis_chris6,2695,,3
HumanSelection,2695,,1
Non_of_Sense,2691,,1
smelmi,2690,,5
SelinaGreaves21,2690,,17
bitlissli,2689,,6
HsamyNrgs55470,2689,,1
MhmdHolmes,2686,,2
AztecPride__,2685,,5
Canadian_OSINT,2684,,5
Iran_hashtags,2679,,1
EshaghiFarideh,2679,,3
DFBbear,2679,,8
rynh245752,2672,,1
RujaalCitizen,2672,,1
moy20230,2669,,2
alirezakey1,2669,,2
VazquezSonne4,2664,,3
MsMartha15,2664,,1
najla_babaei,2661,,1
KCastigada,2661,,2
iamtoptee,2660,,1
wardiamonds,2659,,1
P0liticalscienc,2659,,8
GordonDalgleish,2658,,8
cartermillz,2655,,2
_Ian__Brown_,2655,,1
Tech_Baddo,2652,,2
senior_panahi,2651,,1
julesbeton,2650,,1
joybarmarefat,2650,,1
caroleevans,2650,,1
PaulaHemlock,2649,,4
frzaneh_a,2648,,3
PanicoEspectral,2645,,4
Siyasi01,2644,,11
sblack505,2643,,1
AROLE_PeterObi,2643,,2
emina_c,2639,,6
BaselArafa27506,2639,,1
A_shahsavar1369,2638,,1
zeynabbahmani,2636,,5
ZahraShams38434,2636,,10
Skyebright8,2636,,5
AhmedYaminn,2631,,1
richard9841,2628,,1
mrzshokouhifard,2627,,3
igbomalam,2625,,1
saadiali62,2618,,1
naa_omid,2616,,6
PabloEustaquio,2616,,16
wwishuwerehere,2614,,10
show_pappy,2614,,11
Omani70s,2612,,2
DasDaTruth,2608,,4
SimonFromFlori2,2604,,2
tomaruseiya,2603,,2
Dzokavaac,2603,,1
aboahmed735733,2602,,8
danmike1,2601,,2
info_kvaluation,2600,,2
muzeyyennbyk,2598,,3
BILLIE_ISIOLO,2598,,1
Collinskemey,2596,,1
fulplan,2595,,1
pipp100,2594,,1
ElstonGunn87,2594,,1
patrioticjamal,2593,,5
kedabakis,2593,,3
chaseawinter,2591,,2
smerkinkones,2589,,3
UbuntuForever,2587,,1
mahsaabano,2586,,1
AashishpAtyaL,2583,,1
IWantToBeSam2,2582,,1
adh_wdh45598,2580,,2
M_ghanbariha,2580,,6
aniscinerd,2578,,7
ChristinaSFLaw,2572,,2
wilding_gyres,2571,,1
logmein22,2571,,1
pmbiran,2569,,1
SaveUK25,2569,,1
BonieGee,2568,,5
car16794,2566,,1
JohnMcC61971366,2566,,1
majidkhanbakhsh,2563,,1
mayerdebra13,2562,,1
mobeenshafaat,2561,,1
IamMoone94,2560,,1
hamidr2122,2559,,3
TraceyW1970,2559,,1
Nina46079517,2559,,1
ayejackaye,2558,,2
mikky7212,2556,,2
Delara1969292,2556,,7
AdversusJudaeos,2556,,2
RrRjrobinson9,2554,,1
Zakhmeh12,2551,,1
ShattaRonaldo,2551,,4
MasumiT17,2551,,3
AnrFernandom,2548,,7
Paul_Exotics,2547,,2
nayebsadegh,2544,,8
azamofu1230,2544,,15
davedurringo22,2543,,1
76ozturk,2540,,3
Mahdibagheri63,2539,,2
mothDOOMtongue,2538,,2
curiositymata,2538,,1
HudaAlazawi4,2538,,1
hashd202,2537,,1
__R2R2__,2537,,3
juanfel5585,2536,,2
RHJOfficial,2533,,1
bn_yhy55715,2531,,1
Sonofearthhh,2530,,4
SkinnyJagger,2530,,1
extremadamenteR,2529,,1
EnviroFra,2527,,2
zaibeeeeeeeee,2526,,1
arwithutarid,2522,,1
1453RecepDnm,2520,,5
window_wor43053,2518,,2
realmubashirOFC,2515,,1
Albkry12948,2515,,1
BNdechez,2512,,1
pickledog47,2511,,1
Hitarth1987,2511,,1
variance_swap,2509,,2
Rebecca21951651,2509,,1
MNaveedahmedd,2508,,1
Nedaye_Iran_,2507,,2
HaiderHaid1428,2507,,5
clanofAlph,2506,,1
DavisKamukyere1,2506,,2
GoVladymir,2505,,6
khokhar_m,2503,,1
cavalierepadano,2503,,1
architect_d,2503,,1
MoeAliN,2502,,2
afkaarsaanj,2498,,1
GeorgeGuyboyd77,2497,,3
sistani_negar,2496,,4
ClarizzJaGa,2496,,1
osvaldohiramoto,2495,,7
akhavan_rabbe,2495,,6
Solosoyotrxtu,2495,,1
not___a__bot,2494,,1
RevMaher,2492,,8
DG21or5,2492,,10
batool736478316,2491,,1
Tesler914,2487,,1
Y8Fwdg,2486,,13
ker_ottis,2478,,1
Themba373,2478,,1
Eglantine99,2477,,1
IRANinDUBAI,2475,,2
Anira_61,2475,,1
repeatwatch,2474,,1
ClemFandango987,2474,,2
MdTaghi,2469,,2
IranView24_Fa,2468,,5
Sticklloyds2,2465,,1
sanjuan2023,2462,,1
raji9919206,2462,,1
maechael1916,2462,,3
mastershah313,2461,,1
TaylorS11264605,2459,,1
MondoARG,2459,,1
Son_of_Swalehe,2457,,1
Act4PalGlobal,2455,,1
AM_LGH,2455,,1
Dr_m_kafi,2453,,1
montazergraph,2451,,1
FatimaMaqdisi,2450,,1
condemntheusa,2449,,1
jlopezbauza,2447,,1
fa_____ni,2447,,1
Sseeji,2446,,8
smartthumb,2445,,1
seyedmahdi13714,2443,,2
arshm90,2443,,14
toadbaiter,2442,,7
Meidas_Steve,2441,,3
M_Fathollahi14,2438,,5
zhrddn,2436,,1
oscar197828,2432,,1
RendleRachael,2432,,6
CrankyReb,2432,,1
chronononono,2431,,1
YellowWaitRed,2430,,3
yildizsml,2427,,1
kassim_98,2427,,1
asemanbarany,2426,,1
GSouverein,2425,,3
PatyMezaC,2424,,1
EriqNyamweya,2424,,1
Abdull_alhamli,2424,,4
AG_Daki,2423,,1
adriana_rojas5,2422,,2
tamene_samuel,2419,,1
Chris_Madome,2419,,1
manchan_free,2417,,5
reza16ra,2415,,2
Godless_Primate,2415,,2
JoeHorton314390,2414,,1
SnBulent,2413,,1
FreeJacobZuma79,2410,,1
ThorstenHild,2407,,6
thegodfatherr01,2406,,1
darabism,2406,,3
Mirooooook,2405,,1
kingbeverly20,2402,,1
artsnoise_,2402,,8
ZeiadAljradey,2402,,3
YasinMowlid,2402,,1
62Romman,2401,,1
DronesMichoacan,2399,,1
thisrosycandy,2398,,1
mirlohi_ir,2398,,1
eeyoresmother,2397,,1
mrahznarges1357,2392,,1
Some_guy342,2392,,2
PratapShishu,2392,,1
timeofaquarius,2391,,1
khksrpr,2389,,1
ahmadsabet6551,2389,,1
zwergie1,2387,,1
Firdausi_Fauzi,2386,,2
Fire_740,2385,,5
Don_Angelo_,2385,,2
tammym2005,2384,,3
VidShankarAiyar,2384,,9
IngJoseAlvarez,2383,,1
AsiimweDicta,2382,,1
hex_init,2381,,3
mjavadbabaee,2379,,1
AlshzbyMnswr,2379,,1
siriavasca,2374,,3
Seyedesadatt2,2374,,1
Atillayy,2372,,1
Ariful08674940,2372,,3
s___m___a___d,2371,,4
NikdelZahr95001,2371,,3
MajeedAlrikabi,2370,,1
IamSamAbraham,2369,,1
NassarNassar75,2368,,1
AskWasimQureshi,2368,,2
MK_srkian,2367,,1
ChinaStocksNews,2365,,1
Nwj__e,2364,,5
Chaudhary_Kausr,2363,,2
MashhadRida,2362,,16
mohdashoor,2360,,2
archimags,2360,,10
tashreef736,2359,,2
westasiapost,2358,,2
hussein_kuhi,2358,,1
gp8yLlddyNykClt,2358,,1
VitaFrancis6,2358,,3
itz_raksy_Mo,2356,,2
googlexrp,2355,,1
BeyazVahdettin,2355,,4
eshraghyazar,2352,,5
KBiocosmetica,2352,,8
Aliikhalil10,2352,,4
waqarwatoo,2351,,8
fatima96256544,2351,,1
fairyofbloom,2351,,1
Zaniar07,2351,,3
hatreake,2350,,3
gokyuzununevi,2347,,1
Fariba_lady,2347,,1
Patritrizia,2344,,1
iukhalil1,2343,,1
TravisJovin,2342,,2
PatrickOppongg1,2341,,7
stopchemtrails,2334,,1
Samane_khojaste,2332,,1
sarahyrrc,2331,,1
iMRNM92,2331,,2
Mashalona22,2331,,1
bader_7740,2328,,2
dr_cusemakyahud,2326,,1
waliiiid341,2324,,4
m_alierdogan,2323,,2
EdwinWycliff,2321,,2
Elhammh1979,2320,,15
CookStevenD,2319,,3
Bas642654743206,2316,,2
hamidnamati,2315,,9
ateia5,2315,,1
AdemolaHOA,2314,,1
zainabsadat_m,2313,,1
higasetsuko,2313,,1
October23G,2313,,6
Ghazi_Tabatabai,2312,,7
Salim00112255,2311,,1
Mehdijahandar52,2310,,1
HereForPrabhas_,2310,,1
SaalisuAhmad,2309,,3
SetsunaFSeiei89,2308,,4
ameershahul,2305,,2
Penforjustice,2305,,3
Hjavid99,2305,,3
EzzedineAlNajar,2305,,1
demicker,2299,,3
arthurjerome247,2299,,10
ASGgars,2297,,1
JorgeMo80252863,2296,,2
sandeepbaliga,2295,,3
AbdulHakam307,2295,,1
Mw2gR,2294,,3
ROsariban44817,2292,,3
Fans_Pak1,2288,,1
elimoman,2287,,1
I_AM_TABREZz,2287,,1
pablohramos13,2285,,2
tarunynorzo,2284,,1
nickyfromcasino,2284,,19
BAlhmzy12303,2284,,1
SOY_UN_CLASICO,2282,,1
farschideh,2281,,3
Mn738299Nn,2279,,4
rafighegomnam0,2277,,2
ArielJaren9821,2277,,5
TomLinn14,2276,,5
JomoRbg,2276,,1
MOrtizBui,2274,,2
Zhre_1221,2273,,1
Raz638303,2273,,2
StefanoAndriano,2272,,1
AliDTwitt,2272,,5
EvaleticiaD,2271,,3
alikaramali110,2269,,12
MirMAli,2269,,1
Khalifah_313,2269,,2
jazzband1179,2268,,6
SGolkari,2266,,1
ivona0007,2265,,3
TunggalWar51509,2263,,1
Protostatis,2263,,1
bahman79271782,2261,,15
ROYAL_ALWARI,2261,,10
a_collinson8,2260,,1
AhmadMfaisal4,2260,,1
were_first,2259,,1
percaleyes,2256,,2
LouiseLee157850,2255,,1
Imaravaldiviaok,2255,,1
Elkana_kip,2255,,1
Dale94550,2255,,2
Age_of_Deceit,2255,,1
samad_khaledi,2253,,1
khavari_4511,2251,,4
Francois_libre,2251,,2
Iran_Tigerll,2250,,1
Anishjacky,2249,,2
asosolbap,2248,,1
soltysik_rob,2247,,2
FlorindosHDP,2247,,2
interist81,2245,,1
alireza_zand_ir,2244,,1
reiwakunichan,2243,,1
Danyorewala,2242,,4
abashamdan26,2240,,2
schroeder_mary7,2239,,1
HuaisiCen,2238,,2
sahragraph65hm,2236,,7
3nkaboot,2236,,3
mitzi4r,2235,,3
mohammadamin63,2234,,5
BanwyF89585,2232,,1
luizsperry,2231,,1
isseJabuute,2231,,2
FabioA,2231,,3
SoroushTams,2230,,4
lindaj5567,2229,,1
ilyesDK13,2229,,20
erfaniiom,2229,,3
_freshB,2229,,1
sikandar_ofc,2227,,1
MOYOUSOP,2227,,1
Saberniko,2226,,2
Norah____h15,2225,,1
toastedavocado2,2223,,9
ShafeeuAli,2223,,1
AlhassnMer,2222,,11
yaraabbass,2221,,1
SkepticScope,2219,,2
vaquerodepapel,2217,,3
lyubimyj_kavkaz,2216,,1
DKLarge2,2215,,2
annette_watson_,2213,,1
kamalhasani5,2212,,2
rzk_ali,2210,,14
basiratammar,2209,,2
williej97827231,2208,,1
moha_amor,2207,,2
fukuda_k23568,2206,,1
Blacklight_21,2206,,1
Ayezee11,2204,,1
RichlyNhaked,2202,,1
hopelessxentric,2201,,1
RobertF23004448,2200,,5
smbeheshtian,2199,,1
S_Padival,2198,,2
zeerowbadman,2195,,1
BeateLandefeld,2194,,1
chaplinscourage,2193,,16
McewenIsabelle,2193,,1
whited_79,2191,,1
rb202220,2191,,1
SpiderTrades,2191,,2
_thisismeeenah,2190,,2
alibeyrani,2189,,3
NawabNiyayesh,2188,,1
Trenter_SKA,2187,,1
MmunirZaman,2187,,1
damisi_kv,2186,,1
ShamsByranvand,2185,,1
Abdulla73064640,2185,,4
Sunnyfunny786,2184,,2
gatewood__,2178,,1
engelmart23,2175,,2
IhoPwaitress74,2175,,1
CintraDora,2174,,3
htomi2009,2173,,1
DaniDebatte,2173,,1
1988Uni,2173,,2
ExtraLabel,2172,,1
abunana007,2169,,1
Gurillaz_313,2167,,4
legendyabour2,2164,,8
wassmrs,2163,,1
hayatbhalwana,2162,,1
khalifaoyin,2161,,2
Pianist_ir,2161,,1
DrSalehQerban,2158,,1
KooroshMorvarid,2157,,3
JBrowsing2023,2156,,1
AsgharKhosravi3,2156,,3
Dadmehr_rezaei,2155,,1
RazzilDarkbrew5,2153,,12
MahdiGarba,2153,,1
Dystopiantics,2152,,1
AzamShaghaghi,2152,,1
passenger2019,2151,,4
alaabdeen_32758,2150,,1
zaibx,2149,,4
fightBackAnon,2148,,14
JawadAbu29,2148,,1
LegalHermit,2146,,16
fghaffarii,2143,,1
SecondbloodH,2143,,1
L_Gale517,2143,,4
FreePalest95214,2143,,1
ghaseda82044726,2141,,1
MansaOfAllGold,2141,,1
mohamed_hany87,2140,,1
Irani22417441,2140,,1
Kwabs72,2138,,12
Amir0sharifi,2132,,15
qSNO4_Samir,2128,,2
cH4T_qU1_V0m1T,2127,,4
amirrazdh,2127,,1
Assoiffe,2127,,5
ilimlevebilimle,2125,,3
charrz__,2125,,2
baranhajbagher,2125,,1
OrwellsRevenge,2125,,1
DIYA_OMAN,2125,,1
nohaSradwan,2124,,7
HrbAbw63486,2123,,1
1976observer,2123,,6
ALI_KHOSH_SIMA,2122,,4
Iamdotun4,2121,,13
babak_negahdari,2116,,1
CanDivine,2116,,2
ali_lotfinia,2115,,1
maryj59,2114,,1
PaleoAutist,2111,,1
Juju_FruitJr71,2111,,3
EngrMSherazi,2111,,2
sumidatomohisa,2110,,1
TaqiSayz,2107,,8
rohankazmi,2106,,1
MushyMelbowHead,2106,,1
mellow_elephant,2105,,2
jbyrneirl,2104,,2
im_Mogambo,2104,,2
Morena_Steppa,2103,,1
sovereignsats,2100,,1
Alberto17837795,2099,,1
sswazi1,2098,,1
andywartrol,2097,,1
roxuzoma,2096,,1
Tyb_dsht1979,2096,,1
iamshk92110,2095,,3
Mr_Mavuso,2095,,4
fhafeez64,2091,,3
badpressrules,2090,,1
Edubudaboss,2090,,1
yalda_12031,2089,,1
phase_3_dream,2089,,1
Hany69462,2089,,5
andrew_deborah8,2088,,1
MullinCorinna,2088,,1
bluecanoelove,2086,,6
hamedthk72,2085,,9
NazifSyed95,2085,,1
MalkAljlal133,2083,,1
robertadam19,2082,,4
Mis_zhr,2082,,1
BobMlazzow,2082,,1
saeedwattoo,2078,,3
malicemagic,2077,,11
JohnLee865658,2076,,2
AngryNana4,2076,,4
BilllHickey,2074,,1
nurtenkurnaz,2073,,1
malikzeeshan896,2073,,16
DeanRichards909,2070,,1
ChilloutVille,2070,,9
ZSAbrahm,2068,,1
lolams768,2063,,1
Satanis43352136,2063,,1
fuad_wasik,2061,,1
1Raynfall,2061,,11
mahinnurabadi,2057,,10
AliRizvi313,2056,,5
supply_facts,2054,,1
AabishAli16,2053,,2
rahimlue_ali,2051,,16
noraabril666,2051,,1
HistoryHoax,2051,,7
TimBurk89339590,2050,,4
hayormikun3,2049,,3
mrally,2048,,6
abdulljalo,2048,,7
M13sheikh,2047,,1
ArsalanH_Khan,2047,,17
this_user15,2046,,1
mary32valdez,2045,,1
Tnvlk,2045,,2
GraArmenia1958,2043,,1
caoimhin28,2042,,3
covid_engineer,2041,,4
abbasasgari27,2040,,2
Noone1119822,2039,,4
93Judge,2035,,4
PAVELZU1,2034,,3
m_jahedbozorgan,2032,,12
InsideChinaView,2032,,1
aOnA9Xraspmpb3j,2031,,8
AlexMalejewicz,2030,,6
schewra,2029,,2
DavariZah,2028,,1
A_t_i__e,2028,,1
syryn716420,2026,,2
oddlots,2026,,2
Mattyfeb37,2023,,4
moh2000md,2021,,2
NewsNetNews,2021,,1
gbgb1214,2019,,1
Realsonu_095,2019,,1
TerryGiant97,2017,,2
alle_me_myself,2016,,7
patty71brooks,2013,,1
AngelaMilanese,2013,,2
khawajayy,2012,,1
comments_007,2012,,2
ToluhadeH,2011,,1
zezo961,2009,,1
siobh_99,2008,,1
r136061,2008,,6
mytruth1_0,2006,,1
WPipperger,2004,,2
farahhossein75,2002,,5
chak_gaav,2001,,8
TABACS9,2001,,2
adeelizm,1999,,10
I_aint_doit,1999,,6
ACSpinner,1998,,2
DebolaAlaka_,1996,,1
AcencionPined,1995,,2
MarkA79275,1994,,1
Akhoondi_ir,1994,,1
Hadi31694821,1992,,1
luzesperanzay,1991,,8
UsodoWiro,1989,,3
kvshspliff,1988,,2
mohd_nazar1,1986,,1
ZillRehmanS,1986,,1
lylywsfy219081,1984,,12
JanSherKhanPTI,1984,,3
NeoDinero,1983,,1
zkria1010,1982,,3
Raoul_NL_,1982,,1
ghampazir,1980,,1
Jude_boudib,1975,,10
ahmed739a,1973,,1
linco10,1970,,2
Sh1451977,1969,,1
anarmodios,1968,,1
AliYaghobi1,1968,,2
Ziton_99,1967,,2
Sh_Mosavi313,1966,,9
CarrieM00721701,1965,,1
DikmenMec,1963,,5
alhndy_samy,1962,,8
SakinaBH29,1961,,1
Giggle_Pufff,1960,,1
Xahibhai,1959,,6
Danrim84,1958,,1
nyambane05brian,1957,,1
mstfsaeedi,1957,,1
MdSakir_,1956,,16
harshcritic1985,1955,,3
NationalReilly,1955,,1
drizzie,1950,,2
mareevento,1949,,1
AnnieLaline,1948,,1
Mojalili900,1947,,1
ArleteKozak,1947,,5
jbryl_7,1946,,2
dal0028751,1944,,6
WWIID7,1944,,2
DissidentScot,1943,,4
molfian13,1942,,3
mesbah135,1942,,3
_o_james_,1942,,1
H_DThaStar,1942,,1
Ali_Abdi_72,1942,,1
moayyedjafri,1941,,1
SelloSaul,1941,,7
kipropkvictor,1940,,1
YAGHI1N,1940,,1
misskhan,1938,,3
Start_WithG,1938,,1
mohmmeddowas,1937,,2
Mohamed96275443,1937,,3
lic09u,1936,,1
PlacideDouam,1936,,2
NikkySo,1936,,4
Seddighehghh1,1934,,1
ricercata1,1932,,1
pattys0033,1932,,2
adityanag2002,1932,,1
adamcchang,1932,,1
Stephen67843639,1931,,1
peaceworld27,1930,,1
lord_curzon,1930,,3
kaisoKG,1930,,2
mansor_1381,1929,,1
ISMAELSAHARA,1928,,3
3milioG,1928,,1
hashim203040,1927,,3
Dash_Mehti,1926,,2
Noyboo1,1924,,1
kkvrindhavan,1923,,2
ManuelFafian,1923,,2
iloveparadise_,1922,,2
AliSame145,1922,,2
_ajit8_,1921,,1
WaleedTariq89,1921,,1
collinsMANGO,1919,,1
z_akcess1,1918,,2
Mohamme62720195,1918,,1
Littlesparrow9,1918,,1
Bert_HappyDog,1918,,1
abbasmirshkari,1917,,1
AhmedAddawlah,1917,,1
sajjad_porse,1916,,1
yafunyafun,1914,,1
twitrsukzbigly,1914,,1
djtomhanks,1914,,1
maryanadiab_,1913,,1
Tinemar4,1913,,1
nzarei72,1911,,4
Momudin_Popuut,1911,,1
unique_fella,1910,,1
Anonymostw,1910,,5
EduSVQ1917,1909,,2
47whitebuffalo,1909,,2
Adan06773354,1908,,1
Ya_Mahdi_313A,1907,,1
JaguarOfficial1,1907,,1
ibarracynthia6,1906,,1
bakhtiarmuhamm,1906,,4
agtprpnabsrdty,1905,,4
Every_TechTrend,1905,,1
VonLudowika,1903,,5
KadarDabeco,1903,,1
Amaniiied,1902,,1
teresakeenan14,1899,,2
okuneddie,1898,,1
brucelharper,1897,,1
faizanbinfazal,1896,,1
ThinkInError,1896,,1
JenniferAshwor4,1896,,1
sjd1830532,1895,,3
mido_uiux,1895,,11
DanasMuse1,1893,,1
Jesuislibis,1892,,1
najwa07130720,1891,,2
chico_mirza,1891,,1
xRambro,1890,,3
Shakir_BW,1890,,1
jckthesword,1889,,3
DenyThemEssence,1889,,3
adv_babarsafdar,1886,,7
jmalgas,1885,,6
rodriguezcheri,1883,,2
RobynsonJ,1883,,6
LtsFlwr70,1882,,1
mohsinAPML1,1880,,4
mahammadgi,1880,,1
MakerWaddles,1880,,8
mymalnakeeb,1879,,6
OriginsD,1878,,1
mofa_2002,1876,,3
MidasNudge,1876,,1
Endless66265605,1876,,2
sakinesadatpaad,1874,,1
yukeleon,1873,,1
Sfaisalofficial,1872,,2
KadirOfficial29,1872,,8
HumbertReincide,1869,,2
HabibAhnaf9784,1869,,5
hsihsiuling,1868,,1
SaluhuL1956,1868,,1
MSMscarecrow,1867,,4
Oldbag12345,1866,,9
weareafreeworld,1864,,1
moemortada,1864,,1
helenli49622013,1863,,1
Peter_the_Czech,1863,,1
Catlady4Ukraine,1863,,1
rubinahamid26,1862,,1
mitajuku,1862,,1
fouadahmedq,1859,,1
fahimehnojoki,1859,,1
ahmad_zakariii,1859,,1
OnlyRealJohanna,1859,,3
fnicencool,1858,,4
mcc43_,1856,,1
t_iliyas,1855,,1
nsndb3v,1853,,3
khanoommhajiii,1853,,1
joseplata1958,1852,,3
NGolane24176,1852,,2
HussainZahid723,1851,,6
Biharyouth786,1851,,3
MikeDow88887,1849,,1
GhawrC49382,1848,,1
sajjadalshabib,1847,,1
masi_mim,1847,,2
eiliad_b,1847,,2
desabahh,1847,,1
SallyStorm12,1847,,1
JnrMarcopolo,1847,,2
15Reza50,1847,,2
redallover99,1845,,4
chemax7,1845,,1
vikkink,1844,,1
rigian59,1844,,2
osman_diamond,1844,,1
OAlhfarouk,1843,,1
colrichreynolds,1842,,1
Amlas_Rihga,1841,,4
Modiibbo_Ahmad,1839,,8
Fatemeeng,1839,,1
shisa255,1838,,1
it_sceptic,1837,,1
ilia98141479,1837,,1
elissa_hachem,1837,,1
PrettyCGLL,1837,,2
AbolfazlAghamir,1837,,3
melagranam38362,1833,,3
AlfaDiallo98,1833,,3
shmsan_almlk,1832,,2
ComradeHector2,1832,,9
FisalAli364546,1831,,2
AnitaMontanaro,1831,,1
spensir1,1829,,1
singgenberg,1829,,1
gholami_farzane,1829,,1
GregPriddy1,1829,,1
chrispraise15,1826,,1
AlohaEvery1,1826,,13
SadiqAkanmu,1825,,1
NewsandViews11,1825,,2
samarfactor,1824,,2
emekachris101,1824,,2
NaserNa80045967,1823,,1
Kosar98ia,1822,,1
Aneeesaaah,1821,,1
farzluscious,1820,,2
islamieksen,1819,,2
indrayam,1819,,1
baderaldain,1818,,2
Hashtag8ta,1818,,4
Supertazzman,1817,,1
mariaredondo18,1816,,1
PalstineMyHeart,1815,,14
Onchana01,1815,,1
JeckDumai,1815,,1
ZSabzi,1814,,3
IHyw1T1DNL9sSjE,1813,,1
pickwickpick,1812,,2
ahmdy_sman68518,1812,,1
zanjabilly,1810,,1
thecoolmauri,1808,,1
obeid_zainab,1808,,1
aainomugishaa,1808,,2
mehdiiaq,1807,,4
Sem1990sem,1806,,1
Dr_kaoje,1805,,1
soulcarousel,1804,,1
mwn975741989471,1804,,1
mahlia_lone,1803,,1
RipusudanSriva2,1803,,1
shahnawaaztwit,1802,,1
Moh0144461,1801,,5
MrExynus,1800,,1
D_ArraZ,1800,,1
73kabus,1800,,1
hasm3095,1799,,1
couliba28949285,1799,,1
choclateprinc,1799,,2
MamaneReza,1799,,1
zahra_eb71,1798,,4
y9hGEOrzpKAd9RJ,1798,,2
almdar49,1797,,8
Jodhpuri_tweet,1796,,16
ChaupalBihari,1796,,1
Almamari008800,1796,,2
markphilo,1795,,1
Im_Ameer_Abbas,1795,,1
GNEOLU146743,1795,,5
saradaliri2,1793,,1
mrmehrizi,1793,,1
denizster,1793,,3
LucasTheFlow,1793,,1
HassanDeedaur,1793,,2
BillNyeBong,1792,,6
MazahirShigri,1791,,1
Ahmedshimaz3,1791,,6
KrAtheistPerson,1790,,11
Aryan8208,1790,,3
snjfry623575942,1789,,1
VictorAfol21738,1788,,1
shybuzo,1787,,1
Ricardo05799019,1786,,1
AhdiyeAsghari,1786,,1
SergioB24978158,1785,,1
Nazresistance,1785,,1
MrAbdullahMalik,1785,,1
maman_Gol,1784,,4
WillemsenRein,1783,,1
mohamma75411309,1782,,1
maryam_shavandi,1781,,1
KiburetDennis,1781,,2
Aijazaliaz,1781,,1
AnthonyBrink_SA,1779,,6
proizq,1778,,3
autono6991,1778,,1
aslanielahe2,1778,,1
GoleYas134930,1775,,5
AnjuChandel,1775,,9
MarchVeryOwn4,1774,,1
sarinarasouli,1773,,1
alahm2025,1773,,1
Grosty10,1773,,5
themayrose,1771,,1
shelostcontro1,1771,,1
Mojtaba_akbarie,1771,,1
haringeypals,1770,,1
TimesNiger,1769,,1
DaenerysProPal,1769,,1
sach12345678901,1768,,1
LiiSparrow,1768,,8
saluspopuliorg,1767,,1
sahafanet,1767,,1
Shiva72942780,1766,,2
Alighamkhar2,1766,,1
bahari_218,1765,,1
ravenmargo1,1764,,1
jenlov247,1764,,1
dekho1000,1763,,8
Poesia_y_Versos,1763,,1
Mohammed2022xpt,1763,,1
_youknowwho_07,1761,,1
HSsiraj3,1761,,1
piyasadefteri,1760,,3
hon_ibrahiim,1760,,1
AmyChantal76432,1759,,5
Rally4Gaza,1758,,2
HakawatiSunbird,1757,,3
Adil_D80,1757,,2
ZakiAkhter,1755,,1
Slimpitt,1751,,1
golbarg345,1750,,1
OTR444,1750,,4
lakp0shtsabz,1748,,1
jifuture,1748,,3
CK88X,1748,,3
Fahrizallee,1745,,1
azraeel67203,1744,,3
Anahita_mnz,1744,,2
alisaadabaas313,1743,,1
Ainurfh,1743,,1
JianliSui,1742,,1
AnshumanSBaghel,1742,,5
zhraaaa314,1741,,1
dbates589,1741,,1
Almuosavi_hq,1741,,6
stunnatiff,1740,,1
shahidc69,1740,,3
ashrafallie2918,1740,,2
akaromaeda,1740,,2
YaadMekI,1740,,1
mayuge0728,1739,,9
RezRezart,1737,,1
ramprai,1734,,6
najim55452738,1734,,1
Enrikr,1734,,1
BdNeWsKh8nKCN64,1734,,1
Birzd,1732,,1
28Fatem,1732,,6
AmaliaBanuelos,1731,,1
salambarmovla,1730,,4
nabardgah_zehn,1730,,1
kezinshen,1730,,1
bluecatag,1730,,1
BenjaminAmuri,1728,,3
RajaAsadullah,1727,,1
KiddoBea70,1727,,5
zsyd1096,1726,,12
chessbollah,1726,,3
MaryDug64709475,1726,,1
ahmad__u_,1725,,1
Drnajam12,1725,,7
Rd_Irani,1724,,1
hamdullah_b,1723,,1
factpress_ir,1722,,1
alamri77070,1722,,1
Raimondvzla,1721,,1
meftunehlibeyte,1719,,1
fitzg10817,1719,,1
Seyd_hezbolahi,1719,,1
BachirSid,1719,,1
dehestaniii_ir,1718,,7
Ahm_AWADH,1718,,7
AhmadinejadReza,1716,,1
MK0YE0,1715,,2
AgabaEmma8,1714,,2
sapo_revolution,1713,,2
friersoncristin,1712,,1
dalhatu_yunusa,1711,,1
SJT_KE,1711,,1
DaM45581,1711,,10
michellemms,1709,,2
malikmaalu,1709,,7
Jonathan_Jonahh,1709,,5
sed_mmdd,1708,,1
omidsa596,1708,,1
melisarivas24,1708,,1
_khabarwalay,1708,,1
Ladonna19927,1708,,1
AnneMCosgrove2,1708,,1
Aliakbarimehr1,1708,,2
SNaeemOfficial,1707,,1
oimo_mmm_ship,1703,,1
mimi93749667,1703,,4
hosseinazimiii,1703,,1
moayad_alabed,1702,,1
azizj_7000,1702,,5
G0UDG,1702,,6
Gomnam549,1701,,1
LOrtigas,1700,,1
S_Ordibehesht,1699,,2
ImranBu449,1699,,2
jasoneclarke,1697,,2
AbwahmdAls52620,1697,,1
masoudabedi16,1696,,1
fatimaajradi,1696,,1
alamdar1961,1696,,1
PeymanXoxo,1696,,1
shamooo_088,1695,,1
MuammerGokcin,1694,,2
Fistroman1,1694,,1
esferaceleste,1693,,1
Lageraemia,1693,,1
Jorge_SanchezM,1693,,1
AminAliakbarian,1693,,1
MOSESKABUYE3,1691,,1
SyedWaqax5,1689,,4
pulsirani,1688,,2
SaddexAddinLe,1688,,2
KavkazHussaini,1688,,1
bengapinto,1687,,5
irma_iris_511,1686,,2
BlackBerner2020,1686,,2
Ahlulbait_lover,1686,,2
royahafiz,1684,,2
savage2notorius,1681,,1
Iranian_sol,1681,,9
sadat_as2,1680,,7
olahdehley,1680,,1
downright_b,1680,,1
BelalA32676,1680,,5
william7424,1678,,1
IamBedan,1678,,1
HEATHEN_STONER,1678,,5
reitkar42317512,1677,,5
ammar_tanha,1677,,1
yaxynn,1676,,1
modiboarmani,1676,,10
franko0_67,1676,,11
chickadeedee3,1676,,8
mdotjacks25,1675,,4
juncti0n8,1675,,1
majorbigz,1674,,1
Ali_Alkinani313,1674,,7
hamidjournalism,1673,,1
11021Siamak,1671,,1
sahekiakira,1667,,1
MalariaIn,1667,,3
rotimiarasi,1666,,7
jonkydonk,1666,,1
alirezaazadpoor,1664,,4
ElenaSeger,1664,,2
hemasehkhan,1663,,1
Shima23370778,1663,,2
Fapablo84,1662,,1
bogdanlupea93,1661,,3
MiodragMladeno8,1661,,3
ha_vi_za2,1660,,1
sayed_shojaat8,1659,,3
viulenny,1658,,1
tadja25,1658,,8
MasoudEhteramya,1658,,1
A_S_B_Z_1985,1658,,4
_Aryha_,1657,,1
Hsari58,1657,,2
rimasafridi,1656,,1
mjdmrn410999,1656,,1
Zahraardenn,1656,,1
Tomnaughtylist,1656,,1
Alexgorithmic,1656,,3
KikulweMark,1655,,7
MiBo746965,1651,,3
tptqzpqm,1649,,6
sunnydaze2504,1648,,9
AmirHaragi,1648,,3
lekkertty,1647,,1
grisousmiles,1647,,1
mohamedheere,1646,,2
PerezingerZ,1646,,1
MehranM2340,1646,,1
AbuAniks,1645,,1
dr_h_shojaey,1644,,2
karamad_ir,1643,,13
Simo07827689,1643,,8
Goobygal,1643,,3
zynb2003brzn,1641,,1
billrobs,1641,,1
Sk3Shakib,1641,,1
kazablanka1225,1640,,9
amitchaudhry1,1640,,3
Adn_Jutt,1640,,2
meghdadi1383,1638,,1
mahdiftounii,1638,,1
hassimo313,1638,,1
JavierS48928882,1638,,1
GayleScott32203,1638,,2
alsariri007,1637,,1
S_Rwakoojo,1636,,1
RialivhuwaMakh1,1635,,2
Marini_112,1635,,2
MariaQurashi,1635,,5
mohadeseh_lotfi,1634,,1
EwaEdyta,1634,,1
TuffBlack,1633,,3
Rezabigdeli15,1631,,3
porlavuelta19,1630,,1
mishakerz,1630,,3
SMhoseyni4,1630,,3
PalczynskaAnna,1629,,1
vintszn_fl,1628,,16
Antonia_dlV,1627,,1
M_ikael00,1625,,11
CH_ZaHD,1625,,1
mhsn6406,1624,,1
conejovich,1624,,4
The_Aria__,1624,,8
StarTuscan,1624,,14
fawzianaqvi1,1623,,3
PaloKhaile1,1623,,1
MorshedAppr,1623,,5
mohamaderfan22,1622,,1
GabiTarimo,1622,,4
MelanatedShadow,1621,,1
Ray_karl,1620,,2
MananzMana82173,1620,,2
sepid_01,1619,,1
McAnecha,1619,,1
jlosmex,1618,,3
buzzyanne,1618,,1
langahwhotweets,1617,,3
designer_abbas,1617,,4
cpgs_org,1617,,6
MPH52104696,1617,,1
yarazavi,1616,,2
crimelab_inc,1615,,8
bunny2be,1615,,3
annatandavv,1615,,1
JamesH1834,1615,,1
Arahimi_ir,1615,,3
Reza34473488,1614,,1
etbadabimbim,1613,,4
ZafarShujrah,1613,,1
Str_Raz,1613,,13
AkhundzadaArif,1612,,1
alinasab_z25003,1611,,1
Papa_Of0ri,1611,,3
DyarNelson42577,1611,,5
Alihabib800,1611,,2
trader_mtg,1610,,3
khalafbikar,1609,,1
cafer321326,1609,,1
HassanMustajab,1609,,1
DupeJimoh1,1609,,16
Doyonnami,1609,,1
khalilian_a,1608,,2
Nathan_avy,1607,,1
JMasish,1605,,2
AhmedFalihX,1605,,2
jairotevi,1604,,2
abdulhamid_kuta,1604,,1
R_Akbari255,1603,,1
l_never_forget,1600,,1
figul,1600,,1
Don_Chorleone_,1600,,1
DonLobzy,1600,,1
SusaHatchRedux,1598,,3
ShehunGwandu,1598,,1
KathrynBHacked,1597,,1
FrankOyoo,1597,,1
An0n187,1597,,17
dlcmh,1595,,1
ap_saboohi,1595,,1
SylverMic,1595,,8
FellyLaylxw,1595,,3
ronaldlirumo,1593,,1
cathrinemedici,1593,,14
Egzistansi18769,1593,,2
AScbzgtp,1593,,1
smieralrimiyeme,1592,,3
rosie_luce2,1592,,2
Lkseng3,1592,,1
IEllhajj,1592,,1
jkayondo25,1591,,1
debuggingworld,1591,,4
LindaProChoice,1591,,1
Halexyt,1589,,1
s_a_arghavani,1588,,7
Shahid_Eslami,1588,,5
AmeenNagari,1587,,3
Nameless_Weevil,1586,,1
luisnbrito96,1585,,1
SeattleBlocked,1584,,1
ravelled,1583,,1
danielalefsefr,1583,,1
daniel_truin,1583,,1
TheSonOfPersia,1583,,7
E985775Ermiot,1583,,1
AmirMohajer,1583,,1
JerusalemCuba,1581,,9
Dave8988,1581,,1
Chris_wponies,1581,,2
Ehsan3851,1580,,1
magick137,1579,,6
CamiloGuezRodri,1579,,16
nancysalgadoc,1578,,1
TehraniMohamma3,1578,,12
Muhamme23889789,1578,,1
zakariayerazy,1577,,3
NanaAgyei23,1577,,5
nraimano,1576,,2
revsoc99,1575,,2
ivansalonik,1575,,1
Assange_libre,1574,,1
zeeshanehussain,1573,,7
itsmecalcifers,1573,,1
SnybSnr,1573,,1
OuncesApp,1573,,3
HeliTheFelfel75,1570,,2
oilyslick1,1569,,1
_Najj,1569,,1
Amir_bhdrii,1569,,1
futurebrain1,1568,,2
NotDGSE,1568,,1
sed_Reza_nabavi,1566,,1
MuneefBokhari,1566,,4
melina_nilles,1564,,3
RedBeret87,1564,,5
RealMetellus,1564,,1
fayazbeigh,1563,,1
YwnNjm,1563,,1
rajehsaadeh,1562,,11
HoseinMahbobi29,1560,,1
unholy_moely,1559,,2
noah_adoka,1559,,4
tonarino_maro21,1558,,3
P3P510,1558,,1
ArmyBarber,1558,,2
iammsk,1557,,1
khatererh36510,1556,,2
JohnP1752,1556,,1
ATamariya,1556,,7
Elham_Kad,1555,,1
CharliePatrick,1554,,2
mahatisha123,1553,,4
crankyboricua,1553,,1
tucci_now,1552,,4
francesmccampb1,1552,,1
vabosan2008,1551,,2
YaRabbiiiiiiii,1551,,1
Alkadi_Nazih,1551,,1
MdRaeesAhamed,1550,,1
eumateus75,1549,,14
nanaluvsju,1548,,1
Akvmvd,1548,,2
sos_topooli,1547,,1
PoncedeLeon_Isr,1547,,3
DaDgnn,1547,,3
ho_oncle,1545,,11
abdwad4800,1545,,3
HnanYusfy,1545,,1
kimiya_azizy,1544,,2
dmahoney539,1544,,1
CharleneHales,1544,,1
FatemehGhazanf6,1543,,4
abid_sid,1542,,1
Sa8910242m,1542,,6
NTruthurtz,1542,,16
rbdoeker,1541,,2
iam_hluvuko,1541,,2
daraei1384,1541,,2
Hajizade_org,1541,,3
DaliaCanora,1541,,3
21_century_man2,1541,,2
canthama1,1540,,1
Ajulp_1986,1540,,7
nad1as,1539,,3
RundlesTre93735,1539,,1
NEWTIME91252356,1539,,6
yusiF_aid,1538,,5
Mr_Akhavan,1538,,2
waheed_mug,1537,,9
tariqmir,1537,,2
bernajurema,1536,,2
SquintFeastwood,1536,,2
HasanDarawal,1536,,5
AbuAliZarif,1536,,1
xtahzy,1535,,3
tim_in_mpls,1535,,1
emingurbuz,1535,,6
AdamSaeedSweden,1535,,1
RubenMex01,1534,,4
PhilipBlackwoo1,1534,,5
NoburoNisamata,1534,,1
Kabeerbuneri,1533,,1
namira135,1532,,1
PAlanMcMahon,1532,,1
JoeyZNJ,1532,,1
lantastic79,1531,,1
cindyapplegate2,1531,,1
SaimaSHussain,1531,,1
ChrIslamicGeo,1531,,2
Alshraby1445,1531,,2
Mubashir_AIMIM,1530,,1
Preenx,1529,,1
Berisha901,1529,,5
SamiTOP19,1528,,1
mrspecialvip,1527,,1
JSinanoglou,1527,,1
khademmoreza,1525,,6
Lynntbt13,1525,,1
BurguenoSusana,1525,,1
Abdik09764249,1525,,1
ERamFarm,1524,,14
jfcardenasg,1523,,1
a_mccauley,1521,,2
FonteRodrigues,1520,,11
pious__athiest,1519,,2
heidi_gatewood3,1519,,1
RadRafoofi82420,1519,,3
alkalifearts,1517,,1
UnagK,1517,,1
zante14081950,1514,,2
shkabd_001,1514,,11
Y888AB5,1514,,1
lharo777,1513,,2
BahareSharifiy,1513,,13
didat_ahmed,1511,,6
SGimenista_9,1511,,10
jocked07,1510,,1
Tomfreddie2,1510,,2
Tanveer14bhat,1509,,1
ewaffe256,1508,,1
SarbazVelayat77,1508,,1
TunLibre1,1507,,1
Miran2584,1507,,1
mir_abutalib110,1506,,4
mahh_naaz,1506,,2
versollato,1505,,13
Kev6220,1505,,6
DreamWeaver_PTI,1505,,1
haniye113,1504,,1
fghafari,1504,,12
amw3600,1504,,6
Sa_elmi_hoseini,1504,,2
AloneAngle20,1504,,1
murat_derki,1503,,2
picard78kathryn,1502,,1
amysenese,1502,,1
maybenansi,1501,,3
bahmankhan408,1501,,14
Herewar66545077,1501,,1
doctorvasan,1500,,2
adel_halawi,1500,,1
abwlqmanalmakh1,1500,,1
HaidarAmro3,1499,,1
Ahmadmotla,1499,,1
lsw_91,1497,,1
URINETO,1497,,2
Sactown_Kings6,1496,,1
RNowshadi,1496,,2
Amooti_mm,1496,,1
CamNewman,1495,,4
8qo2M8In4A3096,1495,,1
aboosamah920,1494,,13
RAOEC22,1494,,1
GabrielAmooti,1494,,7
Earworm_nz,1494,,1
alhadiabbas999,1493,,1
DJ_itwasascam,1493,,3
venkatesh_Ragu,1491,,1
mai_b_Engineer_,1491,,2
joanaferrer13,1491,,1
Shafiq_Pandhi,1491,,6
mbau_francis,1490,,10
Juanpasalazar26,1488,,1
Iran_Tanzania,1488,,3
ho_jenhoek,1487,,2
godou3325,1487,,5
Pouya313650,1487,,1
Omq_BaniHashes,1486,,1
x3mx10t,1485,,2
courtneykealy,1485,,1
zeynabiam313,1484,,3
gabicolombano6,1484,,1
lemonylemonsies,1483,,11
arefmoshashaei,1483,,6
abousalimtabel,1483,,10
tonysamaha,1482,,1
vahid_p_70,1480,,1
ivanmukoryo,1480,,2
thisisadile,1479,,2
Hussain19471,1479,,4
yazyhadi,1478,,3
Massoumehtorfeh,1478,,1
EAltalhai,1478,,1
avery56katherin,1477,,1
SAliZaiDii,1477,,10
Resspeect1,1477,,8
twittalk2,1476,,1
fractilly,1476,,1
MORIcha59966170,1476,,1
HerrerosLaiene,1476,,1
Azar_059,1476,,18
1892TheRealRed1,1476,,7
fereshtehrafie,1475,,7
RICHxROCKER,1475,,2
samandkhel12,1474,,4
UmarBashir01,1474,,4
hadj_gesinde,1473,,1
endofhistory236,1473,,1
CillianMcLough1,1471,,2
Willsderek17,1469,,1
1WheelHandler,1468,,2
waheedshahid73,1467,,1
IamMoon7,1467,,1
DanExp462789,1467,,1
SatanLiveInUSA,1464,,5
adazsy07,1462,,1
AjmalPashten,1461,,1
chamat,1460,,11
magoofaiy,1459,,2
aminallah0,1459,,3
ReggieSydal,1459,,1
JohnWoo16422766,1459,,4
Ashkan274_,1459,,1
AChami44,1459,,3
14Remontada35,1459,,4
martian_warlock,1457,,2
clarenaroux,1457,,2
essonjon,1454,,2
nalymny37,1453,,2
jihan_khalife,1453,,1
aamayreh,1453,,3
7DHSoSeVwA9UMiq,1451,,1
Harkonen_1,1450,,1
touchasncf,1449,,1
sayad_133,1449,,2
NeroOsiero,1449,,3
megg_souza_,1448,,12
antov2401,1448,,15
SimaKhodadadi,1448,,2
Rah_1400,1448,,1
iman13680408,1447,,1
helma_khanum,1447,,1
sammaitomoha,1446,,2
kafeeromichael,1446,,2
Mj21167,1446,,3
1zouzouna,1446,,3
MJHoush,1444,,1
FCharedan,1444,,6
nobel_50,1443,,1
FutureTechLove,1443,,2
hassan_sajwani,1440,,1
ElonFan24907588,1440,,1
Aradjavan1402,1440,,1
1566rooz,1440,,1
jkochar,1439,,6
VCain99108,1439,,1
Raven_krishna,1439,,1
AsyhPrkan9346,1439,,1
moradi__313,1438,,1
_shidi7_,1438,,1
UTDSenator,1438,,2
farhadkhazaii,1437,,5
Mansour_Hadad2,1436,,10
Josemanuel_1901,1436,,1
Gabbybentz31,1435,,1
BONILENLA_,1435,,5
3bfSBqzUD4wgkph,1435,,1
shankerbhola,1434,,1
mirzaei1214,1434,,2
Amin_Hedayat57,1434,,6
kingwhiz_47,1433,,1
JasonBohlke,1433,,1
Americans_Rise,1433,,2
SahbZman15681,1432,,6
yaskabod72,1431,,1
aizazaizdiawan,1431,,7
Seth_Nel,1431,,10
Fareslhejaz,1431,,1
smkumailakbar,1430,,1
_mohsen369,1430,,1
lucasalthea19,1429,,1
Tom_Vee,1428,,1
Ltenkeiyon,1428,,4
gsleg,1427,,5
rami_alsafani,1426,,1
Khudai_Makhlooq,1426,,7
STRezaei,1425,,2
AhmetBu82310057,1425,,1
terencebobrien,1424,,2
sranjan19,1424,,3
hannaloboda,1424,,1
P10231023,1424,,4
iman_m_a_,1423,,4
TheIDDI___,1422,,3
mahdihaji_iran,1421,,3
donotanalyse,1421,,1
J_Torres_J,1421,,1
CFPStrategist4U,1421,,5
Habeeb697,1420,,11
Akbarii_125,1420,,1
AawadhShaban,1420,,1
the_spiderwife,1418,,6
abcsvwkbv,1418,,1
Mariana99_04_14,1418,,4
Harry71A,1418,,1
GiftToThunder,1418,,1
MuslikhMohamad,1416,,3
BosniaDavies,1416,,1
ArmedWithWisdom,1416,,1
kristin44552456,1415,,1
d07w70d,1415,,2
aboozar_nasr,1414,,1
GeorgiosRigas,1414,,1
Br00klands,1414,,1
hidup_sihat,1413,,2
PresidentAbou,1413,,2
MeriLumpkin,1413,,2
MustafaBadredin,1412,,4
carol11samuels,1411,,1
Tommy2legs,1411,,1
OmolloGeof,1410,,2
Lulu_Graezinski,1410,,4
eva2804,1409,,3
LOULOUGUINNESS,1409,,1
Aldo94822596,1409,,15
AliZain8705,1408,,1
HAIDAAbdelali,1407,,4
smuazshah,1406,,1
_amintmk,1406,,1
mhmdj71,1405,,2
y3khan,1404,,1
olivedingbat555,1404,,1
IglesiaAngel,1404,,1
majid_mehrabi89,1403,,1
j4tuh_jun4m,1403,,3
MezainBerlin,1403,,10
tavasol313,1402,,2
robertgrabil,1402,,1
Saeid_Shaverdi,1402,,3
MasomehSailani,1402,,8
Doman762,1402,,6
missZimunya1,1401,,1
Maxtell2000,1401,,3
ideas__2action,1400,,1
caslaila1,1400,,1
maheob11,1399,,2
faidr,1399,,4
roohangizharati,1396,,1
JaArain34572,1396,,2
_Ninit_,1395,,1
free_blacks,1394,,4
altafbatti92,1394,,1
EleanorCou61406,1394,,1
ry0064,1393,,2
MMIrani83,1393,,11
Dollydo1901,1393,,1
gisairon,1392,,1
femooGEVE,1392,,1
Saghii2010,1392,,11
Mr13Au,1392,,1
Big_DMB,1392,,7
alchanay,1391,,2
sltany43,1390,,5
skout_zaman,1390,,2
TaniaNavm,1390,,1
RobertSmigol,1390,,1
InaCiddood,1390,,1
SeanHOCinneide,1388,,4
MeeMeeAlAradi,1388,,1
Hessamedia,1388,,8
Faradina_92,1388,,1
AliAman_,1388,,1
anica39,1386,,1
RamazanDeveci1,1386,,1
DrAlirezaN55697,1386,,1
Abbas_m_2,1385,,1
mentalgod_,1384,,1
albhshly_mhm,1384,,2
RuhAllaah,1384,,2
AmiiiiiiirFazli,1384,,2
Ali70706514,1384,,1
kazeemolubunmi,1383,,1
HaftChinar,1383,,1
MohsenKian1701,1382,,1
whitecollarpaki,1381,,2
AlianiLatif,1381,,1
cdgod,1380,,4
abdrcao,1379,,1
Shemology,1379,,9
FayzMhmdhsn,1379,,2
Specie_II,1378,,1
Arrnoldd,1378,,2
reza18495,1377,,1
mynewKatrina,1377,,7
Uks_06,1377,,2
JewelAnneNonny,1377,,11
_Obrero_,1375,,1
Ahmetzbek,1374,,1
abbas56306222,1373,,8
castaneda_dfo,1372,,4
KennethMaqau,1372,,3
DailyD1ss1dent,1372,,6
mmdmmd38220176,1371,,1
alaedroos,1371,,2
DrAhmedAried,1371,,7
Nantono4,1369,,2
SimplyKenny07,1367,,1
notmycanada2015,1366,,11
raj1833318ra,1365,,2
malokisa,1365,,1
indralubis04,1363,,6
hussain_amz,1363,,1
gratott,1363,,1
ShortFuze96,1363,,3
0914mirrzam,1363,,1
Twit_ye1,1361,,1
Sayed_Mahdi_mz,1361,,7
LaFay_Morrigan,1361,,1
Rouzbeh82,1360,,2
MuhammadTariqS4,1360,,1
BAHENAJC,1360,,1
AbdallahYahay19,1360,,13
just_vianney,1359,,6
Mukaram_Empee,1359,,8
DoleYoMwana,1359,,1
mariapaolini5,1358,,1
aasemmm2013,1358,,1
LivingXmasTrees,1358,,2
jumanatag,1357,,2
rdrlakerfan,1356,,1
Lilyakss,1356,,1
HAliPunjabi,1356,,1
Amirreza_140,1356,,1
bruculino,1354,,6
FaisalQadeer00,1354,,1
khoda25,1353,,2
erkankaraca72,1353,,2
MarilynMarriott,1353,,5
mobinmohammadiy,1352,,1
Martin737727572,1352,,1
LuluIbrahim8,1352,,1
Yadofied,1351,,3
Olohunwa13,1351,,7
Mina_Goldenstar,1351,,16
Aliran21,1351,,3
azmemar30,1350,,4
SaadAlH59134802,1350,,3
modestolopez20,1347,,1
knowbuddhau,1347,,1
danpakitrades,1347,,1
citrus_kyoto,1347,,1
5578092747qyxi,1347,,1
ttm71010,1346,,1
masoum113,1346,,1
akinjide_,1345,,1
AriaSaami,1345,,3
sandyniebla68,1344,,11
mtshulembo,1344,,1
minininjalove,1344,,2
Toy_boyxpe,1343,,1
IsisRoy7,1343,,1
___trojan,1342,,2
IkwapMatthew,1342,,5
BeKind__1234,1342,,1
fiatjaf,1341,,1
saintstephen96,1340,,1
nunsense12,1340,,1
no1historychick,1340,,2
PassiveCryptoo,1340,,3
ArabiBoMohammed,1340,,1
Paul75393245,1339,,1
mdziyauddin4,1338,,1
aanabes,1338,,16
OtaErnest,1338,,1
kemipajohn,1337,,2
Tevhidhabercom,1337,,1
gPDEzd8EHrVejue,1336,,1
hadithehsoltani,1335,,1
slr_coin,1334,,1
Sangtarash482,1334,,1
LoveIran001,1334,,3
AidanReed45,1334,,3
lizboyfanclub,1332,,1
MahboobehS36980,1332,,2
KhanShaab_,1332,,1
bakang_chabs,1329,,1
askariii_ir,1329,,6
skyfall1425,1328,,8
qasimhussyn9,1328,,1
jralvins,1328,,1
flight84_,1327,,2
abdul_5873,1327,,1
AbidiQudsia,1327,,2
SempaYusuf,1326,,3
MAl49748,1326,,1
LiveMarketChat,1326,,1
JefJC,1326,,13
FvckU2x,1326,,3
zidaneclaudio,1325,,1
Ammar_12Yasir,1325,,1
judifrizi,1324,,11
_Chinggis_,1324,,5
MHlal63466,1324,,1
FFathi595798,1324,,4
_Yem711,1323,,2
HoosierJackson,1323,,5
rubab_banoo,1321,,1
qureshi_alayna,1321,,1
Abohedar779,1321,,10
MdAslamParvez12,1320,,4
Const_1917,1320,,2
wadhou,1319,,12
Sirloum,1318,,1
ArturoMand25338,1318,,7
gafartweets,1317,,2
MirYousef18,1317,,1
vayeghani_,1316,,1
LydiaLu32420531,1316,,1
ameyahardas,1315,,2
CReTheIll,1315,,1
Muantus,1314,,1
mercernany,1313,,1
khowajakarim,1313,,1
clementina_casa,1312,,1
Montechris61734,1312,,1
Hashem1369565,1312,,2
Ahmadshigri512,1312,,2
xp32D_2022,1311,,7
farrlover,1311,,6
ell_rufai,1311,,1
ThenewKarma5,1311,,1
ChantaleThebaud,1311,,2
Faichan_Kangri,1310,,1
jasonsafdari,1308,,2
LadyBir92371333,1308,,1
Amir46170972,1308,,1
ringo_shanon11,1306,,1
mojtahedT,1306,,1
kapten_imel,1306,,1
giovcusumano,1306,,1
aniluvskidos,1306,,1
ahmadinejadism1,1306,,1
huseyn_erdemir,1305,,2
abwmhmd94690203,1305,,1
Robert46989257,1305,,2
ZingMiester,1303,,1
IqraNad80771632,1303,,2
nittyBites,1302,,11
ITilvescu,1302,,1
Bendapp,1302,,3
whykazim,1301,,1
kkamalx,1301,,2
PowerToTheProle,1301,,3
DirkPampel,1300,,1
AbuMoaiad1,1300,,6
bacheh_seyed,1299,,1
MAPTI786,1299,,1
AntiTaraf,1299,,1
layton60loretta,1298,,1
NikdelZahr3675,1298,,1
ARottenOldOne,1298,,9
aHEMandias,1297,,1
PrimeCasemiro,1296,,4
JonathanMaw,1296,,2
Finbar_Markey,1296,,1
rosalia_tv,1293,,1
meliorisaevi28,1293,,4
isaytruth,1293,,7
IranView24,1293,,1
hamid_rafieei,1292,,1
dekathlos,1292,,6
Simabeheshtii,1292,,1
Hosein_Pourkave,1292,,2
EvaristMbuya,1292,,1
mhnami_ir,1291,,1
aloeareyouokay,1290,,2
Seventeen1958,1290,,1
Rakoonin,1290,,4
msAliIraqiiims,1289,,7
kalvan1917,1289,,1
SheiduOnimisi,1289,,1
RedainBeirut2,1289,,4
Hamid__sH,1289,,2
trublion92600,1288,,1
ranjbar_alii,1288,,1
meshkatt110,1288,,2
antoniomrod8,1288,,3
SunflyMaldives,1288,,1
Rohulaafzal,1288,,4
FreddE_Freedom,1288,,12
HariciyeNaziriC,1287,,1
pereooo,1286,,5
pSuCbNcFjsrsDBo,1286,,2
Bluebugaboo2,1286,,1
00fahdii,1286,,1
uroch94,1285,,7
muchiriih,1285,,1
izzo_btc,1285,,2
BKelkun,1285,,7
ValliGmail,1284,,8
Fatima_the7,1284,,2
___Humanity____,1283,,2
Kambizz96,1283,,2
HitlerFC21,1283,,1
Alawi48654191,1283,,1
abdulqaadirMN,1282,,4
GabG1503,1282,,1
BenarKimani,1282,,4
BS_intervention,1281,,1
trumanOlmak,1280,,4
rilusmahmud,1280,,10
filleDeNeige3,1280,,1
NSYCAN,1280,,9
panyeanyonyi,1279,,1
MoShumon,1279,,1
MadameJustice_,1278,,1
Jkrkaliisa,1278,,1
3rdwayNewgen,1278,,5
kamali_m63,1277,,2
guymannesabbott,1275,,2
antbar12,1275,,6
MbuyaziNkosi,1275,,4
HdhyfyA,1275,,1
forsaker1900,1274,,3
cim_rx5955,1274,,3
GhazalHamida,1274,,2
DrSurendra07,1274,,1
Ahmed_K_Eldin,1274,,2
SajjadAlasmar,1273,,1
oman99696gm1,1272,,1
KajimSharibi,1272,,1
EventSpectator,1272,,7
khammad6836,1271,,5
iArifRizvi,1271,,2
ali_agha_hastam,1271,,5
Samethastam,1271,,1
dmcoelho51,1270,,1
MarianoC12,1270,,1
vulgarboatman,1269,,6
karambakhsh110,1269,,13
BenecolYakult,1269,,2
Siddiq_elkanawi,1268,,2
DorudiNL,1268,,6
xXxBlackGostxXx,1267,,1
norman_pilon,1267,,1
jumose57,1267,,2
MuhammedKARABI7,1267,,2
mike57882268,1266,,3
Natasha78509955,1266,,1
ImrozKhanMir,1266,,2
TsuliAtetwe,1265,,1
Squeaky56627517,1265,,1
dizzymuscles,1264,,1
WaheedPirzada,1264,,1
dwfeogogo120,1263,,19
arjmandtnz,1263,,1
NickCrum111,1263,,1
Kazhe313,1263,,1
BeyranvandH,1263,,3
mahendrasattav,1262,,1
He_Is_Noel,1262,,4
Ali_Moradi1999,1262,,3
ann_agf,1261,,1
YasirSh32742257,1261,,6
shofmo50,1260,,1
Melika_2005,1260,,1
TantrumsBaba,1259,,6
6731samm,1259,,7
dontmind_555,1258,,5
SKASHIF29,1258,,9
DeependraMSinha,1258,,1
northerly_,1257,,8
migtronix,1257,,1
Iam_Qewzy,1257,,3
Madikasa,1256,,2
LiegeAlpha_,1256,,1
soran_68,1255,,6
hasanemarat1356,1255,,1
dilanosally1,1254,,2
boxer_dogelon,1254,,5
rogetmana,1252,,1
jannahseeker99,1252,,1
Peter___R,1252,,1
EvrimEvolution,1252,,1
subhasis19,1251,,1
elperrogacho,1251,,1
loveanna22c,1250,,2
MohammadBinbas,1250,,7
Ishaqmk3,1250,,3
ZarMahdi,1249,,1
wissam80023343,1248,,1
baghi_rebel_,1248,,1
NgarQ79104,1248,,1
chiarapellegri9,1247,,5
beraniadilhebat,1246,,4
usmanghani088,1245,,1
WordsOfYahya,1245,,1
epreynolds,1244,,1
PetrovicSenex,1244,,1
GraceOlufunmil2,1244,,1
virangar65,1242,,1
campa_61,1242,,2
aliAlialshm,1242,,1
DPrabhata,1242,,13
onimsi_,1241,,3
SyedQandil,1241,,2
MBhramy22855,1241,,10
IJOBAFUFU,1241,,11
Wakeupandresist,1240,,8
tekzilver,1239,,7
coastlivingnow,1239,,8
TheLittleG1,1239,,13
LTgtSXLkCwwWeba,1239,,2
mos_jalali,1238,,2
amir_mahdi74,1238,,1
BflexUg,1238,,1
BetaMulti,1238,,2
Screamopilla,1237,,7
Moonface6969,1237,,2
shivaat,1236,,1
mmhasanain2,1236,,2
mahinofmihan,1236,,1
asivasankar75,1236,,2
fatrouni_sam,1235,,1
Hakim_a_abdul,1235,,3
FLYFORPAL,1235,,1
FeralJacobs,1234,,1
CorruptMugshots,1234,,1
yemensolo,1233,,1
yazdanpanah_a,1233,,2
residentJihadi,1233,,3
a_alaviniya,1233,,1
GhaziUnver,1233,,1
command197,1232,,1
GiovaniPalma13,1232,,3
Michllekirby,1231,,1
3meraSherif,1231,,1
Rfm39089871,1230,,2
kabbah20,1229,,4
Ali__Alhassany,1229,,1
survivor7091,1228,,2
rgyatso,1228,,2
askarme,1228,,15
____Gustavo_,1228,,5
AlhsnyBdalnasr,1228,,1
RevoAmericana,1227,,1
Abw10135Wayl,1227,,1
seemiyahh,1226,,1
eareeb,1226,,2
EgbemAmoug,1226,,1
sanode2k,1225,,1
dr_merlino,1225,,3
Michael_376,1225,,3
HazaratBori,1225,,11
zaina_mami,1224,,3
mcenizas_,1224,,1
bp448yk1,1224,,1
BabShk2,1224,,11
yosoyGaby,1223,,3
richelle_steyn,1223,,1
bwatfa,1223,,8
marinelli80lind,1222,,1
TheEnergyKing,1221,,16
DrTrenton,1221,,2
JingoIbrahim3,1220,,2
akbaraliKarkiti,1218,,2
Alexkennedy213,1218,,1
RajaAbdurRehman,1217,,2
VernsCave,1216,,1
Mani123x,1216,,1
zvonko2026,1215,,2
ezraaeeill,1215,,3
SamG2940,1215,,1
Mir85t,1215,,5
IamDeeHassan,1215,,2
mr_ali_musavi,1214,,1
mahdi_lotfi74,1214,,1
kamel__la,1213,,1
ZainabKirsteen,1213,,2
TheReal1908,1213,,2
Leganav,1213,,1
akasha2458,1212,,2
RIAK42,1212,,1
kitty_litter_1,1210,,1
UJosephus52,1210,,1
Twiiterati,1210,,3
Mad_Beard,1210,,1
KararOlayan313,1210,,4
papidangiwa,1209,,1
BrendanJGomez,1209,,1
SalahalHakami1,1208,,8
zyalzy1,1207,,7
txbeergoddess,1207,,3
MarcelDugenoux,1207,,1
DavoodGh110,1207,,1
SuprMario47,1206,,1
KatoHus56872326,1206,,4
FAnanug26998,1206,,2
monarchistIRAN,1205,,2
ambijat,1205,,7
lauramorrism,1204,,3
NisarMoosa1,1204,,6
ManShooshtari,1204,,1
Davudi57,1204,,1
a_alhkim7355,1203,,7
MikeDrewWhat,1203,,1
kinkintamanki,1202,,1
ShaziaNaseem2,1202,,1
mukololowatheng,1201,,1
KhaaniKhanKH,1201,,1
FatmaSe35825458,1201,,1
adiat8412,1200,,2
SavunmaGuncesi,1200,,6
MrGujjar082,1200,,1
klasniot,1199,,2
SenzoNomafu,1198,,1
vahid_hf,1197,,1
fidelisanumole,1197,,5
anarchojaQ,1197,,1
Shobeirinasab,1197,,1
Blacckid,1197,,5
Saeed__Irani,1195,,2
naghavian2,1194,,1
ZMansour87,1194,,3
SoheilaNzz,1194,,1
CressidaBandit,1194,,1
stldavis,1193,,1
siddie_style,1193,,1
mohaddes78,1193,,4
eeemmeralddd,1193,,1
ExtremeCen80240,1193,,4
rialmadred16,1192,,3
molcape,1192,,1
alnomiali2020,1192,,1
ZlatkoKovach,1192,,1
SHABIRHUSSANI,1191,,1
milad8sorkh,1190,,5
capturedekran,1190,,3
qayam_churan,1189,,2
uzzpac,1188,,1
to_suesmall,1188,,2
casperdkk,1188,,1
JamilSaqi12,1188,,1
Ladiipo1309,1187,,1
Aly_VetDoc,1187,,1
jacDhall,1186,,1
Handsofftunisia,1186,,1
badtakes420,1185,,1
SEAsia17,1185,,1
KompanyDaKing,1185,,3
mohmand_sh,1184,,5
memudin,1184,,1
akbariii_,1184,,2
NesterPhil,1184,,5
murtazazaidi_,1183,,11
AhmadMir53,1183,,4
focoinvestor,1182,,1
Vickstar2618,1182,,1
AHalcali,1182,,2
katia40256762,1181,,1
Omar_assaady,1180,,9
Haj_Saeid6,1180,,1
official_Omeiza,1179,,3
MirzadehMaryam,1179,,1
lizcullen11,1178,,2
9000_prose,1178,,3
inayatb,1177,,4
Poetic_All,1177,,2
IzzetZengin11,1177,,1
BenNorbitz,1177,,3
Mary_sheikh9,1175,,1
Amerilking,1175,,3
marzi37s,1174,,1
VieCrypto,1174,,2
PaiqueCFC,1174,,1
MValibeigy,1174,,2
HameedAsil99247,1174,,2
FibonacciNewton,1174,,1
Dr_Tims,1174,,2
CEyssette94402,1174,,3
BoatengDuodu,1174,,13
muhammadbySky,1173,,1
finalbattle313,1173,,3
kldradical,1171,,5
S_almaneh,1171,,4
SarahMahja25793,1169,,3
JanethMalik2,1168,,2
sasa25palto,1167,,1
karimkhany,1167,,1
HasanTaha2,1166,,2
DrKgabo_,1166,,1
SmithJane9804,1165,,2
ShaneABrar,1164,,1
mdly08585567,1163,,2
MuhammedMehdy,1163,,1
LarocheCS,1163,,1
Kushfemi,1163,,3
Humanity4Worldd,1163,,7
BilawalRaheem,1163,,1
nasela13,1162,,1
lujin_8888,1162,,4
Namasteankit,1162,,2
Enano76834,1162,,10
BookofJahJah,1162,,10
palulu1988,1161,,1
alisanaei,1161,,4
J1bY7VBHDRbS2bj,1161,,1
MichaelFei46184,1160,,1
MagnaCarta333,1160,,3
Interistacule,1160,,3
Adam110_1,1159,,9
veras67,1158,,3
thesilversats,1158,,1
almakhidhi,1158,,1
Orwell1984QZ,1158,,1
rabishah_89,1157,,4
_macupu,1157,,1
DadaShastoni,1157,,3
yanooryaqoddos,1156,,1
selcuk_hantik,1156,,6
fish_birb,1156,,1
anadolulu1881,1156,,5
MobVDetroit,1156,,2
MaheeruMaheeru2,1156,,1
creepingmraxist,1155,,1
VijayGounder,1155,,2
IbrahimAlhamz10,1155,,3
Waleedahmed9991,1154,,4
NavidHedayati,1154,,1
Isfar2020,1153,,2
itscy_,1152,,1
ssmrt4,1151,,3
edwin113730,1151,,3
PeacockTN,1151,,1
Firoz_B_khan,1151,,2
yaanu_,1150,,1
serleesou,1150,,3
Star3132,1150,,1
Mehrdad72727,1150,,10
expedientezeta,1149,,4
HsynAbw93427,1149,,3
87GT78,1149,,1
Gifte_hands,1147,,3
famkillerboy,1146,,8
cool_sah,1146,,5
BrayowV,1146,,1
Avantgarde_77,1146,,1
AriannaPaul8,1146,,2
A7sasAhmed,1146,,1
nazimzaidi110,1145,,4
rswlbdllh314032,1144,,2
mrzalipoor,1144,,4
drtokir,1144,,3
Vahidahxh,1144,,2
Incdpd2,1144,,1
Grattan_H,1143,,1
Donesso,1143,,2
Animosteles,1143,,1
Cartz002,1142,,2
24ydEyC_uy,1141,,3
JohnTraddington,1140,,1
Fern83142440Jos,1140,,1
xRnn79,1139,,5
aseelmam1,1139,,3
mazz_Leonardo,1138,,1
Stein3Hai,1138,,1
QewEv,1138,,1
BanceVuAristide,1138,,3
ChesterSquarez,1137,,1
v_murali,1136,,3
truleely,1136,,1
mo2easy,1136,,7
KhAn0603Haris,1136,,1
TQTan0Li,1135,,10
mcshanemusic,1133,,4
koriskoo,1133,,10
SalathielGenese,1133,,3
kahuq,1132,,8
Safar_Sarabi,1132,,1
Payam_feyz,1132,,1
NECATALTUNCU,1132,,1
huseyin_6334,1131,,2
fatemmola,1131,,1
ENKayondo,1131,,4
zohorr313y,1130,,1
KurtMaier19,1130,,1
JPlayer75279,1130,,1
Dill786786,1130,,1
jNmm7Xau3NTjKV9,1129,,2
Rajeev1421,1129,,1
sonalreich,1128,,1
nonimyster,1128,,9
mahanthanut,1128,,1
PepsFFK,1128,,1
HamidRajab24200,1128,,5
uni_uni222,1127,,1
tourer_pipokun,1127,,1
finger8,1127,,1
H_Rahimineya,1127,,3
_MAN_74,1126,,6
Bolpet,1126,,2
AAljhmy5741,1126,,2
cheikhahmed27,1125,,3
SidiAlyMoulaye1,1125,,7
Alir3za1991,1125,,1
willy_araujor,1124,,1
feliks712,1124,,8
DarccMarann,1124,,2
mamdougindo,1123,,10
OtroEnfoque2018,1123,,2
Samael_WS,1122,,1
RizwanPtii,1122,,6
pri_8871,1121,,2
kata31100035,1121,,4
rosa_beaman20,1120,,1
belay_mk,1120,,2
Straigh60283313,1120,,1
m_ali_abdolahi,1119,,1
enformasyon_BA,1119,,1
en_ta279,1119,,6
nkezaara2001,1118,,1
kolohescoob,1118,,1
drmohsenfathi,1118,,2
Muhd_____s,1118,,1
B530sheets,1118,,1
23Kibs,1118,,1
pkoech_kiptoo,1117,,2
Cinophile12,1117,,1
sabahat905,1116,,4
Abaslescolons74,1116,,2
ghassanhejazi,1115,,5
FloptimusCrime,1115,,1
ATENA_1630,1115,,18
mabom,1114,,3
gburtz3,1114,,2
floweroflotus7,1113,,1
IdeNegocio,1113,,11
DakikFatimah,1113,,1
manuoviedo15,1112,,1
zayzoonNOW,1111,,1
steffengassel,1111,,1
Gbonle,1111,,1
yaminasayed,1110,,1
barbecuedclorox,1110,,1
SophistGent,1110,,2
Nissiben1,1110,,1
AbdinurPeace,1110,,1
tinySIX01,1109,,1
shakur424,1109,,3
Tornui_,1109,,1
Shahramabbasi60,1109,,3
yar_mahdi_zahra,1108,,1
soxmaga,1108,,1
colmo1,1108,,10
arifa81,1108,,7
dilayd,1107,,2
Mrrr_Asante,1107,,8
v_sh_l,1106,,1
omusongora,1106,,2
banuu8000,1106,,1
Javadabbasi483,1106,,1
zafarqazi1,1105,,3
nadszyszkownik,1105,,1
Mike__Alpha,1105,,5
Pradeep22587909,1104,,1
IranianCheetah_,1104,,1
Faroqahmed_Khan,1104,,2
sana_banoo2,1103,,1
belmoraes_SP,1103,,1
awallexy,1103,,3
Javadmashadi98,1103,,3
AlfaAfrican,1103,,2
voyager_nkm,1102,,1
teledamage,1102,,2
strajkoski,1102,,1
angrymaya1980,1102,,1
ProPol2020,1101,,2
Nurssein,1101,,2
khawar_sd,1100,,2
25_mcdc,1100,,1
bandcookwine,1099,,2
Samiya123abc,1099,,2
pitts_man,1098,,2
mxspoonr,1098,,1
IKingBaldwin,1098,,2
BMHLTD,1098,,1
Fitzgerald_DA,1097,,5
KhakshahMTRT,1096,,1
Benboza,1096,,11
Ajini_,1096,,2
nimrodmatunda,1095,,4
RashidAnna1,1095,,6
NadifNof,1095,,3
MboonyeM,1095,,1
Ebarhim711,1095,,3
kimhogans56,1094,,1
SalarKhanzad,1093,,2
Janfaday_IRANam,1093,,1
AwarnessAsAMost,1093,,4
ahmad979899,1092,,1
TheArahat,1092,,1
swiftpatronum_,1090,,1
RonRice_,1090,,1
Davel_eibunken,1090,,1
ALAldali,1090,,1
Kafr_Abdou_Zep,1089,,2
AdhmBdyl990o,1089,,1
goldbugger,1088,,4
faycel_saad,1088,,1
as112556872729,1088,,1
ItsUmarD,1088,,3
EmmaMirandaGar2,1088,,1
DietCoke1907,1088,,1
mh_chavoshi,1087,,14
bugger_off_musk,1086,,2
thisliberty,1085,,2
k_mi_82,1085,,1
OmwanaOmageto,1085,,1
zehranaz000,1084,,5
marcocorrales,1084,,2
mahamab031,1084,,2
RealLeftypol,1084,,1
CureNaturally,1084,,5
myself1234567,1083,,12
mohiran369,1083,,1
bdalrhmn53917,1082,,1
iPersianPatriot,1081,,2
MubarizTag16961,1081,,2
A_Taheri_110,1081,,2
TahirS_MUFC,1080,,1
Nov11Ar,1080,,2
M1985S209,1080,,2
mntzr_mntqm,1079,,1
SayedMortazaKa1,1079,,4
KarlGruger,1079,,1
yar202015,1078,,1
majjed2020zaid,1078,,1
bdalwhab32690,1078,,2
silvermairi,1077,,1
hail_to_earth,1077,,1
SuperbubbleCo,1077,,2
rmymd170260,1076,,2
DavidTufail,1076,,5
johnjon69972607,1075,,1
danielgarcias83,1075,,1
daneshjoo_mr,1075,,1
BlastingValcano,1075,,6
TheKingBaros,1074,,4
Najla1347_,1074,,1
HamedRezaH7H,1074,,1
alibashaberlin,1072,,1
KLUNA_G,1072,,1
JeninJafra,1071,,7
hajmilad_salehi,1070,,3
danishnoorhasan,1070,,1
abbasabbasky,1070,,1
FernandoTagore,1070,,4
arifsarwar22,1069,,2
Hasti_2020,1069,,2
6emd_,1069,,1
swts2020,1068,,1
marinadebrot,1068,,1
Orangepoppy2000,1068,,5
pepedaliga,1067,,1
iResistDe4iAm,1067,,1
XcelciorK,1067,,1
Tim18312W,1067,,6
PellaVoke,1067,,1
embajadoraipalo,1066,,1
J_aa_far,1066,,4
AkfyAsghr69095,1066,,2
MAHmoodRashdi,1065,,3
Just_Ice4Pal,1065,,5
ETTAHAR266603,1065,,2
yo_Lenn,1064,,3
Mauricio09098,1064,,1
FilippoBovo83,1064,,1
DieterBrand6,1064,,1
plea4tenderness,1063,,6
iam_hameedvr,1063,,1
mrwebber4,1062,,1
FarisMhdAli,1062,,1
f_gharibi,1061,,1
elhandritto,1061,,2
shipwreck75,1060,,9
mosalzd,1059,,3
81abedi,1059,,1
xtinamagwaza1,1058,,1
parmis92,1058,,1
Lucaspatoz,1058,,1
DavideDila,1058,,1
6GPress,1058,,1
XrpEllis,1057,,1
Alipaknejad3,1057,,7
pepedejose,1056,,1
mojahede313,1056,,3
brianemuraya,1056,,1
Mohammad_ie1,1056,,1
theglobalscribe,1055,,5
tetoroa,1055,,3
martinelli_jim,1055,,13
amirallli,1055,,2
adnanalwzir5551,1055,,1
OChristian92114,1055,,7
marly_montoyo,1054,,2
Yaa_Mahdi_12,1054,,1
CookNTweet,1054,,1
313wayfarer,1054,,1
HectorCarmona57,1053,,1
sotexsis,1052,,1
SaduuH,1052,,8
Mo90380Mojahed,1052,,18
jhdsalah,1051,,2
hadrian70aD,1051,,1
greengrassTX,1051,,1
alhmdany_mjdy,1051,,1
diakomokhtari,1050,,18
Ibn_Kareem,1050,,2
iamdupin,1049,,1
KemoCeesay20,1049,,1
Boys4Brave,1049,,3
jithin_v2,1048,,3
fatimam99822782,1048,,1
ali_safely,1048,,1
padamo510,1047,,5
kapishkapau,1047,,7
FRANCES41453148,1047,,9
znanjiani,1046,,1
mahjin7,1046,,14
CarrickEra16,1046,,2
wealthyinlife92,1045,,9
shamshad_hashmi,1045,,1
minikurowa,1045,,14
karatekid974,1045,,4
Ms__Sona,1045,,1
oluwacartermill,1044,,1
hubetabibi,1044,,1
TakashimaSeiji,1044,,1
Kahina069,1044,,5
Huss_Kob,1044,,1
swan51214,1043,,1
_jibraan,1043,,12
Raraja5850,1043,,2
AliAmir57180876,1043,,8
Al_amin_Chukkol,1043,,7
Snickers__001,1042,,1
babakohi1364,1041,,5
zaybaq1,1040,,2
pink_lungi,1040,,1
OrlovProvince,1040,,1
AymanHasan800,1040,,7
qqggpp86,1039,,2
louielewis3,1039,,3
alezzey,1039,,3
2dw4G89i5r6LgqM,1039,,5
vincent254m,1038,,1
btcplanet,1038,,1
FouzSiddiqui_,1038,,1
slowcoach,1037,,4
jlrealww,1037,,2
Ibrahim_saberi1,1037,,3
Engr_ashwaq,1036,,1
AustinVTran,1035,,1
cfc_nrmnrckwell,1034,,1
RMathoka,1034,,3
AqaMafakheri,1034,,11
Abd_Almuhtadi,1034,,1
SMubasharNaqvi,1033,,1
CyrusNe27372739,1033,,1
BerkeleyEve,1033,,2
AliyarCAN14,1032,,19
bibegax,1031,,4
CleanEnergyRen1,1031,,7
radikaldb,1030,,2
callmekigz,1030,,1
m3khr,1029,,13
france_amedehe,1029,,2
Magda_Fa17,1029,,6
GrandeTonetti,1029,,1
ArmanNaderi16,1029,,2
Qanon1981jewish,1028,,1
Preyeironsyde,1028,,7
7g813,1028,,1
shafkatullah,1027,,16
RealyJoe,1027,,9
RadziIqbal,1027,,1
Mutsa___,1027,,2
BeingHuman254,1027,,1
hasanfereidoon,1026,,3
anupam__mitra,1026,,1
RannheidSharma,1026,,1
EMSAL,1026,,9
8e19fd02307246f,1026,,1
LtyfyTwby,1025,,1
MKhaledMahmood,1024,,7
Liberty1776Girl,1024,,1
Dankwara001,1024,,1
bluewater2lc,1023,,1
allanconnal,1022,,1
RajihMamari,1022,,1
EyupTopal61,1022,,3
AIJAZ1204,1022,,1
mahyarkhadem2,1021,,2
PAF_Strikel4,1021,,1
owaisahmedkhan4,1020,,1
minijanipor,1020,,1
frc_vfco,1020,,5
akalfarran,1020,,1
Says_Warraich,1020,,2
Ricar2kaka,1019,,1
SajadiJamal,1018,,1
OC_Berlin,1018,,2
ZuGang1738,1017,,1
Nada__Mais,1016,,1
Hani_shkak,1016,,1
chowfm,1015,,1
zaibkh77,1014,,2
saheel_9,1014,,11
mehme84146,1014,,3
justamiss96,1014,,2
hacker_fadia,1014,,6
h86_husam,1014,,2
amrhkazemi,1014,,1
Muhsinfcb,1014,,2
HarryBoschLAPD,1014,,16
soofia_313,1013,,1
glmex1,1013,,3
Asam27897814,1012,,1
Qamsarii,1010,,2
pengagumuuuuu,1009,,1
nightingale_Yan,1009,,1
abacus003,1009,,7
cheick796377331,1008,,6
allen_Gunit,1008,,2
khan_asif_xx,1007,,1
Razah_Razah,1007,,2
askoaskole,1006,,1
ashbaholnas1368,1006,,1
abu___taher22,1006,,19
RTEMYSS,1006,,17
Emmyerikina,1006,,1
brumiboi,1005,,8
Sarbaz_e_Mehdii,1005,,1
houraa213,1004,,1
Saqi_72,1004,,7
MApodogan,1003,,1
GariGurman,1003,,1
SzpilmanStinson,1002,,1
Elisheba27661,1002,,15
timeschanges,1001,,1
kaml444,1001,,2
andarisqi8,1001,,11
Mohammedshboul4,1001,,1
BaghriHosin,1001,,4
catcheronthesly,999,,1
capitaocorona1,999,,3
KhairullahAziz2,999,,2
KenUnit,999,,1
JunaidKalson,999,,2
BasiraPress_,999,,1
doctorozono,998,,1
kicka_one,997,,1
jalalzade_ir,997,,1
Donaldmathew9,997,,1
WairimuW,996,,1
TheSpecialBaby,995,,3
thecatwhochats,994,,1
MRoyer3,994,,1
y_gokay,993,,1
GodwinFrancis01,993,,1
syn1432612,992,,4
mohamma74424778,992,,2
Rusty91104,992,,2
MonzurA54535332,992,,2
ArmChairSage,992,,1
HERPheyz,991,,3
ChimurengaAfro,991,,1
melikakhatoon,990,,1
ligabowsky,990,,9
lewanayfalsafi,990,,1
arelly_ruiz,990,,3
aanchalrizvi,990,,5
hassan_rizvi99,989,,5
bandaydaputtar,989,,1
Rezado7,989,,1
MwanaKigoma,989,,2
Arc_Alibaba,989,,1
voteyes180914,988,,2
FranceCroyante,988,,1
ALF_2000,988,,3
techdr655,987,,2
qasm1255966,987,,5
Somaie381758,986,,15
AhmaadMadu,986,,1
AbdulKotwa36679,986,,1
Sakusuwako1,985,,1
FaizanWarraichh,984,,1
asmakhajehzadeh,983,,7
aayan__01,983,,1
iraandokht1995,982,,2
IjagasonM,981,,2
Dake454,981,,4
keen_aadil,980,,1
AnnMuller_,980,,1
yehouda2813371,979,,1
longacre_doroth,979,,1
Nomore_single,979,,2
Luissilv2000,979,,3
ElfoulyKarim,979,,1
hosseinfahmede,978,,1
Albarqi2025,978,,3
peymanr_farsi,977,,5
mbhuriyavacanyi,977,,1
karimi_ali1,977,,1
hector_otero,977,,1
Hossein_Man,977,,6
Farnakyboy,977,,3
asra598962,976,,1
sydalihasan,975,,1
Sunnylifemoney,975,,1
DrAlire97408770,975,,1
Chowleqzak,975,,1
abl_10,974,,4
KhairyHaarun,974,,1
ElitesMatter,974,,2
sativabreeder,973,,1
mohammad637463,973,,7
democritus_wri,973,,1
NazyInyass,973,,1
ElliotDugdale,973,,1
DinaBassiri,973,,1
AcidAllah,973,,1
afsharchi,972,,2
GlobalLensHQ_,972,,14
mn_Iraq23,971,,2
aksym,971,,3
ImportKings,970,,1
ttxp_fctn7007,969,,1
sprouttube,969,,1
mamsa04,969,,2
ZackHoosen,968,,14
OusGrand,968,,8
mironuvi,967,,2
bearzig,967,,3
metaenforcer,966,,1
gwarUF,966,,1
AtikaBenjamin,966,,4
naveensanders1,965,,10
iHOSdgreat,965,,2
fioye_oke,965,,1
Nabeelkmr,965,,1
HoopenWill82319,964,,1
sunburstCHICAGO,963,,9
ChrisSiwon,963,,1
defjansen,961,,5
qingchao1917,959,,2
inforiist,959,,1
alfredinbcn,959,,1
Mrashidi126,959,,3
markii2001,958,,1
VanessaUlyssea,958,,1
Tropdoignons,958,,6
RhiannaFord,958,,1
lucapette,957,,1
ShayaqRaza,957,,3
luc_ma66,956,,2
RebellThought,956,,1
FPlaveti,956,,1
Cleonarda68,956,,2
hamide_hoseini,955,,5
cesarmtassinari,955,,1
IotollaKomehni,955,,8
Abusale88785933,955,,6
_Bulimo,954,,1
SulemanAhaad,954,,1
OHorvath2,954,,1
Merbabe71,954,,3
senooorbtc,952,,1
notyourmatefam,952,,1
SAli15817136,952,,5
NorJoRe2010,952,,5
MarcoAcco68,952,,11
ayyajsheikh,951,,1
DR_Sterange,951,,6
AlymnBb,951,,1
mahdishata,950,,1
Mokiller98,950,,1
armaan1382,949,,1
AlmranyMnyr,949,,1
99DHvdaZjeWpU5O,949,,1
adib1397,948,,1
Vidano332010,948,,2
ALBAPUGLOVER,948,,1
HisArtcellency,947,,2
pascal_biz,946,,5
fmngos,946,,1
chadmath,946,,1
EmmanuelB3rnard,946,,1
AnsariFaisee76,946,,1
didebancenter,945,,3
TheFrostyAce,945,,8
melele129996,944,,1
khabaredagh1,944,,2
josargor,944,,1
cchandramouli1,944,,1
altyralm,944,,3
ElTrapoTweets,944,,1
DomhnallCam,944,,1
AnathemaVa,944,,1
Ramonabrt,943,,1
naieme128,942,,1
carlosb63199278,942,,1
Utd_Ronnie,942,,1
Mohghalaye,942,,2
wallflowwwerrr,941,,1
suhreverdi313,941,,1
radflohistory,941,,1
malicibik,941,,1
Hashashin021,941,,4
LisaHay15230780,940,,1
ShaneHyderZaidi,938,,1
Mehrikhanom7,937,,3
Ho_Najafi,937,,4
Cloclozazaprive,937,,1
SaeedDoroudiani,936,,3
JakeSeattleX19,936,,7
saintsalamslim,934,,11
EllyMakepeace,934,,2
wadih_dib,933,,1
mrhotcafe,933,,16
admkuznetsov45,933,,2
manaado,932,,1
portabledust,930,,1
jianhua1965,930,,3
ZQazvinian,930,,7
UNIVERS_ART,929,,1
Daniel74060821,929,,1
dataspot1701d,928,,4
dozadoze1,926,,5
aratifrrajan,926,,9
FrancescoBoria3,926,,1
yearninquilab,925,,2
abhishek_s_1,925,,1
NoveoTVabierta,925,,4
JeanPGelinas,925,,1
ootelloo,924,,2
lennie_zlm,923,,2
chnauman93,923,,1
Zanzspice,923,,6
SaleemAhmed1967,923,,2
Jeremiedaudet,923,,6
nboogi38,922,,1
amir_kshd,922,,2
Netizen_254,922,,4
trustinabe,921,,1
Zibayekhofteh12,921,,1
AsheghMohamad,921,,2
ABV1174288,921,,2
khalenanaa40,920,,3
Saleemwalee,920,,1
ContePolanco,920,,1
petty_mami34_,919,,3
Nargesghadirian,919,,1
Mahdii_farahani,919,,3
7_medicalcenter,919,,1
3bdal7ujjah,919,,1
jojoswitz,918,,1
JonathanTripi,918,,1
squidwardeob,917,,1
ATT2101,917,,1
charro1968,916,,1
azizi_x1404,916,,1
OscuroSamurai1,916,,10
JehannDeb,916,,1
AcademyOfGeopol,916,,1
mimranchauhan,915,,3
elmakhetha,915,,2
behmadi_73,915,,2
Muhd_abdoelslm,915,,1
MashBarbod,915,,2
dog943670063952,914,,3
Mimi_088,914,,1
braindersnn,913,,1
DeanaSherif,913,,1
RowdyDowgz4Ever,912,,6
Nodiesel,912,,1
ounikarim1,911,,4
m_rezaeipour,911,,4
vincentiustnwjy,910,,1
t_Zen_,909,,1
sawryu1,908,,1
LOAIYAM1,908,,1
AshrafAshater,908,,1
layalksmjradi,907,,1
grwash1,907,,1
fatemehjoni1994,907,,2
AksumOf,907,,8
rahulvitekar,906,,1
handekai,906,,3
enderV10,906,,1
StatusNomadicus,906,,5
MrMMklassy,906,,2
DiabyMS,906,,1
DemlinN,906,,1
worldenron,905,,1
sivand_SV,904,,6
larissacandanga,904,,5
ParamjeetBerwal,904,,1
AliMoha96819592,904,,1
Zae_3I3,903,,18
AlkazeemY,903,,15
ilia_mahami,902,,1
HitLRinparadise,902,,2
suhelulfat610,901,,3
seyedmosavi4,901,,1
SAParhizkari,901,,3
bavanraavanan,900,,3
MrEngineer98,900,,3
KStimmeGenozid,900,,4
mira_7713,899,,4
db_maggi,899,,2
bejo_junior,899,,1
MocacheMassoko,899,,1
vannybarrera80,898,,1
s_shahedii,898,,2
d_almousawe,898,,1
Kenyanroux,897,,1
Ameen783,897,,1
sadat756324603,896,,1
chimpanzeees,896,,1
Lucyinthesky76,896,,6
HyperDupont,896,,1
0902529005m,896,,1
vasotsouti,895,,1
TheBloggins,895,,4
kassembanda,894,,1
JairosiJonasi,894,,1
stevebencox,893,,1
dejyne,893,,1
Fatima7112021,893,,2
stephenrea2,892,,1
mbuihaisiatu00,892,,13
hamidreza_e,892,,1
ThatBadGoy,892,,1
KS17948996,892,,6
jatinde55345952,891,,4
Maria43833798,891,,5
SOStanDIVINE,889,,1
Mutape88,889,,1
Ibn_Wubila,889,,5
D_Tron14,889,,1
sgtnovo,888,,3
everythingbam_,888,,1
targit666,887,,1
Ilmejid,887,,1
armanch66,886,,1
Rehanak42784361,886,,2
NazimAh85789376,886,,1
henryamootie,885,,2
DancehallCrashx,885,,1
Simbolei_,884,,4
MyNameIsJuki,884,,7
MichaelFei70836,884,,3
phumer,883,,1
marjaneabaszade,883,,5
enderw8s,883,,1
aaelhj,883,,1
DaisyB_77,883,,3
ahmadi_mohsenx,882,,5
NattyReignTV,882,,1
JohnMwenja7,882,,1
Dsilkotch,882,,1
rules172653,881,,1
KyaHua24,881,,8
Communislamism,881,,4
asrrd33333,879,,3
arte_hierro,879,,1
TankieRiel,879,,1
senor__asnarf,878,,1
princezeezay,878,,1
LabourN0nce5,877,,8
JcJorgec41,877,,3
pranveerbharti,876,,2
Sntetelba,876,,1
cassisarobot,874,,4
AplusMessenger,874,,1
shueybss,873,,5
mohamedharb2025,873,,1
Prezlasky,873,,1
punjabi88518,872,,9
mzrsiddiqi,872,,1
ShadabS31096623,872,,7
esperonslaie,871,,1
ShadrackOsero,870,,5
MaynAce_,870,,3
Pirayeh3,869,,2
1ninety9tv,869,,9
atif_isb,868,,1
syedraza_hassan,867,,1
iandils133,867,,2
gig_42,867,,1
evgurova,867,,2
THObserver786,867,,1
tractooor1362,866,,3
Avery_Johnson15,866,,3
AlyxMary,866,,1
ericdolphy1848,865,,4
DaniElamee58974,865,,1
zabihollah1075,864,,2
mohadessee,864,,1
hossein1984141,864,,1
TigeProcyshyn,863,,1
SuperSinobi,863,,1
SamariMs58136,863,,2
ProMr69,863,,1
t_ordyczynski,862,,1
pabloclaudio,862,,3
motekhases_,861,,10
DissidentNI,861,,2
deyhatemetoo,860,,1
Mehrabi_twt,860,,1
sweet_est_pea,859,,9
mhoek24,859,,10
sliced90,858,,1
Narges879018,858,,1
sb_maya_hay,857,,1
khanadel,857,,1
josvel79,856,,4
dammah2025,856,,2
dyah_kunc,855,,9
clanonn,855,,1
LfSievewr1,855,,2
ustaaad7,854,,2
leetseyin,854,,1
jn9P2wNTDV75069,854,,1
davidtotruth,854,,3
Nawna_213,854,,1
MariaTudo2,854,,3
HajBilal4,854,,7
Elifuraha_JM,854,,1
1971Kiyomizu,854,,6
owenpoggenpoel,853,,1
MehbubA17743017,853,,1
Hadisoroush1,853,,2
HSHSMSMF,853,,1
Ali96iraq,853,,1
stilltakingnaps,852,,1
ItsObserveAll,852,,12
alymanymhmd3,851,,3
MirrorOrchad,851,,3
Ghorban0pour,851,,3
justhefaxmam,850,,1
Monaghan1945,850,,2
CostasDelidim,849,,4
AqaBasy,849,,4
AliiAli32092,849,,1
balwantgparmar,848,,1
Yaghoub_313,848,,4
Omo_sho0,848,,1
radmard_s22256,847,,4
Lilou3692,847,,1
AugustynskiAlex,847,,4
UbHeard,846,,11
Tehran_New,846,,1
MktPulseIndia,846,,4
k_riina,845,,2
inaam_basit,845,,1
iammniloy,845,,1
Wilber95694665,845,,16
Relaxol36,845,,5
Kaladin1999,845,,3
suryaamriza,844,,5
Miraflores_7,844,,6
EmilyDickinsonI,844,,4
ComadreVerde,844,,1
bolla_brigitte,843,,1
VentrikK,843,,5
SeydBarghi,843,,3
solmaz_eshraghi,842,,1
smurphdogg29,842,,1
shekhetho,842,,1
redjade_hu,842,,1
khwyynyr,842,,1
FireComander,842,,1
EhrmannFrank,842,,1
Chandler_Price9,842,,3
416LuNaTiKz,842,,5
bistari_bistari,841,,1
BillywinnMan,841,,1
IngloriousUthia,840,,1
HakanGuvercin,840,,10
r3s1st4nc3,839,,2
jazzifyme,839,,12
AjahDaniels,839,,2
zarmeeneh,837,,2
Sheba_100,837,,2
DrJuzarHooker,837,,6
haideriii_,835,,5
SalajeanGeta,835,,6
F_AliKhokhar,835,,2
thiseffeduptime,834,,1
gorrinaparra,834,,2
deynohdemessi,834,,2
CClem64,834,,1
arrechisimo,833,,1
Divya_India_ask,833,,1
enlongated,832,,2
bakshaheen,832,,1
TheMachine7253,832,,3
Dani_Noor_,832,,1
nelodecarvalho,831,,1
mndebele_oupa,831,,1
arshiadriverr,831,,3
Gaullopatriote,831,,1
xSaltySatoshi,830,,1
hsyn_trky52438,830,,1
KarasikTheodore,830,,5
DeshBhakt_INC,830,,8
aiwaarsi,829,,1
Shanksponie,829,,1
HenrikAborym,829,,1
syyed_abbas,828,,14
michetisseyre,828,,3
mbkay303,828,,4
haiderMk123,828,,9
MhKh313,828,,1
side_effects_of,827,,3
gnosis_intifada,827,,1
fonixs34,827,,1
dipsoKing,827,,1
BatulAtiqa,826,,1
Annysdays,826,,1
tyrellcorp_ops,825,,2
izuizu_z,825,,1
game_chanja,825,,2
jdhunter8,824,,1
Trav0ne,824,,1
BenderReturns,824,,1
javaddinari2,823,,1
gbolizzy1426,823,,3
Taylor_BJK_1903,823,,1
sharpedges756,821,,1
libaax_ltd,821,,4
iSupportABAT,821,,1
bazmandeh5676,821,,1
KhaledS58363273,821,,1
Chaguta7610,821,,1
Blessed_Aadi1,821,,1
haideraijaz50,820,,4
ask_syndicate,820,,1
abul_h_johari,820,,10
UnknownKhiladi,820,,1
Haider_Hadeed,820,,1
FinnAndreen,820,,1
Bitcoin_21_m,820,,1
Bahman_Apl,820,,1
aliteymori1984,819,,2
AhYon888,819,,1
monmoushoujo,818,,1
halaIboy,818,,3
elisio_djuric,818,,1
cariazon,818,,6
Umme_ibrahim11,818,,1
noonchai_0,817,,1
majal1401_,816,,1
realz889,815,,2
triana_juanda,814,,2
nilooye1678,814,,6
e_mbiu,814,,1
azharhu85017290,814,,1
Nafisehalipour,814,,2
Hagh1Rahe89805,814,,2
mo_ali_n,813,,1
gagangambhir90,813,,2
Wanm111,813,,1
TheodoroBrown,813,,1
MorvaridKoorosh,813,,1
WizzKidOfK,812,,6
SusieMHutchison,812,,1
Paul62NW3,812,,1
JaiyeSteady,812,,7
BIE686767,812,,3
driving_malta,811,,1
awake300am1,811,,1
Abu_sAngreh,810,,1
JosephVic0,809,,3
ClasickMan,809,,1
prettimink,808,,3
TKunambombe367,808,,6
SannaPaakkanen,807,,3
SydMohamadMehdi,806,,7
KuUganda,806,,8
suleimanaudu21,805,,1
sepulveda_norma,805,,7
discusdave,805,,1
aghayejiim,805,,2
MujahidAkb27189,805,,1
IQ786UK,805,,1
hes64072,804,,2
RehmanTassawar,804,,4
PaulaBardavio,803,,1
qxrvnt,802,,1
khojaste2_al,802,,1
dipolawal_,802,,5
ademrakovic,802,,2
maheer005,801,,1
guju_chokro,801,,1
NajjiiMalik,801,,1
Bindawa__,801,,7
Atshie,801,,1
theseavoyager,800,,2
pappjo,800,,1
deborah_fa22004,800,,1
atm2112,800,,6
Usual__Suspect2,800,,1
Ismaildanzabuwa,800,,5
Alvarez_Tur,800,,1
ANaziadi,800,,4
mohsenfarsi02,799,,1
kh_reza53944,799,,1
HEdokpayi,799,,4
olga1586,798,,1
mahajansid,798,,1
donukis,798,,20
PeanuLeeves,798,,6
mo_sanayi,797,,1
haider_051214,797,,2
TheAWGN,797,,5
NaseerAhmadKK,797,,1
BereBonaerense,797,,1
rvcbrice,796,,1
resetle,796,,6
n_gonulden,796,,3
hw_renewe,796,,1
FreedomVirus2,796,,1
shahrukh9715,795,,1
mansoor1129100,794,,1
RotmanErick,794,,5
rezaul786,793,,1
le7mai,793,,1
kamunagimeeem,793,,1
Stuart387948419,793,,1
NyakaChitse,793,,6
LBJenkins1963,793,,1
JorrGuzman,793,,2
3Akkaa,793,,1
yawahuguama,792,,4
svrparhizkar,792,,1
iam_arman18,792,,2
elliagne,792,,3
RedOrb4pal,792,,3
pouryatkaronto,791,,2
pato_lehuede,791,,1
teamviz,790,,1
Beerazashah,790,,2
helen_looper,789,,18
alxgji12345,789,,1
trustysk,788,,1
aliahmed9993344,788,,1
Elfatmoh,788,,5
CE52455,788,,4
SaddamH85738119,787,,4
Akshugaba1,787,,8
northnthat,786,,1
Naia10075,786,,7
zengucapital,785,,1
i_Prinze,785,,1
cantbesitting,785,,3
Mangoustel,785,,1
Ebrahim_uop,785,,3
plfragoso,784,,9
alhaadiahmad,784,,6
wetoldyouson,783,,4
mehri1863124287,783,,1
UsEngin,783,,3
imannasseri,782,,1
alex02889310,782,,1
VintageSteez,782,,2
Amy39957168,782,,1
spider1667,781,,5
mohammadnondv,781,,1
Khoubyar,781,,3
JerpaDerpa,781,,1
ritabes,780,,8
TheDuckyT,780,,1
Salmezcua,780,,1
HasnainKazmi1,780,,1
therealQuandalf,779,,1
maqsood8864859,779,,2
deffnotmase,779,,1
bukhary87783983,779,,9
ayyildizf12,779,,5
adineh_59,779,,1
safayi1371,778,,1
jack_the37589,778,,1
MedSeideh,778,,7
tkrEiDoloN,777,,2
rageugas16,777,,14
oluis3795_,777,,1
Vogue130,777,,1
Mamanehanane,777,,1
HUMANBEINGONE,777,,1
Rolaholic,776,,2
NtlanganisoG,776,,1
Mostafamn99,776,,1
ElWil007,776,,6
DrPuTiTi,776,,1
BlessedOne_15,776,,9
isaberabera,775,,4
hs_alirida,775,,1
creenciasmicro2,775,,13
NegusFemi,775,,3
HaideryMuhammed,775,,11
BatoulRebai,775,,8
AliMohamadiRad,775,,15
pmgm63,774,,1
zuuulul,773,,1
zerocairo,773,,1
nathx7,773,,1
BlayAtsu,773,,1
Abane_65,773,,8
eternalsha,772,,1
Sadik_Gimba,772,,14
ArashKaman68,772,,1
sepah_786,771,,2
sayedrezamusavi,771,,1
gimbe2,771,,5
Babalikita,771,,1
ArianaPantasy,771,,1
vatanparasttt,769,,3
oilandgas_ir,769,,1
muhammadalinor5,769,,12
mtw_ca,769,,1
mandygunn61,769,,3
veaje1,768,,8
refat720,768,,2
Q_o_u_2020,768,,2
Mima091203,768,,18
BILAL_YARO,768,,3
mtashackori,767,,11
eeminiemelainen,767,,2
HoseinMirX,767,,1
Caprafalconera,767,,2
AbuDharr66,767,,1
Mr_yaash,766,,3
MounAmar96,766,,2
MRaza11,766,,1
Azharrose786,766,,1
shaahidbaltee,765,,6
gloriaccarol,765,,2
RGC_AJK,765,,1
ChakerKat,765,,1
Am_saeedu,765,,18
Akropolis0808,765,,1
Abdalmjeed1993,765,,1
astro_knot78,764,,1
GhaffarianPouya,764,,3
DizqueNerdo,764,,5
senituru,763,,1
rgrantiliberal,763,,2
ace5mild,763,,2
PorscheGroyper,762,,1
BajawKamare,762,,6
AjmalHu38703651,762,,2
mhmdigl,761,,2
dawoodahmedmmd,761,,3
Indiansloving,761,,2
BuangZA,761,,3
iwhizkid__,760,,1
behrouzimehdi,760,,1
Irishantitrump,760,,1
metalcorn333,759,,3
melinahzh,759,,1
ZakariyahZainab,759,,1
TGKContent,759,,1
JE_Maleta,759,,1
shayanmd,758,,3
mahdazadi,758,,3
carolsteel82,758,,1
Jhadj_theos,758,,1
Danial_Meer,758,,1
1358531,758,,1
starstuddedroof,757,,1
lyly1840791,757,,7
Gabrielkimjnr,757,,10
Ambsanjivarora,757,,4
zjd_zjd,756,,10
OLPSEPID,756,,2
HaidarMoshie,756,,2
Raajendra_P,755,,6
KurdoMahdi,755,,1
sara_she_313,754,,1
IwillRise0,754,,1
vahid_sani,753,,1
MirvatAKhalil,753,,1
shabeeh110,752,,5
neginmikha83561,752,,3
musaddiqmanaas,752,,2
gmanredux,752,,1
blacknantiwar,752,,3
MIANAWAIS504,751,,1
Dove2050,751,,2
petaxli,750,,1
dildilgb22,750,,1
beinginjamam,750,,14
Dariush_rangin,750,,1
23courtug,750,,1
Soraya984,749,,1
Eleve8MeLord,749,,14
Sam_ZohAt,748,,6
OccamsRazorZone,748,,3
IMRANPTIIII,748,,2
Dr_Ordinarylove,748,,2
MMatter_s,747,,13
h_Taheri1992,746,,6
fmbt100,746,,14
betseyjnelson,746,,1
Matha_,746,,2
MIrmak11,746,,2
Khubib12345,746,,1
CranesOfMemory,746,,1
g92660089,745,,2
PG876,745,,5
mohsen_razavi12,744,,1
mehr_banom,744,,1
hoseinzebarjad,744,,1
Ir_icana,744,,1
alexfurn66,743,,2
TraderJournal7,743,,16
ABackhet,743,,1
samerhusseiny43,742,,10
pinkpanter132,742,,1
ProbioticFarmer,742,,2
EmperorXLair,742,,3
toolbox87,741,,4
ereticodarogo,741,,4
comfy_zeus,741,,1
andypie256,741,,2
RapBrown5,741,,1
Marti_Is_Fluffy,741,,1
Barakah_123,741,,1
maccarefoundtn,740,,1
pretty415591,739,,4
jdesparza9,739,,1
LuisMig86192338,739,,8
Sandeepmaloo7,738,,4
Godneyjaguars67,738,,1
AbiodunJr,738,,1
ardillanapoles,737,,1
bog_obelisk,736,,2
Mahan_je,736,,1
HklLeb,736,,1
DeedaNaqvi,736,,3
apoplexual,735,,1
Meas33782997,735,,1
FatimahAIRI,735,,1
A22118339Ali,735,,4
hispanoDPR,734,,1
World_C_History,734,,2
PaddedRoom4U,734,,1
MohsinWD,734,,1
hussainianyu1,733,,3
vdhiman_89,732,,1
queefwoods,732,,2
nwanerisanctus2,732,,2
farjadakmal1,732,,2
torkhalid272600,731,,1
ifubff,731,,7
mehmeh1363,730,,2
alaouite2,730,,1
MFiever,730,,1
chokobear1,729,,1
MarcosI25,729,,1
BarreraVMorales,729,,1
Atjo_,729,,1
313rina_,729,,1
misterr_senior,728,,1
joe_m26,728,,1
Aboalaiznordien,728,,1
hirashah25,727,,12
Ibrahim_961,727,,3
ROUZBEHZIAEI,726,,1
mohsen_academy,725,,1
alimlkiy,725,,2
LekometsaKarabo,725,,3
DanConst1234,725,,1
trevorbrisky,724,,1
palis24tine,724,,1
olroy13,724,,1
elydia351,724,,2
dkhtr32284,724,,1
SalekMahsa,724,,18
ShakirAnsari123,723,,1
DeclanK65470406,723,,5
zeeking63448798,722,,1
SiyasangaS33620,722,,1
AkramShadravan,722,,1
layiluz,721,,1
Nyicks_Wise,721,,1
sato_sakai,720,,2
HaticeBilecen1,720,,1
Goodlife55061M,720,,3
Faran_shiekhT,720,,1
Arsalanism,720,,1
sanjaytirdiya,719,,1
go__philippe,719,,1
arif3000,719,,1
abakioz,719,,1
ViewOfOurWorld,719,,4
Mohammad_tba,719,,2
IronSocialist,719,,1
6RiseAndShine,719,,1
Mehran_888,718,,1
MayaBhardwaj11,718,,1
KumbiWenyu,718,,1
HerbarsO,718,,1
AnthonyML1917,718,,5
Amolk007Dr,718,,4
orapomorapom,717,,1
gum_gashta,717,,10
MagTeerey,717,,9
JeremyTazilla,717,,1
Hjrdis32029357,717,,7
whirlbeyndTruth,716,,1
mim_dal_,716,,2
fotrose14,716,,5
colmirgo,716,,1
Salahkh723,716,,1
gies44001,715,,1
alirazahoon,715,,1
Siralexbaker87,715,,9
yukselis33,714,,1
pepemusk,714,,1
NickENubin,714,,1
Alnur_ir1,714,,1
AYPAKMUSLIM,714,,1
wwashiedc,713,,1
inthi047,713,,1
husain_564,713,,2
abdulwahidmalek,713,,1
SAJJADMALIK0207,713,,5
JayPaulKe,713,,16
5aifee,713,,1
rezaalal68,712,,1
navid_khoshnam,712,,1
Midnight_x83,711,,1
Arif74890482,711,,7
just_fau,710,,1
deluxe_cabs,710,,1
AbWaheed_JI,710,,1
exboy_masey,709,,2
AJIJOLA_12,709,,5
RifNazir21,708,,8
HydonRob,708,,7
hsein996,707,,1
CLH111354,706,,1
marcdav32453919,705,,4
anthonisopranos,705,,1
RuhiyaAl,705,,1
Nejludov,705,,1
NabiHAZRAT11333,704,,3
Lisette45920306,704,,1
AndyJay16634390,704,,1
Sadaf_Iqbal110,703,,1
Mim_Emadi,703,,2
KSKBLUES,703,,2
pamodulus,702,,5
betc0in,702,,1
TarinT86374,702,,1
hxmzxh_s,701,,1
UPAurora307,701,,1
Sarbaze_khak,701,,3
J_Miks,701,,1
ImSampey,701,,1
Haj_Rezvan333,701,,3
oroumnews,700,,2
Oga_toorich,700,,2
EconomicsBread,699,,1
ValipourMasood,698,,1
KNcreator,698,,1
DantonChidera,698,,1
CrazyKloppo,698,,2
iran_smaily,697,,1
waiswafrancis23,696,,3
Qautchat1,696,,1
PFontesse,696,,1
Murrtzz,696,,1
umarbahadurkhan,695,,1
MaestroMacky,695,,1
EmergentBeing,695,,1
reza_zarrinkouh,694,,4
TrickleTruth,694,,1
PaulDeathwish,694,,1
Nqayiya_01,694,,2
ThenIsaugh,693,,1
OyugiMarcus,693,,2
KevinDSamuel,693,,1
DroidAgent,693,,1
ApuntoHernandez,693,,1
shahkhan_2,692,,4
christoph4204,692,,2
_the_small_axe2,692,,1
RealWBTruth,692,,1
IranPress_eng,692,,1
FazilArzoo,692,,4
zedz145795,691,,1
sajadshia,691,,14
SoggyBiscuitBri,691,,3
MagicRowland1,691,,1
JLegalt,691,,6
JARopinions,691,,1
CagaoDesgraciao,691,,15
Zed_313_110,690,,4
Vaezivahid45,690,,1
MsNubianMermaid,690,,1
MemoonaJourn,690,,1
RealNews3362,689,,1
MaestrOM93,689,,2
KhairehMohammed,689,,3
AWBhutto,689,,1
robbyfadila,688,,1
ja_hoseinzadeh,688,,1
TheeeMissMolly,688,,1
SirMehdiB,688,,2
MAH458,688,,1
ovasili,687,,2
mtavakoliann,687,,1
AHabibi13573879,687,,1
jtabdulrahman,686,,2
Methodic19,686,,1
DrRahidul,686,,5
BellaHobbs7,686,,4
AJsaysOK,686,,1
zahidansar52070,685,,2
shahrokh1976,685,,1
lyhjazyyy,685,,1
edwinbazz,685,,1
Ban66259155,685,,1
AbbasFarhadiyan,685,,3
mehranmajlesi,684,,1
farhaanginwala,684,,13
aadilkhanjadoon,684,,4
DownwithIzrael,684,,1
zahrahralot1,683,,1
shaimaa810,683,,1
muhammed07242,683,,1
Arman_m_Yazdi,683,,1
MasterA79218660,682,,1
Caddie4jGuile,682,,1
lincey93,681,,6
iondc,681,,8
ThxCur,681,,4
Sibby128463621,681,,1
JillLaguillo,681,,2
A_m_meymand,681,,10
fredfc007,680,,12
baran13987,680,,9
shoomooz1950,679,,1
PierreY84568123,679,,2
Omwisuka,679,,3
KhinThi64921961,679,,1
Dad4life1,679,,3
AkbaryZhra,679,,2
0omeysamo0,679,,6
joanfarmer55,678,,1
horebaremamaci,678,,4
DoseffJohn,678,,5
upperdoabi,677,,1
rebrahimi,677,,2
Tweetychitchat,677,,1
AliMajusi,677,,2
Shahzad092,676,,5
Naveed_Talash19,676,,1
Mo_Haroon,676,,1
JonivdW,676,,1
shaer1370,675,,4
RealHania_,675,,1
Beezenletbeeze,675,,1
kamantorki_ir,674,,1
j_sharabyani,673,,2
galacticarex,673,,1
adajineth_sol,673,,11
Yvris_Nemesis01,673,,7
Shoki_Hayat,673,,1
R_eape_R,673,,2
lamanuzzicri,672,,1
NavrajGrewal12,672,,6
YeahCool_,671,,2
rashid4reall,670,,17
rachelzhaney,670,,1
kuwampole,670,,3
_vinnic,670,,2
MaahirAdhan,670,,11
CameliaCiuca,670,,2
marghoghnos,669,,3
Von_Wilhelm,669,,1
PerfectGuyUg,669,,1
NAfkhmy88233,669,,1
Mahdi_GMG,669,,1
LykinsGerry,669,,1
Erfan552059361,669,,1
noughtorcross,668,,1
djebudes,668,,2
SSgry20516,667,,1
SJHodler,667,,4
JerryExtacy,667,,3
mickeyode,666,,1
iammali252,666,,1
bagaha7916,666,,3
Im_DaPlan,666,,2
IhsanNaseer,666,,11
starr96602,665,,1
rk818697,665,,1
khannn555,665,,5
jucheposting,665,,3
JohnJoh38147570,665,,3
amirandarziyan,664,,1
MarhabaRamsey,664,,3
ChAliHusnain13,664,,4
0frt__,664,,1
bidani_bechir,663,,1
Darkcloudsloom,663,,1
51Valmir51,663,,4
sherivandenburg,662,,4
giro16669719,662,,3
anilsinghpnb,662,,1
slimane_dridi,661,,1
ippatsu_sendai,661,,6
IranInReality,661,,1
juanmisana,660,,1
anne_justanne1,660,,3
MaggieMae326,660,,1
am_bryans,659,,1
adekzy,659,,1
Shanu5393,659,,1
SarcasticQuark,659,,11
kilegeahmed,658,,1
Amid_1030,658,,1
waqar_1056,657,,10
mikovlev130,657,,1
khobb_y2,657,,2
jpqz50,656,,1
acropgtc,656,,1
SandyMoly,656,,1
Ok_Tania,656,,1
AndrewD52503372,656,,2
Alwaysbrokefore,656,,1
namgauds,655,,1
mariempalmer,655,,6
kenmiricho,655,,1
ZMnsh49223,655,,1
MhnazMrt8b127,655,,2
kunlexco001,654,,1
ftm_sdt_,654,,2
riya72083,653,,1
TPourseif,653,,1
hamed_ganj,652,,14
YAHYASINVARSARI,651,,2
Onedaya96472635,651,,5
MiceChief,651,,1
ChauvelMichele,651,,1
ALiAsgar998,651,,18
tamerajavempala,650,,2
ashrafh17,650,,3
Joneidimr,650,,1
JoannaSays,650,,1
Cassy090909,650,,4
sar_b_az,649,,1
duriansneedluv2,649,,3
NumbGroyper,649,,1
rynh288966,648,,3
mo_hooshmand,648,,5
TahirHussa99869,648,,4
Anthony76243021,648,,1
stahakazmi,647,,12
giant_birds,647,,1
chenabism,647,,1
RSwfyany,647,,4
MirAmarTalpur27,647,,3
researchtwitbo1,646,,1
Sekhmet100,646,,5
Saifkho16695177,646,,8
Mousacisse1,646,,3
Mehdi92984227,646,,1
wazriaq,645,,9
syssy39,645,,7
nPNJSKTGpZUlfx0,645,,1
Inert99,645,,2
AsifJanDogarISF,645,,2
noonu_online,644,,1
maaz1898,644,,3
ina_stoltz,644,,2
fntzyw1,644,,1
elekjappa,644,,4
MajdB3albik,644,,1
BigTunesLive101,644,,8
AlferiousPutin,644,,10
kaisteve3,643,,1
imamgardezi,643,,1
goldie94815448,643,,7
ShaikhM54535165,643,,7
RulaBintRashed,643,,2
mckay46847,642,,11
TravzzzWorld,642,,1
NeonHustleuit,642,,5
Anaraki_,642,,1
hoseinizadeh2,641,,6
VTorroglosa,641,,1
HomieCharlie,641,,3
harville_manuel,640,,1
cma_1973,640,,1
MoAhmadYahaya,640,,5
yaoshanhou,639,,1
mghtymth1,639,,3
fs_1994may,639,,1
Natoboss47,639,,4
ClaudiaC4r6,639,,1
pluto__hndrx,638,,2
Rocky295562,638,,1
MaryamMehr68,638,,2
mshraAl,637,,8
Thegoathpm,637,,8
Shima4Ali,637,,11
AlainPicon93,637,,1
AhmedI9x,637,,1
memin_gne2,636,,1
chipsandgist,636,,1
_TMFINR,636,,2
YoPalaz,636,,1
Yaremehrabann,636,,1
Iamaslam1969,636,,2
BestCoastEmpire,636,,5
AgentScorpion1,636,,1
xunaed,635,,1
tuheen17,635,,4
mujibzia1990,635,,2
iamboingist,635,,3
capetanakis1,635,,2
beembooss,635,,2
EleonoraLeona,635,,3
Andreas65920876,635,,1
yhn5dvysfzdx3lm,634,,1
ofolaju98887,634,,2
hamedshamspour,634,,1
earlyseed1,634,,1
WhisperRan57754,634,,1
sm_eft,633,,1
LockheedKepler,633,,5
Jahidsd77,633,,1
AliZaarei,633,,5
k_sig__,632,,9
Narges_1991_M,632,,3
Mohsen_Jandaghi,632,,1
Foggy_Winders,632,,1
DiBarta62261,632,,6
safiullahsahel9,631,,2
lazaman77,631,,1
oveyzs,630,,2
eliborebark,630,,1
atiyekhanooom,630,,1
Ehsan54706719,630,,5
DavidRotous,630,,1
magicbus70,629,,1
bfhddjfkdkxndb,629,,4
MrVeritas,629,,3
Mat_AN_84,629,,1
BharatAlphaint,629,,1
AliSubul15119,629,,1
duhdubduhduh,628,,13
2903DOT02_50,628,,2
phptest1,627,,1
cryptobaz777,627,,2
__caac__,627,,2
KRS_313,627,,1
Liza2Bay,626,,6
Diogenease,626,,1
fringe_canuk,625,,1
Nasleno1Nasleno,625,,2
alottofun,624,,5
almfrgiazan,624,,5
Mario007Afg,624,,1
imamibnbaz,623,,11
Norb7Ert,623,,3
MiguelRicci,623,,1
MARS309,623,,5
Fatimabanoo2024,623,,1
harakoozo,622,,4
eb_foroughi,622,,1
ali_sh_ae,622,,1
nilofarane56,621,,1
mr_nehemiah,621,,2
ZarinHossain0,621,,1
GeorgeLykissas,621,,3
varo_suleman,620,,6
BdalmlkM77522,620,,2
Alphapakistan14,620,,2
Ahadj7,620,,2
faba7293,619,,2
dolapomabinuori,619,,1
denismichel56,619,,2
cardiceeee,619,,2
PatrioticAdams,619,,1
Bra_Kondo,619,,1
Alisaeedhassan,619,,1
lihgton,618,,1
amzad2010,618,,9
alpziba_1585,618,,2
YoussefSMO,618,,2
Teddy110208451,618,,2
Irimfa_Eco,618,,2
MehrAfarinMoheb,617,,2
Franka1357,617,,3
DefendXJustice,617,,5
AgaAbid,617,,1
shahkarami_mosi,616,,1
peacemaker_ab,616,,3
khanun220504,616,,6
VoiceForPpl,616,,2
AmirDaherZeid,616,,2
wallfukinflower,615,,1
mag87vn,615,,2
hoseyn_ra,615,,2
fdupw,615,,1
el_camay,615,,1
TajerniaAmir,615,,1
MOduwaye,615,,2
rohanroyd,614,,7
SilviaReyesG2,614,,4
Hum_Imran_Khan,614,,1
BenShaykh,614,,1
Amirlashgariie,614,,2
MedicalScitech,613,,1
naabi_said,612,,12
hamid_nikou,612,,3
cornell_la65895,612,,4
badbit_0,612,,1
abs_mh1963,612,,1
Suvarnaradha,612,,1
Ingabir72782091,612,,1
BattlerUshiro67,612,,1
TheodoreRichman,611,,1
OpangoJnr,611,,1
Mzr_islem,611,,1
ISalmanLifeline,611,,2
FatemehSepideh,611,,8
lateeph_olawale,610,,2
eidah1710,610,,2
TebzaMalik,610,,1
Mur2us,610,,1
CianGaia,610,,2
Alwahid2105,610,,1
sigale123,609,,1
rapid4real99,609,,3
acemati,609,,2
ZahoorA90541430,609,,1
Hedgefunds101,609,,1
CelesteFayaf,609,,1
AhsanAliNeva,609,,11
AMokhtarpour,609,,18
TheFreedomRpt,608,,12
TMH651,608,,2
Ranyah313,608,,1
MUHAMME22009037,608,,2
Esfandiari_iran,608,,1
Cytoty,608,,2
CharteDeMunich,608,,4
AbdulBasitJibr1,608,,1
sadatmortazavi9,607,,1
mjabdolhossein,607,,2
ghanemipour_m,607,,1
dulzdg,607,,1
HadiKaraki89,607,,1
Filistinligenc_,607,,7
ojwangbonn,606,,1
NAgueda2,606,,1
MartinTarusenga,606,,1
Hamad_Gaskia,606,,2
garsay10,605,,2
dxf8rgcqxw,605,,7
aletaha69,605,,14
SolaceOfSoul,605,,1
Kaskito91S,605,,1
BozorgmehrJavid,605,,7
AhmadTgrema,605,,1
iEngineerNews,604,,16
humansrcrazie,604,,1
S40079741634,604,,4
Fati13594,604,,2
ChatPERDUU,604,,2
Tabrizzio,603,,2
Ramin_trader,603,,1
MrDitsi,603,,2
2ubair_khan,603,,2
Narges_mll,602,,2
JZAMBO2,602,,11
tarvandeh1403,601,,2
Wwjrd69420,601,,2
Tweetistaaan,601,,2
ImranHaiderSh14,601,,1
HadiTeymuo98988,601,,2
Asgharkeshavar7,601,,1
K_Clearsky,600,,1
BryEv2,600,,4
sha_rn,599,,2
HM80s_,599,,1
monarkmind,598,,2
__Behemoth,598,,1
AlMusttalim,598,,4
tomorwl,597,,1
krym17170928,597,,2
dbuzzx,597,,5
Tony_Park_,597,,1
ShahabuddinSh19,597,,1
Nothedayati,597,,1
Liar1,597,,4
EmilioLuna97423,597,,1
ConstanceSpryy,597,,1
Tetburyboy,596,,1
Mohamma17629911,596,,1
IRAN_in_Libya,596,,1
EskoHanelius,596,,2
tomarody,595,,1
iGeneralAladin,595,,4
YUSKHAN,595,,1
BlairGub,595,,1
pak78600We,594,,2
majarajo1362,594,,1
Soroush_1403,594,,5
Hasankhani1980,594,,3
strangebreed42,593,,1
danielkaddour2,593,,3
MariaPROli53928,593,,3
ActualAmericans,593,,1
AQUIB_ZAIDI,593,,2
14KUMAIL,593,,3
spartan007esco,592,,1
paytagh,592,,1
n_zahraaa,592,,3
kyaallo,592,,4
alikatusha,592,,1
TariqAl63992441,592,,1
Just_a_guy92,592,,4
IranZaminim,592,,2
VizenorMark,591,,1
AminRKE,591,,1
chris78688,590,,15
aleeiy__,590,,1
Raintreedogs,590,,4
MUSTAFAHADJIALI,590,,1
may_sea7hana,589,,2
Sortakaron1540,589,,1
sccizer,588,,2
Karl_Barxxx,588,,8
Happy_Serf,588,,2
FattestSack,588,,1
shaikhtufail94,587,,1
kapi1an_n3m0,587,,1
AliFarid2020,586,,3
zekeriyaTR48,585,,1
homigumnaami,585,,1
aorenda,585,,2
VlNA_NASCO___xx,585,,7
Jerry_R_Martin,585,,1
Auwalcfc,585,,3
2_gemi,585,,4
Aseriousman1386,584,,11
lidocainespray,583,,3
diggadoo,583,,6
VictoryBard,583,,4
ThinkingDoer_W,583,,2
SaadiZiba96781,583,,1
SHEYKHMAA,583,,2
JohnTONKIN14,583,,1
comrade_aliko,582,,2
Umer_Journalist,582,,2
NicolasSims_,582,,1
afshin8079,581,,1
SourisChau84464,581,,1
NOSITIVE1,581,,1
AntoonvanMaris,581,,1
saeidsyz,580,,3
gepc71,580,,5
eriq_13,580,,1
abwthmanfrash,580,,1
Maite558728,580,,4
GoleLaleh1,580,,1
abbasmostafavi8,579,,4
PrudentObs1,579,,9
MsRubyRedLips,579,,2
GenCrooked,579,,1
thoughtfelon,578,,2
juste58283,578,,3
Owais_ab,578,,3
DNKDRG,578,,10
mostafapourtag1,577,,1
ilam_kurd_98,577,,5
eebrvheem,577,,1
ahmad_rahimi321,577,,1
Philly_The2nd,577,,1
Kadkhodatwitt,577,,1
57Takamine,577,,4
rfp23,576,,1
nia1400,576,,2
ehsan_abdolahe,576,,1
Xulficus,576,,8
Demos_sr,576,,1
dzmentale,575,,1
TbediLebel1,575,,1
OnFireAbdullah,575,,1
Mubashiraijaz,575,,1
GeorgeJPaulR,575,,5
BVR_Falcon,575,,1
aligoudarzyy,574,,4
BarayElyas,574,,1
Ameer_goje,574,,1
AihanA72068,574,,2
Ahmad___Fard,574,,1
balik_k4n,573,,3
ares_vale_mars,573,,5
TodimuAbu,573,,1
SayyidHussein,573,,4
Roohi313,573,,1
LHeglin52255,573,,1
CynArizona,573,,3
Amzad8055,573,,1
Shmh6523,572,,1
Huma_Siddiqui,572,,1
FawadMasud,572,,2
CassanmagnagoA,572,,1
Alfred_yrn,572,,2
serhat1775,571,,11
ghoul314,571,,2
dokhtarebar_6,571,,2
Sofya_salam,571,,1
JecStructural,571,,3
Daud_Mazhar,571,,1
Amuktar_,571,,1
tjct1328,570,,1
taha18721872,570,,1
heisblitz,570,,9
Muhammadfullo,570,,2
KevinRemington2,570,,2
KamvelihleNgxo1,570,,6
roman_uez,569,,3
harshitg2205,569,,1
Ukiyo_e,569,,2
TAEM2Me,569,,2
OAbieha93991,569,,1
LeftyBlacksmith,569,,3
sahil_mansoori,568,,1
chucky063,568,,1
anya4yoga,568,,5
alen_tab,568,,2
TitoMzamo,568,,1
ShrimaanAashik,568,,6
Qoabi_,568,,4
KyPellettiere,568,,3
DaniAssaf9322,568,,1
Ali805790521116,568,,1
wu_delcastro,567,,3
n_kanaani,567,,2
defi_butt,567,,1
MahadOngom,567,,1
BinSalem86,567,,1
Anonlilly,567,,2
151_aldo,567,,3
franceskjavier,566,,3
_Zamakhambule,566,,1
LION__HUNTER,566,,2
Javad_ZN77,566,,1
JORDAN23H,566,,1
GVargas4617,566,,2
no_2_isis,565,,10
memedes1ma,565,,5
Cyrus791,565,,1
ClaudetteAarons,565,,1
moslamicbh,564,,3
mandla_putu,564,,2
haystham1,564,,1
gangakabeta07,564,,1
Pitafizameer88,564,,1
Jawad_Rajs_09,564,,1
CruzRefugi76742,564,,4
notary1024,563,,1
dianevmc,563,,1
S_R_Goddo,563,,10
PathanAli9,562,,6
CosCir,562,,3
AIAbdallah1999,562,,8
nayabinghiherb,561,,2
azeiz_moha40252,561,,1
TomoyaNganzi,561,,2
SKSteckle,561,,1
tonynjagi,560,,1
mmdglb5,560,,2
_Madoe,560,,2
Soo55mpd,560,,1
Odekacrypto6710,560,,1
KaranSi17341370,560,,5
IsraelPayes,560,,1
CarVik00,560,,9
dianawes,559,,1
colleggedropout,559,,3
Abo_saber0,559,,3
1974sedat,559,,3
_TIGERSTYLE_,558,,2
Ashfaqu58044174,558,,1
saadmaqsood,557,,3
Xinger888590031,557,,1
SidiModiboKane4,557,,1
Libero1012,557,,3
IgweFrancis16,557,,5
CezaryTP,557,,2
Banihashem_ir,557,,2
moussa_mamba_JB,556,,2
mikenarshing,556,,1
merchemermar,556,,2
marxcinho_,556,,1
fatsomolo,556,,4
RaineLang,556,,1
OELUAM,556,,6
Mitsecode,556,,4
Bcbc1027043,556,,3
saber2428,555,,1
mikenkosi,555,,17
iamsr_s,555,,1
Ongue062024,555,,4
C_M_2026,555,,2
haniehbln,554,,1
Lizzy86753099,554,,1
LOB2065,554,,3
Hilalud56886934,554,,1
DrftlsDissident,554,,1
bahramfm,553,,2
SwamadC,553,,4
Bonyo_Kennedy,553,,3
samue1420,552,,2
m31_3q,552,,3
ideal_freak,552,,7
hoda_najafii,552,,3
araromibeach,552,,4
ShHoseiin,552,,3
Saeidi_Muhammad,552,,1
renannmv,551,,13
lukyamuzi_david,551,,3
ibgiza,551,,1
hadisehsadri17,551,,1
VinVictory777,551,,1
Saadiq77,551,,6
HASANeTURGUT,551,,1
amiralisatar13,550,,1
SeaHorseDubai,550,,2
Mohamadpour1355,550,,1
Kmarxxyz,550,,2
ComEsencial,550,,4
Asidays,550,,1
4pH4ByVKdGtxPRK,549,,1
hattari16,548,,1
aseman376,548,,7
alejoHzOpinando,548,,1
RuhullahAli79,548,,2
Anthony_GIMS243,548,,12
ACaptiano,548,,5
85_98_,548,,1
seanyboy_13,547,,2
phuktuiter,547,,1
prodractil,546,,1
enesemrearslan7,546,,1
OldHeadWisdoms,546,,1
Oakenblunt,546,,1
Arbareales,546,,1
primomprad,545,,1
hasn_nmer,545,,10
g_wanggich,545,,3
NorredStan,545,,1
GuellichChr,545,,1
GKajashi,545,,2
2012Msheik,545,,1
qamarab123,544,,2
c_williams77,544,,1
RashtraNeeti,544,,5
MdRakib26423796,544,,1
Iamman_1,544,,3
EssueEj,544,,1
bluepenguin_wss,543,,1
fresh_yawson,542,,1
boozchaloo,542,,5
TorterraGrey8,542,,4
IdelmoMastella,542,,1
Hosseinnematiii,542,,1
ProPaternTrader,541,,11
MmmmrAmmm62694,541,,3
Carolin5833886,541,,1
BeingAabdi,541,,1
sobhanmaghsoudi,540,,1
finalmacro,540,,2
faiyaz_alam_81,540,,1
dokurzaaku,540,,1
debisaprincess,540,,1
amin_k22,540,,15
Nomenclature28,540,,2
ElCidRudy,540,,6
EKeshvari44254,540,,6
B79Boon,540,,1
yonel112,539,,1
louis20122,539,,1
jinnur007,539,,2
comebacklater90,539,,3
Neda53146029,539,,3
AhmedJAbdul1,539,,13
ursulafarends,538,,8
bageerahgorbe,538,,18
YellowSubm45706,538,,1
Nainna_J,538,,8
AlanaSmaragda,538,,3
yosamaa,537,,2
jarillapampa,537,,2
fizzbhau,537,,1
Yondayymme,537,,1
KenObi420389005,537,,1
cheeboozo,536,,1
CosmicPakistani,536,,1
njftwtf,535,,2
bfe_love,535,,1
alex48t,535,,3
aa_sf23,535,,1
SamIsAnIdiot77,535,,1
Progress4Afrika,535,,4
313_Gomnam_,535,,1
narmgiis,534,,1
GeoffreyKron,534,,1
DeepThroat_Ron,534,,6
Ahmedkamalkhn,534,,1
1988Raad,534,,3
tsplnly,533,,1
ithnkpositive,533,,1
h_nasserian,533,,1
GhoddosiMahdi,533,,2
FmBrasilVerde,533,,5
EvolveFiRE,533,,2
DubStyle92,533,,1
zukham,532,,1
TheKDoug,532,,1
Big_Eni06,532,,9
Asghari_Sani,532,,4
A_Rizvi112,532,,2
9jasGreat,532,,1
831de5,532,,1
yaksinhoojnr,531,,1
thackwell666,531,,10
mabdrahman79,531,,9
cl8DkMDALByclAk,531,,1
black_like_Mao,531,,2
HusainKapadia,531,,1
Ahmed0415073516,531,,2
substratum_,530,,2
burmesecommie,530,,1
Updates24h9n,530,,2
TomasOrpington,530,,2
Sorelis35030663,530,,1
ShatteredXLV,530,,1
QMosvi,530,,5
FAWWI1,530,,7
AmirJ3193,530,,5
thermoconomy,529,,1
mmohammadpoor1,529,,1
maf1a_rajput,529,,3
ildandy_,529,,1
desb74,529,,1
abuhadyyahya,529,,1
BradNumbers0451,529,,1
ourYemenVictory,528,,2
mohsenarab71,528,,1
eljuniortw,528,,2
bavi1365,528,,3
ali1995rvp27926,528,,1
_salmanajmal,528,,1
PechousBar66153,528,,3
MahMan1232,528,,1
Hesambababeig,528,,10
FITD350954,528,,2
naveedprs,527,,1
mmdtiz21,527,,3
fmlc22,527,,1
Lennox4321,527,,3
Bijan43214,527,,3
sanailing,526,,1
pishraft_e_fars,526,,2
nicktamereee,526,,1
farrahakil,526,,1
agharishoo,526,,1
adamJ13924,526,,6
a_gitonga,526,,1
Lee_Key_Ball13,526,,5
mirzamohsen_Gr,525,,1
ahmad_kz50,525,,1
ummuayo,524,,1
mhmaadd989,524,,1
cheesyDutchy,524,,1
Taymaz99298832,524,,2
P65096Pop,524,,1
IamHSK01,524,,1
FatemehsadatD,524,,1
AlexDagnie,524,,9
mhdrzofficial,523,,3
james_e_keogh,523,,4
arahmadimoughad,523,,1
creekslammer88,522,,6
biral_r,522,,2
abulhukama,522,,1
Yemi_yemi13,522,,2
Sergioa33719275,522,,1
S_saqi786,522,,1
HassanR01380242,522,,6
DrWaqasuos,522,,1
zitianothroos,521,,1
lionkin27360447,521,,1
lawal0la,521,,1
andolino_vito,521,,1
Syed_Jaffri_14,521,,4
Stephen7BX,521,,1
ShadiKyan,521,,1
Set4Empathy,521,,1
SahrAlgeria,521,,1
Omicron961,521,,2
KariukyyKamau,521,,1
CharlesTomey1,521,,1
CY0NG,521,,1
Al_azraq1276,521,,1
786alhumdulilla,521,,2
zargar1358,520,,1
manray244,520,,4
hookslight,520,,1
SbrFarah,520,,1
MortezaAcademia,520,,10
phmmy,519,,1
m_mikaeel_2011,519,,1
RumiRomana,519,,1
Its_Barone,519,,1
Amy_S_K_Wong,519,,3
thefaisalalam,518,,5
joeljackson74,518,,3
ammar_zb,518,,1
TopXiiiiii,518,,1
S_ahmadpour75,518,,2
Rezvan63902,518,,2
Hossein_gh00,518,,6
trinitron1979,517,,1
saeedj1367,517,,1
monica74746334,517,,10
lthargic,517,,1
ZNrmashyry84873,517,,1
UnU_Shory,517,,10
ShapurBozorg,517,,9
Aletheia_Edit,517,,7
MohsinK23,516,,1
JAMALRAZ,516,,1
riyaz8101,515,,5
Sadegh41576135,515,,1
PegahMaktabi,515,,4
LynMatt89664666,515,,1
HelleSamuels,515,,2
Ghanisarah2350,515,,1
shah__akbar,514,,1
panicmaxxing,514,,3
mstbyn97971,514,,2
mavera365,514,,1
jdcecilepet,514,,1
imjuliburns,514,,1
iSahib_,514,,5
edgarlando,514,,1
PRatgarfar,514,,2
HilaleLawali,514,,5
Guide9369,514,,4
oneworldonehome,513,,1
Z_I_M_Pakistan,513,,3
ToobaSanami,513,,1
sufrjo,512,,2
p_debenavides,512,,4
kpenney3,512,,1
juanholguinrome,512,,1
javierjaraes,512,,1
daoldgamer,512,,2
aroyehunaQBX,512,,7
WeTheMagpies,512,,1
SybJons1,512,,19
LonelyMan1401,512,,1
Heinstein97,512,,15
brucekimkr,511,,8
bellachrista25,511,,2
al_abd_7,511,,1
SDurendal55386,511,,1
Four4id,511,,1
james_AKE,510,,10
HaktanHukuk,510,,1
shenebraskan,509,,1
laoyeh11,509,,1
R3llvolv3rOc3lt,509,,1
Ni3_Dhoni_SRK,509,,1
Myroussya,509,,1
Flatliner15,509,,1
AnsariRashika,509,,13
nazantugbay,508,,3
madhog83,508,,4
SaraaAlii,508,,2
JEBREEL_SUBAY,508,,1
Aliforever1234,508,,4
GrayemE,507,,1
Ata65108892,507,,19
verysweetnaked,506,,1
Yaseeen02,506,,1
Iran_shhr,506,,1
ALHAJIKAUR73269,506,,13
andreas_m8073,505,,1
amir_hos110,505,,1
VictorObedHern1,505,,1
Proxenos_zh,505,,1
NuriaMa62952421,505,,1
Matkap_03,505,,1
MahdiAndalib28,505,,6
3strikesh0t,505,,1
sadiq_naabba,504,,16
michaelfelix711,504,,3
hh_bint,504,,2
gisamartinho,504,,2
TotalWar0,504,,1
SeyitEsendal,504,,3
theeternalfire_,503,,2
musama2123,503,,3
hussainoid,503,,1
aliiiiiiiiitfai,503,,2
aihseyah,503,,8
zeilem1,502,,1
tulomotlaq,502,,1
itstamimakhtar,502,,1
usmanpk702,501,,4
mohsani_,501,,2
fadaeirahbar110,501,,1
bluephoenix_94,501,,8
SurelySmMistake,501,,1
MehdiMalekyan,501,,4
IiMustfe,501,,1
HermesProject1,501,,6
AwdaSalim,501,,1
AsareGilbert77,501,,2
Amir_Nuri,501,,8
AliQasimZohair1,501,,3
AbdulQuddoss,501,,3
laeschlein,500,,3
abujaber162,500,,2
MishMish77777,500,,1
zahidali_ali,499,,10
truebeliever53,499,,1
tiryaki2184,499,,1
sydemad9,499,,2
alarnies,499,,2
MuundoHai_KE,499,,2
AnyesVIP,499,,1
sonoyami,498,,3
fatmaismailhr,498,,12
blueowlhouse,498,,1
XZouby,498,,17
She64373063,498,,2
Amer86792187,498,,1
0418kkk,498,,1
teddyb047,497,,6
plstnupdt,497,,1
mwariki,497,,5
dailypsyop,497,,1
NjauMuchira,497,,1
JDUBG,497,,1
FathersThor1923,497,,7
panepoptis,496,,3
kickzionist,496,,3
johandemeuleme1,496,,1
globally_just,496,,1
clifford_gwada,496,,1
RapaceXFS7,496,,1
Raj_4UrEyesOnly,496,,1
PilarBeltranCu1,496,,1
randomdudeXR,495,,14
metrictensor,495,,4
h_love313,495,,4
awesomeh5s,495,,1
PasdarHussainKh,495,,1
Miguel_Due,495,,2
Madman_00,495,,6
JakesMervyn,495,,1
DanaPensiun22,495,,5
Abo_sajed_badel,495,,1
AM_Aghakhani,495,,1
panah474,494,,1
mariacr02119022,494,,1
TedongNag4,494,,16
Nader1dande,494,,1
DuhTrendinTopic,494,,1
Ab_b0000,494,,3
supercreepsband,493,,1
nanao_nanagh,493,,3
hamis01,493,,2
gene_loh,493,,1
deniskubasu,493,,2
dantakum,493,,4
SemiticZionist,493,,7
MahdiSoltan88,493,,2
Imtiyaz91350487,493,,3
kydaher,492,,1
YzarraNilton,492,,5
sh_zi_13,491,,1
abaskamal201708,491,,1
YaseminAksakal0,491,,6
Migratoryb3,491,,9
Kaal_81,491,,2
IraninOIC,491,,6
Cryptob00k_eth,491,,2
14Waheedabbas,491,,1
johnwickO10,490,,6
Yugud001,490,,7
ShabaniHShabani,490,,1
Reza6392346,490,,9
Muhamma61706740,490,,1
MartinQ89871135,490,,1
Jonoob1703681,490,,11
DonnaDeMaria1,490,,3
omermallhi,489,,1
mydeere39g,489,,3
mokonzy2011,489,,1
gicolino69,489,,1
bache_modir,489,,3
alihussain_eth,489,,4
NymaSyf,489,,1
Auwalmahmud12,489,,1
AnasRunka7231,489,,1
5a85eb87c18e45d,489,,2
hoseeyn,488,,1
arturinorth,488,,2
aowan_29,488,,2
abdifat68405906,488,,3
HaroonBajw78793,488,,3
GraceDawn8,488,,2
Fazalabbas12125,488,,1
CachchCarlos,488,,1
BosiaMarco70557,488,,15
AMMadelle,488,,2
mistahlou,487,,1
Roksanayebaba,487,,1
Mohit_543,487,,2
AlisonF41336845,487,,1
1337gun,487,,5
yuigowea,486,,1
sama_lotfi72,486,,1
dagones4,486,,8
aleahmadp,486,,16
_LJJW_,486,,1
Khodada35272576,486,,2
KeytoHeaven4All,486,,6
FATIHA758348766,486,,4
Elderro_76,486,,3
BenMohhh,486,,2
najafnanji,485,,1
soberapprentice,484,,1
shamlouzhr,484,,1
musmyl,484,,6
mcat1616,484,,1
gobills11111,484,,1
VahidD81480,484,,4
Stam06,484,,1
MrezaTehrani1,484,,1
BiotechKarim,484,,1
yadavhemmady,483,,1
siddik_abc,483,,1
iiimranch,483,,2
deghteghfateh,483,,4
FreeDaP8,483,,11
Cardiff008,483,,2
Amrit_HxH,483,,6
ABK010,483,,5
sakaitaro19,482,,1
jdiazMorena,482,,2
eunice2980,482,,1
_maxmex,482,,1
Vrijmanstaat101,482,,1
Madam_Hazey,482,,1
HosseineJallali,482,,1
borsaciwolf,481,,1
bigsteve35194,481,,2
Yasser1324338,481,,1
SohailPasha19,481,,1
RochjanaTata,481,,1
ArtemisBanoo,481,,1
AdelZgheib,481,,1
regular4619,480,,1
nobodydied4you,480,,1
irilturel,480,,2
hajk1,480,,2
artaahmadi253,480,,1
WitoldStrzelcz4,480,,1
TaherParawala12,480,,2
Seyedalirezasa2,480,,1
mrmohh11,479,,2
johanes11084,479,,7
atlasturns,479,,8
artcartel999,479,,2
Victor91960962,479,,5
HoseynAshna,479,,1
Doctuscanidus,479,,2
Fowzy__,478,,1
nkululeko_tau,477,,1
jonas_strong,477,,3
fixol4all,477,,2
cyphermojo,477,,1
andy_dutta,477,,4
TardigradoA,477,,7
Queendom_ENT,477,,1
AvengrsOfKarbla,477,,2
king_1953i,476,,1
grace488987,476,,1
ancientform13,476,,6
almosthappy4u,476,,1
MyNameIsaeed,476,,1
JosephLimXD,476,,1
JibranShafiq,476,,1
Grey_aston101,476,,1
Aziz_22145,476,,1
yazahra2000,475,,1
sobhan9070,475,,1
linda_brisbane,475,,1
abGX843o4G29686,475,,2
Xpresn,475,,1
WNoorpur,475,,2
MAMIRISMAIL1,475,,1
EssexLin,475,,1
AyahFerGie,475,,1
AneebRiaz123,475,,1
AliRezaZare_Sh,475,,1
sobhanahmadi22,474,,1
PNWRadTrad,474,,1
Ezkaferno1373,474,,17
EvaOrteArte,474,,2
Devilkhan_143,474,,1
AsifAli95788859,474,,10
Aliiisasaniii,474,,1
Abini9,474,,1
ivarov54,473,,14
bintezainbiyoun,473,,1
YS1859047890583,473,,1
LetThemTry12,473,,1
JamilAlfrje,473,,3
Candyman_2025,473,,3
silozzy1,472,,1
MahmudBhaila,472,,1
IsmailH3695631,472,,1
prnzrab,471,,1
plekhmun,471,,1
lbfran16,471,,2
REmenac,471,,1
MohdHaydar,471,,1
Isis_assasin_,471,,1
Irajveerkashyap,471,,2
IMohsinMalix,471,,1
DonMilano11,471,,1
AhtyatAhmd83882,471,,1
zgrteki77869477,470,,2
koohevandzahra,470,,2
jaylu61959664,470,,8
isaaclichen,470,,1
auddin76,470,,3
obB7ZamyMuXaVvF,469,,15
mr_a_ghosh,469,,2
ibro224,469,,2
anti_zion2,469,,1
omarbr213,468,,1
Leonnniidas,468,,1
IsfahanMusa,468,,9
IbadatFakhra,468,,1
FreeCoffeePods,468,,3
BodesLBRTY,468,,2
saiharinathredd,467,,5
lygilligan,467,,1
ZnidarcicTom,467,,1
SarazCh39,467,,1
MrXperiencez,467,,1
Kravi009,467,,1
AhsanNaqvii,467,,1
slinging_brics,466,,2
scottandrewb,466,,1
jahera_donvix,466,,3
hamidnazem40,466,,1
deepdowndread,466,,3
Vvmmwb,466,,4
PNL_Wizard,466,,1
Nane6680,466,,1
JSnyd05,465,,5
AdigunLuqman,465,,1
neilrayjones,464,,1
lingardlee1,464,,3
keezxhAy,464,,1
iammohmed_,464,,3
hassan_takkar,464,,3
SaniyaS45321303,464,,1
Mr_Camdo,464,,3
ErikaSim454418,464,,1
BenedikteN28186,464,,1
AjimGKhan,464,,11
ugolini_g,463,,6
u_norma,463,,1
Sartaz_Aziz_17,463,,2
qaasem80,462,,1
niemand108,462,,4
madamglobal,462,,3
MamoonAftab,462,,1
MahdiHzq,462,,1
JustUsama_,462,,1
Alexandrapavlou,462,,2
AleRaza15,462,,11
Abro_27,462,,6
AMuirhen,462,,1
lYhTD7e5I9BVtfi,461,,1
iamYQ_,461,,1
eiali4,461,,1
POSITIVE_LIFES1,461,,3
MohamedALHajri2,461,,1
IronicRedpill,461,,1
GreyGloves2K,461,,1
t_g_arsham,460,,1
sarbazagha32,460,,2
mirtahirhussian,460,,1
mabahrami,460,,1
jjeebhoy,460,,1
ipersianwarrior,460,,6
aadushe,460,,1
Youngtilldate,460,,1
JcrPerez,460,,11
DrKasumbaUmar,460,,2
Comr_Sanusi1,460,,1
BameriAli,460,,1
washington38mar,459,,1
kropotkin0499,459,,2
ThinSlice77,459,,2
Nd21Rdl,459,,7
Fre48Palestine,459,,2
persiannee,458,,1
blitzcloud87,458,,3
SaineyGibba1,458,,1
MeenaZarmeena,458,,1
AJKavanagh3,458,,1
veritableview1,457,,3
tbabiieexo,457,,1
seyed_hastam,457,,4
mani_shehzad,457,,2
k1ka1der,457,,4
Sindiran23,457,,1
IberReporta,457,,9
Garbageilo,457,,4
imsuleman343,456,,1
ammar63087,456,,3
Sonu447741112,456,,11
Shams4musty,456,,1
MoisesMendoza67,456,,1
MdNaushad210197,456,,1
JadeyAfc15,456,,7
Azamora7,456,,1
AttilaKalm76521,456,,3
qkrdmstn123,455,,1
Narjes8686,455,,3
willwoods54,454,,2
seyedhoseen30,454,,1
logicalvoter,454,,2
lasdelnilopress,454,,7
kumailhsyed,454,,1
ChaffeHuw,454,,2
AngwenyiKefa,454,,4
balr_one,453,,3
WNewtonmburu,453,,1
TreesaGreene,453,,1
Mickey00Neil,453,,2
KarenKn36249961,453,,1
HasnainEMO,453,,2
quantumghoul,452,,1
laltain17,452,,2
_yar_ALI_,452,,2
Trulymerian,452,,5
FawziKhayat,452,,7
walking_Sadman,451,,1
toca_republica,451,,1
thesage9345681,451,,2
out_of_comision,451,,2
gerirochford,451,,1
espadaxespada,451,,3
drnadimbajkani,451,,1
TheRealMiff,451,,1
StoicSarcast,451,,1
RezaieMasoma,451,,1
ReedzuanH,451,,1
InvestorQuito,451,,1
Bonnie_Osciton1,451,,4
AkshatKohli7,451,,5
waltzingmonkey,450,,1
gorbahram,450,,1
Zaintweetz,450,,2
UbaidVector,450,,1
Soheil_Os,450,,8
elijahnaemezu,449,,9
ejlaluna,449,,4
albertoes9020,449,,1
BigGuyBry,449,,1
AnmarAbbas3,449,,6
verbotipobd,448,,1
sohailkhan1284,448,,1
schermoapois,448,,1
msbabu007bd,448,,1
mohsen_gol53052,448,,1
marcy540,448,,12
LORDNAMER,448,,1
Javad_zarvandi,448,,1
H__bio78,448,,1
HE4DEYES,448,,2
FarhanIsnt,448,,4
AsrarAmir1,447,,1
stillfree69,446,,2
monocular,446,,2
SewahRizla,446,,2
NaDew33,446,,1
Invitto_7,446,,1
IgnatiuosA,446,,1
GIOSECONDO,446,,11
dontbefooled321,445,,1
Vaucluse14,445,,1
Patrick38403611,445,,2
Hoseinkord55027,445,,2
AlexSayeem,445,,1
AdriIllu,445,,2
wrwmbt,444,,2
ohneka_,444,,2
makavelyDragnir,444,,3
hesha_m2018,444,,2
ghulam_res13598,444,,2
ZAkbari19929,444,,1
Soy_Tariacuri,444,,1
NDR366,444,,1
ANeukolnl1,444,,2
Majidyqb,443,,1
GUNewsNetwork,443,,1
Eng_Shady_Ali,443,,1
Beingsalmandie1,443,,12
AmiriMahmo33361,443,,1
otheruser2030,442,,1
nerevivalist,442,,2
jonesj,442,,8
dsids09,442,,10
blsutton,442,,1
Sakhile_Gebza,442,,1
DalriadaBhoy,442,,1
ClaudiaRacoglez,442,,2
yasamin1740055,441,,2
sydmostafa5,441,,1
nas_yahya,441,,1
mukarangaweku03,441,,3
behehshtiium,441,,1
SedAli_R,441,,1
rajabali6266618,440,,1
liiberte7,440,,3
jennjennforev,440,,1
ghazzawy_elnemr,440,,1
deliktas_aytac,440,,6
TenShagsUtd,440,,1
Imhsnbzn,440,,1
ayanlehsaid,439,,1
_berggeit_,439,,4
Ruslan11431897,439,,7
Rezaahadi_ir,439,,1
Kalam26409265,439,,2
IrfanPathan1612,439,,10
ImObaidG,439,,1
Harish_Mallick1,439,,1
DGrat3,439,,2
mitamuk,438,,5
maryamy5348,438,,1
mahmudolaguro,438,,5
e_manning,438,,6
Zain3Alabiden,438,,1
WestCoastKid99,438,,2
Rodneye9110,438,,1
Officer_003,438,,1
HsnRda42704,438,,3
BadBobin,438,,3
Amirhosein_213_,438,,1
AbdulQayyum7086,438,,1
khanmubarakali9,437,,2
ayanfahiye,437,,1
ava255f,437,,1
abw_hamz,437,,1
VandorCirkusz,437,,1
SahilAh14741,437,,9
Saffronboy93,437,,2
IranSlovenia,437,,7
FaA63076974,437,,8
BuchiqGedebe,437,,2
AntonioHMMx,437,,1
salam_ab,436,,3
mohsentanha84,436,,1
joseandres928,436,,1
arsallan__,436,,1
adark_1,436,,1
JeanJacques1956,436,,1
JCorrado1931,436,,6
AmaanQuest,436,,5
ydr987654321,435,,1
volgrim,435,,1
emilmalek8752,435,,2
currita24,435,,1
Um_Sabonete,435,,1
GalichetJoffrey,435,,2
lasem99,434,,5
TahaKaramKhani,434,,1
Karrvi_Baatein,434,,3
Gerard973154569,434,,4
El_Winters1348,434,,1
Bashir280994732,434,,2
Apurbo_3107,434,,2
Ankush0543,434,,1
zahid_haidari,433,,1
truthvisfalse,433,,1
mohammadas46191,433,,1
bowtiedlep,433,,1
bakingbolshevik,433,,1
TannerOfEarth,433,,1
Sunnykasmaei,433,,1
CnallA,433,,1
CheersFoods,433,,1
twt_me,432,,2
jouissance17,432,,1
fatemehhos27403,432,,1
RakanMallak,432,,1
Moltisanti0807,432,,1
MichaelJRowley3,432,,2
MFaezeh7487675,432,,3
Golazotz,432,,2
grannyofmax,431,,1
bigsam7_,431,,2
aliyousefi313,431,,1
Warrior6769,431,,14
Vojin_31,431,,7
Rickey_de1,431,,4
PeanakWines,431,,15
PChandr43659403,431,,12
MeSepul,431,,1
MaestroAdrianMP,431,,3
Lunexalith,431,,1
ForecastMacro,431,,2
BiliciFerhad,431,,1
txurini,430,,1
missroha128,430,,2
maslahaikoi,430,,1
kaschner_sheila,430,,19
huss1806,430,,1
UmarKureshi,430,,1
Gringo_Martin_,430,,1
AbyramHdz,430,,1
s94427949,429,,1
r20212021rrr,429,,1
iam_Galib,429,,1
RogueNetizen,429,,1
JervMax_45,429,,1
Iman67633,429,,1
sarasakura14,428,,14
maryam_shakib17,428,,1
lilinparis1,428,,2
LadaClaude,428,,1
Ibraheem2nd,428,,1
ArsalanTwt46089,428,,1
kara96_mehdi,427,,1
fairyjoon,427,,5
chargzz,427,,2
TunjiGbadamosi,427,,3
SotirisLap,427,,2
Raqwa3,427,,4
Aliazadi_1385,427,,1
loving4friends,426,,1
langbaai,426,,2
darksoul2131,426,,1
amjadhussainch,426,,1
TweetDisliker,426,,1
SayyedHossein,426,,6
MFaheemAnsari4,426,,7
GajimiIbrahim,426,,11
sekyls,425,,1
onaisyabbas,425,,1
mesopo1776,425,,1
ZrSadaf95360,425,,4
Dellahhussein,425,,6
tower_dk,424,,1
simpson_dk,424,,2
paradisebehesht,424,,1
YiannGe,424,,3
Sal996R,424,,1
Juanlittle42,424,,1
JAM_session_,424,,2
shah_i_,423,,1
hakancan1525,423,,1
chinju1080,423,,1
MysticTravel5,423,,1
HsnPyamy7874,423,,19
nmtraveller36,422,,1
galf_peto,422,,1
Sharpsight2026,422,,4
SH__Hamza,422,,1
Maser_sha1,422,,3
Damrod4488,422,,1
siqgla,421,,6
manuchao217,421,,7
heatedgnas12343,421,,1
SabraFajr,421,,1
HealingHack,421,,1
vahidfatahii,420,,1
thaerrb,420,,2
shanehussain110,420,,6
saymynamear,420,,1
nikolas_ma97338,420,,1
ZEN5959,420,,2
NonnaBelle1,420,,2
Nevsca1,420,,1
Christophegoka1,420,,1
imeanit77,419,,3
drabiddesai,419,,1
TrumperJill,419,,1
IddrisuJamal2,419,,1
Objective_Girl,418,,1
DennisOmbati275,418,,1
Bn4Tahr,418,,1
veeraj3103,417,,2
tsukaooya,417,,1
hadrian37,417,,2
doll_of_Misery,417,,1
Radwan03975415,417,,1
MuhammadMGD1,417,,2
LeratoNigus,417,,1
JWCtheone,417,,1
Be_Ruthless_,417,,20
fakebot696969,416,,1
basicdream007,416,,1
KingNikaan11342,416,,2
mhmdmhdi_asadi,415,,3
md9835131899784,415,,1
TigerCapJack,415,,1
Ali_Hassan_ch,415,,2
persistenceTa11,414,,2
la_mediania,414,,1
albnyn91076,414,,8
taufique_13,413,,1
sepehrjamali,413,,1
arwawani94,413,,2
SayidMuhammad72,413,,1
SalIneik1947,413,,14
PinkoJack92,413,,1
JustinWied20095,413,,1
Blue69Ice,413,,1
westsideguy3,412,,2
syakirfsam,412,,3
mahdinik347020,412,,1
imbensonmabifa,412,,5
cold0shoulder,412,,1
anjumzuhaib2002,412,,1
__mahdiyar313,412,,1
RubiAli144,412,,3
MasiPunished,412,,1
GCazike,412,,2
Dimaq389484111,412,,1
wadayhajisaab,411,,1
hadi_sharifi_19,411,,2
BhrahmantyaS,411,,8
BenniseLider,411,,3
raijunaid16,410,,3
nazaningolli,410,,1
TxCoastJason,410,,1
ghavam284350,409,,1
aslukas79,409,,1
ZahnadAgit,409,,2
KAMAL81308409,409,,3
EduardTraum,409,,1
sariftuhinbd,408,,3
mjyd_lml,408,,2
eiddor,408,,1
crsbar,408,,3
carl_kelly_,408,,1
bongokun,408,,1
VahabSamsami,408,,2
RezaHiwa,408,,2
Ramazannart9,408,,1
NikhilKurianN,408,,3
MesssmerGrace,408,,1
JimJames951155,408,,1
JaiBabu123456,408,,3
CorsaroGim,408,,4
ShahabGhas81491,407,,1
RayJackson123,407,,3
IRANinKazan,407,,11
HaimeOracle,407,,3
Fill_light777,407,,1
Alwy1982390,407,,1
ADMUHA1,407,,2
satyendrakanoji,406,,1
relewinde,406,,12
parsaei_fa57584,406,,2
gashtasb_babadi,406,,1
ali_rukadikar,406,,2
Tachai_213,406,,2
MdKhali75223787,406,,10
BannedLatino,406,,1
nnamq_,405,,1
mahdi_meybodi59,405,,6
isizwengcobo,405,,6
_selah__,405,,1
Sardar_Jutt22,405,,2
HafezSamirAssad,405,,2
EdilbertoRamr20,405,,3
tmamimo,404,,1
mahbubchow24322,404,,3
ericsphotograff,404,,1
Valuewhatworths,404,,5
Sky_Forest1,404,,3
Seniorita2810,404,,8
SelimFurqan,404,,2
SaraMessam,404,,1
Muhamma11388999,404,,7
Kadi76097000,404,,1
parrotsix,403,,1
norozi9011754,403,,2
nikolaydmitri,403,,7
factopener,403,,3
Nuredin18968925,403,,1
NujhatJelly,403,,3
MbshryMahdi,403,,1
MD_Zarei,403,,4
Diss_ociation,403,,2
65_pastek,403,,3
orhankayurtgan,402,,4
ali_rah23,402,,9
TheSlushii88,402,,1
Kinzajaved45,402,,1
KingAbraha90013,402,,17
Ibnu_Maulana22,402,,18
AKRIJW56AKRIJ,402,,5
7bqdbsz72v,402,,5
tarochin_lol,401,,1
priyaaarora12,401,,1
Sugnuhlrak,401,,5
JavadPirah25459,401,,2
DrLSDeshmukh,401,,1
ChivendeLenos,401,,5
javad__jam4,400,,2
elahehahpp37763,400,,3
diccogiale21,400,,1
cbreezy1998,400,,1
Vladimir1lic,400,,5
MKioko254,400,,1
LegendSinwar,400,,1
KazmiSyed_IK,400,,16
HamidRe31550108,400,,3
BrightoneDon,400,,3
Abhshek_Shinde,400,,4
sarashiraz17103,399,,2
reza6780,399,,2
kirktrades,399,,1
anthonywoldete1,399,,3
AliKakakhal,399,,1
theoverview_,398,,9
hadorehber,398,,5
ghader12752,398,,2
davenyamweya,398,,1
_sha_boii_,398,,2
XMLFTH,398,,2
Negan10866360,398,,1
Morales7CE,398,,6
Mahir_Al_Habesh,398,,3
LuisAnders77005,398,,4
DhillonAjit,398,,1
Crypto78614,398,,2
AbbasEsmaili92,398,,1
twittle46402935,397,,1
rogueswagger_,397,,4
aqilalhamzee23,397,,1
SteffensenDirk,397,,1
PeeTapeExpert,397,,2
MagaSlayer47,397,,1
MHKEYNIA,397,,4
Justgetthefacts,397,,9
mokriamir143504,396,,1
borjakzan,396,,1
azadorahahastim,396,,1
Xavier_2644,396,,2
ThinkivistBlog,396,,2
Akaljahwari,396,,2
xede55,395,,3
hosmontazeri,395,,2
fadel_almusawii,395,,2
YutaabBarzan,395,,4
HydryMrym13510,395,,1
Atifrafiq_,395,,4
zahidm63,394,,2
salehi_mey6,394,,2
rayd0ggy4420211,394,,1
qurban862,394,,1
jennylbenjamin,394,,1
hnrandglry,394,,1
godunov_borys,394,,1
baghiyatal28450,394,,1
LBazarian324,394,,1
CardiBen54681,394,,14
77hutaI,394,,1
skizzymullah_,393,,3
mesecnik1,393,,1
ali72605587,393,,2
YolcusuEhlibeyt,393,,1
NoRightToSpeak_,393,,1
Hashem68D,393,,3
DillonPerry7,393,,1
Amin_Ghorbanii,393,,1
pyare_khan00000,392,,1
SadraL60s1g,392,,1
Ovorss,392,,2
Hazrat25200057,392,,1
DaudiOmar5,392,,6
AyrjRkny94448,392,,1
sanaabanoo71,391,,1
albertomantuan3,391,,1
ZohaibChagani,391,,5
Moonzara,391,,3
Masmx313,391,,3
JungLeoJessica,391,,2
DulcePeric98049,391,,1
AGileSilver,391,,1
p36237,390,,1
Uurlu128936,390,,1
SotomayorJames,390,,4
MahmoudPar85931,390,,2
LauShot77,390,,17
taranrask,389,,1
priyasarasijan,389,,3
lovelyiran1,389,,1
igsaiyed,389,,2
delband_m,389,,1
daynahmk,389,,2
comrade_yugo,389,,3
Max19371,389,,12
Jodega19,389,,1
Jaradat2025,389,,1
IamPfiffikus,389,,11
GabbuJnr,389,,2
ArfanMasood2,389,,3
AlindaKarolyi,389,,1
1Antizion,389,,3
lugifer,388,,3
azamkhannz,388,,1
amyny33273,388,,3
_ldl_,388,,1
Schatten_G_S,388,,5
KhouryNawa37846,388,,1
Divyans56950290,388,,2
ChongGuru,388,,1
Anthony_Ohi,388,,1
AMINDANNYA,388,,1
tsunnaky,387,,1
azeemal79154073,387,,6
TrollinJigs,387,,1
RealMezmo,387,,1
Pits08012009,387,,5
HaroonR82800411,387,,6
AliBeydounAu,387,,2
AjariGhazi,387,,4
pascalbrocard1,386,,1
mispentyouth99,386,,6
komalkh41564662,386,,1
kalyanyangon,386,,1
cryptobrough,386,,1
ashkan_uyi87,386,,1
SamanehH42726,386,,2
Horkegraphix,386,,11
mehrangizzare,385,,2
james4699,385,,1
curried_cbass,385,,1
asmamunawar9,385,,2
U2Tsatsu,385,,1
Themba0381,385,,1
Sara7sa5vm,385,,1
NS5003618949538,385,,4
Gaziskhan777,385,,1
Franco564676025,385,,1
5imran5khan,385,,4
4Anjell,385,,3
313Trip,385,,1
yabwfsky55331,384,,2
scienceisforyou,384,,1
rlouis123,384,,1
bocajllessur,384,,1
__hussainali99,384,,1
ThePresidentUg,384,,1
SegawaAndSeon,384,,1
MahJavar,384,,3
Hasan_raza_,384,,14
ExposeZios,384,,1
thinkwere2late,383,,1
sach_n01,383,,3
rebellucion,383,,3
grishko_new,383,,9
goli00098,383,,4
abdolazim_1374,383,,1
Zurdonelsonp,383,,2
Thomas_S_Giap,383,,3
StevenWolf1017,383,,8
MajdSamin,383,,1
LifeofTence,383,,1
KautharMoud786,383,,6
GonzalesLaRosa,383,,1
thisismefloping,382,,1
semes1415,382,,6
fairnessbwb1,382,,15
Sonia_B_75,382,,2
NandhaK92853473,382,,5
Mansouralipourr,382,,3
MAHDIW20510182,382,,1
HarborWind83,382,,2
DialloPita93,382,,16
salari_taher,381,,1
fxy,381,,2
Leeloo8387,381,,1
Kyu_Pete,381,,1
Fahime1627678,381,,2
CryptosSisters,381,,4
BahramK77442,381,,2
76rst7825,381,,2
g_jamedaran,380,,1
esmeraldam26511,380,,6
alirizvi89,380,,2
Mrafati4,380,,1
HernsndezSaul,380,,1
Hayalnal1982,380,,1
2will_st13,380,,1
siavash4569,379,,2
polly_cobb,379,,2
lillyfdean,379,,1
j4zynt0,379,,1
iplerg,379,,8
fahume,379,,7
almusawi5121472,379,,6
Rezabayyat,379,,1
M_Latif129,379,,1
Julesy_OG,379,,1
HasaniShah50798,379,,2
DeltaVariant20,379,,1
AyeshaCH70,379,,12
tym38590379,378,,2
oneWoP19,378,,1
mikada1702,378,,1
itsHEZBULLHid,378,,4
ianbarker227850,378,,1
anti_Zionsm4eva,378,,8
abdussamad259,378,,7
Ninty__94,378,,6
AliFahs12345,378,,1
AAk79758237,378,,4
wasi_arain_2000,377,,1
subarustalinist,377,,1
spbsmnew,377,,6
nad671,377,,1
momindilshad,377,,15
jonyyboyyy,377,,3
emma_j_saunders,377,,1
duolaAmeng9011,377,,1
ToughBeetle,377,,5
Rc4031,377,,1
MLY_Iran,377,,2
JMehnes,377,,1
HaavaraAccords,377,,1
GeeLedger,377,,1
Amirrezaa65651,377,,1
Ahmed_mq7,377,,1
shashikantupadh,376,,2
saeedchehrazad,376,,1
paisleypansey,376,,3
muddx_2512,376,,1
kuffiyeha,376,,9
jafari_saj38885,376,,1
camarmir,376,,5
abbasstarh,376,,1
PenlopePortill2,376,,4
Hayabanoo,376,,1
DrMikeOchoa1,376,,2
Asdull1Muhammed,376,,6
AlisterNayi,376,,1
9hs5n_,376,,2
vahab_chandkari,375,,1
HsynSmty14556,375,,4
Dehartspeaks1,375,,1
tigershark791,374,,3
mahdimokhtaries,374,,3
Yaser_Mojtahedi,374,,1
StrandingP87372,374,,1
Beytull42217909,374,,1
zhrh1010818,373,,3
cyrus__emp,373,,1
botana37,373,,1
alibakhshy,373,,1
StanleyMachaari,373,,2
Qasimkh45879102,373,,2
Muz_m,373,,1
MrBtoux,373,,4
Hashtag1o1,373,,1
mergelink,372,,5
katutsid,372,,1
crispain,372,,1
_ilalang,372,,1
YusufAAsgar,372,,1
WIpopcorntime,372,,1
PassionateCule,372,,6
Henry__Corbin,372,,1
syedsabeeth,371,,3
realJoeGill,371,,1
Vriv__,371,,1
Alpha_2_Tango,371,,2
mugoogo,370,,1
adriwals,370,,4
Phenom4Eva,370,,1
NDAGUMBUKA,370,,1
M4VERICK_CARTER,370,,1
Ermiya13751,370,,1
DolatkhahM92904,370,,2
nahiid_movahed,369,,2
mhm80s,369,,3
kry1lbo54,369,,4
erfansoros57000,369,,2
drywshgiy61493,369,,2
WhyEyed,369,,1
Tinu19759065190,369,,1
Sajid_Ali_PPP,369,,1
Margare58984088,369,,1
MarcSargent7,369,,6
IndyRains,369,,1
Ava252110,369,,1
AbdullahT786,369,,1
shaffaafahmed,368,,1
johnmmcconnell,368,,1
hamzamaawiye54,368,,2
foroug_or,368,,1
RezaMoradi213,368,,1
MuLi1400,368,,2
FazlMahdavi,368,,2
DawnWagner66,368,,1
BekirAha,368,,5
BaghbanZm74826,368,,6
umayr,367,,1
srwsh_naseri,367,,4
jazzoniah,367,,1
imShahjade,367,,2
aaa13302880290,367,,1
Sousane79296321,367,,1
Salbostino,367,,1
Hamed_safaei,367,,1
Ashkunwashere,367,,4
AliIShah12,367,,4
saladin0070,366,,3
louay_8,366,,2
SydHsyny49951,366,,4
Resistanceonx,366,,12
OfelasA,366,,1
KaitMahomed,366,,1
JungleLawPak,366,,2
1986javaheri,366,,4
westandtherest,365,,1
solcoutocharts,365,,1
sahan_fagol,365,,6
moji_abdolahi,365,,2
hadi_khaleghii,365,,2
germn400,365,,2
blacksimurg,365,,3
anwartjj,365,,1
Mosesparody,365,,4
Jam_99X,365,,2
worldwide7,364,,1
smostars,364,,1
fdb313147206,364,,3
alkulana2,364,,1
OzymandiasRTRNS,364,,1
Mohajer_313,364,,1
MGP44395050,364,,1
Hosein3133,364,,1
BLUENINI1,364,,1
AliJbbar_PhD,364,,2
shaa_zaa113,363,,11
ajji_esmat,363,,18
__MrBear_,363,,20
TifahEfendijaG,363,,1
McMuIIah,363,,2
Marya_Popins,363,,1
HansGotsche,363,,2
FarhanK24953,363,,3
Ekene_Udeze1,363,,2
AIberSnake,363,,2
yougiho108,362,,9
shankarvijay08,362,,2
mohsen_n63_2,362,,1
iran18189,362,,1
binyamin90,362,,3
abasghader91172,362,,3
Tribal_2006,362,,2
PaulForres34735,362,,1
NoiceKhet,362,,3
JEregwu,362,,1
GDalt3,362,,2
ACaldoon,362,,1
27maYdei,362,,2
yanxsetiahardja,361,,2
voicetool,361,,12
truthseek3r99,361,,1
mohamad155591,361,,1
anacendrero,361,,4
aharunadauda,361,,3
Prismaticum1,361,,1
Elham85412931,361,,1
EderMarin1,361,,1
mostafaeroni,360,,3
kinghh80,360,,4
dokhtare_ariyi,360,,1
azamramli0901,360,,1
IMRANBHATI82,360,,1
ivvvvvvvvan,359,,1
f3reed_99,359,,2
camara_sylli,359,,3
Sardarzulfikhan,359,,1
Olohunishola00,359,,1
Nia__03,359,,7
KHALIDSJ2050,359,,2
DaunTehHijau_,359,,1
ABOMEYSAM12,359,,4
AAhtharu,359,,1
sossbosss,358,,3
smeltsa,358,,1
quietskepticX,358,,2
paeyeam,358,,8
kryptograph3r,358,,5
cayjun,358,,1
berriesandsun,358,,2
SjadSadqy79480,358,,1
Oschweizi68155,358,,2
MugheesDogar,358,,3
MarujoJacinta,358,,9
Hosseingha64402,358,,1
Fatih1969MG,358,,9
wezzyvedore,357,,5
side_hopelessX,357,,1
ramrom67,357,,1
naigelhosein,357,,1
jlyly18326,357,,2
biswajit002,357,,2
ally_yarrow,357,,1
ZariaziziZry,357,,1
SRoudehi80303,357,,1
Baqir00313,357,,4
AnabtawiKa32900,357,,1
zeelyofrunkah,356,,3
zargy824,356,,1
timothytercel,356,,1
rezaei_has63844,356,,2
cleverprime83,356,,1
azzam_badi,356,,1
ali_qarai,356,,1
Innocentkhan110,356,,1
GoyslopEnjoy3r,356,,4
heem_uganda,355,,1
falmata_abdiisa,355,,1
Yusuf27055686,355,,1
TheShaikS,355,,9
Rush1862,355,,1
Rhizlaine10,355,,5
OmarKhan3738,355,,3
Numrahkhalid,355,,6
HShori78853,355,,2
Benblag,355,,3
AnsaariSm,355,,2
Ali_nawaz_92,355,,2
3335j6Giso,355,,2
rmzni56,354,,1
lostdervishX,354,,5
khaleds657,354,,1
kalimullah___,354,,1
coracao_sombrio,354,,1
StarhSadat81983,354,,2
SadiPGujjar,354,,1
OsmanFehm,354,,6
MojtabaNoo48189,354,,2
GretchenCrawf16,354,,6
DI55ID3NT,354,,2
naz_suleman1,353,,1
nangstef,353,,1
imranvashyr,353,,2
fatherofideas,353,,1
bavi008,353,,1
SulexDongas,353,,3
SCOTCHNCIGAR,353,,5
OlivierH41225,353,,1
MoosaviRaz69202,353,,1
vahid_zidan,352,,1
ni_gichuhi,352,,1
larryhutcherson,352,,1
haid78166,352,,2
fluviaff,352,,3
ebrahimmir25104,352,,1
dyl_nurul_amin,352,,1
_financialguy,352,,2
Mozhdeh_Raad,352,,4
CabdiqadirAlaa4,352,,1
unicornrampant6,351,,1
paieilla,351,,2
fossens_IC,351,,1
bossman2850,351,,1
Yararawiya,351,,1
WilliamMun69298,351,,4
TheBitlandPrinc,351,,1
Pakistani90J,351,,5
IssaIssack1,351,,7
IdolineX,351,,10
HonestlyHussain,351,,2
muhd_yoo,350,,1
kennethscott51,350,,3
aliabbassayed,350,,10
SC0914,350,,1
RedArchivist,350,,1
MarquesGines,350,,3
LailaAmiri5,350,,6
BunyGreat,350,,1
AshishT23548179,350,,14
serxwese,349,,2
khaton1152177,349,,1
cuervingenuo,349,,5
ayman_ism,349,,2
arionw131504,349,,2
LamineD75677343,349,,1
Biotech_Geek,349,,1
Bilchain,349,,6
tammytammmyy,348,,1
savepakistann,348,,1
realpaidtriot,348,,1
raminjafariam,348,,1
hmdkpr,348,,1
asma_fatemi313,348,,1
alhrs96,348,,2
Xerxes575,348,,8
Powerplant78,348,,2
MisbahLaska,348,,2
DarrenShaqeel,348,,1
BakedCouchGuy,348,,1
ArashSyadi1,348,,1
Ajameirani118,348,,1
zamani6825354,347,,1
rabiayayay,347,,2
ilknurrak3,347,,1
bas1ji,347,,1
akreveus,347,,1
abdolmahdi639,347,,1
UthmanM70789626,347,,1
MjydP66083,347,,2
Dommekloot_01,347,,3
rohi_mahdi62455,346,,1
rezvan0028,346,,2
etrehman,346,,2
darvishra,346,,1
Nov9691,346,,3
KizitoJackson,346,,2
Kabirmancity,346,,7
Evilazulan,346,,2
Almuzty4all,346,,2
samtito1756,345,,5
raarsaal,345,,7
_GeoTakes_,345,,2
TeslaBull1500,345,,6
SairaAhmed178,345,,5
JuniorPlan111,345,,4
Boring1105,345,,1
Ahmad_LFG_,345,,1
AfJourno,345,,1
okomebiyori,344,,8
majdibraheem223,344,,2
lawdefender_,344,,1
ali_f90245026,344,,2
TheRealParis,344,,1
FarshidMirzadah,344,,8
lqgist,343,,5
homeless_crypto,343,,1
garabiglo59649,343,,2
dobbz777,343,,3
asif14,343,,1
Mrblock24,343,,5
Lavueltaobliga,343,,2
Lang21067418,343,,1
Khantmharabaap,343,,1
HrOk1401,343,,1
EmWieds,343,,1
DrShahidHEDP,343,,2
AleksandarPeru1,343,,1
1004_brian,343,,1
mehraban_yasin,342,,6
jpitsakis,342,,2
johndotlepage,342,,2
chathu87,342,,1
a_althabte,342,,1
_onyiii,342,,11
SB4Pali,342,,4
MohamedMo1610,342,,1
KaiC25423461,342,,1
J1618G,342,,9
BorisBotenov,342,,1
troyz78,341,,4
shujahoonmein,341,,12
mohammadjahans,341,,1
be0486,341,,5
NA8EEL,341,,13
MLotfi71561,341,,2
Lawrencenamaba,341,,1
KenedySande,341,,1
Hamid430300,341,,3
GhadiriAb,341,,1
EnergineersNet,341,,1
Chai_cheeni,341,,1
CarlStorey10,341,,2
nazifeyzab32507,340,,2
maaz_ahsan,340,,9
m_sarah58,340,,1
Secret_guy8,340,,1
PedramAqamoradi,340,,1
Mohammad_yawar_,340,,8
smaarttboyy11,339,,1
shahzada_rah2,339,,2
sh6858,339,,1
sb38581125,339,,1
nudrathussain,339,,1
irshadk72903409,339,,2
ghosthermes,339,,1
baran14281022,339,,1
bahman_jam27808,339,,2
_Ab__dul_,339,,3
WinningBernie,339,,2
ReNaqvi,339,,11
ROYA_R0,339,,2
Emilya3x,339,,2
BambuMeowww,339,,1
AryaSafayi31186,339,,3
4670de2475d64cd,339,,1
g0nz4l0g0nz4l31,338,,2
ezway2go,338,,1
alnass_kid,338,,3
TipuOsman1,338,,1
Steady_Lambo,338,,1
Shumzy33,338,,5
RTweetos2,338,,2
Nirvana_r67,338,,5
Mehmood55801076,338,,1
Dorud9,338,,1
BabadiBehrouz,338,,12
AzizMusarat,338,,1
AnishTum,338,,1
xtc_uk,337,,8
shirley24348765,337,,1
odaftae,337,,2
kaneezsayed2,337,,1
brianbru14,337,,1
akramjahanian,337,,1
ahm53375283,337,,1
SamboUsmanA,337,,1
RTaghvapoo76296,337,,2
GoboFraggleX,337,,1
DDjilali1,337,,1
AurelieTembo,337,,2
soulkinprince,336,,1
minhasabb,336,,1
assangewiki,336,,1
Zinad_313,336,,1
Moheb19840407,336,,1
MS78611,336,,3
BakiDiren,336,,1
AINTABBRUV,336,,1
zubair3712,335,,1
zndhmhr,335,,1
syedshirazi95,335,,11
paray1,335,,2
gwilliams_m,335,,2
Yasooori2,335,,16
MohamedVidhaadh,335,,1
M_Chubby1,335,,1
peakyj_,334,,7
hx_vtr,334,,1
hass07070,334,,3
hasa74288127,334,,1
canali625293,334,,1
SanabriaPer,334,,1
Raavizd,334,,1
KazemKhazaei,334,,2
HabibKh34325804,334,,1
Gods_merrcy,334,,1
GhassounGh83988,334,,17
Akinkunmi00,334,,2
Abdurrahmanibro,334,,1
segmentintender,333,,1
ro_taxaccount,333,,3
caandy_cough,333,,1
_tissakani,333,,1
ThisIsBoomer2,333,,2
RyanE_T_,333,,2
Nurhawira,333,,1
MindsetMatter1,333,,3
MiladTaher30,333,,1
MAquraishi93,333,,1
Hymn73983362,333,,2
HassanPKI,333,,3
AboifaziS86831,333,,3
zaryablive,332,,2
mataronkenny,332,,9
el_richard_,332,,3
duty2Xpress,332,,4
dordanehbaba,332,,1
TheHeretk,332,,1
PeteMali,332,,1
OSesegus,332,,2
HosseiniRa39464,332,,3
AliKhaiwaas,332,,1
resistance21549,331,,1
rahaazad574101,331,,2
ksamdani,331,,2
ali__jam1,331,,1
Waimea_1946,331,,1
WTF_WEF2021,331,,6
TroyShah,331,,1
SAZ_LLC,331,,1
MortezaAli1360,331,,4
JavedPalwal,331,,1
JahanzaibChoud4,331,,3
Iseisewilliam,331,,1
Dave92025002,331,,2
ChotaChatri0,331,,8
ynizami7,330,,1
shihab4513,330,,2
hiddenraz1981,330,,1
hbkdeadman10,330,,1
haidaralghazi,330,,1
WikiFever,330,,1
MindsMatterInc1,330,,2
CountaDr,330,,4
Commodore931,330,,2
vuslat_yldrm,329,,2
nowdanonline,329,,3
moh_ahmadi1401,329,,1
mangan62754,329,,1
kablaee22,329,,3
hussein11821,329,,1
ginnto3,329,,6
arashkborzoo,329,,2
SandraMillar6,329,,8
Salam_3_,329,,13
SaSenseo,329,,2
Problematic008,329,,1
NazimAl40672785,329,,1
HNasiri87543,329,,1
samadi_zei95969,328,,3
nilekid,328,,1
hmydrda24023,328,,2
MirzaRahmil,328,,1
GCarleton64,328,,1
DanielPark43278,328,,1
DNChangaingai,328,,1
BIoodyInk,328,,1
Abdullamosh13,328,,6
AMohaqeqi41508,328,,3
uyahia2,327,,1
isamarinho311,327,,1
hasan_s_tweet,327,,1
ebradarbule11,327,,2
bird107w,327,,2
abbashawk,327,,1
ShahabadiX,327,,1
MXoreyz58721,327,,1
KadirAnfield,327,,2
JhajiaDankar,327,,1
IsaRouhani,327,,2
IrfanQasimPHR,327,,3
73_miilad5,327,,2
41555Mina40646,327,,2
Yaghin_110,326,,1
TheCruzCruise,326,,1
NasimHaider2,326,,1
MobuliMalik,326,,1
KakaLupita,326,,6
HARJGTWO,326,,1
Eliasabiy3,326,,2
AtiqSiddique5,326,,3
mahdavi98967721,325,,1
hussain_111q,325,,13
TunesNotWords,325,,5
TBombadilf,325,,1
Roohullahjan911,325,,1
HamzehYouS,325,,2
Erfan923356,325,,3
DeRubrouck,325,,1
CleonPrism,325,,6
zainalabdin22,324,,1
sooshu94,324,,2
saharqureshi125,324,,4
neubauer_seth,324,,8
kvarol,324,,4
khaled353751,324,,1
huseindikko,324,,4
__Camil0__,324,,1
Realoilguy,324,,1
Najrani1,324,,1
Najdorf250,324,,1
M_NaqviBukhari,324,,2
DeeKonneh,324,,1
Bahraniyah,324,,3
AmirNaderifard,324,,5
xlw_01,323,,3
shabbr_naqvi,323,,1
mukamaibrahim1,323,,3
mstfahsini65,323,,5
moodi1825183,323,,1
macaclunes,323,,2
killthepedophil,323,,1
igpeib,323,,2
hamzakhn46,323,,3
gaschet06,323,,7
dehghannja27644,323,,2
abolfazl_NS313,323,,1
J051291,323,,1
CitizenWorldEU,323,,3
radar_kameradin,322,,1
latiff_halim,322,,1
elahe68314015,322,,2
bitbydog,322,,1
MbuyiseliSomya,322,,1
Afghanistan899,322,,2
tuomas_voh34744,321,,1
tonogr23,321,,1
draptorsbackup,321,,4
dapper200,321,,5
ZulfiManto,321,,1
YYlanaveva,321,,1
SlayerSissyall,321,,1
Shehryar_9,321,,4
SRazavee,321,,13
MechaRedEarth,321,,4
MajidGhanb37260,321,,1
GHusaain35811,321,,1
DavidBe28174891,321,,1
BeatTheOdds21,321,,1
prakashlalam,320,,1
mini_zabawa,320,,7
liquidtrain,320,,1
krimi157806,320,,2
karim0139698088,320,,1
alibeh44,320,,1
TraderYs,320,,2
SL65000,320,,1
RezaIrani2,320,,3
Mrjenabi,320,,1
Melikaghrbn,320,,1
KhwrshydSadeghi,320,,3
Carusoytgs,320,,13
Abbakaraffaan,320,,11
zunnunYN,319,,1
syahirom,319,,1
amirshaban72169,319,,2
Wabbit_Soul2,319,,1
OioStrategy,319,,5
Intezar_Mohd,319,,1
GMarvus,319,,3
AbdulDabite,319,,3
morteza62129344,318,,1
lushlins2,318,,1
emmygrey6,318,,3
arcadas67,318,,1
alhsynbnly3,318,,1
WajmaO,318,,1
Usmanab29085265,318,,12
Shinwarimama_,318,,1
RealAntiMason,318,,1
Proxima8,318,,6
Nietzschevive66,318,,1
MrymZmany70791,318,,1
MASOUD1775403,318,,1
J51057K,318,,1
AmmaarSarim569,318,,1
zahra_Mahs,317,,2
nagbanaganna,317,,1
morteza1447361,317,,1
levantkrey,317,,1
dialectic1812,317,,2
darbaweyne,317,,1
Smoker727,317,,1
ReadyToWin2026,317,,1
HabibRasoly1,317,,4
DoyHelix,317,,6
s_alireza61,316,,1
rezaeskand93378,316,,2
killerB003,316,,15
iamtauheed3737,316,,1
basedpine,316,,1
akhlaqahmad2000,316,,5
SeyedSeyfi,316,,4
NAHZaidi,316,,1
Jaswind83175034,316,,1
HapPyCarDUdE,316,,4
DaReal_REZ,316,,1
Apong386,316,,1
Abunwasi_2,316,,1
wardhigleey,315,,3
sara28124352679,315,,1
nooni786,315,,2
eibraheeim,315,,1
boudyamin17,315,,1
PaulSalvador26,315,,1
Ja_Aleg0,315,,1
Hoodonmi,315,,19
Andre3Verzaal,315,,8
AmirHmt329062,315,,1
Alponari,315,,1
Alkhalil73,315,,1
theislandnewz,314,,1
primetimes4u,314,,4
myjocica,314,,2
marzi9688548343,314,,1
m2kapa,314,,1
hikingpath,314,,1
georgemutegeki,314,,1
fazel_rajabipor,314,,6
MOHADSHAFIQKHA1,314,,1
Lozalinuxoko,314,,8
Kiikaley,314,,4
JusticeG59980,314,,1
DuneDweller20,314,,4
AineGeorge2,314,,5
Adelb73,314,,4
stauktrader101,313,,9
mansoor3378,313,,7
ija_soil_obinna,313,,4
balabappayo,313,,1
amirmog75539090,313,,1
RameshY47,313,,3
MineAndDine1204,313,,3
MatForPeace,313,,19
Konjour,313,,3
Kiyankhan,313,,1
JadThiab66550,313,,1
Aligholami111,313,,1
malik_bds,312,,1
iranwins2030,312,,1
abdulai79593230,312,,1
_Legendlegacy__,312,,3
TheLastSeries00,312,,1
Safwan83266340,312,,2
Nitish_YR,312,,1
JoohShiesty,312,,2
IthenthM,312,,1
HBiliardh,312,,2
Fed38817Rosanna,312,,2
F_Society01A,312,,4
AchPoso7457,312,,6
14babojan,312,,5
vida_rezai30877,311,,2
shaprk4,311,,1
pickledwords,311,,4
ninasfreedom,311,,8
mikaail130,311,,1
kinchann11,311,,1
casy1001,311,,1
bilalifyy_,311,,1
ahmadjsm717,311,,1
abdmuhaimin_a,311,,1
SonyaJoseS,311,,4
SocialistFry,311,,1
Sjay1000x,311,,1
KarenBu33164370,311,,2
FarsAlmsaw9246,311,,2
Esmail2001201K,311,,2
Diphasi_,311,,2
Alixsan66487018,311,,3
reza264066,310,,1
bahram350683,310,,4
amiramanipour,310,,1
abubakarr885,310,,2
Yes_The_Real_Me,310,,1
MdeeWiz,310,,1
Marco_Eff,310,,1
Abbasinan73,310,,2
tico_tonito,309,,1
thelichhking,309,,2
atuldugar88,309,,1
SosseConservare,309,,2
SHab29092021,309,,6
MnswrS97807,309,,2
Malik_Sam7,309,,1
JJ_H2K,309,,1
Ebrahimmoh40771,309,,1
Carlosart07,309,,4
BigDera247,309,,2
AramT961,309,,10
s_peligroso,308,,4
mehra1380,308,,2
finallyfamous02,308,,1
dinduNuffin2003,308,,1
bd_alzra,308,,1
TybhQ73689,308,,1
Raffrock78,308,,2
Gooddeedmyg,308,,19
FabriceCaline,308,,1
zdaisygirl,307,,1
kanimazn,307,,1
Zijne_Hoogheid,307,,1
Murtalaadoyaha1,307,,4
Mohamad31309976,307,,1
HatterpillerCat,307,,2
C0YFS,307,,1
yyxyhannie,306,,1
vicferr,306,,1
umarbarry25,306,,1
realkabirmkyola,306,,2
dibozijr,306,,3
aligardezi005,306,,2
YasirUl53055082,306,,1
TourageNikkhah7,306,,1
Stardustiam9,306,,1
MariamAlkh13338,306,,1
HOnas4,306,,2
GhalibounHaydar,306,,3
zarefz,305,,1
msnmansouri,305,,1
gazalandkay,305,,2
cryptoquai,305,,3
antideception1,305,,1
ali_hoseinee,305,,1
VoidFuturist,305,,1
TipoSolitario,305,,1
SThesamal,305,,1
OlooBenodhiambo,305,,2
Ms_hamedi,305,,1
Hiro_2000000yen,305,,2
thearchitect075,304,,1
smyr1478995,304,,2
obal68,304,,1
humzah119,304,,1
allthingsninja,304,,1
XENO319,304,,1
OwlCottage73580,304,,1
NM33745449,304,,8
IgnaciodelaTorr,304,,2
FranzDaga,304,,2
BedruIdris,304,,6
Bashir_2021,304,,1
Ba_al__Zebub,304,,1
Aqibleo13,304,,2
toranj100,303,,3
s_amirmirahadi,303,,1
ivannabbh0,303,,2
itsansiofficial,303,,1
faizabul212,303,,1
eclipticalD,303,,2
dearisleo,303,,1
aSILVERSQUEEZE,303,,2
RanaNas75592685,303,,1
QLalet,303,,3
FamousPlan,303,,1
Cyb_Exaucyy,303,,1
woc__,302,,1
isomethyl,302,,3
healthycheekums,302,,1
davood630136990,302,,2
biggmeee,302,,1
aliro56517,302,,1
WachiuriG,302,,2
Muhamma01530586,302,,7
MohammadRe606,302,,2
LotfiKhomeini,302,,3
AswathVelayudh1,302,,1
420Ravens,302,,2
javedud7,301,,2
ishizakii7070,301,,1
fmcapo,301,,1
TundeOlayba,301,,1
SAS13205034,301,,4
Patzigzagzig,301,,1
Nehalah25240292,301,,1
Jnoubiyeh12,301,,1
IAKNIAZI1,301,,2
Ever_Sure,301,,1
zmolml,300,,2
sanjaghakebishe,300,,1
mdsaif_alikhan,300,,1
billy_mugambi,300,,1
ZJalalian43877,300,,3
TheRealKingSthe,300,,1
ShawnDelta6,300,,1
Peanut468,300,,1
Hlowe8,300,,1
HeinrichMatthee,300,,5
AydanaTaji73393,300,,1
AngelBango,300,,1
AlexQuor,300,,1
shirazpic,299,,1
sankarahh,299,,1
mrkodexbash123,299,,4
ibraheemwunty,299,,1
aslamy_srbaz,299,,1
anticipator11,299,,1
Vijay40612217,299,,1
The_Nation_Hood,299,,1
SelemSer97938,299,,1
RBhati23,299,,1
Neda_lady39,299,,3
Eskepi_,299,,1
ChroniclesDegen,299,,11
Blend45333301,299,,2
AlakwaAnas,299,,11
275deQI,299,,1
xxadiqk,298,,1
samedaysameplac,298,,7
mohsen_abouei,298,,8
j_smith83632,298,,1
dipptak,298,,2
_konradpaul,298,,2
WrTLnPsr8HRhfcq,298,,5
ShahinN71,298,,1
Mel_S_7,298,,1
KingSmartist,298,,4
Intelante,298,,4
__tundeO,297,,1
TuyauPierre,297,,2
SyedSagarAlEe5,297,,17
GiovanniKadachi,297,,1
CaptainShiaaaaa,297,,2
hossein_ko3099,296,,2
dandapat_mukesh,296,,1
Famouss26,296,,5
F_CEAFE,296,,2
ElianaRoch16323,296,,11
Au_Shira,296,,6
5m4rt5tuff,296,,1
westwontfail,295,,1
saleem_1771,295,,3
mahdifeizi49668,295,,2
lisaadiliyet,295,,1
limitedinfinit,295,,5
i1gsuv,295,,1
diasporazm,295,,1
Vladimir77Lenin,295,,5
SecretAgent_313,295,,1
OoKauai,295,,1
NildoMauricio,295,,10
JoeCerny93397,295,,1
Abolaji_H_A,295,,2
tweetasad1,294,,1
shahid_77n,294,,1
kofi_owia,294,,2
inclusiveenerg,294,,2
NdabaFactual,294,,1
Madfethoy,294,,1
MBaqry22439,294,,2
KartharKing,294,,4
Gurilla17,294,,2
256Hustlers,294,,1
seyyidann,293,,2
lboezio,293,,2
ib_finest,293,,3
everydaytrek,293,,1
elkevinchico,293,,1
alwar_742,293,,1
alimala70226191,293,,1
ZaidAlAllan,293,,1
ZahidKh735121,293,,5
Titoqteimporta,293,,1
Tilewa54,293,,3
SalimianAm72368,293,,1
SahinNulu,293,,1
KurskPobeda,293,,1
Amin64861235,293,,2
rzgreksen,292,,2
aninymkanske,292,,10
SamerMElChami,292,,7
JaySocialX,292,,3
ItsdrealGreat,292,,1
AsithaChandimal,292,,5
moosiuo7,291,,1
mesuhailmir,291,,1
meanpunchtake,291,,5
jkengonzi,291,,1
aminghasemi1992,291,,2
Yemenihwr,291,,1
SUHTSO,291,,1
Ivansperspectiv,291,,5
HaywoodEdison,291,,3
Canego1940,291,,1
4UandMEnews,291,,1
tarzan48948,290,,1
surfing_mujahid,290,,5
as99781961,290,,1
ZaidNabuls6728,290,,2
ShemaLione1410,290,,4
NF_KappaB_TF,290,,2
LoulaZbest,290,,1
KrmyAmyr3567,290,,2
CynicistCapital,290,,1
Berlin8x6,290,,1
zhongnanhai88,289,,1
navjam1,289,,2
intothemoon12,289,,2
alfthegrey,289,,1
TTHenry90,289,,2
Shuuun1kubo,289,,1
RSalroo53778,289,,2
LiamCruz9955,289,,4
JerPico_,289,,3
realhombrearana,288,,1
mortezaram89828,288,,1
bodshole,288,,1
SinanAykur74242,288,,2
Ramin38285764,288,,2
No_strin,288,,5
Mohammadpooya_,288,,4
LeslieBrow58567,288,,1
Behnamed,288,,2
AhmdyMthrh66836,288,,1
AbabeelTheBird,288,,1
1marceloandrade,288,,6
lalalisaa237,287,,1
l_resistez,287,,1
krayemfadi1,287,,1
aslam_tarashid,287,,1
RANDOM_NAME221,287,,5
PulseOfPeac,287,,2
JulietBabie1,287,,2
ContrarianPanda,287,,2
AMehdi134446760,287,,1
watchextra,286,,3
vatandoust12,286,,4
nexusmarket,286,,7
b_cheune,286,,1
abamieda44,286,,1
UurMomma,286,,1
Ronnyzabal89700,286,,1
NaggerzUnited,286,,1
MegosChicco,286,,2
GShahid66,286,,1
FarmaniBeh6169,286,,1
CKawczy,286,,1
BaqrySyna52545,286,,2
AsgardianKing01,286,,1
4RealForeal,286,,1
mehdi_kiyaniyan,285,,1
mariellaprez3,285,,1
light_ofQ,285,,1
lentilcake,285,,1
intentionz007,285,,1
death2theI_d_f,285,,1
aniskhanspeaks,285,,1
alikuwaiti89,285,,1
PalestinianHere,285,,1
KyleReed1495416,285,,1
Isidro197756,285,,1
yolara153144,284,,1
jasaki1,284,,1
fanidunya1111,284,,2
ShadmanfarM,284,,1
Sagacious_E,284,,1
RyjitaRose,284,,1
NewBlackson,284,,1
Muhamma63369145,284,,1
HansLandaQ,284,,8
Amirarsalaann,284,,4
74_Farhad,284,,3
usufadamz,283,,1
saisoko,283,,3
karugo27,283,,2
josemipango,283,,1
gang_mu63970,283,,2
drtksaad,283,,3
ayowhatsgoodtho,283,,6
PrivatSahabo,283,,1
DrJMedina,283,,1
BluzMonk,283,,1
yahmeali,282,,9
razaghimorteza1,282,,15
feten888,282,,3
arete23,282,,4
YousifA24,282,,6
Uzumaki_Mateo_,282,,1
GaganOBhardwaj,282,,1
ExquisiteGhost_,282,,1
swazy450,281,,1
shahramtorabi48,281,,1
sandzzzzl,281,,1
lesilleofficial,281,,2
_JavierCast_,281,,1
Rob73437828,281,,2
QasimQasim342,281,,6
Mori_edris,281,,1
Hermitage742562,281,,1
BazariZabih,281,,2
AMIRALi149818,281,,1
samanmahmoudi9,280,,1
nima263894,280,,1
kaf_non53,280,,1
icmosha,280,,2
hasnain_taaj,280,,2
darya81666,280,,1
arb57235262,280,,1
ak47_pti,280,,1
PeacefulLaurie,280,,12
Pancorral,280,,1
Melanie90777036,280,,1
LysenkoGorilla,280,,4
Kitakamilton2,280,,2
Ic0n0class,280,,7
AeyyAi10,280,,1
AA82882199,280,,1
yoyamil1,279,,1
sushilk31082682,279,,1
qnqrc,279,,5
omar_farouq00,279,,6
noorkhalid07,279,,4
Sajid10119633,279,,14
RaatsR93740,279,,1
PineconeTofu,279,,6
PardonPaix01,279,,1
IAlquazi72515,279,,2
Ha1d3r1,279,,1
Eng_Wawire,279,,4
Devinerule,279,,3
1Afshin,279,,2
roshangard,278,,1
palacejester,278,,2
leonathh,278,,10
Vageta1181,278,,7
RanoRana59729,278,,1
PcsAtlas,278,,1
OsoroOsoroKE,278,,1
Manchuriatrump,278,,1
HamidRMAA,278,,2
BlakeCa38089571,278,,2
AmadZubair12,278,,5
sree94684626,277,,1
muthee_wamuyu,277,,4
kleptocurrency1,277,,1
hakverdi23,277,,5
amalik47194453,277,,11
YasinGarden,277,,3
DokushoShiko,277,,1
ABDULMALIK64744,277,,6
samichohen,276,,2
rajivkhan786,276,,1
nzhad8016,276,,5
mirzaa_mosaieb,276,,3
khayhongo88381,276,,1
halfmantuano,276,,1
fcopibe33,276,,3
chrissyo1313,276,,9
alihstem,276,,9
MalikFahad29323,276,,2
Idli_Dosaa,276,,1
8patacuz,276,,1
wleng23,275,,1
parra_miryan,275,,3
hos_mahdavi,275,,1
frkankscu01,275,,3
XandelXan,275,,1
SadafShamimlfc,275,,7
MHeydari5433144,275,,1
ILoveTirpitz001,275,,1
Ho3einSard59601,275,,2
HansDampfWasser,275,,3
ET_Comms_Zim1,275,,3
nasrat_fazli,274,,1
lkmlvc,274,,2
TARizvi,274,,3
ME71094827,274,,1
raphorhe,273,,1
apocalypse5ever,273,,1
aliakbri189951,273,,2
PermissionlessM,273,,1
Laroas63,273,,1
CyrusPGM,273,,1
CamelAnon,273,,1
BlackTempar,273,,1
vimbly,272,,2
riccarda_de,272,,2
n0b1lity,272,,4
mehmerzouk,272,,2
karangtaba,272,,1
fibonyacci,272,,1
evie__rocks,272,,5
eliazadi,272,,6
dkingfisher001,272,,2
_itz_jaybee,272,,1
TrznHvn,272,,3
Ahesanvadu,272,,5
theknowledgebit,271,,1
ssaj110,271,,1
majid_YM,271,,1
jdb595803075592,271,,1
abolfazlhypi,271,,2
_Mahdiyavar,271,,1
Zeno25,271,,1
ThistlesandFigs,271,,1
SchollFused,271,,3
Samanth35837441,271,,3
Pire_kharabati,271,,20
NoFilterJOnn,271,,1
Nahidlachini,271,,2
ElFrailejon_,271,,2
DanCoop91869630,271,,16
BrigithaFC,271,,4
AgarAbdulkerim,271,,1
sh54091502,270,,1
paki_yvr,270,,4
omidfj133,270,,2
mariaprecious12,270,,2
jannessr1,270,,1
guerrilla_psy0p,270,,10
ghanbari_h49004,270,,1
RikoPamung,270,,1
OShaktin35778,270,,3
MujibSafidcheh5,270,,3
Kishore253964,270,,5
BLarson567,270,,1
AhmedMo30516464,270,,1
sara_khan56730,269,,1
rha_rhayy,269,,1
qoroqchian,269,,1
pontiuspilateIR,269,,20
maheralbahrani,269,,1
imrishikesh143,269,,1
hoseininejad_a,269,,5
fitzgerald47166,269,,1
caterina77i,269,,4
TimothyBaguma5,269,,1
Rhman74737210,269,,1
Omiid33,269,,7
Niel76013379643,269,,1
MomeniSadeq,269,,1
z_ali_z_reza,268,,1
wkashoo,268,,8
ruch3003,268,,3
mohsen__a,268,,1
mehdi_sham33820,268,,1
mahmudisa529599,268,,1
hajjiwashangton,268,,2
gutfranski,268,,1
classicsebego10,268,,1
_MOALVA_,268,,1
SorodiMehd,268,,4
HRhymy53441,268,,2
Annewithane27,268,,1
zhr_mirzaei135,267,,1
uday7rao,267,,1
rnslms,267,,1
pidgineglish,267,,13
hkoc810,267,,4
feralapricot,267,,1
alvinjay_alvin,267,,2
Ruben_The_D33r,267,,1
ReporterHate,267,,1
OnceInWest,267,,1
InspireFusion,267,,1
FahdAlizai,267,,2
9Elenventh,267,,1
thisis_hari_,266,,2
realKeithAlbert,266,,1
_ismailbaig,266,,4
Yasser_Noun1,266,,1
Tyrambo,266,,2
Skappy19,266,,1
RezaGan17245,266,,5
NewValuechasing,266,,9
ModernHeretic13,266,,3
Maria67491293,266,,2
MDC_1988,266,,4
KingDrey34,266,,1
HalidBinVeled,266,,1
Haidery05,266,,2
GhaithAhmed117,266,,12
8Namrod,266,,1
ritamhakam,265,,1
ripsonar,265,,2
inja_san,265,,2
hd_teacher31019,265,,4
gqureshi07,265,,2
dspnakss,265,,1
Sonsofcyrus,265,,9
MohammadPournik,265,,2
GAbbasFazli,265,,1
Breezyzzrl,265,,2
ArtacusRex,265,,2
AdnanAhmadRana2,265,,1
cirilop89073615,264,,1
aboespersu,264,,1
_265__,264,,1
Wanderask1,264,,8
TWFAM2,264,,2
RezaHassanvand8,264,,2
Mustafa57414833,264,,2
BareaIlsa2,264,,2
syed_suleman1,263,,16
sports_4L,263,,1
scribblehard,263,,1
ne_ka_wa,263,,1
najib__daud,263,,1
eye_on_globe,263,,1
Tanakam2005,263,,1
RostamiRey59231,263,,1
Reihane_110,263,,3
Nabileziani1,263,,1
Kooshy16,263,,15
Hojatkatebi,263,,1
DaGuy20,263,,3
BenjJames_,263,,1
mnori671,262,,1
leamingtonspas1,262,,1
hairwaytosteve,262,,1
coolash73,262,,10
bdallh_kha11470,262,,2
alamotal,262,,1
SeyyedBi,262,,2
RamanvirGrewal,262,,6
NiaziSammer,262,,1
Mirzamir,262,,8
KamranH09589941,262,,5
HodaJ85696,262,,1
the_haiderali,261,,1
smstsi1,261,,1
muzomuhle_ntuli,261,,1
mohit2chaudhary,261,,1
jpee_empire,261,,4
jorginioxp,261,,1
ir_karmah1375,261,,1
dinara59920357T,261,,1
bineshoony,261,,2
asier_geme,261,,1
shaararsha,260,,10
newentropian,260,,5
mohammadta75873,260,,1
maebrusselhead2,260,,1
RezaAghababaei1,260,,3
ReadLi1010,260,,1
PapaQuaino,260,,1
Joel0014833,260,,5
Hosnakamali,260,,1
Giwwaaaa,260,,1
Armanullah93280,260,,1
AnnieMacim,260,,1
tabaas365822,259,,1
suz33n,259,,1
sshakerpour,259,,1
mrym3388,259,,1
maad_,259,,1
combovermullet,259,,4
artmis22156,259,,2
VIA1030836,259,,3
SekuruKeith,259,,1
HannibalBarca85,259,,8
HUSN_KHASKHELI,259,,1
CnwlStudent,259,,2
CloudSea_Pirate,259,,2
BindassPrasad,259,,2
shujakazmi11,258,,4
rank_j,258,,1
nothingisreal76,258,,1
niceboy975,258,,8
mustufa_hasan,258,,3
lynasraldyn2,258,,1
lamper9999,258,,15
fortierrosanne9,258,,1
altug_husnu,258,,1
abhinavtyagii,258,,3
Mugiwara_No_Ali,258,,6
LSplitttt,258,,1
JasmerBerwal,258,,2
HamidHeida50546,258,,2
AshkanPirzadeh,258,,2
Asad_ullah9,258,,1
frn44480935,257,,2
bahadiroglu41,257,,2
awadakerikeri_1,257,,1
Thomas30123136,257,,1
HaroonShahAce,257,,1
AmirHossein_Ra4,257,,1
1MarkD,257,,1
vpndotcom,256,,2
sdriankhmeinist,256,,1
raheel25255056,256,,3
katorin926,256,,2
annoyingue,256,,1
TumourousGuy,256,,2
TemitayoMo53170,256,,1
Seyyed_A_Hasan,256,,1
Roushan83350294,256,,1
KomaWatan,256,,3
KMssterr,256,,1
AsghrSlymy74711,256,,1
ehsan_1362,255,,1
TameezAli1,255,,5
KhazzanAl,255,,2
GuncelGercek667,255,,3
BIG__ISAAC,255,,1
slammed12523,254,,2
oe_tect,254,,2
mstevenpablo,254,,2
machostocks,254,,1
kouroshzandfani,254,,1
fightback1917,254,,1
ebMercury,254,,12
bleaverin1,254,,1
aad345,254,,1
The_Last_RollUp,254,,2
Sparkle4044,254,,2
HammAdKakar67,254,,2
GianlucaNarisi,254,,1
Desi_Daru_369,254,,4
Breezyofficial9,254,,2
Bitchfromd98737,254,,1
pablodean,253,,2
king0fheartsz,253,,3
MockingbirdEric,253,,6
Iron_Nomad42,253,,1
HermesOuranios,253,,5
shimada145,252,,1
rumiwali,252,,1
lemin97,252,,1
kn_mostafa,252,,1
dadsgroceries,252,,1
borsada1ihsan,252,,2
askwaseemafridi,252,,15
alireza_RN,252,,1
Wahakalaka1,252,,1
TheJumaAjuma,252,,9
Mostafasad23543,252,,1
Mavicamin,252,,8
MMehreganfar,252,,1
LukidDreamer,252,,1
FarvaharMo54273,252,,2
Az____zz,252,,1
AiliaJJ1214,252,,1
A6udawud,252,,1
vonpeu,251,,2
thibault_touch,251,,1
mushtaq_ir82468,251,,7
madaki_III,251,,1
kasraist10,251,,1
jackptii,251,,3
RGV_Design,251,,2
Ftmh188567,251,,1
Amir_For_Peace,251,,1
AAlphonce_,251,,3
shei78216,250,,11
desertpower97,250,,1
RuhiErdem7,250,,1
RaceMemory,250,,1
Lily1604505303,250,,2
Hassba1324,250,,1
AsxxiMoham11341,250,,1
wilmerivan1975,249,,1
soroush_sarlak,249,,6
shaamir_n,249,,7
omashyash,249,,1
nasir_tauhid,249,,2
imti1806_imtiaz,249,,3
ikefort80,249,,1
foroozap,249,,2
ekramwaris,249,,1
_BuxBeta,249,,1
YassTargaryen,249,,1
Othmanovich4,249,,1
Najm80A,249,,1
Maranga_O,249,,1
erfoooon,248,,1
adel94071,248,,1
Muhamma46707571,248,,1
Mubark_Rashid99,248,,1
JUZZSKI,248,,1
Canaanite_Soul,248,,1
Angela587164701,248,,1
1353_ahmadi,248,,2
sadtheartist1,247,,1
moh_ys7,247,,9
mehdiposts,247,,3
k_sevgiyle,247,,1
hiranur28868852,247,,16
dussardp,247,,3
aq_anonymous,247,,5
alhaytham_s,247,,1
MimiStukes,247,,3
McCloskeyShauna,247,,3
HP48Family,247,,2
FFacile26301,247,,3
CliffordMorara,247,,1
Cin84686,247,,1
BCResource,247,,3
Anjan8894631,247,,2
rafi_bokhari,246,,1
nilelapis,246,,5
marde_jawan,246,,1
benitoCEREpk,246,,1
SirVinQ,246,,1
Momo_Saleh_SN,246,,2
MiaSelly1,246,,1
MadEquities,246,,1
Komokxxxx,246,,1
HaloJumper77,246,,5
EhdiSabur22506,246,,1
Beunique_zahra,246,,1
AlAqeelJawad1,246,,1
zamann23,245,,1
zaidalhinai0,245,,2
mohammad000s000,245,,2
al_gadaffy,245,,4
abrahamovicle,245,,1
ShaheenSD619,245,,8
Oliver70454,245,,2
Karrar_Montazer,245,,2
JD0408,245,,1
mahi1959,244,,1
m_zolfagharian,244,,1
lexH369,244,,4
javadi62219,244,,2
Zaratustra7777,244,,4
VladeMaxFlava,244,,1
SilverSqueeze,244,,1
RazaLeaks,244,,1
RM_Gombe,244,,5
Manazir79179862,244,,1
MAsgari19,244,,1
Flashbotnic,244,,2
telephonic1892,243,,3
soymanuzepeda,243,,1
papaxycym,243,,1
mohammad136613,243,,1
krupalmakwana,243,,1
SiriusUli7919,243,,1
KB4JB2024,243,,3
JSmyh38360,243,,2
GenZInvestor,243,,2
GadhaviDevang23,243,,1
Balarabe_Mbi,243,,1
Abolfazl441,243,,2
vienawaitsforu,242,,8
shikiba_haghani,242,,1
samaher2kh,242,,1
ptshapes,242,,3
owksphere,242,,1
ib_hussain_,242,,1
eduardo_mustaff,242,,2
HubbulRaja1,242,,4
Gillybruno99,242,,1
timesofscar,241,,5
realindridcold,241,,2
isaactendela,241,,1
iddi_bashora,241,,3
godsbodkin,241,,3
daddyfaizalCAN,241,,1
alliswelly_name,241,,1
alirazavi_1394,241,,1
alimoonj,241,,1
Mtoto_Mkaidi,241,,12
Manbidj,241,,1
KhSafarpoor,241,,3
HistoryVersion,241,,1
xaanxxaanx,240,,4
warViewer1,240,,1
mxhrezprop,240,,1
lexlex99722746,240,,4
anodyn3,240,,2
aaaa_fuuun,240,,4
_rego___,240,,1
Syed_RazaHasan,240,,2
SummayalH,240,,2
RabbiBENJUDAH,240,,1
PerfectGoGetIt,240,,1
MukitHRahman,240,,10
MAK_45456T,240,,1
JohnSmith49hko,240,,1
Amirali_behesht,240,,2
AmanUllah499,240,,1
AfzalHusain_9,240,,2
tehmarali,239,,1
p_o_berubah,239,,2
hscarpenter2019,239,,1
dayani_aquino,239,,1
abbashindi786,239,,11
Rumba75306062,239,,2
RfyqM24383,239,,1
RKs_garderob,239,,1
CoolAbhi0,239,,2
Ash03921337,239,,1
Arsalan_Att,239,,7
yasin757422,238,,2
taysirlove,238,,1
lasota73,238,,2
jb01986,238,,1
geoexopolitic,238,,1
elvir_zornic,238,,1
buaLippa,238,,1
bayonettaNYC,238,,3
antizio_c,238,,10
adtramp,238,,1
SoulimanDiraa,238,,1
PATRICKTHUITA12,238,,1
MustafaMusavi4,238,,2
JorgeRoble71559,238,,1
IPE_UT,238,,5
sbzsrj,237,,1
mikaeilp444,237,,7
mariveen8,237,,3
gregsparry,237,,1
earthling051,237,,1
ai870875,237,,2
YusufuDaudaKan2,237,,1
SonOfAli_,237,,2
RohdeC94470,237,,1
McwPx,237,,1
MarshalBobBob,237,,1
MarbleQ47289,237,,3
KwthryS25726,237,,4
Fidoha_9,237,,1
CowOil_,237,,3
BigManHammer576,237,,4
A1Slimshady,237,,4
konvyslick,236,,1
baanoyeiranii,236,,1
amra634,236,,1
VicenteDiazt,236,,3
Thee_Last_Bon,236,,1
SVKant_83,236,,1
MarkKoekkelkor1,236,,11
MahdiAhmadbeigi,236,,3
EUOXIV,236,,1
itheumar,235,,1
heisemerie,235,,1
err0rnugget,235,,1
damianlr1,235,,1
beenawf,235,,1
TerrySolle,235,,2
Salim_Jayz,235,,3
MukeshK33048334,235,,1
AKWFresh24,235,,4
saeedanti666,234,,1
michaelmel42822,234,,2
mahtabshab14,234,,1
javanebasiji,234,,2
javadbat,234,,1
igomemay,234,,1
doglakihaters,234,,1
d_detectiv40968,234,,10
ayubbk11,234,,11
Zacariarf,234,,4
Raviraj_Desai_,234,,1
PeaceMaple23,234,,15
Alvi676,234,,3
vasseq,233,,2
hossein9088,233,,1
heed7709,233,,1
haniehJ12,233,,2
duplicateghost9,233,,1
dbkey23,233,,1
MIGSFARNUM48,233,,1
Choud60799Waris,233,,9
Abbas_Qamar96,233,,1
vipervenum_x,232,,2
moltisantiiiiii,232,,1
behnamtalebi2,232,,7
RozaJaparova,232,,1
RodrigoFGT,232,,3
OrdoniShok9477,232,,1
MobBarl86108247,232,,3
MiraiMirain,232,,1
M66Mi141359,232,,1
EngineerMeena20,232,,3
Astro9848,232,,1
yukeks,231,,5
yporquenoporque,231,,1
m_unfckwitable,231,,2
jaseem2411,231,,1
danxiwer,231,,2
azadi1366,231,,1
aryaitihasa,231,,1
PaddyKeenan0121,231,,2
JBoyata,231,,9
smustakim087,230,,1
nadiavin25,230,,1
lee_dapo,230,,1
kwthrbaqrry,230,,3
jeremy576134160,230,,1
annaphelps86,230,,2
ahmedanimates,230,,1
Hatefhatef,230,,3
AhmedKeshta970,230,,1
yufsco,229,,1
urmomsuranium,229,,1
systemcall30,229,,2
abed71190215,229,,3
_andres_z_,229,,1
SubterfugeAtlas,229,,4
MuskaanMujahid,229,,3
Moses79staff,229,,3
Mobamba32,229,,3
HadyNwrwzy,229,,1
FarzanHusain1,229,,8
DavoodSoltani,229,,1
o0hk_,228,,1
jaccogardner7,228,,2
functionalistis,228,,1
fatima_ras01,228,,2
dawn2042,228,,2
asobercannibal,228,,3
allohelene,228,,2
Zibana_jelvebaz,228,,4
NancyCa39652373,228,,2
MartinKoshy,228,,4
General_Kerm1t,228,,1
CorniotC40475,228,,2
AngelZehra10,228,,1
AliKanji4,228,,2
AbstractHermit,228,,1
waseemwaseem998,227,,1
sidimb3,227,,2
rurarurira,227,,2
johncar31572065,227,,1
hussainhasani,227,,8
carlivar,227,,1
Warriors152,227,,1
MwebazePeace1,227,,1
KatGee20,227,,1
IRLknowledge,227,,1
IKIdeaEndorser,227,,10
Habibur16524174,227,,12
CeeDaMan71,227,,2
AramRuhig,227,,2
AbdulKaadeer,227,,2
wills_carloss,226,,1
abbas_ayaran,226,,1
Roshi_76,226,,5
PorahN17560,226,,1
LiberalLeopard,226,,1
Fuzzygish,226,,1
Ashi__Mashi,226,,4
Americanregime4,226,,16
mcbarry450,225,,2
leaf_op,225,,1
javy_p15,225,,4
izi_zahara,225,,1
f1z1l,225,,3
arnold_kara24,225,,1
aliqumber44,225,,2
abediny_ar,225,,1
TahirKh29609867,225,,2
JosephBongani2,225,,1
Daisymaymegan,225,,2
88Niiiko,225,,1
reyhanehjabarii,224,,2
mohal_04,224,,4
hajahmad1970,224,,5
gov_truth,224,,1
bugrasaltukhan,224,,2
Semito52331978,224,,7
Pk_iAhsan,224,,1
Ma7h7mad,224,,1
HeidiMelbourne,224,,1
Ebrahimsanati,224,,6
spacejamba,223,,1
mwdmwd122654,223,,2
mohammedzain55,223,,1
jimmyfanuk,223,,1
happilyvikE,223,,2
gtavasoli,223,,2
elygud,223,,1
ahmad_saakib,223,,3
Zahra__sn,223,,1
UmairIsmai36267,223,,1
TayebAhsanSiddi,223,,1
SalSweetSalt,223,,1
ODasanayake,223,,2
Hioshimas,223,,2
shahcontractor1,222,,1
sajjad195422,222,,1
rgv911llc,222,,1
rap1stcat,222,,1
paulv4608,222,,5
iameagle786,222,,9
cvj04,222,,1
careberryjay,222,,2
PF61644273,222,,1
Nafisehhh_,222,,5
MariaPa89480999,222,,1
HZiIfipK3xCmzUI,222,,1
DrGhaziAfg,222,,1
Dianne1099243,222,,2
83da34,222,,1
httbyf,221,,8
hmohammadi1981,221,,1
c795b336c5424b5,221,,3
bobkhanna,221,,1
VerySeriousPP,221,,1
SethRic48846411,221,,1
EckhouseGabe,221,,2
DeMiomandre,221,,1
syed_israk,220,,1
shutkimach,220,,2
shahrul_annuar,220,,1
khurramgoraya2,220,,1
khawajausman92,220,,1
fadlallahhusse5,220,,1
ShafaqUsman66,220,,2
SamareZehra12,220,,2
Mustafiz_RA,220,,1
Makhdoommohiud7,220,,3
JosephBroome9,220,,1
IperuOlamilekan,220,,3
CostasBruli91,220,,1
AsgharA26134567,220,,5
soulinmountains,219,,1
kingmoss0,219,,2
ikhanquetta,219,,4
hadibeheshtiii,219,,1
crmsnglry,219,,2
c10_amine,219,,2
TahirRazak,219,,4
Sheriffmoh_,219,,2
Power2842799410,219,,6
Kikashinigami8,219,,1
Kate91926748,219,,1
Ibraheemkbr35,219,,1
unseen_light,218,,1
khaldro53747048,218,,11
catheri74619234,218,,6
_Reshoketswe_,218,,1
Sravichand,218,,1
Riahi_asl,218,,1
NTavabi,218,,1
Muzzammilsalim,218,,1
ManojTy89675880,218,,1
DMCQ74,218,,1
BeFreeEternally,218,,2
Badkarma881,218,,1
AhmedNasir6,218,,1
atadyemen,217,,1
__TingusPingus,217,,1
Shahab_CAS,217,,1
PlasmaAsma,217,,2
MagajiWorld,217,,10
Lester_WJAZ,217,,1
KermanIran88,217,,2
AhmadNa24486272,217,,2
7Hadilou,217,,3
tirmizi_ii,216,,1
natheee2,216,,1
jo3FNgcjfTuS7Mw,216,,2
insanlk131314,216,,2
hat_asimov,216,,4
azeb_khattak,216,,1
YassenAshtree,216,,1
WHATNEWSL,216,,1
Ssaeedmadani,216,,1
Omida4k,216,,13
MuhammadXi38326,216,,2
MlleYintifada,216,,2
KSRH787,216,,2
JackMintt,216,,1
DCO_IHP,216,,1
Aliiiizam,216,,2
v4_t223,215,,4
usmanqadri280,215,,1
landomr_,215,,5
emaswarisan,215,,1
alirida_mb,215,,13
abujaako,215,,1
TumuAbdullahi,215,,1
Stephan23886490,215,,1
SamFearnside,215,,1
Richcast1234,215,,4
KushWGeorge,215,,1
Krishna37012563,215,,2
JoeyNoTora,215,,1
JBizz09,215,,1
IAJT1210_2,215,,1
Akakhan243,215,,2
9dnxq46n2s,215,,2
wolska_polska,214,,4
momereal1,214,,1
mehdisep313,214,,1
magnificantkhan,214,,1
levent873456874,214,,1
iamAmadSiddiqui,214,,2
UAtiogen,214,,1
TheZane14,214,,1
Shawnfour,214,,2
Saeed9935najafi,214,,3
M_Amirpour,214,,10
JoyOlgun,214,,1
Iskander25_,214,,2
Hammad7665,214,,14
GrantReds,214,,8
Danish37907351,214,,4
AlfMabrook69,214,,1
59ranjbar,214,,3
vittorio_b01,213,,8
schwapniel,213,,1
safiullah_rahu,213,,3
pastiakandatang,213,,1
osinthexagone,213,,1
moradi_abozar,213,,3
mahendran_87070,213,,14
evapomez,213,,1
William44459942,213,,2
WSyb22,213,,1
SulaimanKhan_X,213,,1
SScanali,213,,3
Piotr791095,213,,1
Mslim122653,213,,2
IMPREZAGDBF,213,,2
Hashmi_2016,213,,1
BazanesMaria,213,,2
Asim_AlGhamari1,213,,1
Amin_apple20,213,,1
yokabud,212,,1
moh_pak96,212,,8
h4msterr,212,,2
bihari538,212,,1
atilla34aybars,212,,1
abbasjaun01,212,,1
a7mad_Ebee,212,,2
JuventudCamba2,212,,1
Junior41904286,212,,2
INFINITE_MKH,212,,1
FahadAMisson,212,,1
EliSol2509,212,,1
DRYasHajiii,212,,3
skhan2775,211,,2
mochelii,211,,1
justicelovepeac,211,,1
ghostus88,211,,1
danm_ke,211,,5
aresudis,211,,1
Zanstonks,211,,2
StateCatholic07,211,,6
LogicalWatcher,211,,1
HoshyarZeryan,211,,7
BigPappieEndo,211,,1
sherif_oloyede,210,,2
rezatabrizi,210,,1
mmdlgryby350049,210,,1
home__land__,210,,1
elahez2026,210,,1
caas1912,210,,2
biboubibamodoss,210,,4
bhavik_shrimal,210,,1
Zaza38778420,210,,2
Taban137070,210,,1
OrinJericho,210,,2
MokiJoon89,210,,1
Mnah1ee,210,,1
Eng_WahBa_56,210,,2
CorinaJimmij,210,,1
AliZanganeh1_ir,210,,1
AhmedMasoo63521,210,,1
A_Mehdi92,210,,15
rachel_aas,209,,2
po_dion,209,,3
haschenmaher,209,,6
haroldyuen,209,,5
SuperMan1750089,209,,9
KarachiFoodshed,209,,1
AttarSeyyed,209,,1
zappsocio,208,,5
xxia767,208,,3
svetechno,208,,1
sharzil92,208,,2
newloony_tunes,208,,1
mohammadma46043,208,,2
mbasilm1,208,,2
jm2_Fab,208,,1
itoldyousodude,208,,1
hajamin167,208,,2
bytheditch,208,,1
amir110hr,208,,1
Uncle_STULIN,208,,5
Rafaelrey_7,208,,1
NoMoreOccupying,208,,1
MusharrafAmin,208,,1
Elaheh69228485,208,,2
DonJulioII,208,,1
iamkhan638282,207,,7
hoda_kazemi1997,207,,1
gm_TalhaBayub,207,,3
RezaeianHamid,207,,1
Mostafa_abikar,207,,1
MiaLegidoQ,207,,6
KINGJUDAH14477,207,,1
shayan_niknam,206,,2
mrhostyle,206,,1
maxmaganap,206,,3
maha_sad313,206,,1
irhma17,206,,2
illegalwiretap,206,,1
hosseini_t,206,,5
constnt_trvlr,206,,1
bernardpok178,206,,2
akbari1441,206,,2
Tweittweit,206,,3
S_majidi110,206,,9
Ommolbaninnik,206,,1
HermesVase753,206,,4
HassounHaydar,206,,1
FellowColonist,206,,1
Ehsan48899803Md,206,,11
DJSlammin,206,,6
CommieCarney,206,,1
4_freePalestine,206,,5
tioho3,205,,10
dibbidydum,205,,1
ZohreZarei,205,,5
Waxxybaby1,205,,1
UMAhmad920,205,,1
Roninsuper5,205,,1
OrugaMarvin,205,,12
KingDanyalH,205,,1
CaineroMirella,205,,1
AndyKrypto,205,,1
mrs_rje,204,,3
mao_maxi2,204,,1
gazanboy123,204,,3
Tiffanyyoung1s,204,,9
SovietNecromanc,204,,1
HARBINGERXKR54,204,,1
FRFdeLiberal,204,,1
Delvinhastam,204,,1
BEEEY18,204,,8
stephyandjj,203,,1
salar69182334,203,,1
md_sahid41637,203,,1
log44og,203,,1
faryalak,203,,1
chaat_papri,203,,2
arif6009,203,,1
adil_to,203,,2
_proud_bangali_,203,,1
Noboby,203,,1
NeneKhone,203,,1
Masrii21,203,,1
EastblockS3,203,,3
marquessdesists,202,,6
kevinzas425,202,,1
ashoochehr,202,,1
arthurpsouza,202,,1
alitoufeyl,202,,1
abid072,202,,2
_Jfreedom,202,,5
VianaSando75747,202,,1
MaticBets,202,,2
KyleWLawrence,202,,9
BayatOdhiambo4,202,,1
BBWWblack1,202,,11
Ariii107,202,,2
AlamAsadyyz,202,,1
0xnvllptr,202,,1
zulsery,201,,1
yurvensis,201,,2
solosabs,201,,3
rupeshpandey432,201,,2
manheb,201,,1
lattxo_,201,,1
hsm13607611403,201,,3
haikopp,201,,1
fatema575,201,,2
ali_roshani,201,,1
Ummah1One,201,,2
ShyamikaPerera,201,,4
Scalabanga,201,,1
NfEPbJE8UY5uNS0,201,,1
Janvani2,201,,3
DigitalLeaf4,201,,2
BriefMogadishu,201,,1
winekas,200,,4
talc_m,200,,1
masterg_ns,200,,2
khashayarjl,200,,1
integra9290,200,,10
bryomuch,200,,1
batoulghaith_,200,,1
ahsanzzzz,200,,1
Zara_Kyan,200,,2
YHeidarpoor,200,,1
MohammadAlinez5,200,,6
MOHAMMADMM03,200,,1
CaraRamage0503,200,,2
CIO100x,200,,5
A1i313wqq,200,,3
zmohebian,199,,4
the_9th_hokage,199,,6
silveirinhat34,199,,5
loveinkomugi,199,,2
cnslman,199,,3
bobbyknucksss,199,,3
a_mujahideen,199,,1
_DilipReddy,199,,1
NaveedA54344181,199,,1
MarkoKralj50103,199,,2
Lacuevadelpensa,199,,1
JupiterKnowsIt,199,,1
FatimaF92506,199,,1
DaveShiv8,199,,1
whiteboyislam,198,,1
payan_bi51866,198,,1
mortezagarmroud,198,,1
majidwo,198,,1
ibnealisyed6,198,,4
i_am_astraw,198,,1
Zanusbd,198,,1
Yyc81M93127,198,,8
MashoubiEl,198,,1
yuvi4real,197,,1
truthsocialy,197,,1
seyednoorbakhsh,197,,4
pouletquiaunvis,197,,5
kasno_1,197,,5
jp_mlf,197,,2
farhadmehrabi56,197,,1
drwhale686,197,,1
ctec233467,197,,1
MondayGodfreyW1,197,,1
BartolichMM,197,,1
Avicenna2r,197,,1
udyn07,196,,1
sadeghbrave,196,,1
psycheprofiler,196,,1
juani_ron0,196,,1
cog_roos,196,,1
UrduNaamWala,196,,2
TheOnlyR_EL,196,,10
ProfessorHt,196,,1
PhillipJcry,196,,13
Nora_Libey,196,,4
Kiyastiah,196,,2
KingDavidash1,196,,7
KTO160,196,,1
HimuraElBatusai,196,,3
ruhel_k,195,,2
rimawahab_,195,,2
leylajun,195,,5
kikerae,195,,1
kazoudine,195,,2
fawadakhan,195,,3
arionarzan,195,,1
alton_triana,195,,3
Trader_Sayeed,195,,1
TAlfqyh34737,195,,2
Senteuk1,195,,1
Sea_soul777,195,,4
Rabia_Mughni,195,,1
NFLProBowlFan,195,,1
LAltbr25222,195,,4
Karar75768423,195,,1
GununKonusu,195,,3
GhannadiMohsen,195,,4
ETHVICTIM,195,,1
yucelozgur12,194,,7
rajatsaha_,194,,1
khademi_m33806,194,,8
ghmotavase,194,,1
doofenshme41344,194,,1
donfelohke,194,,4
cemeterymoss,194,,1
btw_Its_Aftab,194,,1
analcapone666,194,,5
YSinvar28671,194,,2
UnthinKing1,194,,4
UNammu9,194,,1
Mohammad_B22,194,,1
MianNabeelIkram,194,,2
Mairali_Sageer,194,,14
JFF062024,194,,5
HSR2014,194,,1
Dr_es313,194,,3
DevAlikhani,194,,1
tanwirovich,193,,2
esmile27,193,,1
amir_sarpoulaki,193,,1
ZZ8663,193,,1
V_Bakhtiari_313,193,,1
S_J_S_SHIRAZI_,193,,1
Mogwai_Man,193,,1
MariaCa28207786,193,,1
Haider_Raza3,193,,1
FredEngels5,193,,1
Conkreta1,193,,3
Bronwen739004,193,,2
BlahBlaaaah,193,,1
BahaduriHasib,193,,1
Anya__4th,193,,1
siniorarash,192,,1
oguzeskici,192,,2
naiksar,192,,1
kernowkid1,192,,1
Vigilantmona,192,,1
VV5rQycmE980528,192,,1
GuiOhm2,192,,1
AbwJhaf94045,192,,3
Abu_Reyhan96,192,,1
marxzit,191,,1
maranja01,191,,1
joru_josh,191,,1
albrnsaz8888,191,,5
ThomasJohn84554,191,,1
SigurRos69829,191,,3
Shahzad76417269,191,,1
Sedjavad_,191,,1
NazAbis,191,,1
NHSh_2,191,,1
KareemAkbar11,191,,1
JK06041842,191,,3
GianlucaDAgos13,191,,1
EricMuthiani7,191,,6
Dante1172863,191,,1
Bolhalbol,191,,2
Amal_Ali80,191,,1
Alimaktabii,191,,1
AKTanara,191,,1
victoriraq,190,,1
thefostdotcom,190,,1
munchinthesun,190,,1
mubashirali861,190,,2
mohsensstn,190,,1
f_mozaffari,190,,1
aless_seo,190,,1
Mhenga78,190,,1
Mdmurtaza_10,190,,1
Light_Quix,190,,9
IranAlAire,190,,2
Iam_SjafferS,190,,13
Advanced_Iran,190,,6
vedder_andy,189,,1
maroofanjum11,189,,5
elcapitanleb,189,,1
cambouzia,189,,2
bergbauern4,189,,5
Tarcante,189,,2
Libano145,189,,7
KeshaniSajad,189,,2
Jeff_J_Mitchell,189,,4
JamesMartinKer1,189,,2
GregGioffredo,189,,1
Charlie140962,189,,4
Benin_Messiah,189,,1
110Iliya110,189,,1
yusufvali_yusuf,188,,1
tamergawish,188,,1
muhammed_adas,188,,2
lokutmokutt,188,,1
kinyua_franc,188,,1
fasahat_110,188,,4
dokhtare_khan1,188,,1
behdarpour,188,,4
ahmed_omais,188,,1
SiriusXSimurgh,188,,1
PorterKregness,188,,2
Mtalibani01,188,,1
Mahmadcr,188,,1
Khapar25,188,,1
Hello_India4u,188,,2
Danial9014,188,,1
DISASTER__X,188,,1
AllAall369071,188,,1
AlainPa1,188,,1
Ahmed97Ab,188,,1
wotdafookm8,187,,1
jerry444livenl1,187,,1
gabito108,187,,1
camilo2946,187,,1
beijbabeij,187,,1
alihuss08629903,187,,1
_x_handle_,187,,2
PrandtlSama,187,,1
MostlyMoral,187,,1
Mehranred,187,,1
Mehr_ay,187,,1
Amir_ekt,187,,1
AhuddKhan,187,,1
ubaidbaggio,186,,11
sizi92779,186,,1
shiathetruth,186,,3
samer10168,186,,4
sadiq_jelle,186,,1
persi4cs,186,,1
nohmanali123,186,,4
itsjnoubcity,186,,1
hajkhanooomm,186,,1
anthropoorlogy,186,,2
V56096x,186,,1
SakibReja787,186,,2
MosesVet012,186,,2
JohnDoeOSINT,186,,2
GOAT9000,186,,1
EschatologyM,186,,6
DcDxii,186,,3
zQ3310,185,,1
tarpagad,185,,1
namaloomafrad96,185,,1
moosamoosaavi,185,,2
marukh129,185,,1
djavous,185,,2
castro_scar,185,,2
alikarimdoost90,185,,15
Sinabhg,185,,4
NastaranMahjoob,185,,2
MattHyd64533465,185,,1
Mahdi23298423,185,,2
Gilgameesh_,185,,14
DariuszRzeszow,185,,1
zolekaM1,184,,1
urooj_ak12,184,,1
nonoemqq,184,,1
heyazadeh,184,,2
charlesmirrors,184,,1
boomdooomcycle,184,,1
Syedhasnain_92,184,,1
ShabirAliBhat1,184,,5
MNaqi15,184,,3
MA_zi97,184,,1
Louqie_,184,,4
JeshuaRox,184,,1
ImzeN7,184,,1
GamilKanaa97637,184,,4
Christi40560374,184,,1
BilawalAhsan99,184,,1
1Godfearingsoul,184,,11
vmorenobon,183,,8
stranger034,183,,3
smalam087,183,,2
siddig_asim1,183,,1
kolani96,183,,1
hllyn155667,183,,2
hadisenafs,183,,2
critical_entry,183,,9
asadansari110,183,,1
PeddyBlue,183,,1
Panah121,183,,8
LuqMat,183,,1
Leiva92M,183,,1
K_North_Bold,183,,1
HP_222_92,183,,1
FTweets789,183,,1
AlfonsoCas11689,183,,7
slam_slamshah67,182,,1
mdameerbaig,182,,2
kartiksriniva12,182,,1
f_krissie,182,,1
chigozie1188,182,,3
OOnetone,182,,15
Mathias90290430,182,,1
Kalimer99657451,182,,2
Drshahzebmrwt99,182,,1
Catalonia011,182,,7
BestFurqan,182,,3
vishalbaldaniya,181,,1
dsgbuu,181,,1
amardmukhriz,181,,1
Mazenis,181,,1
LailaSalime,181,,2
Kibmenops,181,,2
Crossroads_2022,181,,3
AdnanBa34614107,181,,1
sasuke364964ani,180,,1
nabuchodonosorx,180,,4
mirdilmurad,180,,11
Shinzo20260319,180,,1
Iamiasnaveen,180,,2
Emmanue61585479,180,,16
xFabulous7,179,,1
wiknelli,179,,1
syedonalt,179,,5
niaoshanyi1988,179,,1
margoacecha,179,,1
ionaryu,179,,9
haatkalika,179,,1
ghasem1200,179,,1
faizy099,179,,11
esmaeren44,179,,1
SpessMehreens,179,,1
SheikhWaleedM,179,,1
MohamadiEdu,179,,1
HossienMazloum,179,,7
Der_Invisible,179,,3
BaxtermoBS,179,,2
vatanparasttv,178,,1
pj140398,178,,1
musawase11,178,,5
loemahdhoo,178,,2
kayoishokuan,178,,2
etemad_vahid,178,,2
akhir_hussain,178,,1
MuhdTasiuisah2,178,,1
Muhammadiali786,178,,1
MakdaTofiq,178,,1
HouseDecrypto,178,,3
Hassan702067558,178,,1
weneedcontext,177,,2
s_saz25,177,,1
mimtheman1940,177,,8
mdmujtaba19,177,,5
maryamjamk,177,,1
lilyoftheeast1,177,,1
fulihang2009,177,,1
eczaui,177,,2
dragonmama79,177,,3
bsnanar,177,,1
behimim_bckup,177,,1
alirezabab62238,177,,4
a_ajaved,177,,5
SarahDuboi31373,177,,2
S_m_sherafat,177,,1
RisingJinnahPak,177,,1
PonziMormon,177,,1
Maveric42931811,177,,6
Mariano_Amelio,177,,1
Kirsten1068,177,,1
I27fo9aSTaxUMzW,177,,11
Bashir_A_Muhd,177,,1
snakefruit44,176,,1
shazipower,176,,1
sabahattinai,176,,1
moh_M11111,176,,1
millionguru,176,,9
meow_ssad,176,,2
hheeIIeen,176,,1
cicciopicarelli,176,,3
btwitisme,176,,3
RKhanMarchant,176,,1
Nemesis007Iran,176,,3
MickRahman,176,,3
KINGABBASI1302,176,,1
malfur_i,175,,1
jules2hot,175,,3
ikPredator,175,,3
chicapoleo,175,,1
amin_palekar,175,,2
Salone_Godaddy,175,,4
Moi598656937753,175,,1
MarcelduCiel,175,,1
LKNMPK,175,,1
KhanMansor69521,175,,1
IchemMichael,175,,1
Hamed_Zizou,175,,1
xeshoo,174,,1
scorpio11179955,174,,1
rousxsino,174,,2
publickevents,174,,1
mujahiidm,174,,1
ahsan153151,174,,2
_felipema22,174,,1
WesamLotfy,174,,1
VV_Is_Evil,174,,2
Sulemanliaquat9,174,,4
MahmoodJr7,174,,1
CartmanBRUH4,174,,1
BkarBlackSmith,174,,12
AA_DTRA,174,,1
siamak_Taheri_8,173,,1
sharukhhhussain,173,,1
pindanderyeep,173,,2
mehrzadega55751,173,,2
fatboypolitking,173,,1
dabongneko,173,,8
bunmohalla56652,173,,12
TM18232022,173,,1
Rog3r999,173,,5
RahmanNazr,173,,2
Nasib78372704,173,,1
MehdiBasharat,173,,1
Majhul1776,173,,9
KathirMDV,173,,1
J_Brown4Palest,173,,2
Hind_MD88888888,173,,3
EnockKigp,173,,7
Dabezcool,173,,1
winthersbot,172,,3
vince_ward25159,172,,1
mos60986229,172,,1
cycwong,172,,1
barkhordar_ir,172,,1
SalimiSobh68377,172,,1
Mohamed39293575,172,,4
KE100V_KE100V,172,,2
JayR4Eenk,172,,6
DerafshiMansour,172,,1
Anticolonial22,172,,11
AnaBursac6,172,,1
samthesnkwman,171,,1
ixtland,171,,10
glngila,171,,2
feribibak,171,,2
cobian_heula,171,,1
SidRG87,171,,1
SaintBobby5,171,,2
Kauan97186787,171,,13
IziaFrank,171,,1
Furnace_roofho,171,,1
Freeedom30,171,,9
FlyingPhant,171,,5
CactusMoonStar,171,,2
BeachHaven16,171,,9
Ali048752360421,171,,8
zolan378,170,,3
thfAli9thy,170,,1
syedsaadsami,170,,1
reborn_444,170,,11
ocean_7sea,170,,1
mohdrameezanas,170,,1
mhm_ata,170,,6
k_koosha,170,,1
ZahraaAlBatoul1,170,,1
Rihan1719,170,,1
Mzzeeee,170,,2
Moslemsharifi6,170,,1
Marias2583,170,,1
Farwawah,170,,1
EricDemassieux,170,,5
Alende70,170,,6
AHODLERAHODLER,170,,1
2Hadisalami,170,,1
thebirdwolf,169,,1
rafiei_yousef,169,,5
r1_richter,169,,5
quds_2026,169,,1
konxsoul,169,,1
ibnjihad94_2,169,,1
haque_saz,169,,1
hamidkh13249665,169,,1
gautama2508,169,,1
faraz_as_fas,169,,1
erjamaludeen,169,,2
deshaqur,169,,2
chumba_tubthump,169,,3
beverlyray8700,169,,3
azharmosvi,169,,3
Patrici05952748,169,,1
kaaaseer09,168,,1
jasonstone62591,168,,1
jamesmuya19,168,,1
arunkj78,168,,1
alxgutti,168,,7
_MortezaFarokhi,168,,3
YB1OO,168,,1
Shivamu99,168,,4
RazanAhamed6,168,,10
RainbowRoadHell,168,,1
MeysamKamali88,168,,1
Memo70744785,168,,2
Hassan98947735,168,,3
AYBey3,168,,4
skhwndrs,167,,1
rehanabbas110,167,,1
parastoyekhoda,167,,1
haiderali67,167,,1
adnanyaqoobmir,167,,1
Threegale,167,,3
RRahim71112324,167,,1
PBacsi,167,,1
Omega247omega,167,,1
NaturindaHaruna,167,,10
Manish0904,167,,3
LibanPalestine,167,,4
HussainMrhash,167,,4
Hhelmi011,167,,1
FISHINGOUTDOOR8,167,,2
DrPill_fgc,167,,1
DPinLB,167,,2
Botafogo7,167,,3
usef_bijani,166,,1
nerdypatcat,166,,1
momo_hitch,166,,1
k_s191920464,166,,3
ishaque182,166,,4
iranistani,166,,2
ersalir_ibo63,166,,2
YasirMalikOG,166,,2
ThaGrayOwl,166,,2
Sh3bo74,166,,1
SalafislayerFN,166,,1
Intro1871,166,,1
IamRafil,166,,1
FCZSILV,166,,1
Balochgaming074,166,,3
AfschinS,166,,16
ABDULLA44595298,166,,1
yyazdanparast,165,,1
syedaealiy,165,,1
sajadsaaki82,165,,1
saintsareer,165,,3
saedi_ha,165,,5
phantasm_067,165,,1
moduyuqiao,165,,1
leonidasmuj,165,,16
arefyazdanii,165,,3
TomCat41175877,165,,2
ShajadRana3,165,,1
Rasmenselah,165,,1
Jnoube2000,165,,1
HassaanMHB,165,,4
GenclikFani,165,,2
AhirFilozofu,165,,4
AM_Litoo,165,,1
zainmerchant,164,,15
water_the_ficus,164,,1
t0m_bayeye,164,,2
noruleswrites,164,,2
memiscme,164,,3
kobybeambeam,164,,2
inxtu,164,,1
hassan_ibr86533,164,,1
damesheq,164,,1
amberqueen72950,164,,7
_m_a_h_y_a_m,164,,1
Vatanse64478152,164,,1
SeyedHosei87229,164,,1
Mohamma60915289,164,,1
Ghotbsharif,164,,1
Babacanlar58,164,,1
1RealWorldNews,164,,1
silenssermo,163,,5
ryanan1,163,,1
mischimu28,163,,3
margoliiiii,163,,3
latak667,163,,5
edreisantafe,163,,1
TheShoaibAjaz,163,,1
NeeeNFawaz,163,,1
MacJohannAzreal,163,,2
JAVELINJOKER,163,,1
Ibrahim23097266,163,,1
GregorSamsa9999,163,,2
Abdh77700,163,,1
soldier_man54,162,,4
retrotide90,162,,1
ian_ihiga,162,,1
hamedywsfiyan,162,,1
aggrey_agata,162,,1
TrailOfJ,162,,1
Son_of_Sankara,162,,1
Serkan179664,162,,1
N44Kba,162,,1
MohdAna66875373,162,,2
MohammedRefat_,162,,1
Jahiruddinlask6,162,,1
EaVaN168,162,,4
CulturaVitae,162,,1
saifnezam,161,,1
mhmd_bo42111,161,,1
lov9a,161,,2
kd_pedro,161,,2
jazireh1001,161,,1
himbo_enthusias,161,,1
factfin91637037,161,,2
cyril_whea88367,161,,1
az43760566,161,,1
Palacio0077,161,,10
Morora_papa,161,,4
MohammadTamemi,161,,1
Moh76415,161,,1
MeriJindri,161,,3
Mayrin4321,161,,2
Fariborzia,161,,1
Endevior,161,,1
xixiltik,160,,1
masiha__,160,,2
mahdi14240,160,,3
kazmandoit,160,,6
hindurashtar25,160,,1
hameedk2005,160,,6
edith90rickards,160,,1
baffiahb,160,,1
axismena,160,,2
awrup_i,160,,4
alibiafari16400,160,,9
SusaiPrince,160,,5
Sunrise020120,160,,1
Military_ir,160,,3
Mahmood70269468,160,,6
Grog_IsGood,160,,1
GivePeaceChanse,160,,1
Adrian205151256,160,,1
think4myself7,159,,2
newchallengerxx,159,,4
chazeroo67,159,,1
O_S813605,159,,7
NarasimmaNayaga,159,,6
Mona_Jaaan,159,,12
IlonieM73471,159,,1
HandiQuacksRule,159,,3
Gelayol1401,159,,3
FormlessWay,159,,2
CryptoSvenne,159,,12
BreedDivergent,159,,3
B1CDont0nAKZ9ll,159,,5
AndyIslington71,159,,1
Amberpsychic,159,,1
Abu_Al_Futuh1,159,,1
Abdoula73210608,159,,1
topofenix,158,,1
tiodiphub,158,,1
dias_adolf53436,158,,1
bsksahra,158,,1
avhanvhondo,158,,1
YoussefChamii,158,,1
TAMarti62748200,158,,3
NJIWASNEWS,158,,2
MartaMagico,158,,1
Mahta0246,158,,1
LacyLarrabee,158,,2
Faaname1,158,,1
DanishK78780142,158,,2
Bundsch90207916,158,,1
BasheerAhm32286,158,,2
AlabiOse,158,,1
shahsyedmuzami1,157,,1
jon_champ1366,157,,3
goatedwitit,157,,1
Yemeni_79,157,,1
Yasingl64222178,157,,3
Yalahabibi32177,157,,2
TruePromiseQuds,157,,1
Slumber_Season,157,,2
Seltsam34,157,,1
SawagashiiMirai,157,,1
Olivier_Weiss1,157,,1
Muhamma60872981,157,,3
MiMirali14,157,,3
MazisOpinioncom,157,,3
FurQanHaiDer121,157,,1
FoughtPiranhas,157,,6
As_is74,157,,1
AbdulbaqiEl,157,,2
zfrabady3687,156,,1
stardustPKi,156,,1
sonnden,156,,6
melsh73,156,,1
kind_guy20,156,,1
justmike341,156,,1
capitalica,156,,3
abrahamsan7ino,156,,3
TheLostMillenn3,156,,1
SyedAme07035382,156,,7
RealNBob,156,,3
RandomnMr,156,,1
KB4Can,156,,1
JorgeCartun,156,,1
GRINGOLOKO30653,156,,1
FoilingMothra,156,,3
BenTuyishime,156,,1
AydnZCAN1114461,156,,4
AliMurtaza736,156,,2
Ahmed50872398,156,,2
98RME,156,,1
45can67,156,,9
syedaliabbas41,155,,1
shah18769649,155,,2
mordab137,155,,1
mebrahimjafari,155,,1
hoobawank,155,,5
hamzaa804,155,,1
daewooginger,155,,1
bentolmostafa,155,,1
azureuddin,155,,1
alidpoor56,155,,1
Street_Seer,155,,1
Saniswayn1,155,,2
Otomonyo,155,,3
Nacerheam,155,,2
NaAzRoomam,155,,1
MockingWalter,155,,1
KIMROCK888,155,,1
JoharHussaiin,155,,1
IRGCN,155,,4
BitinoAi,155,,1
Aqal105158,155,,4
zehra251313,154,,1
sandip_vst,154,,1
owaisalibhat,154,,2
mohammadrkh,154,,1
mimaref0,154,,3
alibaba554888,154,,2
Turne12860Aidan,154,,2
StarGazerr54,154,,1
SafiKha09037328,154,,1
SaadanLashari,154,,1
SCOTUSLaw,154,,1
Ranasik53778697,154,,3
NoreenImran1,154,,6
Msy4110,154,,1
Mostafablue6788,154,,2
MehmetNGnal1,154,,2
KiaMilad,154,,1
Han_Anonymous,154,,1
FaizKamran,154,,2
DRREZAZADEH65,154,,2
Braavooos,154,,1
AliMunVasi,154,,1
AHp1583937,154,,2
ultimatediez,153,,1
nedensiz2112,153,,4
hamidrezaph66,153,,1
aneesu043,153,,2
_usseiin,153,,1
Zulfaqquar111,153,,9
MohsenS57,153,,4
JavedMusaGhazi1,153,,5
ElmaCryptos,153,,2
Abdulazeez92352,153,,1
palirising,152,,1
msaad05,152,,7
livefootball2,152,,1
ifaizanr,152,,2
bludibeast,152,,1
akiikanews,152,,1
Zafideru,152,,1
Qleezuldrmaah,152,,1
Olz792843236294,152,,7
ObserverR13,152,,2
Muhamma61107810,152,,1
Mohamad30338,152,,1
KomradAmirul,152,,1
GlobalMadinah,152,,4
CarlosV17201910,152,,1
Bella547810,152,,1
Andy_Tarkovsky,152,,1
89kwtdia,152,,1
tausifNZ,151,,1
sultaan1947,151,,5
sami01288,151,,1
rrose32866857,151,,1
purekyl0x,151,,1
mir_ruhullah1,151,,7
meinthelandofUz,151,,3
lc140809,151,,4
jitheshpattu,151,,1
irabeen,151,,1
hajmilad_mse,151,,1
d_balbirsingh,151,,2
SyedBukhar58963,151,,7
SaadaanT,151,,1
Mr_Usmanovic,151,,1
MajdanekPiano,151,,1
Khadija_ali27,151,,1
Fatem2girl,151,,1
Dom80994610,151,,1
AbolfazlGoriza,151,,11
AboAlrssas17688,151,,2
AJavikhattak,151,,1
1379_05_27,151,,1
tunc_mujdat,150,,6
nikoumouk2X,150,,1
meiisam_nd,150,,3
ibrahimzubair_,150,,5
hajet_ali,150,,1
gorza_riccardo,150,,2
gblancocampos,150,,4
bashiq92,150,,2
badrex1420,150,,1
atjan0,150,,2
VitariMute51123,150,,2
Tujays5,150,,1
ResistWW3,150,,13
MuslimArch,150,,1
Maxellm11,150,,2
MBGazapalestine,150,,3
KimGichunge,150,,1
JamesS488870957,150,,2
FarazFaridnia,150,,4
B8B11,150,,2
Adamuibrahimsa4,150,,2
zdeloyola,149,,1
soulawakened0,149,,3
saduq5,149,,1
odongo_billy,149,,5
marfiscarley,149,,4
hazebollah,149,,1
gonofgons,149,,2
fast_curius,149,,1
ali_ghafoori27,149,,1
__axxy__,149,,6
WorldWarTea4Me,149,,2
PaddingtonSoci1,149,,1
Orbel101,149,,1
MoCastsrznn,149,,1
Mmbrs0nlyVol2,149,,1
MedmadGE,149,,2
MastaliMahdi,149,,2
MashkurNaqvi,149,,7
LuisGar76999535,149,,1
Know__Cannabis,149,,8
Irfaanahmad17,149,,1
GustavoAlonsoPa,149,,3
Bd12121212121,149,,1
3733725378462_,149,,4
takeshi_na,148,,1
parande290968,148,,1
kunme01,148,,1
grey_white75,148,,1
chaledelazem,148,,3
bennypiermont03,148,,1
aliasadullah110,148,,1
abdrahmanBTC,148,,1
_distanthandle,148,,2
YoungLuke010,148,,1
TechnoAnomie,148,,3
Short_Strangle5,148,,1
RevengeofManny,148,,1
QKhan3461,148,,1
LassPiq,148,,11
IamJunaid169,148,,6
Gotyou5544,148,,1
Enrique13053339,148,,1
BABINJOSE,148,,1
AliAsgher275506,148,,8
ryan00o_24,147,,5
reza_dezfuli,147,,1
mohamme55851573,147,,1
mkzamanifard,147,,1
miri_sayeh,147,,1
koldfaze,147,,1
hussein_nasser9,147,,2
farkingralph,147,,3
devrimcisofi,147,,3
ashkan00098,147,,1
ahmadshahzad282,147,,1
SofiaSofiaa176,147,,1
ShabaniFp,147,,2
SCAPPodcast,147,,1
Pisicaaaaa,147,,1
MGobryas,147,,3
HoseinAqajany,147,,1
Hassansandhu24,147,,1
Baarrientosp,147,,2
AssadpourZaa,147,,1
seyittsavurgan,146,,2
ox1d3x3,146,,1
mahsashsa,146,,1
life_ofPapi,146,,1
aghamoalem_ir,146,,1
Ziyakhala01,146,,10
PrinceAli588318,146,,1
Pixel______0,146,,4
Persian_Canada,146,,1
Mikhail99134060,146,,5
Lehonkarimi,146,,2
JaviCheiz,146,,1
CarguyHKN,146,,12
BlasTormo,146,,1
Asif_ak_Shah,146,,5
ArdentStubborn,146,,1
AKHMADSILA1,146,,1
sup2024nBeyond,145,,7
sahar385462,145,,2
robz53047,145,,1
niphozondi08,145,,2
muhammadalileg2,145,,12
kidXOR,145,,1
hd2352,145,,1
habi_bac,145,,1
defenestrated22,145,,1
captain_k11,145,,3
NitsTrade,145,,3
Msquaree_,145,,2
Mrmahmood313,145,,1
Moohamaadrezaa,145,,5
KzzHavok,145,,1
Jnm78425496,145,,1
AnasDkhan,145,,7
61Saber59,145,,2
valdreu,144,,1
turbineofhope,144,,1
sofi11080672,144,,1
single1TOmingle,144,,1
saleh_bey78140,144,,1
realUSofA_pb,144,,1
komradsky_1917,144,,1
kian_irani688,144,,2
jefe6218,144,,1
fdepaularomi,144,,1
XContentReader,144,,2
Tatarany11,144,,5
Syrkn1ght,144,,1
Ravienn,144,,2
Bhrrsa,144,,1
AmidDeraya26471,144,,5
Alexand13552480,144,,5
zim_we23808,143,,4
saa_hiido,143,,1
mohammadtyze,143,,2
giantjiyad,143,,1
bidello1300,143,,1
XisofResistance,143,,4
TradeTradeallup,143,,2
NiflheimXXI,143,,1
MhmwdAlqad59804,143,,1
Kylep1128,143,,3
FHasanpour,143,,1
Dumbpieceofshi3,143,,1
Alan_KA7,143,,1
Abu_Sofiane,143,,1
wick97025,142,,7
tahap,142,,4
stkahberasnorom,142,,1
richard198813,142,,2
pst_asg,142,,1
mr_iswanda,142,,1
iamsalmin,142,,4
hagahaunkll,142,,4
demandjustice_9,142,,1
asmanporstare,142,,1
andrew_rebane,142,,2
ahtesham_IND,142,,14
Tajammal105,142,,1
Open____Close,142,,7
NecroBellatrix,142,,3
Nadiva10,142,,5
Maxxcarter300,142,,2
Marco63654426,142,,3
Korosiot,142,,1
KevinHu10790372,142,,1
JulianSore43786,142,,2
FactsHitter,142,,1
DhodiMeer,142,,1
DavoodSaedi,142,,1
AliReza103070,142,,1
Achaemenid3500,142,,2
yesnipsey,141,,13
skille04702986,141,,1
rxjaa321,141,,1
robert_uk1,141,,4
resistmeme,141,,4
ovidioo,141,,1
nwubu80417,141,,1
iamemanuelo,141,,1
hesamsafa6,141,,1
hashemi1974,141,,1
domacin69,141,,1
can_yiit18,141,,2
amyny60382,141,,2
Twit_Subroto,141,,1
TokeerK50485876,141,,1
QFayyazi,141,,2
Pritijourno,141,,1
NX89NX,141,,4
Marcio_Mendonc,141,,3
LuzSuya,141,,1
HasanSyed0514,141,,3
HamzaStarc,141,,1
Fabrizzio_rsfan,141,,1
BismarckGirl,141,,1
AsimMuneeer786,141,,13
Afotti,141,,2
thearchitct,140,,2
slyheavens,140,,1
ridnwbiden69,140,,2
ramzaqu,140,,1
iamissamurungi,140,,5
hkhanusiya143,140,,1
bubbagump641,140,,1
aiman_irfan11,140,,8
UJitdamri,140,,1
RazaMinhaal,140,,1
PtitigerxArmy,140,,1
Ozfromabove,140,,2
Macross_3h9ccd,140,,1
MIster52292312,140,,1
Hogwarts768,140,,1
HaiderA30659749,140,,3
AlshrafiMahmad,140,,1
AbubakrLeo68936,140,,5
spathan1181214,139,,1
shaniabdulbasit,139,,1
pablitoergosum1,139,,1
md8778205047427,139,,1
maya_principle,139,,4
mashad58,139,,16
jayjayabaari,139,,1
javad1355,139,,1
itstemy,139,,6
Wandareport,139,,1
Patches19781,139,,1
PadmadePana,139,,4
Nob0dyIsTheKing,139,,1
M0hammad_mn,139,,1
Fidel_7771,139,,1
ChaireLaTrinity,139,,1
BapuTeny147,139,,3
Angela43748961,139,,1
AdilNabil835815,139,,2
AbwSla66501,139,,1
singroove,138,,2
nevermind1607,138,,1
narasi99,138,,5
muslimbinathar3,138,,1
mhasnain4x,138,,1
artsalmeron,138,,5
anarchistgoat,138,,1
YasirJk,138,,1
WarWatch9,138,,2
VTsafos63709,138,,1
SlaarRound6,138,,1
MuQawaMaaa,138,,2
MhmdJwad43623,138,,2
Lavix2025,138,,1
Kasim_alii,138,,1
HRMoeini,138,,2
Cjmok12,138,,1
the_najeeb,137,,1
sweetpeachtea00,137,,1
qaher_s_b1,137,,4
pedram_mv,137,,1
mandevisky,137,,1
josepe_wannabe,137,,1
iaasifmalik,137,,15
hbnvhnbh,137,,1
hardrealism,137,,1
gooloo_ziz35839,137,,1
freethnknindian,137,,6
eddy_the_farmer,137,,2
brewz21,137,,3
amirhoseinsole0,137,,1
WhyPreeSterling,137,,1
Gra16836276,137,,1
DayTrendWizard,137,,7
ComradeZelezny,137,,2
ChojaMc,137,,4
vj50000,136,,1
th3witn3zz,136,,13
mu97sd,136,,1
iffy_khan113,136,,1
hardy_har_har_,136,,1
chukarika,136,,1
chowhanAfzal,136,,1
aydiyetwiter,136,,10
atabak99,136,,1
RashidSardare,136,,1
MehdiPaBus,136,,13
MKaleovi,136,,1
Lavaglut2020,136,,4
Kimiya_jazayeri,136,,2
CyberTysxn,136,,3
Chimoooorikkss,136,,1
Barika1Miles,136,,3
wardym,135,,1
tweet718718,135,,4
razaaa7591,135,,1
omg_ashishgpt,135,,14
mohinder_s4921,135,,1
iranimaddeylami,135,,1
drbanday,135,,3
dntuwry,135,,2
c0nradd,135,,1
ZeroIdentity2,135,,2
Setayesh320891,135,,1
RAMIELHASFALLEN,135,,1
QacaqNebi1796,135,,2
Md_Emon60,135,,4
Hfviewss,135,,2
HIELPAHJEW,135,,1
Cryptoblue0,135,,1
AwenContinental,135,,5
36weonlywin,135,,1
16pure_anuradha,135,,1
suriosity,134,,1
sizzlingmomin,134,,2
sivabandla50053,134,,1
goyatajinder,134,,1
fidelisetaudax,134,,2
bidarbakht67,134,,1
anonimman137997,134,,1
amjadsulman3,134,,1
almbtsm28,134,,1
TeechingSama,134,,9
SecondLook17,134,,1
PandayeAsbSavar,134,,1
Ntuli_Theko,134,,1
MiswakMystical,134,,1
MALIKFAZ3108,134,,4
Hicham04513126,134,,1
East_HAL,134,,2
BrowarnyTomasz,134,,2
Aoi_parakeet,134,,2
6290a3e7759747d,134,,2
salih_m,133,,1
moein_bayat,133,,1
mn199364,133,,3
fakouri,133,,2
Tram7819,133,,5
R64447R,133,,6
FazulKoinange,133,,1
Des2reserva,133,,1
CMHurley248035,133,,1
Brightersonic_1,133,,2
AgentPakistan69,133,,7
yas_kaboud12,132,,3
obeserverz,132,,1
maryamfotovat,132,,1
macchharr,132,,2
lihakim121,132,,2
kuruma3dai,132,,2
goru_hamba,132,,2
gopithegeth,132,,1
eyeganeh154931,132,,1
deinamon,132,,1
cyoun28,132,,5
allam_lama,132,,1
alabamaicu,132,,1
YusufHoca1347,132,,4
Xuanming91131,132,,1
VaterVorvuture,132,,15
NGhabraei,132,,16
Miguel_GCarr,132,,1
LogicoSporting,132,,1
Kishanumber2017,132,,1
GigiiGiordano,132,,3
Enkratic1,132,,1
EngFaisal1995,132,,1
AngryMichaelW,132,,2
sinan_guna60056,131,,12
ms_scd,131,,8
moro_younous,131,,4
havaspaart,131,,1
hashimgazi_,131,,1
duongnt1908,131,,8
brianwaweru8,131,,1
bari_bag,131,,2
balti_imti,131,,14
Saleem85Jakhro,131,,1
Pugilistdope6,131,,2
PierreMbele2,131,,1
Mohsen_aliabadi,131,,1
KarimHa07,131,,1
Cmpo_Agm77,131,,10
AmeerJaffrey110,131,,7
Ali_Factor,131,,1
Akkashrmali,131,,2
with_mkn,130,,3
vaptain12345,130,,6
thatguyStephen1,130,,6
sarfarazbangash,130,,1
no1_cynical,130,,2
neissoh,130,,2
laalshah313,130,,1
jovhanna3,130,,1
ie_marie10,130,,1
hamedakbari63,130,,2
duttyjaja,130,,1
dolate_vefagh,130,,2
ceaserdave1,130,,1
billygreen936,130,,1
atsutoshi_world,130,,2
anas_msallem,130,,4
Xcszy07,130,,2
Sanjay_n_yadav,130,,1
S_s_e_r_R,130,,2
NiilPoddo80,130,,4
MinaRanjbar5,130,,1
MenaceLordTruth,130,,1
MRahim79655,130,,4
Janatan65,130,,3
Hossein_koosha,130,,11
Azi01023,130,,1
AlexQuz,130,,1
Adedxpo,130,,1
sshahkhi804,129,,2
salman2053,129,,1
rajachaudhary99,129,,1
palimoody,129,,1
mojahid20000,129,,16
habalooloo,129,,1
gpanalyst,129,,8
fans_pezeshkian,129,,1
amini36052,129,,1
amanarama60894,129,,1
ak234555,129,,1
ZainbinRamzan,129,,2
YourSecretPapa,129,,7
SyedNasirBkhari,129,,1
ShahinaHassan2,129,,1
OryxionV,129,,1
MukiibiAshiraf4,129,,2
MayanjaWahab,129,,1
M_Jamwomo,129,,1
KunalShitole5,129,,2
IDGAFthename,129,,7
HuwartG,129,,1
Headqarters_69,129,,1
ChiemerieBenja1,129,,1
Al_karrar21,129,,1
mahdi345135944,128,,3
amujo_isaac,128,,1
TellerMina,128,,1
RogerR46384,128,,1
Perfect9090,128,,17
LastSon05238405,128,,2
JwilliAhmed,128,,1
JohnFrancisDuke,128,,2
JafarAhmed22221,128,,1
J9AVR,128,,3
Hassan72110,128,,5
EddyMarFlo,128,,1
Cherryrb4k,128,,1
1601lulwa,128,,1
pakistani727,127,,1
mke6816,127,,1
mbg955,127,,5
interfaceg69151,127,,2
iammushhy,127,,1
herroboter,127,,1
chibimihu5,127,,1
aliar141346,127,,1
_IMVURA_,127,,3
Y3Sparks,127,,2
RonpoLoyo,127,,5
Marlene37239075,127,,1
KiggunduBisege1,127,,1
Khanzubair_7,127,,17
Instagram8X,127,,4
ImadTawil579306,127,,6
Hadirhawii,127,,1
Foulvio,127,,3
Abbas1Kashif,127,,1
umash9,126,,1
saqibhassan95,126,,1
pippojacono,126,,1
limbada_nomaan,126,,2
hus25529,126,,1
aliali30z,126,,1
SyedIlyasRaza10,126,,1
ShoaibTari78108,126,,7
SamSam1395767,126,,1
Ricekanzler,126,,1
PSemetic,126,,1
Noor2525325567,126,,1
Mohsenete31,126,,5
Lisa2O26,126,,1
LhalyH82602,126,,2
GeorgeE97020097,126,,1
EKhushii,126,,4
Drahko_12,126,,1
Ardhi_addhi,126,,3
Abdurrahim2156,126,,2
ANAHUSSAINii,126,,1
snaka25345234,125,,3
flipitshaunisa,125,,1
esmailkhatai,125,,1
conflictindex_,125,,1
Zaynsha06525661,125,,1
RafaelDifferent,125,,3
Mwebaze_Enoch,125,,1
MananHameed7,125,,1
JushKombo51093,125,,1
Jackson010787,125,,13
Eleinad_11,125,,2
ArmaanMali46405,125,,9
Aliimen62828491,125,,1
Alexandero78150,125,,1
AghaAghaye,125,,1
AdrianoEmperor8,125,,2
12hc4f,125,,3
draliaqdas,124,,2
alldatamatters,124,,1
TribeRebellious,124,,1
Odyek258327,124,,4
MasseProjo,124,,1
MMaremwa34326,124,,1
LouisRebu,124,,1
JuanCarlosNil,124,,1
Hugh20649394,124,,2
Frances62424816,124,,2
1Nimati,124,,1
zeinab_rooh,123,,1
yasing221,123,,1
toroghi_ma46463,123,,5
fariimmaahh,123,,1
blast1337305,123,,1
bR0hm67,123,,1
artenude,123,,1
ZdagYasar,123,,3
Saghebi_ir,123,,2
SShahtareen,123,,1
MalikShrafat1,123,,5
ME2ME2ME2M,123,,1
KawtharKhalil20,123,,1
Ifel_1991,123,,1
Hussein96884391,123,,1
C0inOps592,123,,3
BBA_Alliance,123,,2
Alessandro19670,123,,8
AkilouSeibou,123,,1
8188jshuh,123,,1
xabubakarshahid,122,,1
uniquecourtesy,122,,1
omar_robin5896,122,,2
najarraarif,122,,3
mahdjon,122,,1
esirwanda,122,,8
energyfocused1,122,,2
arash_seifzad,122,,1
afzalsa36917327,122,,3
ZaryabShahzad10,122,,2
VCadre8822,122,,1
SierraMike_64,122,,2
SajInsights,122,,1
Rashed110plus,122,,1
RafZak8,122,,10
NadineTheOne,122,,1
LARSISTANCE,122,,3
Ismaelkhaani,122,,1
I_Am_Munch,122,,1
Ghk2000l,122,,9
GMustafa18443,122,,1
ElvinYong7,122,,2
AmanBra67691202,122,,1
AhmedLusajo,122,,1
212Jays,122,,1
rivadeneyr50991,121,,1
omicron_plus,121,,3
nuggetssadio,121,,2
more_blessings1,121,,1
mersad_kheybar,121,,2
jawad18101989,121,,1
empathyisdivine,121,,1
emmanny60,121,,1
beirhbrjrk,121,,7
anshuman_arun,121,,2
abdurrahim15527,121,,1
RealDalGadot,121,,4
ParvezAhdShaikh,121,,2
PIdinakhuy,121,,2
NiraleyAalam,121,,1
Meli_Kourosh,121,,3
MBR2050,121,,1
JkRuigu,121,,1
Irouni313,121,,2
ButterWeenie,121,,2
BittaAsif,121,,1
AlirezaAlman,121,,2
AlhodalyA69095,121,,4
AlhajTikumah,121,,1
075Henry,121,,1
zAr83592844,120,,1
m_shahrukh_,120,,1
karami007,120,,1
kabachan2804,120,,1
iHamzaRandhawa,120,,1
dennunoo3,120,,1
che_bayad_card,120,,4
VadelNour,120,,1
Sepideh41815713,120,,1
MeghQue51928,120,,1
LinusCargill,120,,1
King_48862,120,,1
IslahCharity,120,,1
H9_CFC,120,,1
CriticsAnalysis,120,,1
Abdulazeez64973,120,,11
vettukulam,119,,1
toostonedtospel,119,,1
nat167297074937,119,,1
muqawamah_,119,,1
microslop1010,119,,2
javadpmlk,119,,2
isaaykl,119,,1
isa_ramadani,119,,8
habibul34519238,119,,2
fghryby94,119,,1
drbak_,119,,1
dejiminvu,119,,1
baljinderjkaur,119,,1
Sanvillofficia2,119,,3
OmerKudalak,119,,6
Malik47494169,119,,1
Khoumassi,119,,3
Joeyexh,119,,1
Hashimnadvi1,119,,2
GoliathAim,119,,1
FSalman33461,119,,4
AYellowGeezer,119,,3
realshobyw,118,,2
msham1995L,118,,1
mohade3_rezaei,118,,6
leaderpk01,118,,2
lawdidaw,118,,1
kingbalo27,118,,1
golnoosh1,118,,1
bjnk10,118,,1
ali03430101,118,,1
YasserMasry1,118,,8
Tarnishedsoeul,118,,1
TLeon82893,118,,17
SoulAndSyntax,118,,1
Karl46958336788,118,,2
Jollof3niShito,118,,1
JoeKing19900701,118,,2
Ibaloch0007,118,,2
IAmBackMfers,118,,11
CloudWatchcs,118,,1
Billu7billu,118,,2
Alii_Haq,118,,3
AXaivi,118,,9
ATazehli79294,118,,1
soltonaliii,117,,1
samkhan64470454,117,,5
rolleibabe,117,,13
propermike69,117,,1
nwrd_s38822,117,,1
muhammad_tabis,117,,1
lebghost97,117,,1
dominik_walecki,117,,1
chucknorisGaza,117,,8
bawaseer42055,117,,7
_aadil77,117,,1
Samf9993,117,,3
SakinaMAli32531,117,,2
RezaBahramee,117,,1
Protractinium,117,,1
LeathHedger49,117,,1
Jlh4P,117,,1
JeziKauzu39621,117,,3
Inneezbogzarad,117,,16
Gangleri16,117,,1
GMkhamisani,117,,2
EthanCo369,117,,7
DaliaAli0028751,117,,4
CharlieChapli67,117,,5
Caim_flabey,117,,1
24jupiter246,117,,1
umarabdulbaba2,116,,1
soulfullofflags,116,,1
jahrastafariii_,116,,1
doitzy1,116,,5
cajun27361,116,,2
alamirabodey,116,,2
SaharT33828,116,,5
RauSanR,116,,2
Pettunia14,116,,6
Masume857438,116,,1
Kryptonnaire,116,,1
FujimiyaMahiru,116,,1
FK1697417039894,116,,4
EslarKya,116,,1
AsadAli75350,116,,2
1alipointe,116,,1
zahraasyed,115,,4
sbaitwitteur,115,,1
pinheirotche,115,,4
p27291847fbwk,115,,1
obiang_edz28275,115,,1
hasnudo1,115,,6
ahmdmsw37385475,115,,4
VandaHer,115,,1
Salahuddin_quds,115,,1
PernalZuze74565,115,,5
Manzar313,115,,2
MILAD_MILAD68,115,,1
Lulyleb,115,,1
Linbaden119,115,,1
HosainAkhlaqi,115,,1
Gyim369960,115,,1
GrantPhilips01,115,,5
DocAuschwitz,115,,1
Bagakuin,115,,1
AmirhesamEslami,115,,10
A_Eliaspor,115,,1
0murliKrishna,115,,6
xsnjrno,114,,5
sarah14690653,114,,1
papabaklava,114,,1
mr_President17,114,,1
mjjabbary,114,,1
long_black1,114,,1
dreams292,114,,5
cescocp92,114,,1
amazightrend,114,,1
_Fatemeh_71,114,,1
Zkedits16,114,,1
Wstrnbabykllers,114,,4
TereLimaM,114,,1
ShriSimKhirid,114,,1
Projunior17,114,,1
PetraH02,114,,2
Pelu420,114,,3
Mmn600195640424,114,,16
JamaliSina,114,,2
Gmmufti1,114,,1
CabralLuiyi,114,,1
1_Muhammed_4,114,,1
rezaabdolm80622,113,,1
moqavama,113,,1
mantik_ilim1,113,,3
manirnm,113,,1
lianamonstera,113,,1
kukGU6JGeM44382,113,,1
et_resilience,113,,1
Tobi_90roppo,113,,2
TTVStraylegend,113,,18
SyedHasanI43130,113,,3
SMARIZVI3,113,,1
RakibHRaju1,113,,1
NasrallahsGhost,113,,8
MakcomPale24267,113,,1
Ib494,113,,1
HusseyOmer,113,,1
Ermy40,113,,1
Bitakhanooom,113,,7
AtkOel,113,,1
Asadali166,113,,5
truepromice4,112,,1
sortemoissezanc,112,,1
roda109,112,,3
olxfur_,112,,1
odisho89,112,,1
nosha48272263,112,,3
mohammad_daraie,112,,1
mdabibi,112,,1
khozraschyot,112,,9
kelidari61789,112,,1
eveorange171,112,,2
delaram_bano,112,,1
abouchutrab,112,,15
VoicesUnheardIR,112,,3
The1985Gent,112,,2
TanosModi,112,,1
SamZ27_,112,,2
RealHaashi,112,,1
RabNawaz1299099,112,,1
MjNiazii,112,,1
MUSLIMADILKHAN,112,,2
LamaLanas,112,,5
KhanHeerPPP,112,,1
KennethTogher,112,,2
Jahangiri_Iran,112,,7
Idnan70977430,112,,2
Haj_Amir12345,112,,5
DerenceB7211,112,,4
DedeBellNBCT,112,,1
CiudadanoSade,112,,2
CamaradaSousa,112,,11
Atma_zinda_hai,112,,1
AmericanLove4u,112,,4
Aliqais69,112,,4
raygamingiv,111,,14
ovrthinkerlive,111,,1
ones5marcus,111,,1
lebahawk,111,,2
hashemi_1399,111,,1
hamzafreshddef,111,,1
farahani313901,111,,1
elahe6266,111,,1
abdellahattala,111,,3
_big_swift,111,,3
Wasfij,111,,1
SaraniSohil,111,,2
RamnSnc80188196,111,,7
Nahid_009,111,,1
Hosainahmadii,111,,1
ChinaPoaster,111,,3
BerberDreams,111,,2
ANawaz313,111,,1
xavierchataign1,110,,1
saffffffffffdar,110,,1
rfaizan17,110,,4
naeemchorawala,110,,1
mhsn_skry24119,110,,13
meysamkazemi71,110,,1
hossein_zre,110,,5
hayat_w2,110,,1
drclowntown,110,,1
chaito92,110,,1
arasg777,110,,4
allizzwell21,110,,1
adolf_netnyahu,110,,2
Su558811,110,,1
SAAR47,110,,5
Royarsofficial,110,,1
Ro_ll_XX,110,,1
Mohamma57714101,110,,1
Mehran6650201,110,,2
KamalS44026790,110,,2
Jef105139194117,110,,1
Hormoz432,110,,2
EarlMachupichu,110,,1
DianatRouhollah,110,,1
Akhphash,110,,2
mirzamuham80454,109,,1
kfirsla2003,109,,1
itshimbabe,109,,1
husti1915,109,,1
danskypepegreen,109,,1
alkor2002,109,,2
afzaalbhatti,109,,5
Steven3697,109,,1
Nass2426,109,,1
Nanda383657,109,,1
Mohammad_90s,109,,2
LubegaLubega,109,,1
GrandDukeAther,109,,1
GibsonJrY24,109,,1
BriannaTimbero,109,,1
AyseKamisli,109,,19
AdnanYa41332018,109,,1
356Hamd,109,,1
2024usrace,109,,1
1Mkenyaa,109,,1
usamakhan792,108,,1
samiali127706,108,,1
mtp1376,108,,1
mazahyr,108,,4
kingson1336977,108,,1
jyouneszadeh,108,,2
commandlinemarx,108,,1
Sahel497734,108,,10
Peoples_AI,108,,5
MuhssenSam89135,108,,3
MobinResistance,108,,13
Mcdonnell187580,108,,4
IdreesMahmood,108,,1
HistoryDebunk,108,,1
FazlAda,108,,1
Drsmohamad1,108,,1
1TuffOldBird,108,,1
zhdali123,107,,4
yakultBenecol,107,,19
triggerman_ttt,107,,1
sayyad_ul_abrar,107,,2
saamii1,107,,1
mobeen_zaman,107,,1
igogougogo58962,107,,1
babakoluu,107,,1
ashfaqali7,107,,14
alh_ahamed,107,,1
Officer756233,107,,1
NobuyukiNishig1,107,,1
Mahdi_mahdiyar7,107,,1
Limonyniss8686,107,,8
Kn1ghtWng,107,,1
KazmeSyeda,107,,3
HamzaChandia2,107,,2
GodwinPinto5,107,,1
GivenMpho_M,107,,1
BurdockEster,107,,2
Bahattinir78052,107,,1
Bagocans180035,107,,1
unreplace_able,106,,1
uengineer12,106,,5
stj2004582,106,,2
sajjadnaqwe,106,,2
rayhaneh2023,106,,2
paprikarockets,106,,1
oser_ser,106,,1
murphy6gkx,106,,4
mohamadkalakesk,106,,1
hamidmahdavini2,106,,3
TinkerkiaShan,106,,2
Terry1643537,106,,2
Stranger07103,106,,1
Semush779842,106,,2
RehanHu68993914,106,,5
Milkcoling,106,,1
LumberOneArmy,106,,1
Kunal50037013,106,,6
KingBlood001,106,,3
Imanu_1,106,,1
IlyasSaliha,106,,1
Humbert19212748,106,,9
Habeeb_Adams,106,,6
GehlanJaved,106,,15
FlexMentall0,106,,1
Esther41950212,106,,1
DominikJosef,106,,1
BasedHamid,106,,1
AshhadH,106,,1
ASTARFIROULLAH,106,,1
AMostafaa142,106,,1
2witteraphobia,106,,4
votooe1,105,,1
triplehhh876543,105,,18
tahlil_rouz1404,105,,2
sassnaqavi,105,,3
sansanegaode55,105,,1
saadia_nm,105,,1
revi_ii1,105,,3
moe281065,105,,2
khilla_alnamani,105,,1
eldiariodefabio,105,,2
cat62023690,105,,7
alyamani2024,105,,1
abass_Kamar_313,105,,2
YourAnonMember1,105,,1
XalsGym,105,,1
Thanialii,105,,1
Samking051,105,,1
KatebHaqi,105,,11
HamidHeyda60071,105,,2
GurmesaSiraj,105,,1
Ehakettt,105,,4
Centaureadeusta,105,,2
CantalopJoe,105,,15
Beto_BSB,105,,1
AuruVel,105,,1
AtaurSelim,105,,9
AjedrezGeo,105,,1
AKanso76,105,,1
zaeem_m,104,,1
sepehr122,104,,2
s_rahgozarr,104,,3
podcastSamar,104,,2
mvakilp,104,,1
madmax00076,104,,1
jagats5153,104,,5
hartomo_sri,104,,2
dumi_m63025,104,,1
adnanG,104,,14
ThousandEx,104,,2
Taharkafy,104,,1
SayyedKamran15,104,,1
Nj_Morteza,104,,2
Muhamma830283,104,,1
MArslanMuneer09,104,,3
Lov3_Hussain,104,,1
Jakeftv2000,104,,1
IlrChay,104,,2
BAppianing,104,,2
Axmnkmlrdn,104,,1
t_Maze86,103,,5
suny_amin,103,,1
sli1716760,103,,5
roodyTboody,103,,1
husayn072,103,,1
hanajnou,103,,1
asaykasy1,103,,1
alizamin12,103,,1
abygailmalik1,103,,1
aazzaady,103,,3
Yenilikata67921,103,,1
TheRealDostKhan,103,,1
ShadyUA_07,103,,2
MirMohamadMehdi,103,,1
Malik_Deniz_,103,,2
HolyHaydar,103,,2
Hasan6503,103,,2
Ekonomokrisis,103,,3
AncaJulea4942,103,,2
Alireza40206026,103,,3
zohreh_javadfar,102,,5
sfzamdc,102,,1
sangare10102275,102,,1
sandeeprrr,102,,1
mikah_aerion13,102,,6
mangati03,102,,2
kaveh_32303,102,,11
jare_fr,102,,1
hypocritebabo,102,,1
ShihabiFawzi,102,,1
SaadAhmad232323,102,,2
RuhiH30764108,102,,1
NerdvanaPlace,102,,1
Ncghi275832,102,,1
Matiullah_2013,102,,1
JML_PTI,102,,1
Faisuikisena,102,,11
Doraemo19589775,102,,3
yhm859127817522,101,,1
tfnotx,101,,1
stillalone78,101,,8
kriztakhan,101,,1
kinenehafsu,101,,1
heydar_malakiat,101,,1
eeeinvest,101,,1
chugchuug,101,,1
_Ghori_,101,,1
ZP8588603732919,101,,1
Spockycat,101,,1
SchwarzkopfNbg,101,,6
SaifurR16339210,101,,2
SNaikokara,101,,1
Rhmn_Tavana,101,,1
Mohadi0o,101,,1
Largelaymen,101,,3
LambaWor,101,,1
Khameneiism,101,,1
KamaeiArmi29032,101,,1
Inan_ir,101,,1
I_am_Taimoor_,101,,4
DrM41333864,101,,1
Dogray57,101,,4
DersteppenLoup,101,,1
DF_Bmind,101,,1
CarmendelaFue20,101,,13
AkAkAkAkAkAkA46,101,,1
ANWARKHANan,101,,3
zakerifard73156,100,,1
tamem_nesar,100,,2
sayeed_etc,100,,3
rhyrhy008276455,100,,1
puyuena,100,,2
nsfw1432,100,,2
haroonsaeed12,100,,1
fadaei_r,100,,2
danirasatriadhi,100,,9
Willisraging,100,,1
URiazfanpage,100,,1
Tufanth,100,,1
Reyhane1899,100,,1
Pritygoswami313,100,,1
MohamedNagui16,100,,1
Herr_Quality,100,,19
FUKTHEJEWS1,100,,1
Elvira__66,100,,1
Dreambi44872267,100,,1
Aliz_62,100,,1
Ahmetrn11,100,,2
speedyblinder,99,,3
p_qalandarzai,99,,2
nilforoudh71763,99,,4
melovechaplin,99,,2
ma3aazz,99,,1
kritarthy486,99,,1
julianisabot,99,,1
adewale_br75056,99,,3
__ontherock153,99,,1
Toghsam,99,,1
TheGoyAwakening,99,,1
Syedabbashasan3,99,,2
ParvizSangesari,99,,2
MyselfWazz,99,,7
LebCed7,99,,8
IsabelMonjeH,99,,1
GSisley1,99,,1
FatherCuervo,99,,1
AzrealWisdom,99,,2
shaaki_shaaki,98,,1
sayan_bose_,98,,1
peacefulhitler,98,,2
mumkinulwujud,98,,1
didikwalli72k,98,,2
asia8japan8,98,,18
arassqn,98,,1
aliabb0ud,98,,4
SoliuAbdulfatta,98,,1
MdAkram34259778,98,,1
JavadFathi73944,98,,2
JavReyes2,98,,1
HVasadia69864,98,,1
DouniaLoudiyi,98,,11
Codedsh,98,,11
ClaudiaPonce795,98,,1
AlMakkah_City,98,,1
Abdul888909,98,,1
Abdallesh,98,,1
teddykolokotron,97,,1
picklerick8519,97,,1
ozzyhost110,97,,1
oh_biyi,97,,1
nagoya07,97,,5
madridistadz20,97,,1
kash90568,97,,11
dan_signal,97,,1
aviero300,97,,1
ahadabdul0676,97,,15
_infinitesimali,97,,3
Tanha13581,97,,2
SalamKIbrahim,97,,1
PakeezaaJannat,97,,1
INSOUMIS_2,97,,4
FrankiCoins,97,,1
FloralMarch,97,,1
DShu91,97,,1
ASheikh30186,97,,1
theguywithsuit,96,,2
mr_ahadian,96,,1
mervecn20,96,,1
mehdihaider_12,96,,2
marwatt90,96,,2
hsen_sr,96,,1
drgnmldnvc,96,,1
babaamir_,96,,7
YavariAmiin,96,,3
PTIMANC,96,,2
LaminiFuseini79,96,,1
JengKanq,96,,1
George618288696,96,,2
Geoffrey85896,96,,1
Eravat2,96,,1
Cosmosx0,96,,13
Anousheh_au,96,,1
naderkhodadadi_,95,,2
na_hafez,95,,6
joyejaucian,95,,1
iranforghani1,95,,2
chinaskino,95,,1
ali_mola512,95,,2
StudentsGolden,95,,7
Spades_don0,95,,1
SnowBlizzardi,95,,1
Santoshpl9595,95,,1
RajputAzam2018,95,,1
MilutinVasich,95,,1
MEDIAmatter,95,,1
HossainAhmedsa,95,,6
Dr_gondolf,95,,2
BrqyHsn33276,95,,2
Ashrafzash,95,,1
Abir2014496074,95,,2
warrior7s9,94,,2
unityideal,94,,2
shirazkhan47885,94,,1
reapingrevenge,94,,3
petapanni,94,,1
ohPfff,94,,1
mwago_peter03,94,,1
mqwm82,94,,1
lovelys26765768,94,,9
justinjainus,94,,1
goldberg_live04,94,,1
gabo_mtzs,94,,6
alimazbouhx,94,,1
__Ashhar,94,,1
LorEnghelabi,94,,1
Joeblowhoho,94,,2
Elia_haider,94,,1
BerryPie1997,94,,1
AshokMa94146091,94,,1
AishaHaladu3,94,,1
Afrotechonomist,94,,3
4VOqJS9BZ720099,94,,1
sateamb,93,,1
razielcastello,93,,17
oMZMwLjaQinZH60,93,,7
mrtorkamani,93,,2
meralkostu,93,,3
mebe747,93,,1
lordcom333,93,,1
ilborikua23,93,,1
goldamyhair,93,,1
fineless7021,93,,1
bilalsarbazi,93,,1
afterthesunsets,93,,1
YaldoG94735,93,,2
WumboFace,93,,1
Tubiari,93,,1
ThylynK,93,,1
SSaimrashid,93,,3
SHIGRIWAJAHAT,93,,1
Rezazaf,93,,3
PazuzuHampa,93,,1
IAm_ZiadLeb,93,,4
HamidRebhz,93,,1
GlobalRealism,93,,1
Benfredj29081,93,,1
Ashish30783010,93,,2
AghamiriSabereh,93,,1
usmanah09116595,92,,1
sad1interface,92,,1
pea71151,92,,2
oluleye79,92,,1
olayiwoladeen,92,,4
namasteunknown,92,,1
louthbrok44587,92,,1
hymh931,92,,1
felix_mwaniki,92,,1
educateyou1,92,,9
aslan_husn88803,92,,1
amirhoseindesh,92,,1
TruthjusticeW,92,,1
Tres__fatigue,92,,3
Shayanqazmi,92,,7
SalaamStudioYT,92,,4
SHEIKHS38090682,92,,1
PutinTheLiberat,92,,12
MVisinand,92,,3
KazimRaza12786,92,,1
Joeyjoe9125,92,,1
Hosseinighehi,92,,1
Gata_Murcielaga,92,,3
ErumButt9,92,,2
CominMasye41877,92,,3
Belikeola,92,,1
Anjomane_k_r,92,,1
0xPolox,92,,1
ranaz74,91,,1
lebsash988,91,,1
javid_muhmmd,91,,1
ehsanbme,91,,1
ehsan67_ehsan,91,,1
calaylk,91,,1
barua_82,91,,2
amirhossein_j83,91,,1
Waqas_ibn_latif,91,,2
WCiviltech,91,,8
Udomoh_lorence,91,,1
RodinHat,91,,1
Mpilo1946716,91,,1
MahdiyarSalark3,91,,8
LeBus382684,91,,4
Freespeech_haha,91,,5
CypherPhunks,91,,1
AliAttoui3,91,,1
Aalabdeli,91,,1
ABOAlHASSAN777,91,,1
2Sophisticated1,91,,3
vajra99,90,,1
tauheed_tahir,90,,1
solosoul501,90,,1
sinabay489,90,,1
rayyankhaan07,90,,2
mres313,90,,1
mogoi_steve,90,,1
joselumm,90,,3
jad_ibrahe,90,,1
haghshenas42034,90,,1
dagger7575,90,,3
ayaan_mxr,90,,1
ask_car_mean,90,,2
VoH313_313_313,90,,13
ShoyabK00941213,90,,4
RedEyedITguy,90,,3
Nervusinvestor,90,,1
Ndiaye9091,90,,1
MoinSundas48391,90,,1
MohibAh97957700,90,,3
M136773907,90,,1
Humanities_eng,90,,2
HassanEmpo300,90,,1
GoodRomeo1,90,,3
FromTsion,90,,2
Dr__Defiant,90,,1
DoubletMyl18573,90,,6
Alkasim43735185,90,,7
AcK_AcK_88,90,,2
zammad_2,89,,1
navidkf1,89,,1
mulaa_the_don,89,,1
martinaboudev,89,,1
laghari_kazim,89,,1
ka2u62571585,89,,1
jwakeford284741,89,,9
ferdowsi_iran,89,,1
Zeeshan__Pitafi,89,,4
Zakaisback,89,,1
WaliAzimi7,89,,2
SyedHassanAli__,89,,2
Ibrahim98678415,89,,2
BuxTheArtist,89,,2
AbaramaGold52,89,,3
2pi1sigma,89,,1
winnythetrue,88,,1
sitiw,88,,2
sherezinn1991,88,,1
shaik90238,88,,9
qwertyfrityi,88,,1
parches432,88,,1
opinologist_top,88,,1
mikepembaik,88,,1
lneoonel,88,,10
krondstat,88,,1
kaleem_kavish,88,,1
iCapitann,88,,2
ellosabo,88,,1
byax22,88,,7
adollllllfff,88,,3
ZKoubeissyy,88,,1
SheltonRossi,88,,1
SajidAz11388239,88,,1
OumarBa40399922,88,,12
MazhorC,88,,1
ImranBokhari110,88,,2
GalinaK54547,88,,2
FareedAhmad03,88,,2
EbrahimeShahidi,88,,1
DrKoniu,88,,1
Darush938876,88,,1
saryallyl123,87,,1
makedongfeng,87,,1
kosarabhar28044,87,,5
dark_bane5243,87,,1
ali_ghasempoor,87,,3
a_abedi_m,87,,1
TiffanyDDelcour,87,,1
SagesOfSand,87,,1
OmarKha73845500,87,,1
ObrisOrg,87,,5
NazResista,87,,2
NAUMANK80859877,87,,1
Ktl1022071,87,,1
Ali_MD119,87,,2
AlhassanHu41917,87,,11
Abubakarmehsood,87,,4
salarebadi,86,,1
pomekam,86,,3
oushxh,86,,1
massy430,86,,7
lalalala48374,86,,1
jefhad110,86,,1
abdulimam34,86,,7
a_mhde33,86,,1
_real_mb,86,,1
Timur1748306,86,,1
PublicFirs,86,,14
Nav019,86,,1
Mohdabbas313,86,,3
MargBarSraehell,86,,1
MNImam01,86,,3
Leon_mosquera5,86,,1
IrfanHaider7211,86,,1
HudaTheBoj,86,,1
HassanMoradi70,86,,1
HadiMallah101,86,,1
Greenb8mq,86,,1
Baschuk_A,86,,2
ASaadi39348,86,,1
2023reyna2,86,,1
yavuzskarakas,85,,1
xXresearcher,85,,1
wld29999,85,,1
su_akak89309,85,,1
shivams63888035,85,,1
sapphosp3npal,85,,1
saikpd,85,,1
mwmhmdy3,85,,1
mnmsprvkk,85,,3
ktrialrs,85,,1
hendo_i,85,,1
ghymt_shta31116,85,,1
cegar1945,85,,1
ahmedalaam_101,85,,1
Usef_8080,85,,2
TutejszyMazur,85,,5
TheClown796,85,,1
Muhammed_atesh,85,,2
MLS_Stalinist,85,,1
LordWiltor,85,,1
JoshuaV68954090,85,,12
Harshkumar91798,85,,1
FrankBr61765834,85,,16
Firefly20s,85,,1
Charlottesyh6e,85,,2
BilongoSiete,85,,1
AntiWestGuy,85,,1
sajavadi1,84,,2
rhsodhrkudfke,84,,5
noorkay100,84,,9
ngocquang19877,84,,1
lotfi_moslem,84,,1
langford_andre,84,,1
juttjuttyy,84,,1
carl_quesn30073,84,,2
Ziad19Rehan,84,,1
SavyGraycee,84,,1
SMehr11752,84,,1
R_SouthAfrica,84,,16
Nalium_,84,,1
MuAyoo22737,84,,2
ManishJadhav011,84,,6
Maghze_khaste1,84,,1
Lol51152249,84,,2
Kabukimanned,84,,1
Haanaa1313,84,,1
EhsanB6408,84,,1
DonCrity,84,,1
Divert2mind,84,,1
CensoredMMA,84,,13
BWaltars88,84,,1
AhmadAAbuhajar,84,,2
sirmoco,83,,2
sellujay0,83,,13
sabr_salah_1357,83,,4
rayanabbas331,83,,1
newbieliberator,83,,1
mamiiii_mamiii,83,,15
khaksar1603,83,,1
farshidfarokhi_,83,,2
evil7chris,83,,1
XirArxiadElamXy,83,,1
Sufi_Saints,83,,1
SaqibJawed20,83,,1
Remma_khan,83,,1
RedFront7,83,,1
Nik68965263,83,,1
Meshkat1405,83,,1
John_86gov,83,,2
JavadSayd,83,,1
J_F_B36,83,,1
Iranvatanam_,83,,1
Im_Alive0,83,,4
HassanA70572291,83,,1
FWang1983,83,,1
Elham90919336,83,,1
Bakil_Al_nawari,83,,1
AmirrezaMoafian,83,,3
AawaraHoon44102,83,,2
68Amirali,83,,1
tejasb86,82,,1
selami1151,82,,1
seeen317,82,,2
respectZMAGK777,82,,2
nourgnm,82,,3
migmarioq,82,,4
mhassannizamani,82,,5
m3gacamper,82,,4
jean_seba,82,,1
essiamini1,82,,2
brizkih,82,,1
alisaquib1,82,,17
_ABCD_12345678_,82,,1
UAxme,82,,2
Siben_Nules,82,,6
SadiqBadamasiA1,82,,1
SZTH264,82,,4
SSibatul64457,82,,1
RutoManyoria,82,,17
Ranjeed437,82,,1
MuzafarGohar,82,,1
DawneCourtney,82,,2
Candle81264The,82,,4
Buzz2132,82,,1
BaBr56,82,,1
zzz_mmm123,81,,8
verstopthecar,81,,1
theboomermemer,81,,1
tersetalk,81,,2
sheylham3,81,,2
sarcheshmi,81,,1
iambujah,81,,1
filmyfun11,81,,1
designwithmilly,81,,1
azadeozendani,81,,1
amir_ca_,81,,2
_alonsosa,81,,2
VivalaMuerte737,81,,1
VipulSharm42362,81,,4
SuckMahBoaby,81,,2
Samuelkairu254,81,,3
RightWingPersia,81,,1
Philipb17168232,81,,1
KayiBroUsama,81,,2
JoshM197,81,,1
JavadMousaviRad,81,,1
Jackboy0072,81,,1
Ismaelperezm16,81,,1
HasanpoorAhmad,81,,1
Fardichavan,81,,1
Faam_maaH,81,,5
ElmiAnvari,81,,1
Andreas20574581,81,,1
AbwLy19664,81,,1
worldEyes91,80,,1
tuviterr,80,,1
sanamsyed_10,80,,1
ravifox5052,80,,1
n0026180,80,,2
johnusalaf,80,,2
hvalouzi,80,,3
haaaaa1980,80,,4
gogo_of_Obolo,80,,10
alisalman82,80,,3
adavans,80,,1
Stylesofbeyond9,80,,3
Sagol45697173,80,,1
Rafqat88,80,,1
PIROUZ7711,80,,1
MuhammadAd21479,80,,1
MaraJos38615500,80,,3
Mahtab98765,80,,1
Mahdi62706578,80,,1
Hussainz20,80,,2
Him31382,80,,1
GhayoorOKhuddar,80,,1
EhsanHoseini95,80,,1
Ashatanianata,80,,1
AliuOlalekan11,80,,5
765_sarahb,80,,1
sydsynhry1,79,,1
spymacaque,79,,2
shakiba_313,79,,5
rebornG2fans,79,,1
khanbabaei__,79,,5
khahareami80221,79,,1
ilujogbo,79,,1
ijlalriz,79,,1
guet_wg,79,,1
comgpaga1917,79,,1
Yunishasan4,79,,1
Toloyetalaii,79,,1
TheNorthMa57576,79,,1
Tanki_Tanq,79,,1
OTactica10362,79,,1
Neosss22,79,,1
Metta21336338,79,,1
MazharA30068574,79,,1
MSarbedaran,79,,6
MASUKAHMEDMAZU5,79,,4
M1LESTONE,79,,1
Lno403760351471,79,,1
Ll72Wgn9xku8FkQ,79,,15
LaBovino,79,,2
I_Jamal93,79,,16
Gigili953666859,79,,5
Decebalus89,79,,2
Budda_peace,79,,3
BigDaddy4Lyfe00,79,,1
Afaqnfb,79,,1
AANassir1,79,,2
yayyuas,78,,1
witty_satty,78,,8
spermasir,78,,4
raza110uk,78,,2
nonaligned29,78,,2
naughtyAl13,78,,2
mrzalzalikk,78,,7
m_sh_78910,78,,3
jjjornie,78,,2
diddlysqwatt,78,,1
azybanoous,78,,1
azadi14637441,78,,1
a_samavati_s313,78,,3
aAmEeSz,78,,1
_mohammedhaider,78,,1
Zzackfirst,78,,1
Willybra3,78,,4
TaylorW19515237,78,,1
QuioZampa,78,,13
MuhammadaliNano,78,,6
MuhammadAq79969,78,,1
Mitke921049,78,,4
MickeyMouseVI,78,,1
MerrziaRaza,78,,1
Mach_inter,78,,3
KMuhamadmahdi,78,,3
Jose35569692962,78,,2
ISATofficial,78,,1
HanifAuliaAbdu4,78,,3
BaniSalmanH1,78,,1
Adelina1027957,78,,3
AbdullahshaikS1,78,,1
1Rublovvv,78,,1
yafatemeh91,77,,2
shaheedsar,77,,1
seelllya53035,77,,3
kevinfloresovie,77,,1
iLoqman,77,,1
becomingavocado,77,,1
TuyNOM,77,,1
TribalCurrents,77,,2
RabkaSN,77,,1
Opinionatedengh,77,,2
Odevie2,77,,2
Nantongo498630,77,,10
Msila28OL,77,,4
Madnox01,77,,1
Klubbshakers,77,,3
Kamjom4,77,,1
JohnRadcliffeIV,77,,1
John82641062091,77,,1
JayJaysalone,77,,1
HussainTejam,77,,7
HmydK99122,77,,1
Haj_Hossein7798,77,,1
Dtytquw,77,,1
CommonSenseFax,77,,3
AbuzarKafaiat,77,,1
Abb__eth,77,,1
07wazeer,77,,1
yousaf465,76,,1
saman547,76,,1
sajmad24x7,76,,2
porosteng4h,76,,1
picolith80,76,,1
nniaada,76,,1
letitrolldragon,76,,1
hasnataliiiii,76,,1
gk_naqvi,76,,1
freaky_disorder,76,,1
dr1tofiq,76,,3
capt_matrix,76,,2
bAyanAnto,76,,1
arashahbazian,76,,4
alirezaTGL,76,,2
ShahramBaha,76,,3
Samarviews,76,,1
SaifSid38218645,76,,2
Ruubstrr,76,,1
Rohanifar_m,76,,1
PeterKassis4,76,,3
MarvinGard68632,76,,1
LearnersTube,76,,17
Laporteofoz,76,,1
KreshniKamolli,76,,1
JDX1083861,76,,1
Hananeh_zaheri,76,,1
GinetteLondogno,76,,1
Farazaman_313,76,,2
EYVE21,76,,1
Burnbefreading,76,,1
AtatrkSevdals13,76,,1
Anadolugerekle1,76,,1
Akirenna3,76,,3
AhmadHa98679366,76,,12
xxx1317967715,75,,1
vYjwupCyCUKOH3k,75,,4
roya56,75,,1
mujtbamehdi,75,,2
mmllddnnww,75,,1
jamesbond0_007,75,,2
imburhanraza,75,,1
fonzooe,75,,9
ddepoir,75,,1
RKarthik69,75,,1
PeacFredmJustic,75,,2
Once2nd,75,,7
Omark72015,75,,4
Juliusreiator,75,,4
ElFab78,75,,3
Dw28G,75,,5
AllawatiMohd,75,,1
rohitjaat123678,74,,5
nitdakai,74,,8
immdwasim,74,,7
iamsheikh11,74,,3
dilawerhussai15,74,,1
dido_jima,74,,1
basitaliawan512,74,,1
abbasalizadehsh,74,,2
_AminAhmadi,74,,1
Ze_Buratino,74,,1
Xeel64985121,74,,4
TwenTeaSeven,74,,7
MasterShibu2,74,,10
Marvella___,74,,5
LeftRightBtc,74,,1
Dorin1673115,74,,1
CyphergodO1,74,,3
BehzadEshghi,74,,1
Behzad58330,74,,7
seyede_azadeh,73,,1
sasansamadzadeh,73,,1
nafsfighter,73,,8
loisfoeribariii,73,,1
leader6868,73,,3
hebyjazzy,73,,5
Yuribaba112,73,,5
YassineD2025,73,,2
WalAhm18,73,,1
ShohteSagar,73,,1
Masooma51163950,73,,1
MaOsroosh,73,,4
M777623M,73,,1
KhurasaniiHamid,73,,2
HessamAlavi,73,,1
Hakimzada96,73,,1
Gholamali1371,73,,2
DropInDOceann,73,,3
Alireza14_70,73,,1
6thbigisland,73,,1
zelzal023,72,,1
shahedi1982,72,,1
mgScpKQ83v50786,72,,1
juanpodrido,72,,1
hanna64255538,72,,1
hajj_qasim57485,72,,3
farooqueahmed33,72,,1
dickmonald,72,,4
anisulhimu,72,,1
amir_yaghoobii,72,,1
alaqsaflood1,72,,7
abooohossein,72,,2
SamadiTayebeh,72,,1
SaanviNursery,72,,1
Reyisirx0100d,72,,1
PoliticoBuzz,72,,2
MusamaQ08,72,,1
MYazdi30,72,,1
HurricaneMinou,72,,4
DrSCPuri,72,,1
Doug22soCal,72,,1
DobbE200,72,,1
DeborahG8162,72,,1
Citizen_JaneQld,72,,2
Bismillah2866,72,,5
AlaskaBeast9,72,,5
AhmedMohfuz,72,,1
zzzashiq,71,,1
edalatchi,71,,1
cheikhmorgueye2,71,,8
ariansolati,71,,1
afzalmdogar,71,,1
YeboahForster,71,,1
WithCloth,71,,1
WarsameMelapas,71,,3
UBAIDALAM58,71,,2
TasinKhan171694,71,,2
Taimuralishah00,71,,2
Sanjeev43697008,71,,6
NoelCR711,71,,1
Moonjatt302,71,,2
Mohammad5662528,71,,1
Fred_Flntstoner,71,,1
Fahimajmal2030,71,,3
DeePatty7238,71,,1
BloodHound90640,71,,19
AmaterasuYokai,71,,2
Ah_moslemi,71,,5
75Dalir1842,71,,1
themainbishxoxo,70,,2
thassanniya,70,,2
shafimirza1,70,,1
sadegh128_,70,,2
punishedmazdak,70,,1
nietzschel0ver,70,,1
mustafakohja,70,,1
miladiadem,70,,1
mahasweta_18aug,70,,1
ma0001111,70,,3
lucky2bLive,70,,2
iraq_hn,70,,7
flacko__0,70,,2
ellliiiinnnn,70,,1
Winston_George1,70,,2
SultanAminAbba1,70,,3
Samia2545179048,70,,2
ST_MD22,70,,1
RaiRustumAli,70,,10
Prof_Pacifista,70,,2
MarsIanding,70,,1
MajedHamou82943,70,,1
MUDASSIR9532,70,,1
KhalidH25928555,70,,1
IsuTeam12193,70,,2
GeorgeClav11273,70,,1
FeartoNone,70,,1
Et_Tu_brute_1,70,,1
DostPakhtoon,70,,6
BaderAl46178927,70,,1
ArashDaniali,70,,19
AhmedAbbas_98,70,,2
AB622565132484,70,,1
wr39_,69,,1
octopusdinosaur,69,,2
maja_hill,69,,3
m_vegan8,69,,9
luciferi_cert,69,,1
ih8bakris,69,,2
hassouna_7,69,,2
hasannaseripuor,69,,1
freewillman0,69,,16
dream_of_XRP,69,,1
dracula315,69,,5
blackpapergold,69,,1
a_abs84,69,,1
Tara_hoseyni,69,,1
TahaKhater50,69,,1
ShoibAk80285461,69,,5
Shabihabbas110,69,,1
Sam_01150,69,,4
RealJamesFM,69,,6
ParasSoni155285,69,,4
NimbusExile,69,,2
Mawuse_O27,69,,2
JorgeBerges1908,69,,1
Izzzylukj,69,,1
Ioose_meat,69,,1
Fx_Bashy,69,,6
FirdausMadina1,69,,2
Cassian46138631,69,,2
AliHJivani1,69,,4
wado0oich,68,,1
terrorof_x,68,,1
rezaeisajad1,68,,1
pinopino7777123,68,,1
minaaxaa,68,,4
mdlkykny3,68,,1
landlordtenant_,68,,1
jevan_HoF,68,,1
jazzbellmusic,68,,1
itszulfiqarali,68,,3
g_vgg45486,68,,3
babarhaq234,68,,1
Stnshp,68,,1
Muk68782104,68,,2
GeoPDude,68,,1
FirozAli727272,68,,1
FatahiOfficial8,68,,2
DeniseWilb47246,68,,1
BourneCrypto,68,,2
AzimAnsari12540,68,,1
Amir79Xlord,68,,4
sh_mt313,67,,1
roopzahra5,67,,1
perera8u,67,,13
noumanshammaz,67,,1
mahdi_khsrv,67,,1
mafakheriii,67,,1
ll9172898443207,67,,1
kipnitreal01,67,,1
goodnessaj771,67,,1
floyd_patryk,67,,1
falcoperegrnus,67,,15
dadyhamid1,67,,3
ali_CCCXIII,67,,1
WinnieIthePOOH,67,,2
TLTinvestor101,67,,1
MymonSagar,67,,1
MrtdyB4566,67,,1
Mohamad74976150,67,,1
LAqapwr4149,67,,2
Jasper_I_Khan,67,,1
Jamariyyah,67,,2
Hasni4245,67,,16
HannahBahloul87,67,,10
BdallhMjah72489,67,,1
Alex_looking428,67,,1
Aaliyah_AlMurra,67,,1
AFantabam21245,67,,11
yagi6895,66,,14
sindaqtcha,66,,5
shre63299,66,,1
nothingtoshowyo,66,,1
nikmah250665,66,,1
netradingyahoo1,66,,3
hassytan,66,,2
hadi_tanoomand,66,,1
fekrooooo,66,,3
draco_spitfire,66,,9
VictoriaCh48505,66,,1
UnhingedNewsOP,66,,2
SmithRowland01,66,,1
ShanMal75765166,66,,1
Samurai17321958,66,,1
Rzv_Amirali110,66,,1
Khan230554,66,,1
KamyanaDxb,66,,1
JESSEGALIN87641,66,,1
HugoGue10299107,66,,1
HamidNoory4,66,,2
FuzziOskar,66,,1
F_Fazli8117,66,,1
DaveyTutt,66,,1
BatoulHNaim,66,,1
BabiNgepet01nk,66,,9
Amir13915,66,,3
Adibougre,66,,1
AaronKurnz82,66,,5
0xnullcapital,66,,1
risenol,65,,2
reallyevildevil,65,,1
oAlbertoCasas,65,,2
nybtsy,65,,1
mustapha6550,65,,1
momo_ila,65,,1
mmhussaini,65,,3
martyrdoh,65,,1
luisbontempo,65,,1
leeberteeene,65,,1
kurlyoh,65,,2
kingakali,65,,1
husseinalamlhi1,65,,2
haveasoulsdyt,65,,1
fzyzz_,65,,2
denizxdeniz111,65,,5
clownworldnewss,65,,2
_MalikKhan,65,,1
USMANIMRANSANI,65,,5
The_ifraj,65,,8
Saturns_Cube,65,,1
Rizwan897233,65,,1
MinhalHasan7,65,,1
Kikuba_Mutwe,65,,6
KarinaUlloaB,65,,1
Hamedtangeqz7,65,,2
ErwanPilay,65,,2
Doubling46,65,,1
DialamehShahid,65,,15
AnfaalAbidiii5,65,,1
AmirhoseinInrs,65,,7
AmMarzuqi,65,,1
AdamtheArabian,65,,1
AdamhereA73594,65,,1
AbdiJumalo,65,,2
ziz_mo94,64,,1
takaraita,64,,1
sargooshi,64,,1
ruhdaar01,64,,1
rostamimedia,64,,2
nowthisisit,64,,8
maryamimrann1,64,,1
maddilune,64,,1
karkela85,64,,1
elyvaly5,64,,1
VlogsReza,64,,1
Testkontokon,64,,1
TabbouleWbatata,64,,1
SunnyPeaceLuv,64,,1
SalimWTY,64,,2
SGSYCM,64,,1
Intelmaestro,64,,1
GrandPa86328664,64,,13
G0yyim,64,,8
CornellThania,64,,1
CessyTan,64,,1
BoonieCatLady,64,,1
ArticoloZero_2,64,,2
AkmSadrul,64,,1
AghaHakeem,64,,1
ABaltaf99,64,,1
yakoza212,63,,2
vermilionAKIHA,63,,1
sarberahim,63,,2
pams_soo,63,,1
meamo_n,63,,1
lwanay1,63,,7
hosenrezapour,63,,2
hellobonheur,63,,1
cf23f05e587845c,63,,1
afnancfc,63,,1
ZaminMalik10,63,,1
TribalGlobalist,63,,2
SomeScrupleslef,63,,1
Saeidovsky,63,,3
Rekhotsowisani,63,,3
Mposhideh,63,,5
MahGhazaal,63,,1
Lost123567,63,,1
Janet64659322,63,,1
IRob59986398,63,,3
HeatFan_Number1,63,,1
FAndarza,63,,1
CikbKN,63,,1
CharlesIberch,63,,3
CPrimestone,63,,5
BakhshiAra27915,63,,5
BabaiBarkat,63,,3
Arman559188,63,,1
87Eben,63,,1
soch_social,62,,2
ownthebanks,62,,1
okowais234,62,,1
mohammadreza98f,62,,1
khadarbhojani,62,,2
johnwhite123417,62,,6
hiro1970hiai21,62,,2
exGiGs,62,,2
esnmrdi,62,,1
eskepticalll,62,,1
dJCfFYKoNI88208,62,,2
ar_be_he,62,,1
amrhashem822252,62,,1
alitam113,62,,1
TayyabXatti,62,,1
TariqSh87722092,62,,1
Shanaei4,62,,5
Prince83Vicky,62,,1
Notnoticingx,62,,1
Mohdre61464,62,,17
Mohammadjfakhri,62,,2
JCrofeathe45769,62,,1
GarethE14,62,,1
ExpertArranger,62,,3
DadfarSahra,62,,1
Choice2022,62,,1
CharlieDsdn6,62,,1
AlyBadaraConte2,62,,1
AliReza762714,62,,2
AbdullahAlanse,62,,1
Abdishukri85782,62,,1
ABO_MOHMMED4850,62,,2
A2jkhan,62,,1
zxcvasdf6789_,61,,1
strawberrypiyo,61,,1
salman67400,61,,1
ranjha_97,61,,1
pinne_alla,61,,3
nuradeen_l78268,61,,3
mrkrumi,61,,2
ghargoozsanj,61,,1
ffalmaie,61,,2
drex1159,61,,1
bwmmd6246378777,61,,1
alireza1602,61,,2
aalif54729,61,,1
WashiJnr,61,,1
Vahid_Hakimfaal,61,,1
TpapaTYB456,61,,1
Tae_TataBT21,61,,2
SiddiqZakariyya,61,,1
ShekelKuntala,61,,3
MuhammadUmarl17,61,,1
Memer737,61,,1
MarkPapas17,61,,1
Kamrana_ahmadi,61,,1
KaPratibha28881,61,,1
Ir_29gr,61,,1
Hikari_sunlight,61,,1
Debbie_Antara,61,,1
BitDotBit,61,,13
Abbas4evr,61,,1
vigilantejustiz,60,,8
suehisass,60,,1
sayyidamaan,60,,3
plessis_chat,60,,1
khodeAn13am,60,,1
ezetrois,60,,1
batknucles,60,,7
adil_adnan6,60,,1
abwz7688om,60,,2
_muhammad019,60,,1
Yas1n7o,60,,2
StephenMai45817,60,,3
SommoDubas,60,,1
RicardoLar71171,60,,2
OM_reader,60,,1
MrPing54016783,60,,1
MohammadAk36487,60,,1
MahMoos313,60,,1
JoeIbeh140755,60,,1
ItsOlivers4,60,,1
ElianeRicarte1,60,,1
DuncanSpen64609,60,,2
Dondiegue9,60,,1
DazaisRequiem,60,,1
Baho_kurdo,60,,1
Ahmadya85618157,60,,1
willi46511,59,,1
shabibhasan15,59,,1
selcukseniz,59,,6
sapere__,59,,3
sadiebita,59,,2
nari66611,59,,1
morrrre5,59,,2
mkyassien1,59,,1
mirzakuhi,59,,1
maziiarsamimi,59,,2
dark_squidward,59,,2
chr0mit3,59,,1
aghaee_hassan,59,,1
abyssgaze_,59,,1
Twitu3578,59,,4
Shahnam_ul_haq,59,,2
Pakarmyhehe,59,,1
NoumanA27204711,59,,2
Muyassar,59,,1
Mehran_bahman,59,,1
MehdiS1173222,59,,1
LondoBacot,59,,1
Itismeyawar,59,,8
HamidAlipo65083,59,,2
HHasseiun,59,,1
EmhaHadary,59,,1
DrSoccerDad,59,,1
Anoos1071,59,,1
thEchoofJustice,58,,2
solotrav3l,58,,1
sina__mokhtari,58,,7
sheikhtaqaddas,58,,1
sahebam_ir,58,,1
nadhymura,58,,2
marpiter,58,,1
hussainarq_07,58,,3
hasanmortada123,58,,2
hamza_kham28602,58,,2
annihilator_97,58,,1
Yotabw,58,,1
Truthwins7373,58,,1
TrueNorthVoices,58,,1
Tiffany61167,58,,1
RwhyHsyn33965,58,,2
Rightkhalifa,58,,1
PudgyPindos,58,,1
ONaflex58464,58,,4
NazirAh81022704,58,,1
Mr_Sirb,58,,6
Mahdijananeh,58,,1
LivWoodMiami,58,,1
HyenaIQ,58,,1
FelibackinBA,58,,1
DrScipio,58,,2
Christo32574716,58,,1
Bigaahid,58,,14
Alhasan_Kazmi,58,,4
Aboveitall4L,58,,1
sohacrypto,57,,4
scorpionkzn,57,,3
prog_perspect,57,,1
pimientomusical,57,,1
mohsindar203,57,,5
modi_aliyu,57,,2
maximamxpa,57,,11
hoorytaqiz30001,57,,13
hattip66,57,,2
gabolzahoor80,57,,1
fuckputinsqz,57,,1
eulhaq551969,57,,8
elissa_kiryu,57,,1
atanjum,57,,1
arslank94765413,57,,1
a__sohaill,57,,3
WasifSayyed7,57,,1
TTro77930667390,57,,5
Studiesomputer,57,,3
NerdyKenyanDoc,57,,4
MdTahidulAlam,57,,1
MMeherzai59593,57,,8
MBereliani,57,,1
Imrankhan135317,57,,2
IStandTruth,57,,5
GualterPortella,57,,4
Gobar_PattiWale,57,,1
EMN253798927426,57,,1
Don000000000001,57,,1
CyberGOAT2077,57,,2
Baharam_200,57,,1
ArcAura6716,57,,1
89Goldsmith,57,,6
15_Sheringham,57,,1
z_fatima,56,,1
weird_wide_Web,56,,1
vijethrai_2000,56,,1
siddique_s8334,56,,1
renderednoumena,56,,1
pro__signal,56,,2
pancherkhan,56,,1
line_leadership,56,,7
itz_raja_037,56,,1
iraantobemaan,56,,8
go_go_sw493,56,,1
glitchxtruth,56,,1
fuckziopigs,56,,1
frankshin667,56,,1
didoboru43,56,,2
asal_fatum76453,56,,1
ansar_ullah11,56,,3
Yibuprofun,56,,1
TarekBzioui,56,,2
PAULCHAMBE98753,56,,2
MaxSchfer729306,56,,1
KhatanaGul,56,,1
ID_Pakistani,56,,1
HamedArjmandi1,56,,1
GaurAasha,56,,2
GReinassanceA,56,,1
Ely_H_84,56,,2
Dania58Hadi,56,,3
DZnjar82889,56,,1
Ali65545639,56,,1
Abuheesam,56,,1
Aboalfazll6,56,,1
501_ly,56,,1
007emc,56,,1
preetijjain,55,,2
jsquared863,55,,4
hibohoney,55,,2
habibreza8919,55,,3
epi_gc,55,,2
adil_angga70133,55,,1
Yahyakharpa,55,,2
TheDisruptorRay,55,,2
Resist_HADZ,55,,1
RaheeeilVatan,55,,3
MoS54383,55,,4
JeanJacque1804,55,,2
HossienRadwan,55,,3
DieNaziIsrael,55,,4
Chavez_Che_2023,55,,7
BurakDursun44,55,,1
Ashkan_Humanity,55,,2
Adolfin1234567,55,,9
50cent5739,55,,3
28Ostad,55,,1
23Noobz,55,,1
zionistbegone,54,,1
teracir80,54,,2
shahbaz_gary,54,,2
muqeelshah,54,,1
mohammadi5922,54,,1
mo29546050,54,,1
mbjohnsmith,54,,1
jellarochford1,54,,4
jan_abdull67690,54,,1
inullvoid,54,,3
ashkaniranshahi,54,,1
alizkrz,54,,1
User52803,54,,1
SahilAr80409569,54,,1
PowerIran405,54,,1
Peace4purpose,54,,1
NaadiyaW786,54,,2
Mohammad42131,54,,1
Mohamma23159617,54,,1
Medi_tate254,54,,1
MeNucEngineer,54,,1
MOmerBuksh,54,,2
MAbhatti0347,54,,1
LiannaMariexoxo,54,,1
Groyper99brx,54,,1
FarFaryaz374,54,,4
DeanMan342780,54,,1
ClaverClvr,54,,1
Bas_satyam,54,,1
BRingchan,54,,1
AZipette,54,,1
AKamangir67087,54,,5
truthSimon31,53,,2
thTruee,53,,1
smore_lil,53,,1
sciziocat,53,,3
rahbareenghelab,53,,1
nika333435,53,,6
minaydyje,53,,1
meercule,53,,2
mastsne007,53,,1
lovepakistan136,53,,1
abbas63430,53,,1
Yassine51172,53,,2
SimHBO,53,,4
RoozamJ19413,53,,1
Lulc30YdUN98130,53,,1
Lsui572979,53,,1
LisaLu1963,53,,1
LXmartyop,53,,3
JalilvandZahra,53,,1
Jaffar99310524,53,,1
HarlowLombard,53,,6
Hamzakh97344945,53,,2
GiovePietro07,53,,1
FreePalestineHQ,53,,2
FeeyazShaik,53,,1
FarsiGhola71070,53,,1
EdwinmauricioSL,53,,1
Dat___Le,53,,2
BaAbdoulAz32406,53,,3
AhmadKhanGul,53,,5
Abdelnaser64678,53,,1
zara3746,52,,1
think_index,52,,1
ssulayman636,52,,2
shaheenrana783,52,,1
rokhintos,52,,3
nwbhar5118,52,,2
marinep655097,52,,2
leorfdh,52,,1
iamalibasit,52,,4
haghbaalist110,52,,2
garridohernand2,52,,1
ausama47,52,,3
amirkhani1895,52,,1
aeylowkey,52,,3
aalam_saiyed,52,,1
TheNomadsCipher,52,,4
Seasonedsoul123,52,,3
SamGygy,52,,1
PersianGulf_IR1,52,,6
Moheb1387,52,,1
Masoudi65,52,,2
MSaharWahib,52,,1
JerybisGrok,52,,8
Gamokaya7,52,,1
Dani_Vallium,52,,7
CumalaHarass,52,,5
AnzarHamdani,52,,1
AmrasMasood7135,52,,4
Amiru4118,52,,1
AlamgirM72173,52,,2
143mozafar,52,,5
wizard_trade,51,,1
schmukken,51,,5
muzammilbalti_,51,,2
m_iu_w,51,,1
m___mahdi,51,,2
irani02198,51,,2
dirtyluckUSMC,51,,3
danielsanana,51,,2
chegewamacharia,51,,1
asadk9934,51,,2
antiwahbabi01,51,,4
acutbite,51,,4
abclubuaintinit,51,,1
aafzmh6,51,,13
Weendy_Uche,51,,1
UmarIbrahi69261,51,,1
TjAbkr,51,,2
Shafique7545,51,,3
RouhollahAghili,51,,4
RiRi860,51,,6
RajarXain,51,,6
Mustafij158257,51,,1
Muhammad1195,51,,1
Mohit74228494,51,,1
MMD14ares,51,,1
KozticE3752,51,,2
KentMac37577,51,,1
KavehGooda125,51,,4
Isha_Sat,51,,1
HopeOfFajr,51,,4
F_Davuodi67,51,,1
AlGhadabAlArabi,51,,2
ARASHaalizadeh,51,,1
80edab8880ec4fc,51,,2
usuf_lasa,50,,1
sandra_bennett4,50,,1
mattoreza,50,,8
masterson95621,50,,1
madyune57,50,,2
m_ostad4148,50,,2
khalil102871,50,,1
kazim_skr,50,,1
imran_saleem907,50,,1
hussain_najam,50,,2
dope_rope007,50,,8
dailynews11111,50,,9
anthzh67,50,,1
ajadi_jadi,50,,1
ZouamLePatriote,50,,1
WirtzDonalaf,50,,6
WaleedShafiqu12,50,,1
Subconjazz,50,,1
RVSarkis,50,,3
Mohammed290102,50,,2
MoSubhan914,50,,1
MehrinRehan,50,,1
IK0729,50,,2
HormuzHousecat,50,,1
Homeland_en,50,,1
DrAlishoun,50,,2
DaS37183242,50,,1
Chamsounne,50,,1
AugusttoFaria,50,,1
AlhassanTop10,50,,1
AlbertsonJ55507,50,,5
AdarshaBhartiya,50,,1
zebad_wali80047,49,,3
slimpudge1,49,,1
sedna_m78,49,,3
prodbycommie,49,,2
mr_raunak_a21,49,,1
marziyeh_akbari,49,,1
kfcjfjj,49,,5
iran_hk,49,,2
hommeethis26742,49,,5
gaetanngabo,49,,6
elekteron5,49,,1
death_ray_0,49,,2
alpasasi,49,,1
ahd_emr,49,,7
afshin2003,49,,2
TajikMh,49,,4
Stevencole12259,49,,1
Stark_Double,49,,3
Shahzadzms,49,,1
SeyedSotoudeh,49,,6
SUNflowerr57,49,,1
RoseRejane,49,,1
RoseEmily494342,49,,1
RadAtila24,49,,6
NSyeff,49,,2
ImperialPalafox,49,,1
IhtashamJatt,49,,1
Hossein17385194,49,,1
HeyElonJiyo,49,,1
HBayraktar_5355,49,,1
BezaarShoar,49,,1
ARH015,49,,1
zhGuxxi,48,,1
wolfw33,48,,7
urinalpooper2,48,,1
seyedmohd,48,,1
salim93za,48,,9
ohshenree,48,,3
nextgenres,48,,1
muhammad_z26245,48,,1
ma_va9878,48,,1
legacyspeak,48,,1
jonathanpryor2,48,,3
iranthreads,48,,5
haj_aghabozorgi,48,,3
gxldejulianalva,48,,1
bigmeech1917,48,,1
bara4526300,48,,1
athraal0,48,,1
aditya_josta,48,,2
abid7614,48,,2
UmarMallick8,48,,2
TheoMilitaris,48,,2
Sana_R_Sana,48,,11
RwhSyd83779,48,,3
MohammadVa33854,48,,1
Mirshannn,48,,1
MMobinHekmat,48,,1
KumarVi80347284,48,,3
KashifA3666892,48,,1
Fifi9501,48,,2
FTparmis,48,,1
CyrusB35298,48,,1
C_Mohamad_C,48,,1
BillaShanii153,48,,1
Alaynesa,48,,1
A_CH64,48,,1
8QG1E,48,,3
z_m__sadat313,47,,1
temporalusrname,47,,4
talhaB96,47,,1
snlsyd34317292,47,,2
sjl_lewis,47,,5
sikandar025,47,,2
pesian_ranker,47,,3
knowledgerepost,47,,5
hossein_Bidel,47,,1
fakhrashrafi,47,,2
faeheed11,47,,2
f5723571818589,47,,1
donniebrasco956,47,,1
brian7890100,47,,3
amireza_bahrami,47,,1
alkaramnawaz,47,,3
aghazadeh77,47,,1
Zarin__313__,47,,1
YusifNajashi,47,,1
SeanShibuya,47,,1
SalmaPalestine1,47,,1
Sajad_h01,47,,1
Path7journey,47,,1
ParvinVali4,47,,3
Msd_44rw,47,,7
Mohammad_Gh6801,47,,2
KingHunter2nd,47,,1
Kareni007,47,,2
HarshGu01,47,,2
HadiTtei60018,47,,2
HMalehabib,47,,1
Dawudu2,47,,1
zeyzahedi,46,,1
vcthirdman,46,,1
tas_sow,46,,1
superneu_rotic,46,,2
sovietsoldier12,46,,2
saberi_tevfik,46,,6
ranimyassiin,46,,1
rahpeik,46,,1
nirmakdr,46,,2
meshkini_ir,46,,1
labormilitancy,46,,1
humanrightkr,46,,1
hashem_ame32464,46,,10
elowyntruth,46,,1
edelacruzapa,46,,1
doramitchell91,46,,1
bnads313,46,,1
ajavidarabshahi,46,,1
abdullah14_1,46,,1
ab_mohammady2,46,,1
ZeinabJahed,46,,3
ZDhqan51523,46,,3
WahajAlikh1812,46,,1
UserXZ5738,46,,5
SmoodYemeni,46,,1
Sepah53,46,,1
SadatMoham23320,46,,1
NAGyahya,46,,3
HoodRichPrince,46,,1
Hajj_Omid,46,,2
GazaGeno,46,,1
Birdie07161975,46,,1
BTDSTTLOYK,46,,1
Aqee_Bankai,46,,2
1BittenApple,46,,1
110Sma110,46,,1
zemendonca,45,,1
sorjairos,45,,1
sheikh1472,45,,1
serekyri,45,,1
rabbi_genocide,45,,2
mztmbbs,45,,2
mubashir_khan19,45,,1
mohsenhabibi7,45,,17
m0hammad_ali7,45,,3
lilyy65bo,45,,1
kayisonx,45,,1
israr_uchiha,45,,3
hkyunmu38688,45,,1
f1b3r_m0nk3y,45,,1
buyukulak,45,,1
aziranma,45,,3
Z123578185088,45,,3
Yunuscax02,45,,2
UmairRehan313,45,,2
ShakibMizan6010,45,,1
RubelHa09803591,45,,1
Rohitaswa14,45,,1
ReneTrade,45,,1
RasoolFala28934,45,,6
Mohammadvahdan1,45,,1
MazambaPathy,45,,1
Manochehripour,45,,1
M_H_HARATIAN,45,,1
JalalWardcl,45,,1
IraninNicaragua,45,,2
HusainMuradH,45,,3
HlambisaPh93329,45,,4
FabianOpinions,45,,1
Arashrahi91384,45,,2
Ahmet2599699738,45,,5
zewewez,44,,2
ykslgs0,44,,2
wayne70046,44,,1
stacymcbride974,44,,1
siafkazmi,44,,1
sara909889,44,,1
ramses1013,44,,7
rabzodemoreh,44,,10
mpsnaldgcz,44,,1
mortingen1234,44,,1
jimoh82862,44,,1
james56325632,44,,1
iamelibanoo,44,,1
godly36525,44,,2
fuckuglypig,44,,1
emamyh63,44,,7
dmsojoom,44,,3
_milojko,44,,1
YumengJL,44,,3
ThatRealSayyid,44,,13
T70759425,44,,1
Patel95821136,44,,1
JulioRamireZZZ9,44,,1
Faisalsyed44,44,,2
FactualMatters0,44,,4
EvaristoLozano1,44,,8
DrIzazTuri,44,,2
DANISHKHAN1176,44,,1
ConorCA,44,,1
Alejand49084031,44,,1
Adelirani36,44,,1
Abass18521401,44,,1
1theone123,44,,1
100kx1mil,44,,1
zahidimran90,43,,1
tu95overlangley,43,,1
shivaHormuz,43,,2
shikhaincognito,43,,1
matin_m12,43,,1
laurent1243,43,,4
ismetdoksal,43,,1
immigr81140,43,,3
historychem123,43,,1
hachaymacheete,43,,1
guerdiab,43,,2
attentive_owl,43,,1
asad7_ullah,43,,1
arshadmujtabaa,43,,4
abdurahmanshine,43,,2
_shiarevolution,43,,1
ZiadAssyrian,43,,1
Zahraaaminian,43,,1
VivaNoir,43,,1
TheyMockYouSee,43,,2
Tank71023,43,,2
Shirin77007257,43,,1
Nosjazz1,43,,1
NedrasKhan,43,,2
MujtabaJoo,43,,1
Mehdi_m43,43,,3
Maryam74323739,43,,1
MRamndy,43,,1
LucasH22818,43,,9
Kyra_Lynn_Moore,43,,1
IbenSchartau,43,,1
HugoValder63837,43,,1
HsynAbw59435,43,,2
Gennah1z,43,,2
EndThe547686,43,,1
ChemoiMark2468,43,,5
Bi_yoro21,43,,1
BensadiLydia,43,,1
BamNtando,43,,1
Arash_car,43,,7
AdriMachadoPCO,43,,1
3rdworldrebel,43,,1
tousi_leila,42,,6
total_leverage,42,,1
tommymorli,42,,14
sufiyan10285377,42,,1
sonofseyedeh,42,,1
sheriff01587988,42,,3
samiarqodosi,42,,1
rshrazavi,42,,4
reza_fathi6478,42,,1
mmjabbi,42,,1
johnfeb285,42,,1
insafian517966,42,,1
immajidkarimi,42,,7
himuzafuza,42,,2
elmoelmieh,42,,1
deli_mavi4646,42,,1
boomer_bogatyr,42,,1
as_sajeeb1,42,,1
andrew_pet28709,42,,1
alis156769,42,,14
aliberenji17,42,,2
aliaZafar130976,42,,8
ali1987ali1987,42,,1
WrittenNews,42,,1
TheNewtribeng,42,,3
Sipa_Louis,42,,1
NBakheit,42,,1
Msh110A,42,,1
MohammadAnjoom,42,,1
MohamadiMo82637,42,,1
Merrawi213800,42,,1
MdAsifAliMdAsi1,42,,1
MDarvish19741,42,,2
Joey17524472,42,,2
Galam182,42,,1
Bobby14775052,42,,1
Bahaaar1231404,42,,1
AliRazaNas76529,42,,12
AhmedHussa23628,42,,1
wn1932554240605,41,,1
umar_ovo,41,,1
snoopy89712934,41,,1
sj_sharma_,41,,2
shanson983,41,,1
riseandfall38,41,,1
qadirrai151,41,,3
nipun_vats51263,41,,1
m_whitworth70,41,,1
leylajunn,41,,12
hulerudy,41,,3
dandomisairu9,41,,1
claudie_chan,41,,1
boodfoood,41,,1
assal_baroun,41,,3
alihajiaghababa,41,,1
Visme83,41,,1
Vintaire50,41,,1
UnbaisC44072,41,,2
ThisIsParamB,41,,3
Smite9407,41,,7
SaulEseMrs,41,,3
SaeedReza_M,41,,1
NoWehavePepsi,41,,2
Naderbahrami0,41,,6
MrtRamses,41,,1
Mchumbucket101,41,,4
JamKiguli,41,,4
HomoSapien1947,41,,3
Gilgamesh_Eiyu0,41,,1
Exposediran25,41,,3
Eco_Adil,41,,1
BensarDhas,41,,1
0xchil,41,,1
zumbado_antony,40,,5
veryberry1678,40,,1
shirpoorsomayeh,40,,8
sheik_1994,40,,1
saraan_k,40,,1
sadafeabyy,40,,1
politicalhero,40,,5
ondo202611749,40,,1
mh_ramazani,40,,1
meanmac74977068,40,,1
mazloom_aam,40,,3
m_qanavati,40,,1
indonamja1,40,,1
histamin_e,40,,4
hafezzadeh2018,40,,1
diolith19,40,,15
ckemami,40,,1
aliakbarpnh,40,,1
achwerty77,40,,1
WhoHussainis,40,,1
Salehaldin0b,40,,1
SagharMahd4441,40,,8
Pouria888888888,40,,5
Nar_Surendr10,40,,1
MusaMisbah36269,40,,1
LucGuthrie,40,,1
IRGC_Lebanon,40,,1
FarhadIman92372,40,,12
EhsanIranAbad,40,,14
CemilCanbeyli,40,,1
BilalKh98951791,40,,1
BenoitJule90980,40,,1
Andiman110,40,,6
AhmedQoresh,40,,2
Adrian891451951,40,,1
A5SASSIN0,40,,1
wasiraza786,39,,2
terigliugc90488,39,,1
smallintellect,39,,3
say_eed1991,39,,3
sadafkh49485464,39,,1
sabrina4usa,39,,1
nasrallah_93772,39,,1
myweaponmyvoice,39,,1
muzamilhkhanday,39,,2
mohsen_bghr,39,,2
marikamjo7,39,,1
k44724068,39,,1
hestheendofjune,39,,1
h_lin88,39,,1
coolruler80,39,,2
bekirerdogan69,39,,1
barnabas7777,39,,2
azlan4dec20211,39,,1
Turabiyun,39,,1
Thautte001,39,,1
Sujeetweinberg,39,,8
SamanAhmedgxtj,39,,2
Observer231165,39,,1
Narjizz,39,,1
NaMaloom614616,39,,12
KhaldWlyd2693,39,,8
KenzieCiro65477,39,,1
Jay665646758625,39,,11
HNasir101,39,,1
FatemeHuaw9521,39,,6
FahEngr,39,,1
DovesTrit,39,,1
BBWWblackl,39,,5
ArzuS4011,39,,3
Arriquitaunnnn,39,,5
Ark123450,39,,1
AmjedAli1124411,39,,1
voicedacid,38,,1
vASBReal,38,,3
ummaliabbas,38,,3
shoebAkhatar7,38,,2
saeedalidaie,38,,2
qbsan1,38,,1
haloJumper9,38,,1
geo12901,38,,1
freebirdscoming,38,,1
dokhtttt,38,,3
distancelover,38,,6
cruze29359,38,,1
bootybender996,38,,7
am_merati,38,,1
aliceactualizig,38,,1
Teacher2884,38,,1
SyedFaizUlHuda1,38,,1
OpenWorlDUS,38,,12
Miralimohamadi,38,,2
MiffyMiffy1966,38,,1
M48048859M,38,,1
Elisa1958341,38,,2
Chytilova1,38,,1
Back_Iran_as,38,,1
AspasiaM470,38,,1
ArshMebodi,38,,1
ArabileMatshaba,38,,1
AmaliaSw48,38,,2
AlvaroPaez32384,38,,1
AdrianAkbari,38,,5
ulfgurn,37,,1
shangooliani,37,,1
realtalha8,37,,2
nidlaron1989,37,,2
mokhtariesfid,37,,1
mohd_umar02,37,,3
m1ndfullchill,37,,1
lacanemab88103,37,,6
kwakuDarlixs,37,,1
julesleiper,37,,1
joeledmundo84,37,,2
hippoCRYPT0ath,37,,1
blankfornow23,37,,2
biggestsaving,37,,1
anveshanshubham,37,,1
alataealim,37,,1
ZaidHarith14,37,,1
TradeIconik,37,,3
SeyedHosse31120,37,,1
SaliA47091587,37,,1
SaddamH49091765,37,,1
Right_2bRetweet,37,,1
RahimiWazi59562,37,,3
Rafi_DIY,37,,1
Mslmn1214,37,,5
Mirbagheri110,37,,8
MehdiM8845240,37,,1
Mask_Ingtape,37,,1
MalikBa20781536,37,,1
LEGACYISSMART,37,,2
KrarRaj,37,,7
JuanCar28492349,37,,1
Ghaallan32,37,,1
Fabius_Fodel,37,,7
EayilaWahida,37,,1
DuranAztec,37,,1
Arigottaaa43663,37,,1
Ambose6,37,,3
AlirahalAli,37,,1
Albertino2025,37,,1
AhamedCs,37,,2
AaqibBh51414500,37,,2
zedkay_97,36,,7
yasean_1358,36,,1
wetshard,36,,2
trinanesBuo,36,,1
smyhr5,36,,1
sigg81977,36,,1
savage_lisa68,36,,1
naqshebatool,36,,1
messouh_s,36,,1
memecoinCA,36,,1
mb2175,36,,2
ismaile42743490,36,,1
imadkakakhail,36,,1
humanbe71,36,,1
hhs1360,36,,1
daneall_j72,36,,2
bawa_waryam,36,,1
ZainSAS007,36,,10
Sultany5549,36,,1
Sarah97949359,36,,1
RogerEbertwh75,36,,1
ResistanceSupp9,36,,1
ROM_000_Z,36,,1
PindisSak,36,,1
Numaanwani111,36,,1
Justthink1990,36,,1
Iraniansoldierx,36,,1
GerardusGerri,36,,4
Farshaad_Jamali,36,,15
Carly1344923,36,,1
Alira7731,36,,11
AliHaider15788,36,,2
AirinaSo,36,,2
Acebush1859,36,,3
Abubaka15210281,36,,2
ABDULLAHIS93607,36,,1
8mabubakar8,36,,2
sleem_ahme3156,35,,1
ramlehlydd,35,,2
naser3awde,35,,1
nartu2116,35,,2
nandms35,35,,8
mostafaraz33764,35,,1
keralano1,35,,1
jo_brown83,35,,1
impersian_ir,35,,1
iamsajid_804,35,,11
elmio4775,35,,1
bwitiptah,35,,5
Z_Business7,35,,1
TheBoomPakistan,35,,1
SSG146789,35,,3
Recep888520,35,,1
RRbandaz20826,35,,2
NadirSh42071677,35,,1
MohammadAr98813,35,,2
MansourKanaan88,35,,1
MakeriWangu,35,,1
KInzmam,35,,2
Idealism2110,35,,1
I_am_mujtaba,35,,6
HypersonicIRI,35,,2
Hamza40477600,35,,1
DavidAbbasi1,35,,1
BdallhDnan56613,35,,1
Ali_mari205,35,,10
Aleeakb09815240,35,,3
1360Yasin,35,,2
yousaflight,34,,1
satire1892,34,,2
salh85872,34,,2
rahgozar______,34,,2
p_cheraghi313,34,,1
noorsyed1991,34,,1
nandaliviea,34,,1
mustafazaydee,34,,1
muratgu80120933,34,,1
mdaliiqbal46,34,,2
kemalnawdir,34,,1
danalDANAL201,34,,1
c_karen3,34,,1
azizulquayum,34,,1
ashmir51,34,,7
arash_padash,34,,3
anyabunkem23457,34,,17
abbabashir04,34,,1
ZulfiqarAl786i,34,,1
Rixa36251185,34,,1
PhullSaportSars,34,,1
OVE112511,34,,1
NupNew_2,34,,1
Maximoasfura,34,,2
MOGAHDwithULLAH,34,,1
Lil_Herpe0,34,,2
IrfanHussa58062,34,,2
Hasten_bsl,34,,6
Hammad55_RJ,34,,1
HBaneed,34,,1
Girraj28686375,34,,1
GazaReturn2025,34,,1
DrOzqulzn,34,,1
DarkAura4533,34,,2
BurningEyes4,34,,1
Born_2_debunk,34,,1
BallaMumya4775,34,,2
AsdfZ66604,34,,1
Alhsyny36020N,34,,2
AbshirAbubakar,34,,1
ACmcc92702,34,,2
zaidi52163,33,,2
yusufababa8,33,,2
yumiko_4872_oq7,33,,1
x15d33p57473,33,,2
theubuntupov,33,,1
spring39320,33,,1
silentattache,33,,1
siandal566587,33,,1
sharefi19612,33,,1
razamddanis,33,,8
netarchiver,33,,1
mydeenakr,33,,1
muazubckup,33,,3
mr4games,33,,1
moosakalantari,33,,1
mim205zm,33,,1
matchadrill,33,,1
kushhh432714,33,,1
kj2096927,33,,1
jojjehtighi,33,,3
izmirliselman,33,,1
ingoodhands786,33,,2
baaransh,33,,1
amount_xue,33,,1
ali_beheshty,33,,1
ZohaibKhanNyazi,33,,1
Vj30iMsLp7gJZuK,33,,5
SoroushTamBU,33,,1
ShadiFalla19zi,33,,1
SaidSai23146076,33,,1
PurdolfMewtlar1,33,,4
NoNametm5,33,,1
MohdSaud877,33,,1
Mohammed9071221,33,,3
JoeHodgetts0408,33,,1
JemilatOmolola,33,,9
FangmanJad48274,33,,1
EthanGooddeed,33,,12
Bennyoutbutchin,33,,1
Andre162558,33,,1
ASimpsonGuts,33,,1
21_21X,33,,4
thecontemnor,32,,8
rimbaud92330,32,,1
outromunir,32,,2
nekousagi627372,32,,1
nannaaa78,32,,1
moh_san_agh,32,,1
karimnjoyaa,32,,1
glmcht01,32,,1
fskhan4488,32,,1
fcbntvyes,32,,1
empirebetrayal3,32,,2
bloodwyrrm,32,,1
anasazim20,32,,1
a_tree_is_nice,32,,1
YeezusWalksWme,32,,1
Thiam22912I,32,,2
SpooderGoon,32,,1
SS_gbmm,32,,2
Manmoha78341282,32,,2
Jenny3503680071,32,,1
HDDhakad9,32,,7
Goldhedge79,32,,3
FilistinDireni,32,,2
ElonKhameneiOff,32,,1
CihangirPuya,32,,2
Chaudhr19342910,32,,1
AspyHCIII,32,,1
AskTahsin,32,,3
AmaduHadi2,32,,2
AliMohammapou97,32,,1
AhmedHu49244440,32,,2
ABDdatsun,32,,1
shafique_7545,31,,9
savarkarkiBAP,31,,11
sagar8896,31,,1
saadibrahim121,31,,2
rwfahy53439,31,,8
noticing_2025,31,,1
elwan7dev,31,,1
ballalzai6105,31,,12
angel_leeper83,31,,1
ahmadsalamlx,31,,1
ZoulfikarZ2903,31,,1
Zaki1867599,31,,1
Waqtilmukhtar,31,,2
Sashimi1732,31,,3
RazzaqPM_Ardium,31,,3
QuidWillis,31,,1
OSINT911,31,,1
NiloLilooooo,31,,7
Muneer_alee_72,31,,1
MostafaDorrani,31,,4
MarcosP43250193,31,,2
MElerakyiy,31,,2
MEOutlook_,31,,1
Leadpixel21,31,,1
KhizarA77873890,31,,1
JesusRamirezFun,31,,1
JaimeBl64818247,31,,1
InnocentBo70048,31,,1
IndiaSuper98266,31,,1
Hascat21,31,,2
Guajira23342,31,,1
FreePhilistine_,31,,1
Dominie242701,31,,1
ChowdhuryF33314,31,,1
ArcaneBuild,31,,1
Afzaal634161438,31,,13
yk3547895798186,30,,1
xWarCloud,30,,2
shokoo1980,30,,1
pageshannon59,30,,1
muratkaratepe8,30,,1
muhamma67784340,30,,2
mclaughlinteri4,30,,1
lmrtylmrty12150,30,,1
kamran_khademi,30,,1
greenerbonita,30,,1
fessouyyy,30,,4
fateme383976,30,,1
e_alana57,30,,1
araf3472,30,,2
alirafakat07,30,,1
RoyanZaboor,30,,1
Rio_rio974,30,,3
Phara303,30,,1
Peymanh_,30,,7
NiranterSingh,30,,1
MumtazK68869,30,,4
Muhammadiali01,30,,3
MuhammadTa96370,30,,1
Molhdw,30,,3
Mohamma22629655,30,,2
Maryann62598277,30,,1
Madeniyetsiz,30,,5
Kwid25185484,30,,1
HananiasG,30,,9
GabiKaafarani,30,,1
FerlanMendi,30,,2
Ekeminiobongud2,30,,2
Dorche78,30,,12
DeArkfsalvation,30,,8
Bradyr2118,30,,2
BaronVonGarray,30,,1
BanteyimerT,30,,1
BallotBoxedOut,30,,3
Anime_77701,30,,1
AlixMaineRei,30,,1
A_Hosseinianfar,30,,1
zoneofsudhir,29,,4
tito4all,29,,1
showan1992,29,,1
shaahmiri,29,,1
nothingxboy,29,,1
ndehchef,29,,2
l_alexander47,29,,1
jonathanromurm8,29,,1
jkd77799,29,,16
humble78615,29,,5
d36d34f9ef104be,29,,11
cbgadtaula,29,,2
alam_aftab0,29,,2
_Staged_Reality,29,,5
Zikay69,29,,1
YdPwr97735,29,,1
Yaya919100,29,,1
Waw865518180051,29,,1
Starwars40A,29,,2
MozhganHas8766,29,,1
MoustaphaHv7gg,29,,4
Momo_Diaw_221,29,,5
Moh29935223Umar,29,,2
Mia55725318,29,,7
MazharA19870552,29,,1
MalaVidaOxy,29,,1
KMayablz,29,,1
BaharulIsl63128,29,,15
AwwalJakada_,29,,9
Ali185782256634,29,,1
Aabi_005,29,,2
A30749Ab,29,,1
7f6ff17f648a4e3,29,,1
111brigade_,29,,5
zaowu1,28,,5
yh_mn711,28,,1
vlad_terz1sk1,28,,5
thushaaar,28,,1
shalmsha2011,28,,1
reiner_melynda6,28,,1
raiddmeatbistro,28,,1
mahdi_talesh,28,,2
kuks_1738,28,,1
iamkothman,28,,1
hyperfipce,28,,1
hennawi_mohamad,28,,1
hasanelmifard,28,,1
happy_feet_100,28,,1
georgemc786,28,,3
duha159,28,,1
bolitics_bo,28,,1
azvatanam,28,,1
aliyi_osman,28,,1
adora_7876xx_gg,28,,1
abusafavid,28,,1
_ebbilol,28,,1
WarroomAli,28,,1
Unstable2030,28,,2
TafseerAwa68709,28,,1
TaDificil2025,28,,3
SemPavorII,28,,1
SakotraScenario,28,,3
STRAITOFHOtz,28,,1
RAJAIMRANALI13,28,,2
Patriot1982378,28,,1
Observicon,28,,1
NorAmin2021,28,,1
LeCeutel,28,,1
Komaaei,28,,1
KamoMabote,28,,1
Iranwithincom,28,,5
HarlordAnk80681,28,,11
HOSSAIN_KMM,28,,1
FiyaShahzad,28,,1
Brent1174872,28,,1
Behnam591059,28,,3
Arezu456117,28,,2
Andrew4Market,28,,1
Ali86737147,28,,1
AhmedUSUKKSA,28,,1
22Waterloo,28,,2
16Yeshwanth,28,,3
zhongcunxi80701,27,,1
taherian_hasan,27,,1
rj42898025,27,,7
oumarrafioubah6,27,,1
mpa140aywq,27,,1
medaraslan23,27,,1
johnsmith9wns,27,,2
joannahogg90,27,,1
h_dani_1986,27,,3
gkkcbz,27,,1
gibrilgaye26472,27,,2
danele8q,27,,1
altaf415,27,,1
aidenazarfan,27,,2
ahmasa0j,27,,2
Yil_m4z,27,,1
Vickbizz,27,,1
Shadab1303,27,,2
RezaSaghii,27,,3
Rafe87506011,27,,4
PerTenebras2,27,,3
Mohsenayuobi2,27,,1
Mina_Safariyan,27,,2
MemoonaRez49601,27,,1
MaryamShma55148,27,,1
MMF988,27,,3
Loveall786687,27,,2
LaskarMumt14531,27,,5
Konyaei,27,,1
KayaPatriot1776,27,,3
JunaiduDahiru,27,,1
IbraheemBu33449,27,,1
HamariAwazz,27,,2
GagaYudhis18,27,,4
Fernando1841401,27,,3
FdezLpz,27,,1
Envy_Me_6,27,,1
Daniel13711731,27,,4
CreekToldU,27,,1
Chapas_HDP,27,,1
ByeByeBB720,27,,2
AvengerOfMartyd,27,,2
ArashZ62117,27,,2
AmirHossei72557,27,,1
Ali_nawazish87,27,,2
AliTurunc001,27,,3
Al_K_AA,27,,1
2m4life,27,,4
zara_znj,26,,1
xLion_King,26,,1
unseeennworld,26,,1
sanazjai1377,26,,1
rock_unclee,26,,2
rajeshVeng50272,26,,2
rainyrayh,26,,1
qaweezy,26,,1
n_salighehdar5,26,,3
mojdeavar82307,26,,2
mikitankawaii_,26,,1
miggyptredarmy,26,,1
matsam795079,26,,5
masterandkisan,26,,2
m15797_spahy,26,,1
lamashms,26,,1
kingblvckmusik,26,,1
kahar792,26,,1
hh6885318649948,26,,2
dr56551,26,,1
cabsonzz,26,,1
bornvahid_s,26,,1
akhitweeting,26,,1
ZarghamJaffery,26,,2
WilayatHus45948,26,,3
VirajChaudhari7,26,,1
SulaimanAy26815,26,,3
ShiraziniaAli,26,,7
Shikauwk1127167,26,,3
SahraRazi,26,,1
SableGris_,26,,2
OrrangeCakes,26,,4
Meysam212144,26,,1
MMMakkus,26,,1
LibiaFernn17353,26,,1
ISagehart,26,,1
HamzaAl83323357,26,,16
HafezTalesh,26,,1
GholamKareme,26,,2
Dr_Soroush_Iz,26,,1
DCO_OnenessAcad,26,,1
Cleo_Patrah,26,,1
Bilb0Beggings,26,,1
BahronovShohruh,26,,2
zuzicrypt,25,,1
woosh336,25,,1
wassup44,25,,1
visitalgeria,25,,1
usain_abu1,25,,1
tr458683130,25,,1
tiago_tm84,25,,1
tamaboy72945618,25,,1
shhyz550,25,,1
salmankhan46201,25,,1
saeedjafar78252,25,,1
python060,25,,1
mahmoud_neysi,25,,1
junascoitin,25,,3
javadamiri1163,25,,2
ibassa98,25,,1
hamood9803,25,,12
fckgoldielica,25,,1
dr_kazemiyeh,25,,1
div34544,25,,5
cyber_mir,25,,3
cocomel66681190,25,,3
asali943808993,25,,2
amaan_alam40,25,,12
ali_ghezelayagh,25,,2
adam_khedawy,25,,1
a_prestidge4,25,,1
TruthBeTroll,25,,1
The_Nullifidian,25,,4
SagaciousSapien,25,,2
Ololra,25,,1
OfficialIKMKB,25,,10
NashR92237273,25,,1
Muzami990,25,,1
Mokhan8601Khan,25,,1
Jattiscrazy,25,,14
Hippy12342,25,,3
HakimRaisa,25,,1
BunduKargbo1,25,,1
BooksforGang,25,,1
BakrAnnour,25,,3
BYLI04706671,25,,1
Anas_Ismail_38,25,,1
Amzox75,25,,4
AminMaxamed6,25,,1
AliHash86022888,25,,3
3_100_13,25,,1
whatevenn_22,24,,2
wantam_1,24,,5
umwambali2,24,,1
tayyab_bravo1,24,,1
snuren3,24,,2
rfyqllyl1341914,24,,1
poya2000poya,24,,1
p_bonner44,24,,1
mrfaisu_srk,24,,10
micky8067,24,,2
metalmarx,24,,1
mazprop2,24,,1
kooberneets,24,,15
kldyy458438,24,,1
karegamutahi00,24,,3
joosingapo1234,24,,4
jeuneble,24,,3
homid912992,24,,1
faaz0011,24,,2
dumond_josephin,24,,1
drnbdy_,24,,12
alimovahedi7914,24,,1
ahakbarii,24,,2
agueroswrath,24,,1
_irani_patriot,24,,1
YDipeka54885,24,,1
Xxx777123904,24,,1
XamarPapi,24,,1
TopComedyJokes,24,,5
TamariNegi40036,24,,3
Schabi2025,24,,14
Sara05731645,24,,5
S_Farahanii,24,,1
SDeezer89,24,,1
S86130785Shaikh,24,,2
OrionRelayX,24,,1
O_S812305,24,,5
Niklas9101826,24,,3
Mk0926980289842,24,,2
MercurialWST,24,,2
Mathematic4321,24,,2
Mamushe8,24,,1
MDBillalBi135,24,,5
Liaghat290420,24,,13
JamiluAbdubsk,24,,3
Inuske_Yeah,24,,2
DevGlobales,24,,2
CondeyPonc17838,24,,1
ChitLee221924,24,,1
Angelika786kbjb,24,,4
Amar_Emimer,24,,2
AkramHuss21,24,,2
ARSALANmamir,24,,6
3eyyedtaba,24,,1
zohreh41306,23,,3
xirs83534,23,,1
thiconqueror,23,,1
sirajqadir3,23,,5
parkrightherebp,23,,1
mortyinus,23,,5
mkant_rap,23,,2
miyayye,23,,1
meowdystranger,23,,1
mehraban1378,23,,4
jatt_badsh76484,23,,1
jafarkhan__8088,23,,1
ixzashx,23,,2
hasnain1011011,23,,5
hasan_sediqiii,23,,1
gearyleigh75,23,,1
dcintuitive,23,,1
bigdeli_am29809,23,,2
awwspeace,23,,1
ameri_jasm71699,23,,1
adelpeighami2,23,,1
Z_Sh0o,23,,10
ZRoshanbin28688,23,,3
YakayanT,23,,3
Usmanidenyi,23,,1
TamoorH15406431,23,,1
Shouman12Hassan,23,,1
ShohagAbs26843,23,,1
RayaneSoulaiman,23,,13
ProjectHum0141,23,,1
PastrimiF39181,23,,6
NASER__SHIRAZI,23,,1
Mozhganaghajani,23,,2
Meyabadi_Ehsan,23,,1
MarjanRajani,23,,2
MajidRezaeiD,23,,3
Lamidiii2000,23,,1
Lamhcfc20,23,,7
LStudio58392,23,,1
Hero_trader1403,23,,2
GhyurN,23,,1
FuerteLibreX,23,,11
ForouggGhaderi,23,,1
FornCCCP,23,,2
Fettah122964,23,,1
DCO_IMC,23,,1
CheddarPabbpk4,23,,1
Bilal_lb961,23,,2
BenD5867,23,,1
BahFadda,23,,1
Arsh_Sheikh15,23,,1
Ali_muni63,23,,2
AlgoulMoe86338,23,,3
Abdul1871912,23,,5
Aabid______,23,,1
ALIWAQAS92110,23,,1
ALBeeB2,23,,1
313III313,23,,1
wsyy1121,22,,4
waximabbas,22,,1
va2hid,22,,1
shobybhai,22,,5
rgh6111,22,,5
pahlevan_m,22,,1
mr100____,22,,1
lvi1643569,22,,1
lbrahimail777,22,,2
hamzasheh_ca,22,,1
filisteeen,22,,1
dinobeous,22,,1
billbud1337,22,,1
asiyashubby,22,,3
ansari007845,22,,4
amirraf7866,22,,1
aligorgani73,22,,1
ali_raza1129,22,,4
Zaidonsalam,22,,1
Xvarnahh,22,,3
ShabbazXX,22,,1
RedResister_X,22,,1
Qayyum927,22,,2
Pzhangxo,22,,2
Pepeeurasiano,22,,1
Naser57358438,22,,1
MorwaM20171,22,,2
Lossan_bjp,22,,2
HabibiXfhc,22,,6
HaHasnain11,22,,1
Fredrush18Rush,22,,1
DonDiego_9881,22,,1
Diego1343712,22,,1
Crusaderspring,22,,1
BenDove30484434,22,,2
BCeneger,22,,1
AtrSib14441,22,,1
AteeqMughalPK,22,,1
Anonymouses_i,22,,5
Amrmohamed55972,22,,2
AliModares32336,22,,1
AlHussein77930,22,,1
Adjei_003,22,,7
13mousquetaires,22,,1
winchun47ha,21,,6
rebelfigure86,21,,1
prof_johnson12,21,,1
opinionist44526,21,,1
omp2040660,21,,2
naz56906,21,,1
myaserakbarii,21,,1
lemine_hmd,21,,1
kouhnezhad,21,,2
kazim_aj,21,,1
jll1223637,21,,1
jelirouse,21,,5
hassanixly,21,,5
gomes_hele16903,21,,3
gee_bangpo,21,,1
falmata45a,21,,7
d00dled000,21,,2
cchi2024,21,,1
bintangfajar33,21,,1
benish900,21,,7
bbclues,21,,1
bakht_huss23756,21,,1
bahramm53,21,,7
ahvaziahmad2,21,,1
aamiri__,21,,1
TemsamaniMouad,21,,1
Soldierspeak3,21,,2
Secularism_,21,,1
Rick82588886,21,,1
RevAaronEColyer,21,,1
Ramazanorccc,21,,1
QuraishSah65952,21,,1
OmoniSimond0,21,,1
MuntazirSy78854,21,,1
MrRio_87,21,,3
Marleenssmile,21,,4
Mansorkabir,21,,1
MahdiSalim79930,21,,3
Love00c4,21,,1
Levinhosevou13,21,,8
LeeleM42661,21,,1
JuliusGikuruN,21,,1
JOSE_R_ROSALES,21,,1
I_Am_NLe,21,,8
HaticeTelt313,21,,2
GAkuerter65250,21,,1
DenisyegonYegon,21,,1
BlackLight3r,21,,3
BDDD10,21,,1
Amjadabs,21,,3
AhamedIimb,21,,4
AbuLayla371379,21,,1
zsrana1,20,,1
yoeasf86,20,,7
wawawa1750131,20,,1
pashaowski,20,,2
nawbahar_h942,20,,1
moozzammil14,20,,1
mhdrasooli,20,,1
mburu43089,20,,1
kolbe3620333295,20,,8
kawase10000,20,,1
iranaxispk,20,,1
freedommf777,20,,1
figi2f2,20,,1
fedrozaragoza,20,,1
c_thomas29,20,,1
_hengamh_,20,,1
WaveDivine57,20,,1
Sol563887996186,20,,1
SadaqatUll5998,20,,1
SHrowai,20,,1
RonaldMwondha,20,,1
Osama50786600,20,,1
Nexusafro,20,,5
Mshahba39770307,20,,7
MohdabdulSaji12,20,,1
Mohamma48803386,20,,1
Mian_Yawar57,20,,1
MansoreAbbasi,20,,1
MFHusain4,20,,1
Khurshid1416457,20,,1
Khan_Shahbaz26,20,,1
IgilFati,20,,1
HsynSdam86296,20,,1
HaidiS58824,20,,1
HadiGholam22411,20,,2
Gul_Abdullah13,20,,1
GokuM14336,20,,2
FkingNotorious,20,,1
Devo01ahmed,20,,1
Danni_IR98,20,,2
CheGueverasoul,20,,1
BanafshaW36239,20,,1
AyMenPales,20,,2
Amir51045837,20,,6
AlkatrasTulipa,20,,2
Ah_Haghi,20,,1
AbbasAkbhar512,20,,2
zaxivon,19,,3
vatn665147,19,,1
soheilsaffari1,19,,1
naziholylight,19,,1
mosiesf,19,,2
mohammadhos80,19,,5
mhkhalilian,19,,1
meftah_313,19,,2
matjohnau,19,,1
kryptos2399,19,,3
khorshidafshar,19,,2
irfan4242332,19,,8
ibrar_muha17560,19,,1
dudok03,19,,4
ale8534,19,,1
_alsadr_,19,,1
ZeeshanMah40673,19,,1
ZAyaz70549,19,,1
TUnzicker21594,19,,2
Shafi262614,19,,8
SaddamH55572983,19,,1
Papito367653,19,,2
Muhamma9825198,19,,1
MasculineT44539,19,,4
Itz_abare,19,,4
Isa1763450,19,,2
Irvin4449237881,19,,1
HornyEnriq82133,19,,1
FerrerIniguez,19,,2
DawnAdo6h,19,,1
Carlosarez92,19,,1
Berryblazt,19,,2
Aliabdal007,19,,1
AfrinoGera19779,19,,1
Adityat27077822,19,,2
Abolfazl0779,19,,1
3p4trr,19,,1
13proudAmerican,19,,6
wnoovv,18,,1
wingedfoot0,18,,1
trustbuycrypto,18,,1
tintyteal,18,,1
talhakheybar,18,,1
printcmyk93,18,,5
nicolasktown2,18,,5
mugutmaat,18,,1
memecoinmagi,18,,1
mehru_syeda,18,,1
masumimm10,18,,2
mabshkr,18,,1
kurigalzuII,18,,1
khan_ayyan9674,18,,1
jood2006111,18,,1
jinghostjin,18,,1
immortalguardw,18,,5
hyyyyyder,18,,1
hoosinali12871,18,,3
fadhilimas38307,18,,1
emiriyade,18,,3
eip43434343,18,,2
drfreediver,18,,1
caterva_news,18,,1
amin___badie,18,,1
alesul1717,18,,1
adeeb_skry,18,,4
WtnDwst17173,18,,1
WalterBlack_93,18,,5
SleetSleet91,18,,4
RiazKhan496106,18,,1
ReyazunNajafi,18,,4
RMC_0077,18,,2
R3bellionRound6,18,,1
Pantera0001tj01,18,,2
MrXeeya3c,18,,1
MonsieurSall224,18,,9
Mhihate11030,18,,5
MSMirmoosa,18,,3
MMovahedam,18,,1
KhosroRuzbeh,18,,2
IsroniSai,18,,2
Hammoud_Batul,18,,3
Geralyn31076,18,,1
Fernand12037337,18,,2
ErSha71574,18,,1
EPNMatoMX1,18,,1
DeltaNeutra1,18,,6
Da_Ace444,18,,1
BotoNass,18,,1
AnonMorais,18,,9
AmyrRfy11694,18,,1
AlirezaSal3980,18,,1
Alif_Mridha69,18,,1
AhmedY18289,18,,1
Aftaxcaac,18,,3
AfafEid44,18,,1
yzhr386510,17,,1
taheranari,17,,1
sharifu20139,17,,5
samane_jfri,17,,1
prosaleemiqbal,17,,1
pnwwnp92867,17,,4
navid_asga74926,17,,3
mo_shiralipour,17,,1
mahdi_afzali_m,17,,1
madianyfzih0,17,,1
kamboh027,17,,1
k__vahid,17,,1
jahsrggk,17,,1
j_linda75,17,,1
ifysso,17,,3
ganjineh_defa,17,,1
emamsajad92326,17,,6
drzs0,17,,1
comutico,17,,1
carrierwave666,17,,1
britneycar5535,17,,5
biparva_hossein,17,,1
bhaiBoota19,17,,2
asim_riaz1235,17,,5
adriansiavash,17,,8
Zahrah7dj,17,,1
YojHklmKm26RhPG,17,,1
UsmanShahzd2,17,,1
TruthShandy,17,,1
TioManuelito,17,,5
Shahali000,17,,5
Sakha9617,17,,2
SCOOP201043,17,,1
PirouzS490733,17,,3
PhysicsB2,17,,3
OYildiz28,17,,1
Noumanwazir578,17,,1
NaqviHasan68201,17,,2
Mjk746545075710,17,,1
Mira1461023,17,,1
Me91809632,17,,2
MacSami272992,17,,2
KAndarabi92761,17,,7
Javier414285467,17,,1
HadiDboukgw,17,,6
Ghannadzadeh_IR,17,,1
G178343,17,,1
FChamiyan8997,17,,1
DrTimeLead,17,,7
DespiertaNDO,17,,1
Dan__umma,17,,1
DRMHROUDBARI,17,,1
Baitham92,17,,1
Alimt1984,17,,1
AliKiani441779,17,,3
AkhavanReza,17,,4
AcientMind,17,,1
728289214zzxxcc,17,,1
1618A2b,17,,1
unlockrich,16,,3
tramlock5,16,,1
tch1855105,16,,4
tadaa765,16,,1
sar_3006,16,,4
sahil_ch47,16,,1
saad36226949,16,,3
s66kingtruth,16,,4
r_gharebaq,16,,1
proto_rashashin,16,,1
polakzelwowa,16,,1
phArFCBR55qaKac,16,,2
muntakhabsports,16,,1
mohsinnizamani0,16,,1
moein134489,16,,1
manmfq,16,,1
malyuvn,16,,1
jelan59408,16,,2
dooplexes,16,,1
contremarch2025,16,,1
ayesha54017,16,,1
axcell_service,16,,1
ahme13102,16,,1
_cirujano,16,,3
Zeta_Spark,16,,1
ZeeshanaliMerc1,16,,4
WUhshg89699,16,,8
TimmyjayF,16,,1
Sherry722361351,16,,1
Rashan_Number2,16,,2
Raja___munawar,16,,2
PeterWriter254,16,,1
NoPasaran_xp,16,,1
MehranGhazi_,16,,5
MatchaBingo,16,,1
MarkeTraker,16,,3
Mafia1757490,16,,1
MASIH5005,16,,1
Lou1583238,16,,11
LiamFulllerton,16,,1
JudgeDoom88,16,,4
JoeBat48973,16,,10
Jazzyb11011092,16,,1
HawkEye2003,16,,1
Hamidirani4ever,16,,2
Gulj110,16,,1
FT7755,16,,4
Ceo1535051,16,,4
BakhtshahZ93531,16,,1
BManyor70299,16,,3
AsquareLea1898,16,,1
AravindKs321591,16,,3
AminPatel8675,16,,3
Allan1150812,16,,1
A_motaghian,16,,13
younis_56__,15,,5
xuser495926,15,,1
unhinged679,15,,1
silversix35,15,,1
shahr23142,15,,2
raisei10,15,,2
oguzcelik23,15,,1
noble506cz,15,,5
mtabarestani1,15,,3
mohebolhossein1,15,,1
missyouISAA,15,,7
mebeni6,15,,10
maherabdelk,15,,1
imran79949518,15,,1
gratefulman26,15,,2
fares_lubna,15,,1
dasitchmonitor,15,,1
cryptoswolf,15,,1
ayonno,15,,1
athinker313,15,,1
antizionist1967,15,,1
amirali_ak128,15,,1
Two010_000oh,15,,9
TajimK70157,15,,1
SwamiNatha71202,15,,1
Soheila529506,15,,1
MutaziliteHero,15,,3
MohamadNor97369,15,,1
Likeeir,15,,1
Laylapallang,15,,3
KenKiraeng,15,,1
KCSallylilac,15,,1
Jungle1u2,15,,14
JoeJoejenz653,15,,11
JUANTIMBALES23,15,,1
HeheBirdApp,15,,1
GeeHadiJack,15,,4
Finzrer_Ultima,15,,1
FaranggisB,15,,1
Erestu32,15,,1
Eleanor1563136,15,,1
ClaudeGuic53495,15,,1
BufoEnthusiast,15,,1
Ayrin_kook,15,,1
AyeshaaBhutta,15,,1
Amirsaffar7,15,,1
AmatulRaafi,15,,1
AliTehrani_lb,15,,1
AliB1195640,15,,2
AftabKhan020401,15,,1
Abumaaroof,15,,1
752Anwar,15,,1
xmonster73,14,,1
sadekhamza02,14,,1
oronyjuniour,14,,2
oniiiiichang,14,,1
naijamustswit,14,,1
melvinkian,14,,3
md_rahil73964,14,,1
kojeeww,14,,4
khosa_madynaq,14,,2
junjunmsruhachi,14,,1
hajasrar,14,,1
fawazfikri,14,,3
bullyproof27,14,,2
beingnothi5477,14,,1
amnan7890,14,,1
amin98044212581,14,,8
aliakbar_paraj,14,,1
ViewerTruth2026,14,,1
TheLebPat,14,,5
TKCmidnight,14,,1
SyedAliAoun9362,14,,1
SuzannaDew,14,,4
Suna212925,14,,3
Siamak666891,14,,4
SelmarRBinder,14,,1
Saadiqbalbaryar,14,,1
SaadWaq83137980,14,,1
Resister32,14,,1
RayH9876,14,,3
Patrick86845170,14,,1
OsmanBa84100137,14,,3
OmarOliver44163,14,,5
MariKhan346180,14,,3
LiveFlame_spark,14,,1
Krismushsoltani,14,,1
Khan_H14,14,,1
IDFTroopsNews,14,,1
HassenHh2966741,14,,1
Hakikat1221,14,,1
HadiMokhta8748,14,,2
GolEle16413,14,,1
GameIran65905,14,,4
GPTChatAiOpen,14,,2
DanaWhite478333,14,,4
DCO_E14,14,,1
ChillHernandez,14,,1
Bolsheviki_B02,14,,1
Baharahmadi1405,14,,1
BARCODE_XXXX,14,,1
AnasEspinoj18,14,,1
AmyrhsynS12834,14,,1
Amilieaafaz,14,,1
AT9_170,14,,5
yaraane_mahdi,13,,1
shahabm8990,13,,1
shabgard733,13,,4
seyedalialavi14,13,,1
samsamiramees,13,,2
sadpersia,13,,2
rollingstoneyyc,13,,1
rar_for92268,13,,1
phniko246,13,,1
muhamed98327,13,,13
mug_mar8,13,,2
montyjabzz,13,,6
mohamedsab73531,13,,1
mohamedadke,13,,2
mdsaifykhan4,13,,2
mbamadi110,13,,1
mamirmorad,13,,1
mahdi_z313a,13,,1
lex10034,13,,2
ldnn786,13,,6
langari1416,13,,2
jastin609728016,13,,3
info_Zen0,13,,4
ina_mayes,13,,1
iaamsorted,13,,1
hussain_im34360,13,,13
hajizadehhdr,13,,1
greg_rss,13,,1
bahramazizi39,13,,1
adytweets_,13,,2
aakhodadadian,13,,1
Zakiyah_HM,13,,1
YupingX86292,13,,1
Wyclefffscng,13,,1
UkashaCoder,13,,1
True_Irainian,13,,1
THassan534339,13,,1
SharonSalv48052,13,,1
SaharGandomkar,13,,1
ProofUltimate,13,,1
MKhlyly12652,13,,1
MH_GHzz,13,,2
LisaEvans1279,13,,1
KedarKalam32947,13,,12
KAMBACKq,13,,11
Jeonbamsmum,13,,1
JaberSahragard,13,,1
HarveyN55808,13,,3
EziEtoo,13,,1
EngrMSKMKD,13,,1
Deedeefy0c,13,,1
Boniwalw,13,,5
Bioptimiz3,13,,1
BassamKhan34142,13,,1
Babaeiloleti,13,,1
Axel597472829,13,,1
AsadAliAnsari16,13,,1
ArmanAl77283203,13,,10
AngelaSozz28285,13,,1
AkborTaluk95340,13,,1
AhamedMuslim97,13,,9
AbedinyJalil,13,,3
yungnigokidd,12,,1
sithkingandrew,12,,3
sinsafc,12,,5
sajad_agha35080,12,,6
ramzimort,12,,1
mohsensarduie,12,,1
mohsenhamedi049,12,,1
miladp55p,12,,3
mamalijavad,12,,1
malotru4763,12,,1
macintoshfriend,12,,1
m_shahbazi1,12,,1
luzwojcik6,12,,1
lilyy9ino,12,,1
kumar_sonu88700,12,,1
kazemita,12,,2
jafare165201,12,,2
investmentDOGE_,12,,1
insomniaInkwave,12,,3
insiderous,12,,1
hussain_zamin,12,,6
hensayeXI,12,,1
amirsalar1,12,,1
african_latin,12,,4
aan_toof26952,12,,1
ZeeJnoobi,12,,8
Web3_ProjectsN,12,,1
Ugur__777,12,,7
Shekar30922646,12,,1
Shabi1356,12,,1
Sediqp2x,12,,1
Satyr352,12,,1
Sardarkhan80329,12,,12
Qasim_Soliemani,12,,5
Poderosisimo20,12,,1
PiruzN4065,12,,1
Pari741957,12,,4
OHonarwar,12,,1
NaveedHassan_2,12,,2
Mohadesse81,12,,1
Mmm89243057,12,,9
Majnoonjoon,12,,3
Lo568977,12,,1
KenrolHasibuan,12,,1
Kad29313616,12,,1
Jazr9817,12,,2
Introvertleeee,12,,1
HferdosianPc2,12,,2
Firouzi3611,12,,3
Drilling_Engr,12,,2
BaranDaem,12,,11
AliMahdavi53348,12,,1
Adam696919,12,,1
Abdelmouna89191,12,,4
Abdalla1687690,12,,1
8z5sygb2sz,12,,1
2iggo3,12,,1
toohighXD,11,,2
syedfaisal71925,11,,1
sidd_naushad,11,,10
rehanmaqsood34,11,,8
ranahanzla788,11,,1
mohdreza0787,11,,7
mohammadRa26074,11,,1
mhd_alikhatami,11,,1
manokha03583284,11,,1
m74185048,11,,1
khalili_rasul,11,,1
ijlal7860145,11,,6
iiamg0d,11,,1
ibmirza001,11,,4
hsaboori7,11,,1
hitman_dem,11,,2
hazimehkatrinee,11,,2
hadi_haqi,11,,1
fateme_ahmady,11,,1
cronotopico,11,,5
cristhiamj80990,11,,7
chocolate_floor,11,,1
actuallyreza,11,,1
abi_nash_das,11,,3
ZeinabSadat101,11,,1
ZeinabNikookar,11,,1
XinVihD001,11,,3
XX__maney,11,,18
Witcher1780,11,,3
Usuario17271036,11,,2
USMANAH70154063,11,,2
Thevivairan,11,,2
TakingOutStops,11,,5
SherlynTra96805,11,,2
SeyedH62514,11,,1
SaraAfsharqkw0,11,,2
Sadozay2022,11,,2
RabbiShincha,11,,1
REMYmomK,11,,10
Qaz000pl,11,,1
MinabHusseini,11,,1
MikeMann3795474,11,,9
KmKmanzoorkgl,11,,3
Joy453236796728,11,,2
JhangyrVs,11,,1
JHegarty11712,11,,1
God313ir2,11,,1
Ferensdaniell,11,,2
Faizul36299Syed,11,,1
Cristin70548823,11,,1
BenUzi19770,11,,8
AwarenessAcute,11,,1
AsimNisar487205,11,,1
Aramm200,11,,2
Adelsh71,11,,1
A82717424Amir,11,,1
visionary165000,10,,2
soltanmarx,10,,3
skgame123,10,,1
sarbazali110,10,,1
sajadakzo,10,,2
qiaaan487236,10,,4
pighunterpk,10,,7
onespaintown,10,,1
muzamilabbasi67,10,,1
mmbnobodyreally,10,,4
mahmoodfir89645,10,,1
lyr1547556,10,,1
luffygoatsama,10,,1
jerrylenz02,10,,2
javadfarhani3,10,,5
jabar31705969,10,,1
inihandzum01,10,,1
hosseinzadeh_10,10,,1
goyim_intel,10,,3
blackwhitecats_,10,,1
azrdnx,10,,5
amooeian,10,,1
_bonyadi_,10,,5
Yoyoismebglm,10,,1
Yahyaa_008,10,,1
Tolga_barchin,10,,2
Tanturam1,10,,1
Susan109252,10,,1
Shinchansjm,10,,3
ShellingsP86216,10,,1
Sbsq2m,10,,1
SayyidTabatabai,10,,14
Saint_kaii,10,,3
RayKaan755,10,,1
Nematsohrabi,10,,1
Muhamme20045864,10,,2
Mos_khorasani,10,,1
MisguidedICBM,10,,1
MdNur957046,10,,1
Malang2336342,10,,1
MakiMahmoo82720,10,,1
LuizOlivei40257,10,,1
LLM18656,10,,1
KA_TR_55,10,,1
Justcuriou46357,10,,1
Jessie754545913,10,,1
Ingaypingay,10,,2
ICBM2050,10,,1
HsynSrayy17358,10,,1
HammadKhan68748,10,,1
HPelczar62184,10,,2
FakrulI85638654,10,,1
DrmohammadiAli1,10,,1
DelOcampo75427,10,,1
DanfordJer58140,10,,1
DahirAbdal15545,10,,1
ChemistSadeq,10,,1
CemalDince1471,10,,1
Carlson297,10,,3
CFayq53288,10,,2
BlydenKelv38272,10,,2
Barb64015346858,10,,1
BSodiq18794,10,,8
Amiriran123,10,,7
AIMuhammadUK,10,,1
AI1GlobalNews,10,,1
6yfd3a,10,,1
zaidiaa_85,9,,1
yq9k7x8c9d,9,,2
ultimexxxx,9,,1
thomas360926296,9,,1
sarac630722,9,,1
raheem16813,9,,1
q_xdfsrt414t,9,,1
mugambi_billy,9,,2
mrzihad2026,9,,1
mm77224486,9,,1
mian_yaar31451,9,,11
mayabaszad82563,9,,1
matthewxevers,9,,1
mahmood82468393,9,,1
lirekrio,9,,1
larak1985,9,,1
jamalisina75,9,,1
isaaqe3,9,,3
humam53672465,9,,4
hfj810375,9,,6
hashimi777110,9,,1
fullmyuaername,9,,8
flax415,9,,2
batoullb,9,,2
baquir_rizvi,9,,1
arquitecto25227,9,,1
amavibear,9,,1
ahoomach58752,9,,2
ahmadktk01,9,,1
agsalman3,9,,1
adaneshp,9,,1
_____zayn_,9,,1
Sam003854118709,9,,1
Salehirad110,9,,1
SadaqatH38155,9,,1
SSPure1900,9,,1
SMLuqman64,9,,1
Parkbuts,9,,6
Nick17707,9,,3
Mustafabul90403,9,,1
MezouedH,9,,4
MesutBiten,9,,3
MarteenCarboogo,9,,1
Marketcroww,9,,1
Mahmoodjoockar,9,,1
M3k4NiK_,9,,19
KhanaferZein,9,,1
KassemKawt50181,9,,1
Karla684234,9,,1
K_P1386,9,,1
JeshuaAlon,9,,1
Homerock10,9,,3
GrYasso,9,,1
Geopol762,9,,7
Fatimawqh,9,,2
EarlySignal,9,,2
CornyCopeYeah,9,,1
Blossom2369,9,,4
BibiBosaka,9,,2
Bashirelkaleb,9,,1
AsadBukhar38988,9,,6
AmindinMb,9,,2
Amin1_Amin1,9,,2
Amihhh12345ul,9,,1
AhmetHa19410908,9,,2
AgungBudis60730,9,,1
AdalatYari,9,,1
sharppaper8,8,,1
sardar_irann,8,,2
s_colleen87,8,,1
pumbridgesux05,8,,1
prodigalsonMain,8,,1
pok_fac,8,,1
ph4ntom1225411,8,,1
muhammadali7515,8,,1
msadegh_shaban,8,,4
mohitbansal021,8,,2
meysamrost88638,8,,1
mentrawa,8,,1
mckawthar,8,,1
madmax431525,8,,2
lolololol547004,8,,3
jack_jackppl,8,,3
j_donna43,8,,1
hasan_herr,8,,1
graffyin,8,,1
enock_kamw21279,8,,1
daniel_kamoni,8,,1
chotu_l2927,8,,1
arbabhaikhan,8,,1
anuragdhal401,8,,1
ZeiglerNao29076,8,,4
ZUBZO2,8,,6
WalleMyLove,8,,1
Tj_monii,8,,3
TheRedFlag13784,8,,1
SyedRizzvi_09,8,,1
Strategic_nat87,8,,1
Siimaaw,8,,4
Shalamsays,8,,1
Sebastin10pm,8,,1
Rickflairtrain,8,,1
Relity_Check,8,,2
Rana04380287,8,,1
PrinceAjijullah,8,,1
Parsa63162847,8,,1
ParisFardis,8,,4
OBaraka72552,8,,1
NomadicBanjara,8,,1
NassirHussain03,8,,2
NadimShukr,8,,8
Na5n9,8,,2
Mojtaba23752163,8,,1
Mehwish61140661,8,,3
Masva__14,8,,2
MUDIAGAABENZ,8,,8
LeMinvestor,8,,1
Kimmoje90,8,,1
KianooshAsefi,8,,1
Kamyar1372,8,,2
Juv391,8,,1
Joeh193849601,8,,1
JMuyanja35460,8,,1
IMarcatine91611,8,,2
HITCH0X0,8,,1
GurillaM99095,8,,1
FuradAbduraman,8,,1
DilMoha41310167,8,,1
Bathlamine,8,,1
Bassam387383641,8,,2
BNazanin12147,8,,2
AsefiKianosh,8,,1
Amal135153,8,,1
Alireza_hh1,8,,2
Alidaei2002,8,,1
Ali_Moosvi777,8,,3
Ali505Sh,8,,4
Adnan680811,8,,1
AbuAbu999999,8,,1
Aboubak04280423,8,,1
AalizKhan1,8,,2
12thloading,8,,1
zxxdfgggqyxjfo,7,,1
yahyagold22,7,,1
war_analysis_,7,,2
waqarhb88,7,,2
usmanazam_d2t,7,,5
thecommitted313,7,,1
skynomadz,7,,1
shahrukhpjr,7,,8
seyyed_meghdad,7,,3
rukkyposhh3,7,,1
ribos95712,7,,1
rakesh19gaikwad,7,,1
rafimre,7,,2
peykani1373,7,,1
moallem_khaste,7,,13
mmmmmmmmk1233,7,,1
marmoz8dwo,7,,2
mamadhossini95,7,,1
luciasciarra_,7,,1
infiniteforev16,7,,2
immeesaw1,7,,1
imREVOLUTION83,7,,1
hgdjbhsru4922,7,,3
herat_icro,7,,17
freethinker4650,7,,1
bd005x,7,,3
babajide1707,7,,3
amir1dvr,7,,1
alpha_crabie,7,,1
abod7226,7,,1
a9wr_06,7,,1
Yn101163,7,,2
VieiraDr18047,7,,1
TangiburSk,7,,1
ShontaK78523,7,,1
SamraYyyansari,7,,1
Sadool484785,7,,2
Rudyligth,7,,1
Perspolis56101,7,,1
Omid189208,7,,1
NigahHussain512,7,,1
MuhammadNaey7,7,,1
Mehrdad__Persia,7,,1
MehmetE59328668,7,,2
MarkupPricing,7,,4
ManniPoseidon,7,,7
MancheeTheBrave,7,,1
MahdiHesamix,7,,1
Maan1370135,7,,2
MNaqvi35356,7,,1
MAHu45594,7,,1
Kerbela_br,7,,1
IntelRDops,7,,2
GodsaveIran,7,,3
Ghazanfari79,7,,1
GSkhy79261,7,,1
Furriously_,7,,1
FannyCa2014,7,,1
Delpazi_missile,7,,1
CabralVict28372,7,,1
Bilalsa65238053,7,,1
Behrangtk,7,,3
ArnautovVassil,7,,1
AmirThePunk,7,,1
AliMikhak,7,,3
AilrezaRezaeii,7,,1
AhmedJajer21920,7,,1
AhmdNdal39441,7,,1
Achqmqn,7,,1
AbwtrabyMh90415,7,,3
Abdulnasser0093,7,,1
AazraChang,7,,1
313_sire,7,,2
1986sshdgp,7,,8
ya_mhmd98984,6,,1
vladimirtutyrev,6,,2
sulololeve65153,6,,1
serchasara9243,6,,5
sadidinft,6,,1
rancidlobster,6,,1
ola_classified,6,,1
nukeblaster80,6,,1
naklov24,6,,8
mohmdi0313,6,,1
mohammed_g68455,6,,3
mahmoudi_h4431,6,,1
mahdiezati822,6,,1
mahdi_ha_1384,6,,1
kohannews_ir,6,,2
kitabh2md,6,,1
kelbofe,6,,2
kamal_961_,6,,2
irsamir69,6,,1
irfanhyder147,6,,1
houchatism77582,6,,1
hnaseri67,6,,1
exjoos,6,,3
emadmontana,6,,1
elpatron2223,6,,13
dwai6384,6,,4
djaihfnp92,6,,1
cahidebayram6,6,,1
c_truxler29,6,,1
bbhaj46239,6,,1
azimi166_x,6,,1
atamin1995,6,,2
asadbut25776078,6,,3
arash_irani85,6,,1
amuseinmyself,6,,1
amirmasoudette,6,,1
ahmadi52757,6,,1
afruiux,6,,1
a_k22ak,6,,1
Zladak786,6,,1
ZamJbran30439,6,,2
ZAID2032052,6,,1
YHeydar31339787,6,,2
VCociancich,6,,1
UsmanBello74117,6,,12
Touran_osmani,6,,1
Taurinotoretto,6,,1
Taseer_seyyed,6,,3
SubhamayMukhe12,6,,1
Sevil_Aftabi,6,,1
SasiFebruari,6,,3
SalmanH17056692,6,,1
SainiVarun20223,6,,2
SafdarMehd31680,6,,1
RouhollahK64369,6,,1
RemondetYasmine,6,,1
Rashkanow222,6,,1
Natamamir,6,,7
Masterdense,6,,4
M_NSR_T,6,,1
LazarusAmon,6,,4
Lakes_ft_yayaa,6,,1
LYasirsia93247,6,,1
LT67319005,6,,1
KodaliSuhail,6,,1
Khomenie063,6,,1
KanishkaParsi,6,,1
Kamal1838007,6,,1
JospinLynnom,6,,1
JohnSmithfyub,6,,1
JackStuar1972,6,,1
IzharHadyan,6,,3
IamMinhas04,6,,2
HassanJ8917,6,,1
Has_nain_,6,,2
Haneef000786,6,,1
GodMinimal,6,,1
GhulamQadir404,6,,2
GhostThe54114,6,,2
GhafourG42254,6,,2
GaringNico91555,6,,3
ElnazMorovati,6,,1
Castro86830,6,,2
Booksteafire,6,,1
AtameAUnMisil,6,,3
AnticheCivilta,6,,1
AlyZaman52035,6,,1
Alexa537647,6,,2
AbdulrahmanTh7,6,,1
ALIFAZAL110,6,,1
A1l3ireza,6,,2
7sqol,6,,1
zainabsayeghh_,5,,1
zaidi25067,5,,1
zah_195,5,,1
yahyaabbasi512,5,,1
techfriends869,5,,1
sulait254455,5,,2
shavali_ali,5,,1
seidmht31972,5,,5
sehassan31,5,,2
samady14123,5,,1
sachita457127,5,,4
roger2013896633,5,,2
rezamehdi8,5,,1
peygir_,5,,1
pbxgaming87,5,,1
ow3zrh,5,,1
onixa1963,5,,1
omalik07,5,,1
nayfalbkaly2,5,,1
navidnafaryeh,5,,4
mubbashir___,5,,1
milo61239,5,,1
mehrabanxoxr,5,,1
mat72313,5,,1
malik_hasaan275,5,,1
lurkingfo,5,,1
lilyy883i,5,,1
kur9595,5,,1
khyrabady45534,5,,1
khabokhak,5,,1
kabuczynski,5,,1
javaidmalik921,5,,8
jannemanloy,5,,5
heideheide1234,5,,4
hall_betty38104,5,,1
gundermanni1987,5,,1
gkh_kgkh796,5,,1
frznjoon,5,,1
drdiaz73,5,,2
cherrypie_berry,5,,5
ayeshagulalaye,5,,1
ardalan02382268,5,,2
anwar_khan12988,5,,1
amirhoseinam313,5,,1
ali_kochoolo,5,,1
ali543506,5,,1
adwwitieya,5,,1
abdullah_s33693,5,,1
___yunus__emre,5,,1
ZHooshmand62,5,,1
Wizard7Z5,5,,1
Thucydidesso2o,5,,1
SyedShamsAli,5,,2
SinaMohamadifam,5,,1
Sarah3bdelFata7,5,,1
SajidMughali,5,,1
SANAULLAH1818,5,,1
RumiAlmighty,5,,8
RankaSekento,5,,1
Outlander404,5,,1
OBEY9988,5,,1
NimaSalian50787,5,,1
NamJoon10336,5,,5
MrFarhad7596,5,,4
MoussawiAliM,5,,1
MoqbeelMot86888,5,,4
MhsnRb,5,,2
ManzadehHatami,5,,1
HosseinYou60393,5,,1
HasnainWal9280,5,,1
Harun_irany,5,,1
HamzaIzhar12,5,,1
HFatima20192022,5,,1
FortressOfObliv,5,,1
FadiElAmin10,5,,1
EmamiMohta2800,5,,1
DrMShabanii,5,,1
DorothyHil48859,5,,1
Danish5843640,5,,1
DanGadoo99,5,,2
Cuscagh,5,,1
Behmanish313,5,,1
BMstfybshty,5,,1
B47ANZ,5,,3
AtifWrites72,5,,1
Asaph21o,5,,1
AliRezaPah66351,5,,1
AkirJojou72113,5,,1
AKochi94748f,5,,1
9s72tk,5,,1
zehnebozorg,4,,1
zaidisaab111,4,,1
younes572960,4,,1
wenMawienbd9,4,,1
waseemvaliyara,4,,2
thesmokingrdog3,4,,1
rostam140,4,,2
reportmaidabuse,4,,1
nomolae_,4,,1
modibo_nia10427,4,,9
lordmahdi79,4,,1
iyonNANDESUGA,4,,1
ho3479o,4,,3
here345693,4,,1
fasa300052,4,,1
f_iran1357,4,,2
dotnetguy,4,,1
daringduckk1,4,,3
d_defir58,4,,1
cryptMTF,4,,1
beingasthought,4,,1
b93596,4,,1
atena313313,4,,2
asal1355031,4,,1
alielahi83,4,,1
a_yousuf54597,4,,1
YasGeeky,4,,1
XxashlynnpawxX,4,,1
WarringVoices,4,,1
Wafaa82396010,4,,1
TMacammad52743,4,,1
TEN7SHI,4,,1
Shahedam34,4,,5
SeyedQir,4,,2
Scooby_jow53,4,,1
SarahAdams48659,4,,1
Rasoul9372,4,,7
RAhmdy1886,4,,8
PooianK33667,4,,1
PersianNova2026,4,,16
Persian86885586,4,,2
PakistannKhan,4,,1
Otibans,4,,1
NowshadBeg47324,4,,1
Neutral2320,4,,2
MurphyLesl7672,4,,1
Moz90287,4,,2
Mikailyalvarma1,4,,2
Meysam83mashini,4,,1
MaxBrup,4,,1
MahdiJb77,4,,1
LoRdJoHn1150,4,,1
Kateay553,4,,2
JenniferJo59009,4,,3
Jennife24692884,4,,2
JdjdHaks51570,4,,2
Janet1995751977,4,,1
Jahad233,4,,2
HuzaifaAmer1169,4,,4
HouseLeshe,4,,1
Hlengian,4,,1
Ham24840,4,,1
HDahir32920,4,,1
H489150,4,,12
GillaniSye30042,4,,1
GashtehGom99886,4,,4
FatemeSotuodeh,4,,1
FarrTree,4,,1
FRuodan51890,4,,1
EvlUnclSAM,4,,2
EliSmithemky,4,,2
DonnaJohns13325,4,,2
Cruzzzman,4,,1
COlogy83595,4,,2
BCharchick56663,4,,3
AskariABL,4,,1
Aqaiehashemi2,4,,2
AntiMunh,4,,11
AmiraliAli68382,4,,2
AmirMamad65768,4,,1
AmIrReZae0,4,,4
Alien37330,4,,1
AlexisS10780,4,,2
AdrianKhaybar,4,,1
Abdolrazagh_M,4,,1
ARH0110,4,,1
1_kacaanwa,4,,2
zohresexi74,3,,1
varaqeel,3,,1
toufighpoor,3,,1
strawberry68776,3,,3
shaik_ali50571,3,,1
shabbir_gb,3,,2
sarmad_adi87190,3,,1
rwllh2663344780,3,,1
rezabahrami007,3,,1
ramsbedryf4,3,,3
qadimaffridi,3,,3
pius_muriuki,3,,1
parivash_m_p,3,,1
pairvansak,3,,1
oeildumondyr,3,,1
neyshaburiii,3,,1
natoyahayir2027,3,,6
n__nm1718,3,,1
lori_byer74307,3,,6
jones_amanda42,3,,1
jhonnynice57934,3,,2
j_stephanie24,3,,1
irshaduop123,3,,1
iliaJandaghi,3,,1
ibrahimjn22,3,,8
husseinkibsi,3,,2
hoseini_abas2,3,,1
hmisphre134886,3,,4
fotohi_j98,3,,1
former_pontius,3,,1
fatimas_123,3,,1
farshad5950,3,,1
eric77772277,3,,1
elitheroot,3,,1
dgtndst8nit7tb7,3,,5
danialanari,3,,1
bitokhm,3,,6
baronerampantte,3,,3
aunabbass,3,,1
asgharij25,3,,2
arijafali,3,,1
alienslaughng,3,,1
ald976846,3,,1
akinfisher,3,,1
ahmad2o04,3,,1
agha_hadiii,3,,1
acfan_india,3,,7
abbashyder2001,3,,2
a_gh98_3,3,,2
TliTalha278437,3,,2
Th15990Abw,3,,1
ShrikarHm,3,,4
SharafatHu20006,3,,3
Shahriarj1974,3,,1
Shahabzxpz,3,,1
SandraColl94900,3,,1
SabiyaYasmoq,3,,1
SYDp52TN,3,,1
SHO_1940,3,,1
RpsAbdulla85771,3,,1
RizwanaQayyum,3,,1
Rezamaghami_ir,3,,1
PatriciaWr61935,3,,2
NooshinSamyjyi,3,,1
Nobodyheh1234,3,,2
MohammadAl31221,3,,2
Mohamma30316340,3,,1
Mehxh7p,3,,1
Mdotkaleem,3,,1
MahdiMa28379365,3,,1
LemNidal37070,3,,3
KuolKuol7,3,,1
Kobe24234,3,,3
Kateonline54657,3,,2
JulieJusing,3,,1
JohnBrown459382,3,,1
JiCastro12,3,,1
JaneneOlog17118,3,,3
JaberZrek,3,,1
IzazBacha55,3,,1
Ibn_Ummih,3,,1
Hosseini0p,3,,1
HadiaminiS,3,,1
HadiU5mpf,3,,1
H_sorkheh,3,,2
HAIDER473840,3,,2
GarciaAlbe70674,3,,1
F_dlj2096,3,,1
DorothyJoh28687,3,,1
DickersonA48252,3,,3
Cockrochjehkrq,3,,1
BuhariBakir,3,,2
BotAccount2027,3,,1
BeardedMind,3,,1
AminRahravnx24v,3,,4
AmeerUmour260,3,,2
AltafHusse19507,3,,1
Alireza783078,3,,1
AliJafri1026818,3,,2
AiTech324873,3,,1
AhmadRa01170258,3,,1
AfricaEmti53071,3,,1
AbdolD10290,3,,1
AbbasRanjb23415,3,,1
AbassKamar110,3,,1
20Isael4,3,,4
zahra185436617,2,,2
yazdan069,2,,3
yamahdi03130,2,,1
whoguessopa,2,,1
unitedafricains,2,,2
tvvitter_41,2,,2
turi_ali22267,2,,1
suroor_haider,2,,1
ssn115296410963,2,,1
ssmz2000,2,,2
srt_6t,2,,11
speedykingss,2,,1
sjsjwwwwskskksk,2,,1
sdrakbari,2,,1
romain27934513,2,,1
rezaxoeqx,2,,1
reckClap,2,,1
realsunovabeach,2,,3
persanium,2,,1
pendingpretty,2,,2
pavel7mjk,2,,1
paralyssaa,2,,1
notedbyg,2,,1
nasirmalikxcom,2,,6
mshkat569,2,,1
mr_anjami9,2,,1
mdmd73089806,2,,2
malike2030,2,,1
london_mor35486,2,,1
lolly0nwd,2,,1
logicalshani09,2,,1
kvexorin,2,,1
keypoints963,2,,4
jkomijani,2,,2
jessbess1981,2,,1
jagetays,2,,1
imlitex,2,,13
hossien_zh67318,2,,1
hojacatoldj,2,,3
hasan_news10,2,,5
graham_amy95,2,,1
freeworld313_12,2,,1
elmdor88,2,,1
ekraseyedi,2,,1
ecomedia256,2,,3
ds_witaj,2,,1
bowlingsylvia43,2,,1
bash_mario98,2,,1
banoo_lawasani,2,,1
asimhussain144,2,,1
ashu100686,2,,1
amireliyazzio,2,,1
alrbyshamkh6,2,,1
alia185291,2,,6
akhtar_afr37183,2,,1
ahtesha56552,2,,1
a_hamsade,2,,1
Zari1121408,2,,1
YaSahb72215,2,,1
WalkerSones8,2,,1
Vand1880,2,,2
Tash8445,2,,1
TarmuaB,2,,5
Shunssjlnz,2,,1
Shimaparsi12,2,,5
ShakirKhan32937,2,,2
ShakibHasa11717,2,,1
Shabirkhan56647,2,,1
SayedMehdiRizvi,2,,5
SaqibHamid52300,2,,3
SaqibDawary6,2,,1
Samani44371,2,,2
SalimKh16216658,2,,1
SajadOkhovat,2,,2
Sadaankhansz,2,,1
SKakaei48044,2,,9
SIGNORE_YOLO,2,,1
RatusariaL98637,2,,1
NancyJacks19440,2,,1
Musa636892,2,,1
MohammadBorooj1,2,,1
MichelleYo70903,2,,1
MasonAkane24385,2,,3
MarylandWi81649,2,,1
MariaFord446793,2,,5
MHEEE900,2,,1
LocaIFisherman,2,,1
LmTfqh36588,2,,8
LauraDa42391971,2,,1
JHouse95597,2,,1
JDarashiri,2,,1
IamIran8023,2,,3
HosseinSasani99,2,,1
HosseinNas50727,2,,1
HelenPhill90895,2,,1
Hedayatull67464,2,,1
HaeunieJeon,2,,1
HGayton54615,2,,2
Ghadanfar_96,2,,1
Extremist463774,2,,1
Eraj70706247574,2,,1
ElnazVahdatiev,2,,1
DonaldNixon4547,2,,2
DeborahHal42449,2,,1
DebbieQuim51264,2,,1
Deadlydeathlas1,2,,1
Baqir_sial314,2,,1
AshrafA26476280,2,,1
AquilesBoy00,2,,1
Amiralit3rh,2,,1
AminZarei___ir,2,,1
AliciaBaxt49258,2,,1
AliJs432140,2,,1
AlbertaBro62446,2,,3
Al33068Alam,2,,2
Ahmadwfah,2,,2
Ahmadmo93589925,2,,2
Ahmadi_RezaAmir,2,,2
AghaBaber707,2,,1
AbooZeynab91328,2,,1
AbdulRahma47016,2,,2
ALETHEI29099084,2,,3
zraikar,1,,1
withxtruth,1,,1
vpek15,1,,1
vallghalam_,1,,1
thompson_a1020,1,,2
shannon_hi48927,1,,3
shahzad63yo,1,,1
sepehr863408,1,,1
sa1rjq,1,,1
sGAb20hru0,1,,1
rdbaba78,1,,1
ramin81062,1,,1
prince_maruf206,1,,2
nnsvw,1,,2
muqavemat72313,1,,2
muddasar_03,1,,1
marwihd,1,,1
mansal73,1,,1
main_Omale,1,,2
link263499,1,,1
lilyyn3x3,1,,1
khanbhaiha001,1,,1
kerkenouphis,1,,1
jowkar_nurse,1,,4
jones_step1102,1,,2
jawn_jf,1,,1
j4kqjj,1,,1
isa_omondi254,1,,1
irib_sadr,1,,4
hossein32655803,1,,1
haseeb_afzal123,1,,1
hajijanhaji0,1,,2
hackerj450,1,,1
gmamikpip,1,,1
gaddafyfan,1,,1
fsidra54,1,,2
fierro_luz66756,1,,2
faysal_here7,1,,1
ehsanshari17530,1,,1
dynoraetlabora,1,,1
do_remmi,1,,3
dhambieia,1,,2
dar9299,1,,1
cardenas_t30061,1,,2
briggs_don18734,1,,4
bobbybo06076741,1,,1
babak_hadizadeh,1,,2
augenfux23515,1,,1
amyr_j34847,1,,1
aman75467297,1,,3
alsbry26594,1,,1
alnasrytbark,1,,1
abab15348,1,,1
_Upon_Truth_,1,,1
ZeeArif94372,1,,1
Ying194371Ying,1,,2
Yasinvisa,1,,2
Xavier1739224,1,,1
Winnithepo79429,1,,1
VelasquezH75528,1,,1
V4244M,1,,1
UririWanywa,1,,1
TudelaMari58037,1,,1
Towardstotuus,1,,1
ToniR8450,1,,1
TheUnbowedLand,1,,1
TashaWoods28439,1,,2
SuperdoucheDoge,1,,2
SullivanSu56122,1,,2
SabriAli46543,1,,1
Rizzu8448,1,,1
RheaultLin56480,1,,1
PowellShar5102,1,,2
PorschaRob68422,1,,1
Polf138200,1,,1
Peymannabt,1,,2
Patriot1950249,1,,1
PatriciaTh80835,1,,4
Nabattpazar,1,,1
Muaz_tasin,1,,7
MostafaAsh5085,1,,3
Mohammadtimodal,1,,1
Mohaddeseh_05,1,,1
MissC94000,1,,1
MhdyYa14551,1,,1
MayaAli0209,1,,1
MarylandL36248,1,,4
MarylandK60134,1,,1
MalmirSami36397,1,,1
MahsaZenderooh,1,,1
MahdiiEsmaelii,1,,1
Lxlx191922,1,,2
LiggonsMar21167,1,,1
LauraEd69193969,1,,1
KurtzCarla68402,1,,1
KayhanOnline,1,,1
Katy13_99,1,,1
Kateonlinenow,1,,7
KarimifarMaziar,1,,1
JohnAdamsKS,1,,1
JeffreyGinez,1,,1
JanRoos153430,1,,2
Jafarhadiajlan,1,,1
JTsesnokov96,1,,2
Iran1i98,1,,1
HelenGonza29567,1,,1
HeangJean22108,1,,1
Hassan_ghith,1,,1
HasanSalim9te,1,,1
Harry6996j,1,,1
HamedAbasi13,1,,1
Haidersipah,1,,1
GreenLisa45075,1,,2
ForghaniMa32993,1,,1
Drmahdisalari,1,,1
DrTimeLeaddd,1,,1
DirectorClan,1,,1
DetoxTeawf,1,,3
ChrispyDoggo,1,,1
Chiefwhip_1,1,,2
CKizziar33931,1,,3
BoucherGel43167,1,,1
BinanceNad55999,1,,15
BenjJLin,1,,1
AyranZmyn1527,1,,1
AyranMn42629,1,,1
AstroMvw,1,,4
AstouCA73643427,1,,1
AraghianAr92657,1,,1
AmyMyers19466,1,,1
Amin66bahramian,1,,1
AmiinDayl,1,,1
AaiAarBee,1,,1
AMM11088,1,,3
AHess4976,1,,3
65madani,1,,1
41SIR_,1,,3
001_san69270,1,,1
ziziquv2,0,,1
zahrap4gh,0,,2
ylinol43748,0,,3
xtailormade,0,,3
xfzpf,0,,1
wpqgae,0,,1
wjj1g,0,,2
wardita,0,,1
victoria_j61922,0,,3
unhilig,0,,1
todayaffairs360,0,,1
tamara_san10484,0,,4
soltani64_mehdi,0,,1
sofiaaapk5x,0,,1
sofiaaa4tk9,0,,1
shelby_tay77625,0,,2
saimabozdar,0,,1
saedi791400,0,,1
sadatvasei,0,,1
sadamrashkaldo,0,,1
sabrina_gr25680,0,,1
ruben_ari14858,0,,1
rosiitas9741,0,,2
rosiitas91868,0,,1
robin_broo32384,0,,3
robert22170,0,,1
rivera_ken48690,0,,3
rezawfx,0,,1
paula_chav29851,0,,2
paula_brig1508,0,,4
nykdl10578,0,,2
nezamaaa1491621,0,,1
natasha_cl81111,0,,1
mryhpz,0,,1
momofmahh,0,,1
mohsenkooti,0,,1
mohamad9719fa,0,,1
mhmdmhm62427351,0,,1
majkrzak94381,0,,1
majkrzak45457,0,,2
lilyysx4d,0,,1
lay0012026,0,,1
laura_ande36131,0,,1
ladyk26524,0,,1
kouroooush726,0,,4
kimberly_c95449,0,,1
johnson_kr37971,0,,3
johnmaxider,0,,3
javatagha,0,,4
irandokht1283,0,,2
iranFlare,0,,1
idjyof,0,,1
huff_mary88525,0,,2
hester_hol55704,0,,1
henderson77202,0,,1
haj_ahmad80,0,,1
gyxzPVaA6FPVdUn,0,,1
grandovhz,0,,2
ghararehasemani,0,,1
fatimamtairek91,0,,1
ebubeprincea,0,,1
dunbar6234,0,,1
deanna_jac53780,0,,2
dawn_malon81560,0,,1
cihanharbi2024,0,,1
carla_spal76196,0,,1
carboseiro62819,0,,1
bobo_carol26158,0,,2
bnmqdc,0,,2
biubiu998866,0,,1
ayatullahyldz,0,,15
asktariq2,0,,1
asia_curri20508,0,,3
arpesinoric,0,,1
arminEB1993,0,,1
ap_1_4,0,,1
anticafe1221,0,,1
almostslutgj,0,,2
almaraastore,0,,2
ali_khalkhalii,0,,1
ali3rezk,0,,1
akashsrajput,0,,1
afzali_soheila,0,,1
ZAtakishi21525,0,,1
YolandaMor89907,0,,3
XTurkvan37489,0,,1
WidodoAlbe45441,0,,4
VictoriaMa87236,0,,2
VickiCook397780,0,,1
VThibodeau71344,0,,1
TownsendNa34743,0,,4
TownsendAn63648,0,,1
TonyaBrown89693,0,,3
Toghi59,0,,1
TinaG40579,0,,2
TheInkBastard,0,,1
TashaS43147,0,,1
TanyaMayfi31577,0,,4
TahiraFowad,0,,3
TSHMediaST,0,,1
SuzanneT28027,0,,2
SusieHolde28649,0,,1
StaceyKost3368,0,,2
SrinivasRe39785,0,,1
Siavashroostaei,0,,1
ShannonN50998,0,,5
Shams_ali14125,0,,1
Sarbaz155016,0,,1
SarahBobo433721,0,,1
SangareMoh5589,0,,1
Salvatore3oaj,0,,1
SalemAlWoszf,0,,1
Saikot269,0,,3
Sadiaa_Baloch5,0,,1
SMuhuthia98150,0,,1
SMendez21926,0,,1
Rn3136M,0,,1
RheaultRos79335,0,,5
Rezajukar,0,,1
Rend581702Rend,0,,2
RamosTabit62397,0,,1
RahmanMaso49526,0,,13
Pramodgusain12,0,,1
PoojaGuptakk,0,,1
PeaceJanet71488,0,,4
PatriciaLa9259,0,,1
Parvaznama_news,0,,1
PKozlowski2208,0,,2
OttonielSymfony,0,,1
OrtegaJen36049,0,,2
Notgannasay,0,,1
Nemo123K873,0,,1
NedaF31691,0,,1
Naqvi_1984,0,,1
NancyLeigh60698,0,,1
NancyColli18840,0,,2
NShigri95801,0,,1
Mubashir_Ale5,0,,4
MostafaIrani198,0,,9
Mojtabariahi3,0,,1
MohammadSa66170,0,,1
MohammadMu84518,0,,7
MohammadAb68783,0,,5
Mohamadmahdigf,0,,1
MistyBerg42467,0,,2
Mercypower888,0,,2
MelissaB59715,0,,3
MelanieTip97720,0,,1
MelanieRam19355,0,,2
MasoudM09889236,0,,1
MaricelSin26423,0,,4
Maikail110,0,,1
Mahdi_14_313,0,,1
MadisonC89361,0,,1
MRAOOF51,0,,1
MMV_IRAN,0,,2
MLinnertz32320,0,,6
LoriD25200,0,,3
LindseyNar1473,0,,1
LianaEspos39345,0,,2
LMalyszko64277,0,,3
LDoyle37934,0,,3
Kullanici07570,0,,1
KozlowskiB10598,0,,4
KingGdq07,0,,1
KimiaXray55807,0,,1
KimberlyTa41590,0,,1
KimberlyRa33780,0,,1
KhizarMunixhkt,0,,2
KeishaSeab36536,0,,2
KayleeHuska,0,,1
KarHsn66451,0,,1
KamilShari94987,0,,1
KHanson97993,0,,2
KGlaysbroo61983,0,,2
JulieLaven43697,0,,4
JulieGill785519,0,,1
JanetteTuc5703,0,,3
Jana3820813000,0,,1
JMarshall13472,0,,2
JBoucher98830,0,,1
IngridDieh93079,0,,2
IMoshglk99992,0,,2
HsynJsyn52068,0,,2
HMSRIYAR,0,,1
Gulkirmizi98,0,,1
GriffinAma21436,0,,2
GhulamNabi37244,0,,1
GeoFocusNews,0,,1
GelinMarti8033,0,,1
GailPeters16018,0,,1
FranklinVa32727,0,,5
FourthSword1949,0,,1
FloydCassi18177,0,,1
FierroNata58889,0,,2
FierroChar99277,0,,5
FazzinoSha73438,0,,3
Fatimamshezsg2,0,,1
EricksonKa69928,0,,1
EnlighterBro,0,,1
DonnaThoma18188,0,,1
DominusXronou,0,,1
DjilyToure41619,0,,2
DinariIbrahim,0,,1
DickersonM8617,0,,2
DiannWyant99007,0,,2
DianaRiver31085,0,,4
DeftSurrea36375,0,,1
DebbiePitt21770,0,,2
DeannaCoop47849,0,,1
Darshanx1619151,0,,2
DHart8270,0,,2
CrystalBru32161,0,,4
ClaudiaHuf12967,0,,1
CherylRome16655,0,,1
CarolSylva1889,0,,5
CarlsonMeg47680,0,,3
CWright17966,0,,1
CMalyszko60454,0,,3
BriggsYola18648,0,,1
BrandyLee8616,0,,1
BoyceGelin11553,0,,2
Bolttoo12,0,,1
Bluemoon_4100,0,,1
BilibaniMuzafer,0,,1
BaxterBeck37444,0,,1
BarbaraTay73191,0,,2
BarbWagues26589,0,,1
Atiqull47440161,0,,1
AndrewGalito,0,,2
Amirqqftef,0,,1
AmirHesamR8rm,0,,1
Alikeputk,0,,1
AliciaMart25149,0,,1
AliciaCleg66280,0,,5
AliShaarib,0,,1
AlexandreL4179,0,,1
AlRidwan142,0,,3
AhmdTajiik,0,,1
AguirreKat19405,0,,2
AguirreJan5087,0,,1
AdnanFuckisrel,0,,1
Adamkira14,0,,1
AbwNjm27421,0,,1
Abdulpnw,0,,1
AbbakarGad53727,0,,1
AI75aj,0,,3
AHeang59195,0,,5
8pftmhcr,0,,1