Row,username,Total,T1,T2,quote_farsi,quote_english,T3,T4,T5,T6,T7,T8,T9,T10,T11
1,000Terminator,1,1,0,0,0,0,0,0,0,0,0,0,0,0
2,010101abba,1,1,0,0,0,0,0,0,0,0,0,0,0,0
3,0208raz,2,1,0,0,0,0,0,0,0,0,0,1,0,0
4,061Mafi,3,1,0,0,0,0,0,0,0,0,0,1,0,1
5,07f80922e47b4e1,5,0,1,0,0,0,0,0,1,1,1,1,0,0
6,09Ariii09,2,1,1,0,0,0,0,0,0,0,0,0,0,0
7,0jgl6L5OK3c6Lgi,3,1,0,0,0,1,0,0,0,1,0,0,0,0
8,1315532129,1,1,0,0,0,0,0,0,0,0,0,0,0,0
9,0xbbk,1,1,0,0,0,0,0,0,0,0,0,0,0,0
10,10motori,6,1,1,0,0,1,1,0,1,1,0,0,0,0
11,1401Persia,2,0,1,0,0,0,0,0,0,0,0,0,0,1
12,16diamond,6,1,1,0,0,1,0,0,0,1,0,1,0,1
13,1806_b,1,1,0,0,0,0,0,0,0,0,0,0,0,0
14,1970bb,1,1,0,0,0,0,0,0,0,0,0,0,0,0
15,1985_2024,1,1,0,0,0,0,0,0,0,0,0,0,0,0
16,1990genie,4,0,1,0,0,0,0,0,0,0,1,0,1,1
17,19TEHRAN91,11,1,1,0,0,1,1,1,1,1,1,1,1,1
18,1IranianNation,2,1,0,0,0,1,0,0,0,0,0,0,0,0
19,1kingreza,3,1,0,1,0,0,0,0,0,1,0,1,0,0
20,1onehundred,8,1,1,0,0,0,0,0,1,1,1,1,1,1
21,1u1I1Y2jgembNan,7,1,1,0,0,0,0,0,1,1,1,0,1,1
22,2022Shab,3,1,1,0,0,0,0,0,0,0,0,0,0,1
23,20mahdis,5,1,0,0,0,1,1,0,0,1,1,0,0,0
24,21carizmaa,7,1,0,0,0,0,1,0,1,1,1,1,1,0
25,22465811,11,1,1,0,0,1,1,1,1,1,1,1,1,1
26,24Fbm67467,3,1,0,0,0,1,0,0,0,0,0,0,0,1
27,2906ro,7,1,1,0,0,1,0,0,0,1,1,1,0,1
28,2GoGreen20,3,1,0,0,0,0,0,0,0,1,1,0,0,0
29,2Panteaa,3,1,0,0,0,1,0,0,1,0,0,0,0,0
30,30Morgh4,9,1,1,0,0,1,1,1,0,0,1,1,1,1
31,30morg_org,4,1,1,0,0,1,0,0,0,0,1,0,0,0
32,3alvatore,7,1,0,0,0,0,0,1,1,1,1,1,1,0
33,3u67gqLily,8,1,0,0,0,1,0,0,1,1,1,1,1,1
34,40sotoon4,10,1,1,0,0,1,1,0,1,1,1,1,1,1
35,47thIsTheEnd,4,0,1,0,0,0,0,0,1,1,1,0,0,0
36,4CKIUI,11,1,1,0,0,1,1,1,1,1,1,1,1,1
37,4WomLifeFreeDom,8,0,1,0,0,1,0,1,1,1,0,1,1,1
38,4irann,4,1,0,0,0,0,1,0,0,0,0,1,0,1
39,4mirIran,4,1,1,0,0,1,0,0,1,0,0,0,0,0
40,4th_decade,6,0,1,0,0,1,0,0,1,1,0,1,1,0
41,4udr3Y00,1,1,0,0,0,0,0,0,0,0,0,0,0,0
42,598_121,1,1,0,0,0,0,0,0,0,0,0,0,0,0
43,5kyh7,2,0,1,0,0,0,0,0,0,1,0,0,0,0
44,67644s,4,1,1,0,0,1,0,0,0,0,0,0,0,1
45,6869Yazmani,6,1,1,0,0,1,0,0,0,1,0,1,1,0
46,69Tardigrade,1,1,0,0,0,0,0,0,0,0,0,0,0,0
47,69lmaoo,5,1,1,0,0,1,0,0,0,1,0,1,0,0
48,77mehrdad77,6,1,0,0,0,1,1,0,0,0,1,1,1,0
49,7_salamoon,5,1,1,0,0,0,0,0,1,1,0,1,0,0
50,888_being,4,1,0,0,0,1,0,1,0,0,0,0,0,1
51,96_95_89,11,1,1,0,0,1,1,1,1,1,1,1,1,1
52,98ABAN98,5,0,1,0,0,1,1,0,1,1,0,0,0,0
53,9Ladan9,2,1,0,0,0,0,0,0,0,0,0,1,0,0
54,A09GHD,2,1,0,0,0,0,0,0,0,0,0,0,1,0
55,A212158,7,1,1,0,0,0,0,0,1,1,1,1,1,0
56,AA553187,4,1,1,0,0,0,0,0,0,0,1,0,0,1
57,AAaram633,1,1,0,0,0,0,0,0,0,0,0,0,0,0
58,AAnyw95b,2,1,0,0,0,0,0,0,0,0,0,0,0,1
59,AAsedFree,1,1,0,0,0,0,0,0,0,0,0,0,0,0
60,AAtashbaz,4,1,1,0,0,0,1,1,0,0,0,0,0,0
61,ABegloei,2,1,0,0,0,0,1,0,0,0,0,0,0,0
62,ABx8kpl,5,0,1,0,0,0,0,0,1,1,0,1,1,0
63,ACanIranian,4,0,1,0,0,1,0,0,0,1,0,0,0,1
64,AF500N,1,1,0,0,0,0,0,0,0,0,0,0,0,0
65,AI2MIA,6,1,1,0,0,0,1,0,0,1,1,0,1,0
66,ALI_TOTTI_10,1,0,1,0,0,0,0,0,0,0,0,0,0,0
67,AMXX2022,2,1,1,0,0,0,0,0,0,0,0,0,0,0
68,AMotamedisade,4,0,1,0,0,0,0,0,0,1,1,1,0,0
69,ANTYTHEZIS,6,0,1,0,0,1,1,0,1,0,1,1,0,0
70,ANeshani49719,9,1,0,0,0,1,1,0,1,1,1,1,1,1
71,ANezakaty,1,0,1,0,0,0,0,0,0,0,0,0,0,0
72,AParhiz7,7,1,0,0,0,1,0,0,0,1,1,1,1,1
73,ARHesami21,2,1,0,0,0,0,1,0,0,0,0,0,0,0
74,ARIAMEHR_IRAN1,3,1,1,0,0,0,0,0,0,0,0,0,0,1
75,ARIO1979,6,0,1,0,0,0,0,0,0,1,1,1,1,1
76,ARSHAN021,5,1,0,0,0,0,1,0,1,1,0,1,0,0
77,ARTEMIS546438,11,1,1,0,0,1,1,1,1,1,1,1,1,1
78,ARTESHTARAN2,11,1,1,0,0,1,1,1,1,1,1,1,1,1
79,ARYAMEHRIR,4,0,1,0,0,1,0,0,1,0,0,1,0,0
80,ARoohy2000,6,1,1,0,0,1,0,0,1,0,1,1,0,0
81,ASHUSAIRA,5,1,0,0,0,1,0,1,1,1,0,0,0,0
82,AT57098,8,1,1,0,0,0,1,1,1,0,1,0,1,1
83,ATp15914033,2,1,0,0,0,1,0,0,0,0,0,0,0,0
84,AU_IRLogic,5,1,0,0,0,0,0,0,1,1,1,0,0,1
85,AVAZADD,3,1,0,0,0,0,0,0,0,1,0,0,1,0
86,AZAD1760905,5,1,1,0,0,1,0,0,0,0,1,0,1,0
87,AZMOGHADAM,11,1,1,0,0,1,1,1,1,1,1,1,1,1
88,AZNOCHB,1,1,0,0,0,0,0,0,0,0,0,0,0,0
89,A_Bluewhitestar,6,1,1,0,0,1,0,0,0,1,1,0,1,0
90,A_S_E_F_W,4,1,1,0,0,0,0,0,0,0,0,0,1,1
91,A_ryamehr,6,1,1,0,0,1,1,0,0,1,0,1,0,0
92,AabaAama,1,0,1,0,0,0,0,0,0,0,0,0,0,0
93,Aapostrophe_Ss,8,1,1,0,0,1,0,0,1,0,1,1,1,1
94,Aashiane,7,1,0,0,0,0,1,0,1,1,1,0,1,1
95,Ababi65,2,1,1,0,0,0,0,0,0,0,0,0,0,0
96,Aban9814,2,1,0,0,0,0,0,0,0,0,1,0,0,0
97,Abanaestates,1,0,1,0,0,0,0,0,0,0,0,0,0,0
98,Abandohkt1,1,1,0,0,0,0,0,0,0,0,0,0,0,0
99,AbbasAminian,5,1,1,0,0,1,0,0,0,0,1,0,0,1
100,AbbasiNader,2,0,1,0,0,0,0,0,1,0,0,0,0,0
101,Abdollahyan,1,0,1,0,0,0,0,0,0,0,0,0,0,0
102,AbotalebiN42855,2,0,1,0,0,0,0,0,0,1,0,0,0,0
103,Abtinbm,2,1,1,0,0,0,0,0,0,0,0,0,0,0
104,Academic1234P,5,0,1,0,0,1,0,0,1,1,0,1,0,0
105,AcademyLemo,5,1,0,0,0,0,0,0,1,1,1,1,0,0
106,Ace__0f_spades,3,1,0,0,0,0,0,0,0,0,0,1,1,0
107,Acridotheres19,3,1,0,0,0,0,0,0,0,1,0,1,0,0
108,Action4IR,9,1,1,0,0,1,0,1,1,1,1,0,1,1
109,Ad78Fa,1,0,1,0,0,0,0,0,0,0,0,0,0,0
110,AdabRachel,1,0,1,0,0,0,0,0,0,0,0,0,0,0
111,AdamJ51248,2,0,1,0,0,0,0,0,0,0,0,0,0,1
112,Adam_Gold7171,6,0,1,0,0,0,0,0,1,1,1,1,0,1
113,Adamant1362,7,1,1,0,0,1,1,0,0,1,1,1,0,0
114,Adammatin3,3,1,0,0,0,0,0,0,1,0,0,0,1,0
115,AdinehShahram,1,0,1,0,0,0,0,0,0,0,0,0,0,0
116,AdlNavid,1,1,0,0,0,0,0,0,0,0,0,0,0,0
117,Adrian16235,8,0,1,0,0,1,0,1,1,1,1,1,0,1
118,Adrian75189654,2,1,1,0,0,0,0,0,0,0,0,0,0,0
119,Afarin59626656,6,1,1,0,0,1,1,0,0,0,0,1,1,0
120,AfidreamformAfi,2,0,1,0,0,1,0,0,0,0,0,0,0,0
121,AfreydoonF,1,1,0,0,0,0,0,0,0,0,0,0,0,0
122,Afsan147303671,3,0,1,0,0,1,0,0,0,1,0,0,0,0
123,Afsanehgf3m,1,1,0,0,0,0,0,0,0,0,0,0,0,0
124,Afshangkhan,6,0,1,0,0,1,0,0,1,1,1,0,0,1
125,AfshidorAfshid,3,1,0,0,0,0,0,0,0,1,0,1,0,0
126,Afshin2552,2,1,0,0,0,0,0,0,0,1,0,0,0,0
127,AfshinTaghipoor,1,1,0,0,0,0,0,0,0,0,0,0,0,0
128,AfsoonAB,7,0,1,0,0,1,0,1,0,1,1,1,1,0
129,AgaNielsen,1,0,1,0,0,0,0,0,0,0,0,0,0,0
130,AgeofPahlavi,3,1,1,0,0,1,0,0,0,0,0,0,0,0
131,AghBozorgoo,2,1,0,0,0,0,0,0,1,0,0,0,0,0
132,AghaeiSima11237,2,1,1,0,0,0,0,0,0,0,0,0,0,0
133,AhmadMirzae1982,4,1,0,0,0,0,0,0,0,0,1,1,0,1
134,AhmadMostafalo4,2,0,1,0,0,1,0,0,0,0,0,0,0,0
135,AhmadrezaAtai,9,1,1,0,0,1,1,0,1,1,1,1,1,0
136,Ahoora333889,7,1,0,0,0,1,1,1,0,1,1,0,1,0
137,AhoraShamim,1,1,0,0,0,0,0,0,0,0,0,0,0,0
138,Ahumaninplanet,7,1,1,0,0,1,0,0,1,1,0,1,1,0
139,Ahura_Shirazi,6,1,0,0,0,1,1,0,1,0,1,0,1,0
140,Aidasb76,1,0,1,0,0,0,0,0,0,0,0,0,0,0
141,Aidin_FreeIran,3,1,0,0,0,1,0,0,0,0,1,0,0,0
142,Aieryanem,9,1,1,0,0,0,1,0,1,1,1,1,1,1
143,AinOttawa,1,1,0,0,0,0,0,0,0,0,0,0,0,0
144,AirHanging,2,1,1,0,0,0,0,0,0,0,0,0,0,0
145,Aisashah,2,0,1,0,0,0,0,0,1,0,0,0,0,0
146,Aj06675141A,6,1,1,0,0,0,0,0,1,1,0,1,1,0
147,AjabVazee,7,1,1,0,0,0,0,0,1,1,1,1,1,0
148,Akaretam_Hero,3,1,0,0,0,0,1,1,0,0,0,0,0,0
149,Akeenake2582,4,1,1,0,0,0,0,0,0,1,0,1,0,0
150,AkiBarzi,4,0,1,0,0,1,0,0,0,0,0,1,0,1
151,Akram36954579,1,0,1,0,0,0,0,0,0,0,0,0,0,0
152,AlalehNuoela,5,1,0,0,0,0,0,0,0,1,1,1,1,0
153,AlbertCamus88,6,1,0,0,0,1,0,0,1,1,1,0,0,1
154,Albert_Parsi,5,0,1,0,0,0,1,0,0,1,1,1,0,0
155,AlborzCIP,2,1,0,0,0,0,0,0,1,0,0,0,0,0
156,AlborzDreams,4,1,1,0,0,1,0,0,1,0,0,0,0,0
157,AleffffB,5,0,1,0,0,0,0,0,1,0,1,1,0,1
158,Alejmmh,6,1,1,0,0,1,0,0,0,1,1,0,1,0
159,AlexNgwzmn22889,1,1,0,0,0,0,0,0,0,0,0,0,0,0
160,Alex_Shiraz,1,1,0,0,0,0,0,0,0,0,0,0,0,0
161,Alex_sirbiggs,1,1,0,0,0,0,0,0,0,0,0,0,0,0
162,Ali16784,1,1,0,0,0,0,0,0,0,0,0,0,0,0
163,Ali4Iran2,10,1,1,0,0,1,1,0,1,1,1,1,1,1
164,Ali517280392475,9,1,0,0,0,0,1,1,1,1,1,1,1,1
165,Ali58092225,3,1,0,0,0,0,0,0,1,0,0,0,1,0
166,Ali597290778157,1,1,0,0,0,0,0,0,0,0,0,0,0,0
167,Ali63601101,1,1,0,0,0,0,0,0,0,0,0,0,0,0
168,Ali688178582236,3,1,0,0,0,1,0,0,0,1,0,0,0,0
169,AliAjam58976942,6,1,1,0,0,0,1,0,1,0,0,1,0,1
170,AliAkbari141120,1,0,1,0,0,0,0,0,0,0,0,0,0,0
171,AliAliarsenali,7,0,1,0,0,1,1,1,0,0,1,1,0,1
172,AliFarshad275,2,1,0,0,0,0,0,0,1,0,0,0,0,0
173,AliKarimi171946,2,1,1,0,0,0,0,0,0,0,0,0,0,0
174,AliMohamma2537,1,1,0,0,0,0,0,0,0,0,0,0,0,0
175,AliNa37447628,2,1,0,0,0,1,0,0,0,0,0,0,0,0
176,AliPayam,8,1,1,0,0,1,1,1,0,0,1,0,1,1
177,AliRazavi2538,3,0,1,0,0,0,0,0,0,1,0,1,0,0
178,AliSherkhan86,4,1,1,0,0,0,0,0,0,0,1,0,1,0
179,AliTamashagar,1,1,0,0,0,0,0,0,0,0,0,0,0,0
180,AliVafabiotech,5,0,1,0,0,1,1,0,0,0,0,1,0,1
181,AliYar0l,11,1,1,0,0,1,1,1,1,1,1,1,1,1
182,Ali_4_Free_IRAN,3,0,1,0,0,0,0,0,1,1,0,0,0,0
183,Ali_Tavakoli7,1,1,0,0,0,0,0,0,0,0,0,0,0,0
184,Ali_Zaveh,2,1,1,0,0,0,0,0,0,0,0,0,0,0
185,Ali_h_pour,10,1,1,0,0,1,1,1,1,1,0,1,1,1
186,Aliazimi8374,1,1,0,0,0,0,0,0,0,0,0,0,0,0
187,Alic98210073,5,1,1,0,0,1,0,0,0,1,0,1,0,0
188,Alifakhrmousavi,2,1,1,0,0,0,0,0,0,0,0,0,0,0
189,Alireza2025E,7,0,1,0,0,0,1,1,1,1,0,1,0,1
190,Alireza781214,10,1,0,0,0,1,1,1,1,1,1,1,1,1
191,AlirezaFarid82,1,1,0,0,0,0,0,0,0,0,0,0,0,0
192,AlirezaTabib,7,1,0,0,0,1,0,1,1,1,1,1,0,0
193,Alireza_Sakaky,6,1,1,0,0,0,0,1,0,0,1,0,1,1
194,AllenHenriques,1,1,0,0,0,0,0,0,0,0,0,0,0,0
195,Allihaashemi,10,1,0,0,0,1,1,1,1,1,1,1,1,1
196,AllyLogan1977,1,0,1,0,0,0,0,0,0,0,0,0,0,0
197,AlmaDelia007,1,1,0,0,0,0,0,0,0,0,0,0,0,0
198,AlphaIran_MIGA,10,1,1,0,0,1,1,1,1,1,0,1,1,1
199,AlphaM96937,3,1,1,0,0,0,0,0,0,0,0,0,1,0
200,AlphredoNight,4,1,1,0,0,0,0,0,0,0,0,1,0,1
201,Alphredooo88,1,0,1,0,0,0,0,0,0,0,0,0,0,0
202,Alx243786,3,1,0,0,0,1,0,0,0,1,0,0,0,0
203,AlxDiba,4,0,1,0,0,1,0,0,1,1,0,0,0,0
204,AmIn4l1,7,1,1,0,0,1,1,0,1,0,0,0,1,1
205,Amelia0879,2,1,1,0,0,0,0,0,0,0,0,0,0,0
206,Amh_rs,4,1,1,0,0,1,0,0,0,0,0,0,1,0
207,AmiMamii,11,1,1,0,0,1,1,1,1,1,1,1,1,1
208,Amiir2191,7,1,0,0,0,1,0,0,1,1,0,1,1,1
209,Amin27Iran,2,0,1,0,0,1,0,0,0,0,0,0,0,0
210,AminArpana55549,10,1,1,0,0,1,1,0,1,1,1,1,1,1
211,AminAskari1988,1,1,0,0,0,0,0,0,0,0,0,0,0,0
212,AminBehroozi2,10,1,0,0,0,1,1,1,1,1,1,1,1,1
213,AminKhazaei19,1,0,1,0,0,0,0,0,0,0,0,0,0,0
214,Amin_P_K,5,1,0,0,0,0,0,0,1,1,0,1,1,0
215,Aminbehroozi70,11,1,1,0,0,1,1,1,1,1,1,1,1,1
216,Aminhy77,2,1,0,0,0,1,0,0,0,0,0,0,0,0
217,Amir01556502,3,1,0,0,0,0,1,0,0,1,0,0,0,0
218,Amir1353521,2,1,0,0,0,0,0,0,0,1,0,0,0,0
219,Amir1395841,1,1,0,0,0,0,0,0,0,0,0,0,0,0
220,Amir202407,2,1,1,0,0,0,0,0,0,0,0,0,0,0
221,Amir45221172,10,1,1,0,0,1,1,1,1,1,1,1,1,0
222,Amir6x6mah,1,1,0,0,0,0,0,0,0,0,0,0,0,0
223,Amir7gwy,2,1,0,0,0,0,0,1,0,0,0,0,0,0
224,AmirAbbasi75,5,1,1,0,0,0,1,0,0,1,0,0,0,1
225,AmirEkk15490,1,0,1,0,0,0,0,0,0,0,0,0,0,0
226,AmirImor,8,1,1,0,0,1,1,0,1,1,1,1,0,0
227,AmirIranTillend,6,1,1,0,0,0,1,1,1,0,1,0,0,0
228,AmirIrania2542,3,0,1,0,0,0,0,0,0,0,0,0,1,1
229,AmirPatrick_,4,1,0,0,0,0,1,0,1,0,0,1,0,0
230,AmirRezaOveissi,2,1,0,0,0,0,0,0,0,0,0,0,1,0
231,AmirSiavashkian,4,1,1,0,0,1,0,0,0,0,0,1,0,0
232,AmirVarsho4460,2,1,0,0,0,0,0,0,0,1,0,0,0,0
233,AmirZ99992338,2,1,0,0,0,1,0,0,0,0,0,0,0,0
234,Amir_3719,1,0,1,0,0,0,0,0,0,0,0,0,0,0
235,Amir_H_2022,4,0,1,0,0,0,0,0,1,1,0,1,0,0
236,Amir_IrCa,2,0,1,0,0,0,0,0,0,1,0,0,0,0
237,Amir__Hussen,1,0,1,0,0,0,0,0,0,0,0,0,0,0
238,Amir_hastam68,10,1,1,0,0,1,1,1,1,1,1,0,1,1
239,Amir_zombie88,6,1,0,0,0,1,1,0,1,1,1,0,0,0
240,AmirabbasPirouz,3,1,0,0,0,0,0,0,0,1,1,0,0,0
241,Amirenff,8,1,0,0,0,1,0,0,1,1,1,1,1,1
242,Amirmohammadmgm,2,1,1,0,0,0,0,0,0,0,0,0,0,0
243,Amirossein98,9,1,1,0,0,1,0,1,1,1,1,1,1,0
244,Amirrez52053862,1,0,1,0,0,0,0,0,0,0,0,0,0,0
245,AmirrezaS007,3,1,1,0,0,1,0,0,0,0,0,0,0,0
246,Amirtle,6,0,1,0,0,1,0,0,1,1,1,0,1,0
247,Amita_Bi_chan,11,1,1,0,0,1,1,1,1,1,1,1,1,1
248,AmithAzadi57123,1,1,0,0,0,0,0,0,0,0,0,0,0,0
249,AmooLindsey,4,0,1,0,0,1,0,0,0,0,0,1,1,0
250,AmyDiva15_,3,1,0,0,0,0,0,0,0,1,0,0,1,0
251,AmynyNasr,3,0,1,0,0,1,1,0,0,0,0,0,0,0
252,Ana41913989,1,0,1,0,0,0,0,0,0,0,0,0,0,0
253,AnaBas101,1,1,0,0,0,0,0,0,0,0,0,0,0,0
254,Anahid2581,1,1,0,0,0,0,0,0,0,0,0,0,0,0
255,AnahidArya22184,2,1,0,0,0,0,0,0,1,0,0,0,0,0
256,Anahiid,5,1,0,0,0,1,0,0,1,0,0,0,1,1
257,Anahit322175,6,0,1,0,0,1,0,0,1,1,1,0,0,1
258,AnahitaForIran,5,1,1,0,0,1,0,0,0,0,0,1,1,0
259,AnahitaItalia,4,1,0,0,0,1,1,0,0,0,0,1,0,0
260,Anais0098,7,1,1,0,0,1,0,0,1,1,1,1,0,0
261,Anas10629488,2,1,0,0,0,0,0,0,0,1,0,0,0,0
262,AndersonHa69148,1,1,0,0,0,0,0,0,0,0,0,0,0,0
263,AndishehAazaad,6,1,1,0,0,1,0,0,1,1,0,1,0,0
264,AndrewGhalili,3,1,0,0,0,1,0,0,1,0,0,0,0,0
265,Andromeda_2550,6,1,0,0,0,1,0,1,1,1,1,0,0,0
266,Angel1516192675,2,1,1,0,0,0,0,0,0,0,0,0,0,0
267,Angelin17021352,1,0,1,0,0,0,0,0,0,0,0,0,0,0
268,Angle_Rev,2,0,1,0,0,0,1,0,0,0,0,0,0,0
269,Anji52557522,3,1,1,0,0,0,0,0,0,1,0,0,0,0
270,AnonymousNY5,4,1,1,0,0,1,0,0,0,0,0,1,0,0
271,AnotherKaveh,2,1,0,0,0,1,0,0,0,0,0,0,0,0
272,AnotherbotV,5,1,1,0,0,1,0,0,0,1,0,0,0,1
273,Ant671632124627,3,1,1,0,0,0,0,0,1,0,0,0,0,0
274,AntiProp_aganda,8,1,1,0,0,0,1,0,1,1,1,1,1,0
275,Anti_tazi,5,0,1,0,0,0,0,0,0,1,1,1,0,1
276,Antig2585,1,1,0,0,0,0,0,0,0,0,0,0,0,0
277,AnushkaMohamma1,1,1,0,0,0,0,0,0,0,0,0,0,0,0
278,Aphasmid1991,2,1,0,0,0,0,0,0,0,0,1,0,0,0
279,AplcarolineDr,6,1,1,0,0,1,0,0,0,1,0,1,0,1
280,Ar9260_L,4,0,1,0,0,1,0,0,0,1,1,0,0,0
281,ArAs44020938,2,0,1,0,0,0,0,0,0,1,0,0,0,0
282,ArGarsh25903,8,1,1,0,0,1,1,1,1,0,1,0,1,0
283,Arad08088,1,0,1,0,0,0,0,0,0,0,0,0,0,0
284,Arad_82_71,3,1,0,0,0,0,0,0,1,0,1,0,0,0
285,Arad_Kaviani,4,1,1,0,0,1,0,0,0,1,0,0,0,0
286,Arad_nanva,7,1,0,0,0,1,1,0,1,1,0,1,0,1
287,Aragon6665,8,1,1,0,0,1,0,0,1,1,0,1,1,1
288,Arahabaki_13,10,1,1,0,0,1,1,0,1,1,1,1,1,1
289,Aramofen,6,1,1,0,0,0,0,0,0,1,1,0,1,1
290,AranKamangar,2,1,1,0,0,0,0,0,0,0,0,0,0,0
291,Arash40232362,1,0,1,0,0,0,0,0,0,0,0,0,0,0
292,Arash6666666,7,1,1,0,0,0,1,0,0,0,1,1,1,1
293,Arash797979,1,1,0,0,0,0,0,0,0,0,0,0,0,0
294,ArashArteman,1,1,0,0,0,0,0,0,0,0,0,0,0,0
295,ArashArya12,10,1,1,0,0,1,1,1,1,1,0,1,1,1
296,Arash_N1999,9,1,1,0,0,1,1,0,1,1,1,0,1,1
297,Arash_th_Archer,3,1,1,0,0,1,0,0,0,0,0,0,0,0
298,Arashhamedian1,3,1,0,0,0,1,0,0,0,1,0,0,0,0
299,Arashir22142540,9,0,1,0,0,1,1,1,1,1,1,0,1,1
300,Arashk4321,3,1,0,0,0,1,0,0,0,0,0,1,0,0
301,ArashkOnX,8,1,1,0,0,1,0,0,1,1,1,0,1,1
302,Araz777711,6,1,0,0,0,0,0,0,1,1,1,1,1,0
303,ArcanisBall,3,1,0,0,0,1,1,0,0,0,0,0,0,0
304,ArcanusOrdo,1,1,0,0,0,0,0,0,0,0,0,0,0,0
305,ArcherCiochar,1,0,1,0,0,0,0,0,0,0,0,0,0,0
306,ArdeshirBahram2,0,0,0,0,1,0,0,0,0,0,0,0,0,0
307,ArefIrani77,4,1,1,0,0,0,0,0,0,1,0,1,0,0
308,Arefmdi,6,1,1,0,0,0,1,0,1,0,1,1,0,0
309,ArezO00OzerA,2,0,1,0,0,0,0,0,0,1,0,0,0,0
310,Arezoo1808,1,0,1,0,0,0,0,0,0,0,0,0,0,0
311,ArezouAzadi,3,0,1,0,0,1,0,0,0,0,0,1,0,0
312,Ari15063,1,1,0,0,1,0,0,0,0,0,0,0,0,0
313,AriaAria657,10,1,1,0,0,1,1,1,1,1,1,0,1,1
314,AriaDeb1,1,1,0,0,0,0,0,0,0,0,0,0,0,0
315,AriaKarimi61,2,1,1,0,0,0,0,0,0,0,0,0,0,0
316,Ariaaa0099,1,1,0,0,0,0,0,0,0,0,0,0,0,0
317,Ariamehhr,3,1,0,0,0,1,0,0,1,0,0,0,0,0
318,Ariamehr14036,5,1,0,0,0,1,0,0,0,1,0,1,1,0
319,Ariamehr1975,4,1,1,0,0,0,0,0,0,1,0,0,1,0
320,Ariamehr92,4,1,1,0,0,1,0,0,0,0,0,0,0,1
321,Arian7_Z,6,1,0,0,0,1,0,0,1,1,1,0,1,0
322,ArianXID,9,1,1,0,0,1,1,1,1,1,0,0,1,1
323,AriannaI94212,5,1,0,0,0,1,0,0,1,0,1,0,1,0
324,Ariapersian2026,2,1,0,0,0,0,0,0,0,0,0,0,0,1
325,Ariaroshangar,5,1,0,0,0,1,0,0,0,1,0,1,0,1
326,AriasChelMeli,2,0,1,0,0,1,0,0,0,0,0,0,0,0
327,AriiaM11264,1,1,0,0,0,0,0,0,0,0,0,0,0,0
328,Ario1401,9,1,1,0,0,1,1,1,1,1,1,1,0,0
329,ArioPE368BC,5,1,1,0,0,0,0,0,1,1,0,0,0,1
330,Ario_rsm,2,1,0,0,0,0,0,0,0,0,0,1,0,0
331,Ariobar38472495,6,1,1,0,0,0,1,1,0,1,0,1,0,0
332,Ariobarzansimog,1,0,1,0,0,0,0,0,0,0,0,0,0,0
333,Ariofard,2,0,1,0,0,0,0,0,0,0,0,0,0,1
334,Arioobarzan1020,7,1,1,0,0,0,1,1,1,1,1,0,0,0
335,Ariopars,2,1,0,0,0,0,0,0,0,1,0,0,0,0
336,Arioradmeh,1,0,1,0,0,0,0,0,0,0,0,0,0,0
337,Arissamehr,2,1,0,0,0,1,0,0,0,0,0,0,0,0
338,Ariu44222763,2,0,1,0,0,0,0,0,0,0,0,1,0,0
339,Ariya100177,4,1,0,0,0,0,0,0,1,0,0,1,1,0
340,Ariya1311988,1,1,0,0,0,0,0,0,0,0,0,0,0,0
341,AriyaMehr22,1,1,0,0,0,0,0,0,0,0,0,0,0,0
342,Ariyaanaa,2,1,1,0,0,0,0,0,0,0,0,0,0,0
343,AriyoBarzannn,3,1,1,0,0,0,0,0,1,0,0,0,0,0
344,Ariywop8r,1,1,0,0,0,0,0,0,0,0,0,0,0,0
345,Arlleenmn,4,1,0,0,0,1,1,0,1,0,0,0,0,0
346,ArmanBoroujeni,2,1,1,0,0,0,0,0,0,0,0,0,0,0
347,ArmanMasarrat,9,1,1,0,0,1,1,1,1,1,0,0,1,1
348,ArmanNik93,3,1,1,0,0,0,0,0,1,0,0,0,0,0
349,Armi_n_,1,1,0,0,0,0,0,0,0,0,0,0,0,0
350,Armin1t,0,0,0,1,0,0,0,0,0,0,0,0,0,0
351,ArminNavabi,2,1,0,0,0,0,0,0,0,0,1,0,0,0
352,ArminS17598,1,0,1,0,0,0,0,0,0,0,0,0,0,0
353,ArmitaHooman,2,0,1,0,0,0,0,0,1,0,0,0,0,0
354,ArnavazIran,8,1,0,0,0,1,1,0,1,1,0,1,1,1
355,Arnick___,8,0,1,0,0,1,1,1,1,1,1,0,1,0
356,Arnikai2,3,1,0,0,0,1,0,0,1,0,0,0,0,0
357,Aroosak2025,2,1,0,0,0,1,0,0,0,0,0,0,0,0
358,ArrehKesh,11,1,1,0,0,1,1,1,1,1,1,1,1,1
359,Arsalan_Nazari,3,1,1,0,0,0,0,0,1,0,0,0,0,0
360,Arshia1985,8,1,0,0,0,1,1,0,1,1,1,1,0,1
361,Arshiy619117,1,1,0,0,0,0,0,0,0,0,0,0,0,0
362,Artan_1992,10,1,0,0,0,1,1,1,1,1,1,1,1,1
363,Artaxerxes_Iran,11,1,1,0,0,1,1,1,1,1,1,1,1,1
364,Artemis__1998,6,1,0,0,0,1,0,0,0,1,1,1,1,0
365,Artemis_iran27,7,1,1,0,0,1,0,0,1,1,1,1,0,0
366,Artemiss2016,8,1,1,0,0,1,1,0,1,1,0,0,1,1
367,Arthr1678,2,1,1,0,0,0,0,0,0,0,0,0,0,0
368,ArthurDayneX,2,1,0,0,0,0,0,0,0,0,1,0,0,0
369,Artinpxd,5,1,0,0,0,1,0,0,1,1,0,1,0,0
370,ArtyStoneX,3,1,0,0,0,1,0,0,0,0,1,0,0,0
371,ArvanYn,9,1,1,0,0,0,1,0,1,1,1,1,1,1
372,ArvandAskari,1,1,0,0,0,0,0,0,0,0,0,0,0,0
373,ArvinAdriyan,1,1,0,0,0,0,0,0,0,0,0,0,0,0
374,ArvinAdriyan_IR,2,0,1,0,0,0,0,0,0,1,0,0,0,0
375,ArvinOo125,3,1,1,0,0,0,0,0,0,0,0,0,0,1
376,AryaArya56832,1,1,0,0,0,0,0,0,0,0,0,0,0,0
377,AryaMehrWins,5,1,1,0,0,1,0,0,0,0,1,1,0,0
378,AryaRouhi39966,10,1,1,0,0,1,1,0,1,1,1,1,1,1
379,Arya_Atash,1,1,0,0,0,0,0,0,0,0,0,0,0,0
380,Aryaa_Mehr,0,0,0,1,0,0,0,0,0,0,0,0,0,0
381,Aryaboom,5,0,0,1,0,0,0,0,1,1,0,1,1,1
382,Aryamehr22,11,1,1,0,0,1,1,1,1,1,1,1,1,1
383,AryamehrX,9,1,1,0,0,1,1,1,0,1,1,1,1,0
384,AryanDadashi,6,1,1,0,0,1,0,0,1,0,1,0,1,0
385,Aryan_Ali_79,2,1,1,0,0,0,0,0,0,0,0,0,0,0
386,Arymehr2026,1,0,1,0,0,0,0,0,0,0,0,0,0,0
387,Aryo_Irani,10,1,1,0,0,1,1,0,1,1,1,1,1,1
388,Asal40782481,4,1,1,0,0,1,0,0,0,0,0,0,1,0
389,Aseman38ana54,4,1,0,0,0,0,1,0,1,1,0,0,0,0
390,Aseman61189417,9,1,1,0,0,1,1,1,1,0,1,1,1,0
391,Ashkan_kh1994,8,1,1,0,0,1,1,0,1,1,1,0,1,0
392,Ashkanian1211,6,1,1,0,0,0,1,0,0,1,0,1,0,1
393,Ashkebachenaz,1,1,0,0,0,0,0,0,0,0,0,0,0,0
394,Ashkthe3rd,2,1,1,0,0,0,0,0,0,0,0,0,0,0
395,AshleeNight,7,1,0,0,0,0,1,0,1,1,1,1,1,0
396,AshrafDarabi,3,1,0,0,0,1,0,0,0,0,1,0,0,0
397,AshtariYas21676,4,1,1,0,0,1,0,0,0,0,0,0,0,1
398,AshurBanipal,2,0,1,0,0,0,0,0,0,1,0,0,0,0
399,Asi2019O,1,0,1,0,0,0,0,0,0,0,0,0,0,0
400,AstarehNam,4,1,0,0,0,1,0,0,0,1,1,0,0,0
401,Ata_Nariman,5,1,0,0,0,0,0,1,0,1,1,1,0,0
402,AtashMaz,4,0,1,0,0,1,0,0,1,0,0,0,1,0
403,Atefehehe,1,0,1,0,0,0,0,0,0,0,0,0,0,0
404,AtheistFarid,1,1,0,0,0,0,0,0,0,0,0,0,0,0
405,Athena_m_d,8,1,0,0,0,0,1,1,1,1,1,1,0,1
406,AtiAzaad1982,1,1,0,0,0,0,0,0,0,0,0,0,0,0
407,AtiIravani65,3,1,0,0,0,0,0,0,1,1,0,0,0,0
408,Ato13438405,2,1,1,0,0,0,0,0,0,0,0,0,0,0
409,Atre_Azadi,2,1,1,0,0,0,0,0,0,0,0,0,0,0
410,AtrovanFreedom,11,1,1,0,0,1,1,1,1,1,1,1,1,1
411,Audrey27444820,10,1,1,0,0,1,0,1,1,1,1,1,1,1
412,Auro00raa,2,0,1,0,0,0,0,0,0,0,0,0,0,1
413,Aurora_a24,2,1,0,0,0,0,0,0,1,0,0,0,0,0
414,AutoAntiHero,3,0,1,0,0,0,1,0,0,0,0,1,0,0
415,AutumnnBlossom,4,1,1,0,0,1,0,0,1,0,0,0,0,0
416,Ava62ut,1,1,0,0,0,0,0,0,0,0,0,0,0,0
417,Ava88Tg,6,1,1,0,0,1,0,0,0,1,0,1,0,1
418,AvaMahoor,7,1,0,0,0,1,0,0,1,1,1,0,1,1
419,Ava_e_rahaee,5,1,1,0,0,0,0,0,0,1,1,0,1,0
420,Ava_sph,5,1,1,0,0,1,0,0,0,0,1,1,0,0
421,Avash2014,6,1,1,0,0,1,0,0,1,0,1,0,1,0
422,AvayeTo,2,1,0,0,0,0,0,0,0,1,0,0,0,0
423,Avayiran,3,1,0,0,0,0,0,0,1,0,0,0,0,1
424,AveenPkd,3,1,1,0,0,1,0,0,0,0,0,0,0,0
425,AvestaHolmlx,1,0,1,0,0,0,0,0,0,0,0,0,0,0
426,Avesta_persian,2,1,1,0,0,0,0,0,0,0,0,0,0,0
427,AvestairaniD3,1,1,0,0,0,0,0,0,0,0,0,0,0,0
428,AvidMonarchist,2,1,0,0,0,0,0,0,0,0,0,0,1,0
429,Avid_fg,1,1,0,0,0,0,0,0,0,0,0,0,0,0
430,AvvDavil,2,1,0,0,0,0,0,0,0,0,0,0,1,0
431,AwarenessWr,7,1,0,0,0,1,0,1,0,1,1,1,1,0
432,Aylarrh,1,1,0,0,0,0,0,0,0,0,0,0,0,0
433,AynazAzadi83,1,0,1,0,0,0,0,0,0,0,0,0,0,0
434,AyranPayn53965,6,1,1,0,0,0,1,1,0,0,1,1,0,0
435,Aysa96989,1,1,0,0,0,0,0,0,0,0,0,0,0,0
436,Azad4b,1,0,1,0,0,0,0,0,0,0,0,0,0,0
437,Azad8530,9,1,1,0,0,0,1,0,1,1,1,1,1,1
438,AzadAzadvar9296,7,1,0,0,0,1,1,1,1,0,0,1,1,0
439,AzadIran22,10,1,1,0,0,1,1,1,0,1,1,1,1,1
440,AzadMa23,4,1,1,0,0,0,0,0,1,1,0,0,0,0
441,Azad_Iran_Ma,11,1,1,0,0,1,1,1,1,1,1,1,1,1
442,Azadeh111,1,1,0,0,0,0,0,0,0,0,0,0,0,0
443,AzadehE5,3,0,1,0,0,0,0,0,0,0,1,0,1,0
444,AzadehEhsan84,1,1,0,0,0,0,0,0,0,0,0,0,0,0
445,AzadehKhorasan,11,1,1,0,0,1,1,1,1,1,1,1,1,1
446,AzadehNikzadeh,2,1,0,0,0,0,0,0,0,0,0,0,0,1
447,AzadehPatriot,11,1,1,0,1,1,1,1,1,1,1,1,1,1
448,Azadi1401111,10,1,1,0,0,1,1,0,1,1,1,1,1,1
449,Azadi31411401,4,1,1,0,0,0,0,0,1,1,0,0,0,0
450,Azadi8110,2,0,1,0,0,0,0,0,0,0,0,0,1,0
451,AzadiAfsan49969,1,1,0,0,0,0,0,0,0,0,0,0,0,0
452,AzadiFarman,9,1,1,0,0,1,1,0,1,1,1,1,0,1
453,AzadiPiroozi,8,1,1,0,0,0,1,0,0,1,1,1,1,1
454,Azadi_M_Iran,5,1,1,0,0,1,0,1,0,0,0,0,0,1
455,Azadifreeiran,3,1,1,0,0,0,0,1,0,0,0,0,0,0
456,Azadiran1404,1,0,1,0,0,0,0,0,0,0,0,0,0,0
457,Azadlavasani,9,1,1,0,0,1,1,0,1,1,0,1,1,1
458,Azady258,4,1,0,0,0,1,0,0,0,1,0,0,1,0
459,Azar08214875,6,1,0,0,0,1,0,0,1,1,0,1,1,0
460,AzarBanoo2012,2,1,1,0,0,0,0,0,0,0,0,0,0,0
461,AzarCDN,2,1,0,0,0,1,0,0,0,0,0,0,0,0
462,AzarIranli,4,0,1,0,0,1,0,0,0,1,1,0,0,0
463,AzarNoosh13,1,0,1,0,0,0,0,0,0,0,0,0,0,0
464,AzarakhshK,5,1,1,0,0,1,0,0,0,0,0,1,1,0
465,Azargoy,6,1,1,0,0,0,0,0,1,1,0,0,1,1
466, ,0,0,0,1,0,0,0,0,0,0,0,0,0,0
467,AziJanna,4,1,0,0,0,0,0,0,1,0,1,0,1,0
468,AziPedram,2,1,0,0,0,1,0,0,0,0,0,0,0,0
469,AziWph,4,1,1,0,0,0,0,0,0,1,0,1,0,0
470,Azihastam1,6,1,0,0,0,1,0,0,1,0,1,1,1,0
471,AzitaNikan,4,1,1,0,0,1,0,0,0,0,0,1,0,0
472,Azzarakhsh,10,1,1,0,0,1,1,1,1,1,1,1,1,0
473,BAMEH20,1,1,0,0,0,0,0,0,0,0,0,0,0,0
474,BBCfakeNews9,5,1,1,0,0,1,0,0,1,1,0,0,0,0
475,BB_Goal,8,1,0,0,0,1,0,1,1,1,1,0,1,1
476,BB_Sofla,1,1,0,0,0,0,0,0,0,0,0,0,0,0
477,BDanaii,6,1,0,0,0,1,0,0,0,1,1,1,1,0
478,BGh1274473,8,1,1,0,0,1,0,0,1,1,1,1,1,0
479,BK71761215,9,1,1,0,0,1,1,1,1,1,0,1,1,0
480,BK_Lajevardi,4,1,0,0,0,0,0,0,1,0,1,0,1,0
481,BKhorashad4425,7,1,1,0,0,1,0,0,0,1,1,1,0,1
482,BLK_SWAAN,1,1,0,0,0,0,0,0,0,0,0,0,0,0
483,BLion23907,1,1,0,0,0,0,0,0,0,0,0,0,0,0
484,BRezaaa33133,2,0,1,0,0,0,1,0,0,0,0,0,0,0
485,B__DEL,11,1,1,0,0,1,1,1,1,1,1,1,1,1
486,B_as_in_Blessed,7,1,1,0,0,1,1,0,1,0,1,0,1,0
487,BaArshiaX,5,1,1,0,0,1,0,0,1,1,0,0,0,0
488,BaIran1401,2,1,0,0,0,1,0,0,0,0,0,0,0,0
489,Babak58053,10,1,1,0,0,1,1,1,1,1,1,0,1,1
490,BabakDibayi7521,1,1,0,0,0,0,0,0,0,0,0,0,0,0
491,BabakGooda75481,3,1,0,0,0,0,0,0,0,0,0,1,0,1
492,BabakKhaaan,6,1,1,0,0,0,1,0,1,1,0,1,0,0
493,BabakPiroooz,6,1,0,0,0,1,0,1,1,1,1,0,0,0
494,BabakShekarabi,4,1,1,0,0,0,0,0,1,0,0,1,0,0
495,Babak_J_T,1,1,0,0,0,0,0,0,0,0,0,0,0,0
496,Babak_Shaker_,9,1,1,0,0,0,1,1,1,0,1,1,1,1
497,Babak__Farhadi,2,1,0,0,0,1,0,0,0,0,0,0,0,0
498,Babakkhoram11,6,1,1,0,0,1,1,1,0,0,0,0,0,1
499,Babakparsa151,3,0,1,0,0,0,0,0,0,0,0,0,1,1
500,Baby_activist,3,0,1,0,0,1,0,0,0,1,0,0,0,0
501,Bachejirjirak,6,1,1,0,0,0,1,0,0,1,1,1,0,0
502,BadRaha64400,3,1,1,0,0,1,0,0,0,0,0,0,0,0
503,BadjelanSholeh,8,0,1,0,0,1,1,1,0,1,0,1,1,1
504,Baees11Alvand,2,1,1,0,0,0,0,0,0,0,0,0,0,0
505,Bahar224224,6,0,1,0,0,1,0,0,0,1,1,1,1,0
506,Bahar784977,3,0,1,0,0,0,0,0,1,0,1,0,0,0
507,Bahar94877,6,1,0,0,0,0,0,0,1,1,1,1,1,0
508,Bahar95h,1,1,0,0,0,0,0,0,0,0,0,0,0,0
509,BaharMohammad18,10,1,0,0,0,1,1,1,1,1,1,1,1,1
510,BaharSepid19976,1,0,1,0,0,0,0,0,0,0,0,0,0,0
511,Bahar__Bahari,1,1,0,0,0,0,0,0,0,0,0,0,0,0
512,BaharanZad2584,9,1,1,0,0,1,0,0,1,1,1,1,1,1
513,BahareFari9,3,1,0,0,0,0,0,0,1,1,0,0,0,0
514,Bahman73666068,2,1,0,0,0,0,0,0,0,1,0,0,0,0
515,BahmanHeidarza2,3,0,0,1,0,1,0,0,0,1,0,1,0,0
516,BahmanJ1,1,0,1,0,0,0,0,0,0,0,0,0,0,0
517,BahmanSorush,6,0,1,0,0,0,1,0,1,0,0,1,1,1
518,BahonarBahareh,1,1,0,0,0,0,0,0,0,0,0,0,0,0
519,Bahram08913556,2,0,1,0,0,0,0,0,0,1,0,0,0,0
520,BahramDaneshh,1,1,0,0,0,0,0,0,0,0,0,0,0,0
521,BahramFrance,2,0,1,0,0,0,0,0,0,0,0,1,0,0
522,Bahram_Gooor,7,1,1,0,0,0,0,0,1,1,0,1,1,1
523,Bajas682000,2,1,0,0,0,1,0,0,0,0,0,0,0,0
524,BajenageMahasti,1,0,1,0,0,0,0,0,0,0,0,0,0,0
525,BakhshiShe55654,9,1,1,0,0,1,1,1,1,1,1,0,1,0
526,BambooMade,2,1,0,0,0,1,0,0,0,0,0,0,0,0
527,Bamzi0110,1,1,0,0,0,0,0,0,0,0,0,0,0,0
528,BanafshehS1258,2,0,1,0,0,0,1,0,0,0,0,0,0,0
529,BanooRose,6,1,1,0,0,1,1,1,0,0,0,1,0,0
530,Banoyirani2,4,1,1,0,0,0,0,0,1,0,0,0,1,0
531,Banuyetehrani,6,1,1,0,0,0,0,0,1,1,0,0,1,1
532,Baran27922,3,1,0,0,0,0,0,0,0,1,0,0,0,1
533,BaranaRain,8,1,1,0,0,1,0,0,1,1,1,1,1,0
534,Barandazirani,3,1,0,0,0,0,0,0,1,0,0,0,0,1
535,Baransedax,2,0,1,0,0,0,0,0,0,0,0,0,0,1
536,Barayeiran2026,3,1,0,0,0,0,0,1,0,0,0,0,0,1
537,Barg_,1,0,1,0,0,0,0,0,0,0,0,0,0,0
538,BashtIran,5,0,1,0,0,1,1,0,1,0,1,0,0,0
539,Baum128kia,3,1,0,0,0,0,0,0,0,1,0,0,0,1
540,BayatCnc,3,1,1,0,0,0,0,0,0,0,0,0,1,0
541,BazgashteBozorg,3,1,0,0,0,1,0,0,0,1,0,0,0,0
542,BeKindBehave,2,0,1,0,0,0,0,0,0,0,1,0,0,0
543,Beacon160172,1,1,0,0,0,0,0,0,0,0,0,0,0,0
544,BeautifulMindWe,3,1,0,0,0,0,0,0,0,0,0,1,0,1
545,BeautifullIrann,4,0,1,0,0,0,1,0,0,1,0,0,1,0
546,BeblisSara,1,0,1,0,0,0,0,0,0,0,0,0,0,0
547,BeeBahar7,5,1,1,0,0,1,0,0,1,1,0,0,0,0
548,BeeKeeperIran,1,0,1,0,0,0,0,0,0,0,0,0,0,0
549,BeeVan88,4,1,0,0,0,0,0,0,0,1,1,0,1,0
550,BehRooz42393075,3,0,1,0,0,1,1,0,0,0,0,0,0,0
551,Behiii_sh681,11,1,1,0,0,1,1,1,1,1,1,1,1,1
552,Behjat80,1,0,1,0,0,0,0,0,0,0,0,0,0,0
553,Behnam88986973,9,1,0,0,0,1,1,1,1,1,1,1,1,0
554,BehnamBoro64127,9,1,1,0,0,1,0,0,1,1,1,1,1,1
555,Behnaz1335770,2,0,1,0,0,0,1,0,0,0,0,0,0,0
556,BehnazKhazai,8,1,1,0,0,1,0,0,1,0,1,1,1,1
557,BehroozDehghany,7,1,1,0,0,1,1,0,0,0,1,1,0,1
558,BehroozRasooly,2,1,1,0,0,0,0,0,0,0,0,0,0,0
559,Behrouz0917H7,10,0,1,0,0,1,1,1,1,1,1,1,1,1
560,Behroz01565186,2,1,1,0,0,0,0,0,0,0,0,0,0,0
561,Behroz13531013,9,1,1,0,0,1,1,1,1,0,1,0,1,1
562,BehzadH1360,3,0,1,0,0,0,0,0,1,1,0,0,0,0
563,BehzadZara,10,1,1,0,0,1,1,1,1,1,1,1,1,0
564,BehzadiNooshin,1,1,0,0,0,0,0,0,0,0,0,0,0,0
565,BeigiRola,1,0,1,0,0,0,0,0,0,0,0,0,0,0
566,Bejan_far,6,1,1,0,0,1,1,0,0,1,0,0,1,0
567,Bejangim009,10,1,1,0,0,1,1,1,1,1,1,1,1,0
568,Bekhoda5,10,1,1,0,0,1,1,1,1,1,1,1,1,0
569,BelendLaura,7,1,1,0,0,1,1,0,0,0,0,1,1,1
570,BellaLuna4free,10,1,1,0,0,1,1,1,1,0,1,1,1,1
571,Bellatrix_1800,4,1,1,0,0,1,0,0,0,1,0,0,0,0
572,Beloved_IRAN,10,1,1,0,0,1,1,0,1,1,1,1,1,1
573,BenJavBara,1,1,0,0,0,0,0,0,0,0,0,0,0,0
574,Bensao258749,2,1,1,0,0,0,0,0,0,0,0,0,0,0
575,Benyami1980,5,1,1,0,0,1,0,0,1,0,1,0,0,0
576,Berkpyl,5,1,1,0,0,0,0,0,0,0,1,1,1,0
577,Bermooda1380739,6,1,1,0,0,0,0,0,1,1,1,1,0,0
578,Bernd_Nebeler,2,1,0,0,0,0,0,0,0,0,1,0,0,0
579,Bethefreedomvo1,7,1,1,0,0,0,1,0,1,1,1,1,0,0
580,Betihemasi,1,1,0,0,0,0,0,0,0,0,0,0,0,0
581,BeyondBoba,3,0,1,0,0,1,0,0,0,0,0,0,1,0
582,BiEsmeTaHamishe,3,1,1,0,0,0,0,0,0,0,0,0,0,1
583,BiNam_BiNeshan,5,1,0,0,0,1,0,1,1,0,0,0,1,0
584,Bibaksa14,2,0,1,0,0,0,0,0,0,0,0,0,1,0
585,Bibidi777,4,1,0,0,0,0,0,0,1,1,1,0,0,0
586,Bihoodebidar,1,0,1,0,0,0,0,0,0,0,0,0,0,0
587,Biiddel,1,1,0,0,0,0,0,0,0,0,0,0,0,0
588,BijanAdin,4,1,0,0,0,1,0,0,0,0,1,0,0,1
589,Bikhabaram,10,1,1,0,0,1,1,0,1,1,1,1,1,1
590,BinamBinam2019,5,1,1,0,0,1,0,0,0,1,0,1,0,0
591,BirdofPardis,1,1,0,0,0,0,0,0,0,0,0,0,0,0
592,Birdofpeacelove,5,1,0,0,0,1,0,0,1,1,0,0,1,0
593,Bita003002772,10,1,1,0,0,1,1,1,1,1,1,1,0,1
594,BitaGilvan,2,1,0,0,0,1,0,0,0,0,0,0,0,0
595,Bita_redemption,4,1,0,0,0,0,0,0,0,1,0,1,1,0
596,Bitaxxi,2,1,0,0,0,0,0,1,0,0,0,0,0,0
597,BlackBirdPersia,6,1,0,0,0,1,0,0,1,1,1,1,0,0
598,BlackBl80,6,1,1,0,0,1,0,0,1,0,0,1,0,1
599,Black_queenB612,11,1,1,0,0,1,1,1,1,1,1,1,1,1
600,Blackadaaam,11,1,1,0,0,1,1,1,1,1,1,1,1,1
601,Bladyy_Iran,9,1,1,0,0,1,1,1,1,1,1,1,0,0
602,BlueGordafarid2,9,1,1,0,0,1,1,1,1,1,0,1,1,0
603,BlueNili,4,1,1,0,0,0,0,0,0,1,1,0,0,0
604,BlueSongb,8,0,1,0,0,1,1,0,1,1,1,1,0,1
605,Bluebutter1810,10,1,1,0,0,1,1,1,1,1,0,1,1,1
606,Blueheaaaarth,8,1,0,0,0,1,0,0,1,1,1,1,1,1
607,Blueladybird6,1,1,0,0,0,0,0,0,0,0,0,0,0,0
608,Bluestar_021,2,0,1,0,0,1,0,0,0,0,0,0,0,0
609,BobakXi,1,1,0,0,0,0,0,0,0,0,0,0,0,0
610,BobbyYazdani_AU,3,1,1,0,0,0,0,0,1,0,0,0,0,0
611,Bobzo792,5,1,1,0,0,0,1,0,0,1,0,1,0,0
612,BoroomandMo,3,1,0,0,0,0,0,0,0,0,0,1,0,1
613,BourandN,1,0,1,0,0,0,0,0,0,0,0,0,0,0
614,BoyPlatonic7,6,1,1,0,0,0,1,0,1,1,0,0,1,0
615,BoyVahshi,2,1,1,0,0,0,0,0,0,0,0,0,0,0
616,Bozorg_Agha_D,10,1,1,0,0,1,1,1,1,1,1,0,1,1
617,Braveknod,5,1,0,0,0,0,0,0,1,1,0,1,1,0
618,Brittan18448231,1,1,0,0,0,0,0,0,0,0,0,0,0,0
619,Bsh2576,6,1,1,0,0,0,0,1,1,1,0,0,0,1
620,BuenOlor_Blesed,5,1,1,0,0,1,1,0,0,0,0,0,1,0
621,Bukit1401,3,0,1,0,0,0,0,0,0,1,0,0,1,0
622,Bunmon07,2,0,1,0,0,0,0,0,0,0,0,0,0,1
623,Bunny212Bxb,2,1,0,0,0,0,1,0,0,0,0,0,0,0
624,Butler18181,2,1,1,0,0,0,0,0,0,0,0,0,0,0
625,Butterfly135688,10,1,1,0,0,1,1,1,1,1,1,1,1,0
626,Butterflyhrn,1,1,0,0,0,0,0,0,0,0,0,0,0,0
627,ByGraz9978,2,1,0,0,1,0,0,0,1,0,0,0,0,0
628,CCuttlas,1,1,0,0,0,0,0,0,0,0,0,0,0,0
629,CH_4O5,2,0,1,0,0,0,0,0,0,1,0,0,0,0
630,CICIraz,2,0,1,0,0,0,0,0,0,0,0,0,1,0
631,CNemowestwood,2,1,0,0,0,0,0,0,0,0,0,0,0,1
632,CZanoon35941,2,1,0,0,0,1,0,0,0,0,0,0,0,0
633,Cachemire9,10,1,1,0,0,1,1,1,1,1,1,0,1,1
634,CactusTurquoise,1,1,0,0,0,0,0,0,0,0,0,0,0,0
635,Caesar_4th,1,1,0,0,0,0,0,0,0,0,0,0,0,0
636,CallMeIran01,5,1,0,0,0,0,0,0,1,1,1,1,0,0
637,CalledFay,6,1,1,0,0,1,0,0,0,1,0,1,1,0
638,Camel6561,4,1,1,0,0,0,0,0,0,0,0,0,1,1
639,CameliaFard,3,0,1,0,0,0,0,0,0,1,0,0,0,1
640,CaptIran0k,3,0,1,0,0,1,0,0,0,0,0,0,0,1
641,CarlJohnson7000,3,1,0,0,0,1,0,1,0,0,0,0,0,0
642,Carolin18841607,3,1,0,0,0,0,0,0,0,0,0,0,1,1
643,Caspian1344,2,1,0,0,0,0,0,0,1,0,0,0,0,0
644,CassandaneIran,8,1,1,0,0,1,0,0,1,1,1,1,1,0
645,CatLady280,7,1,1,0,0,0,0,0,1,1,1,1,1,0
646,Cestovatelka83,1,0,1,0,0,0,0,0,0,0,0,0,0,0
647,ChaawTimes,4,0,1,0,0,0,0,1,0,1,0,1,0,0
648,Chalangar0000,11,1,1,0,0,1,1,1,1,1,1,1,1,1
649,CharChar9083,1,1,0,0,0,0,0,0,0,0,0,0,0,0
650,ChazalletM8,3,1,1,0,0,0,1,0,0,0,0,0,0,0
651,Cheshmeeee,1,0,1,0,0,0,0,0,0,0,0,0,0,0
652,Chetoriarzeshi,1,0,1,0,0,0,0,0,0,0,0,0,0,0
653,ChevalierCrypto,1,1,0,0,0,0,0,0,0,0,0,0,0,0
654,Chihiro8210,4,1,1,0,0,0,0,0,0,1,1,0,0,0
655,Chista4ph1,1,1,0,0,0,0,0,0,0,0,0,0,0,0
656,Chistakian,0,0,0,0,1,0,0,0,0,0,0,0,0,0
657,ChitchatBT,1,1,0,0,0,0,0,0,0,0,0,0,0,0
658,Christo96088151,6,1,1,0,0,0,0,1,1,0,0,1,1,0
659,Circe2585,3,0,1,0,0,1,0,0,0,1,0,0,0,0
660,CitKatt1,2,1,1,0,0,0,0,0,0,0,0,0,0,0
661,CivilIran,2,1,0,0,0,0,0,0,0,1,0,0,0,0
662,Cj_still_alive,2,1,1,0,0,0,0,0,0,0,0,0,0,0
663,Cleopatra__13,1,1,0,0,0,0,0,0,0,0,0,0,0,0
664,CloudySkyNot,11,1,1,0,0,1,1,1,1,1,1,1,1,1
665,Colette93858190,9,1,1,0,0,1,1,0,1,1,1,0,1,1
666,Colonel_Adrin,2,1,1,0,0,0,0,0,0,0,0,0,0,0
667,Comando17142709,5,0,1,0,0,1,0,0,1,0,1,0,1,0
668,CommonSenss1,2,1,0,0,0,0,0,0,1,0,0,0,0,0
669,ConsciousNTT,1,1,0,0,0,0,0,0,0,0,0,0,0,0
670,Constan63413921,10,1,1,0,0,1,1,1,1,1,1,0,1,1
671,CoolRahRahArt,10,1,1,0,0,1,1,1,1,0,1,1,1,1
672,Coolmooli,5,0,1,0,0,0,1,0,0,1,0,1,0,1
673,Copra_equus,1,1,0,0,0,0,0,0,0,0,0,0,0,0
674,CrimesArchives,2,1,0,0,0,0,0,0,1,0,0,0,0,0
675,CrownOfAryans,4,1,0,0,0,0,1,0,0,0,0,1,1,0
676,CryptoMoaaf,9,1,1,0,0,1,1,1,0,1,1,1,1,0
677,CryptoObservr,5,1,1,0,0,1,1,0,0,0,0,0,1,0
678,CryptopheColumb,1,0,1,0,0,0,0,0,0,0,0,0,0,0
679,Curious_chemist,1,0,1,0,0,0,0,0,0,0,0,0,0,0
680,Currency5307,1,1,0,0,0,0,0,0,0,0,0,0,0,0
681,CyJa78,7,1,1,0,0,1,0,0,1,1,1,0,1,0
682,Cyrus25001,7,1,1,0,0,1,1,1,0,1,1,0,0,0
683,Cyrus6732064396,1,0,1,0,0,0,0,0,0,0,0,0,0,0
684,Cyrus8596148077,5,1,0,0,0,1,0,0,0,1,1,0,1,0
685,Cyrus9ml,1,0,1,0,0,0,0,0,0,0,0,0,0,0
686,CyrusAryamehr,10,1,1,0,0,0,1,1,1,1,1,1,1,1
687,CyrusEnuke,1,1,0,0,0,0,0,0,0,0,0,0,0,0
688,CyrusIzeh,1,1,0,0,0,0,0,0,0,0,0,0,0,0
689,CyrusTroops,4,1,1,0,0,0,1,1,0,0,0,0,0,0
690,Cyrus_Filia,0,0,0,0,1,0,0,0,0,0,0,0,0,0
691,Cyrusdabrissie,1,1,0,0,0,0,0,0,0,0,0,0,0,0
692,D1232123432,8,1,1,0,0,0,0,0,1,1,1,1,1,1
693,DARYL33Dixon,1,0,1,0,0,0,0,0,0,0,0,0,0,0
694,DAWN_of_PERSIA,6,1,0,0,0,0,1,0,1,1,1,1,0,0
695,DGascoign3,5,1,1,0,0,1,0,1,0,0,0,0,1,0
696,DIDNOZ,5,1,1,0,0,0,0,0,0,1,1,0,1,0
697,DJKheshtak,3,1,1,0,0,0,0,0,0,0,0,1,0,0
698,DJMoHoMiix,9,1,1,0,0,1,1,0,1,1,1,0,1,1
699,DJavid6160,8,1,1,0,0,1,0,0,1,1,1,1,1,0
700,DL1hYwsxf1Ro2f8,2,1,0,0,0,0,0,0,0,0,0,1,0,0
701,DMS58792016,5,1,0,0,0,0,0,1,1,0,0,1,1,0
702,DNAchera,9,0,1,0,0,1,1,1,1,1,1,1,1,0
703,DOOMSDAYCOMMING,8,1,1,0,0,0,0,1,1,0,1,1,1,1
704,DRSAVAKI,2,0,0,0,1,0,0,0,0,1,0,0,0,1
705,Daadgar_Just,5,1,1,0,0,1,1,0,0,0,0,0,1,0
706,Daffodil27,2,1,1,0,0,0,0,0,0,0,0,0,0,0
707,Daividplatt777,7,0,1,0,0,1,1,1,0,1,1,0,1,0
708,DaleTorb,2,1,0,0,0,0,0,0,0,0,0,1,0,0
709,DaltonBdin,4,1,1,0,0,0,0,0,0,1,0,1,0,0
710,DamonDa94912563,2,1,0,0,0,0,0,0,0,1,0,0,0,0
711,DanaMehrdad1,2,1,1,0,0,0,0,0,0,0,0,0,0,0
712,DanaeTheII,8,1,1,0,0,1,0,0,1,1,0,1,1,1
713,Danblue193,1,1,0,0,0,0,0,0,0,0,0,0,0,0
714,Dani07y0,2,1,0,0,0,0,0,0,0,1,0,0,0,0
715,Danial2585,10,1,1,0,0,1,0,1,1,1,1,1,1,1
716,DanielProphett,1,1,0,0,0,0,0,0,0,0,0,0,0,0
717,Daniel_R797,4,1,0,0,0,0,0,0,1,1,0,0,0,1
718,Danielian1015,7,1,1,0,0,1,1,1,1,1,0,0,0,0
719,Danielkz,7,1,1,0,0,1,0,0,1,1,0,0,1,1
720,Daniyal78850060,3,1,1,0,0,1,0,0,0,0,0,0,0,0
721,Daniyyel_Nabi,2,0,1,0,0,1,0,0,0,0,0,0,0,0
722,Daphnis79,1,1,0,0,0,0,0,0,0,0,0,0,0,0
723,DarcyLilium,11,1,1,0,0,1,1,1,1,1,1,1,1,1
724,DardeKeshmesh,9,1,1,0,0,0,1,0,1,1,1,1,1,1
725,Darius21202120,1,1,0,0,0,0,0,0,0,0,0,0,0,0
726,Dariush37634903,6,0,1,1,0,1,1,1,0,0,0,1,1,0
727,DariusheBozorg,9,1,0,0,0,1,0,1,1,1,1,1,1,1
728,DarkPhase3333,6,1,1,0,0,1,0,0,0,0,0,1,1,1
729,DarkseedTr,2,1,0,0,0,1,0,0,0,0,0,0,0,0
730,Darky66m,10,1,1,0,0,1,1,1,1,1,1,1,0,1
731,Darvazehban84,8,1,0,0,0,1,0,0,1,1,1,1,1,1
732,Darya869069,5,1,1,0,0,0,0,1,1,0,0,0,1,0
733,Daryuosh196,4,1,0,0,0,1,0,0,0,1,0,0,1,0
734,DashNasser,2,1,0,0,0,0,0,0,0,0,0,1,0,0
735,DashtRaghs,1,1,0,0,0,0,0,0,0,0,0,0,0,0
736,DataForFreedom,1,0,1,0,0,0,0,0,0,0,0,0,0,0
737,Daughterofvega,8,1,1,0,0,0,0,1,1,0,1,1,1,1
738,David1AZ,9,1,1,0,0,1,1,0,1,1,0,1,1,1
739,David8Alexander,10,1,1,0,0,1,1,0,1,1,1,1,1,1
740,DavidAnahid,5,1,0,0,0,1,0,0,0,1,1,0,1,0
741,David_Edgardd,1,1,0,0,0,0,0,0,0,0,0,0,0,0
742,DavoodLotfi3,1,0,1,0,0,0,0,0,0,0,0,0,0,0
743,Davoud71591828,2,0,1,0,0,0,0,0,0,0,0,0,0,1
744,DayAfterAzadi,3,1,0,0,0,0,0,0,0,0,1,0,1,0
745,DayiJan97,7,1,1,0,0,0,0,0,1,1,1,0,1,1
746,DeLamassu,8,1,1,0,0,0,1,0,1,1,1,1,1,0
747,DeadStartupGod,2,1,0,0,0,0,0,0,0,0,0,1,0,0
748,DearPenFriend,3,1,1,0,0,0,1,0,0,0,0,0,0,0
749,DedalusPonders,3,1,1,0,0,0,0,0,1,0,0,0,0,0
750,Deep_Daun,6,1,1,0,0,0,0,0,1,0,1,1,0,1
751,DeerDeerhunte1,2,1,1,0,0,0,0,0,0,0,0,0,0,0
752,DejReports,1,1,0,0,0,0,0,0,0,0,0,0,0,0
753,Delart2026,1,0,1,0,0,0,0,0,0,0,0,0,0,0
754,Delnavaz1380,2,1,0,0,0,0,0,0,0,1,0,0,0,0
755,Delsa1394,4,1,1,0,0,1,0,0,0,0,0,0,1,0
756,Delsa144052,1,1,0,0,0,0,0,0,0,0,0,0,0,0
757,Delvan_Alireza1,9,1,1,0,0,1,0,0,1,1,1,1,1,1
758,Demoktator,1,1,0,0,0,0,0,0,0,0,0,0,0,0
759,DerAkustik,8,1,1,0,0,1,1,1,1,0,1,0,1,0
760,DerakHerma39070,1,1,0,0,0,0,0,0,0,0,0,0,0,0
761,DesignZarna,2,0,1,0,0,0,1,0,0,0,0,0,0,0
762,DevilOfHell2,6,0,1,0,0,1,1,1,1,0,0,1,0,0
763,Dew12868d2,1,1,0,0,0,0,0,0,0,0,0,0,0,0
764,Diana64483364,6,1,1,0,0,1,1,1,0,1,0,0,0,0
765,DianamNova27,5,1,0,0,0,1,0,0,0,0,1,1,1,0
766,Dianna1451874,3,1,0,0,0,0,0,0,1,0,0,1,0,0
767,Diba8620,5,1,0,0,0,1,0,0,0,1,0,1,0,1
768,Diba______,3,1,0,0,0,1,0,0,0,0,0,0,1,0
769,Dieba974973192,4,1,0,0,0,1,0,0,0,1,0,1,0,0
770,Diego_patriot,3,1,1,0,0,0,0,0,0,0,0,0,1,0
771,Diegodym2,2,1,0,0,0,1,0,0,0,0,0,0,0,0
772,DigeOomadam,2,1,1,0,0,0,0,0,0,0,0,0,0,0
773,DirectorLeyla,1,1,0,0,0,0,0,0,0,0,0,0,0,0
774,Dirty_Harry_Jr,1,1,0,0,0,0,0,0,0,0,0,0,0,0
775,Divaneh666,7,1,1,0,0,1,0,1,1,0,1,0,1,0
776,Dj49121626,6,0,1,0,0,0,1,0,1,1,0,0,1,1
777,DoanTuanVNTWUS,10,1,1,0,0,1,1,1,1,1,0,1,1,1
778,DoctorsIran,6,1,1,0,0,1,1,1,1,0,0,0,0,0
779,DokhtBanoo,6,0,1,0,0,1,0,0,1,1,0,1,1,0
780,Dokhtare_iran17,9,1,1,0,0,1,1,1,1,1,0,0,1,1
781,DokhtareeeIraan,6,1,1,0,0,1,1,0,0,0,0,0,1,1
782,Dokhte_Khorasan,10,1,1,0,0,1,0,1,1,1,1,1,1,1
783,DontSymbol1,1,0,1,0,0,0,0,0,0,0,0,0,0,0
784,Donzhowan,2,0,1,0,0,0,0,0,0,0,0,1,0,0
785,DoostGhadimi,8,1,0,0,0,1,0,1,1,0,1,1,1,1
786,DorostiRyan,7,0,1,0,0,0,1,1,0,0,1,1,1,1
787,DozdeShekar,3,1,0,0,0,0,1,0,0,0,0,0,0,1
788,Dr2INTP,8,1,0,0,0,1,0,1,1,1,1,0,1,1
789,DrEliasOfficial,8,1,1,0,0,1,1,0,0,1,1,1,0,1
790,DrKatrin_Rabiei,5,0,1,0,0,0,0,1,1,0,1,1,0,0
791,DrMistoffelees,11,1,1,0,0,1,1,1,1,1,1,1,1,1
792,DrMonarchist,1,1,0,0,0,0,0,0,0,0,0,0,0,0
793,DrNIzad,1,1,0,0,0,0,0,0,0,0,0,0,0,0
794,DrNouHeravi,1,1,0,0,0,0,0,0,0,0,0,0,0,0
795,DrRezaAbraham,4,1,1,0,0,0,0,0,0,1,0,0,1,0
796,DrSarvv,9,1,0,0,0,1,0,1,1,1,1,1,1,1
797,DrShermanEng,1,1,0,0,0,0,0,0,0,0,0,0,0,0
798,DrZd_,6,1,1,0,0,1,1,0,0,0,0,1,0,1
799,DraraashOwrak,3,1,1,0,0,0,1,0,0,0,0,0,0,0
800,Drdavidmr41,1,1,0,0,0,0,0,0,0,0,0,0,0,0
801,DreadfulJab,2,1,0,0,0,0,0,0,0,0,1,0,0,0
802,Dreamerkati,0,0,0,0,1,0,0,0,0,0,0,0,0,0
803,Dreamika2,2,1,0,0,0,0,0,0,0,0,0,0,1,0
804,DreamyGilda,1,0,1,0,0,0,0,0,0,0,0,0,0,0
805,DrewXperience,0,0,0,0,1,0,0,0,0,0,0,0,0,0
806,DrfHgfddsqwad,8,0,1,0,0,1,0,1,1,1,1,1,1,0
807,Drhanibal8,5,1,0,0,0,1,0,0,1,0,1,0,1,0
808,DuckSaturnin,11,1,1,0,0,1,1,1,1,1,1,1,1,1
809,E6h6o5a3HyPp6EE,4,1,0,0,0,0,0,0,1,1,0,1,0,0
810,EAIranParast,11,1,1,0,0,1,1,1,1,1,1,1,1,1
811,EAbbasian85992,3,1,0,0,0,1,0,0,0,0,0,0,1,0
812,EB_IRAN,11,1,1,0,0,1,1,1,1,1,1,1,1,1
813,EDD_Persian,4,1,1,0,0,0,1,0,0,0,0,0,0,1
814,EEllie1390067,2,1,0,0,0,0,0,0,0,0,1,0,0,0
815,EGorbeh,7,1,0,0,0,1,1,0,1,0,1,0,1,1
816,EIS902,2,1,1,0,0,0,0,0,0,0,0,0,0,0
817,EKhrasan,4,1,0,0,0,1,0,1,1,0,0,0,0,0
818,ELEGANTselin32,11,1,1,0,0,1,1,1,1,1,1,1,1,1
819,ELsardinow,3,1,0,0,0,0,0,0,1,0,1,0,0,0
820,EMahi25,4,1,1,0,0,0,0,0,0,0,1,0,0,1
821,EN57111,4,1,0,0,0,0,0,1,0,1,1,0,0,0
822,EPmeng,2,1,1,0,0,0,0,0,0,0,0,0,0,0
823,EPpolitician2,11,1,1,0,0,1,1,1,1,1,1,1,1,1
824,ESFANDYARAN2,11,1,1,0,0,1,1,1,1,1,1,1,1,1
825,ESMAEILSAM87,2,1,1,0,0,0,0,0,0,0,0,0,0,0
826,E_RG_I,3,0,1,0,0,0,0,0,0,1,0,1,0,0
827,Ebi169040,2,1,1,0,0,0,0,0,0,0,0,0,0,0
828,EboshiJasmine,9,1,1,0,0,1,1,1,1,1,0,0,1,1
829,EchoesOfIran,9,1,0,0,0,1,1,1,1,1,1,0,1,1
830,Edelwei17723905,4,1,1,0,0,1,0,0,0,0,1,0,0,0
831,EdlundHamid,0,0,0,0,1,0,0,0,0,0,0,0,0,0
832,Edvin4d,5,0,1,0,0,1,0,0,0,1,0,0,1,1
833,EdvinAlbain,2,1,0,0,0,0,0,0,0,0,0,1,0,0
834,EeVahid,1,0,1,0,0,0,0,0,0,0,0,0,0,0
835,Eetujemy,4,1,0,0,0,0,0,0,0,1,1,0,0,1
836,EghbaliBabak,6,1,0,0,0,0,1,0,0,1,1,1,1,0
837,Ehsaaan93,8,1,0,0,0,1,0,1,1,1,1,0,1,1
838,EhsanEsmaeeli1,4,1,1,0,0,1,0,0,0,0,0,0,0,1
839,EhsanParsia,3,1,0,0,0,1,1,0,0,0,0,0,0,0
840,EhsanZareei,4,1,1,0,0,0,0,0,1,0,1,0,0,0
841,Ehsan_Sabett,3,1,0,0,0,1,0,0,1,0,0,0,0,0
842,Ehura138543,2,1,1,0,0,0,0,0,0,0,0,0,0,0
843,Einzigghoul,1,0,1,0,0,0,0,0,0,0,0,0,0,0
844,Ekeminiobongud2,5,1,0,0,0,1,0,0,0,1,1,0,0,1
845,ElFindelMundu,10,1,1,0,0,1,1,1,1,1,1,0,1,1
846,Ela8924,7,1,1,0,0,1,1,1,0,0,1,0,1,0
847,Elahee7777,8,1,1,0,0,1,1,1,0,1,1,0,1,0
848,Elara_miga,1,0,1,0,0,0,0,0,0,0,0,0,0,0
849,Electro79391479,1,0,1,0,0,0,0,0,0,0,0,0,0,0
850,Elena78819274,6,1,1,0,0,1,0,0,0,0,1,1,1,0
851,Elham0742,4,1,1,0,0,1,1,0,0,0,0,0,0,0
852,ElhamSNajafi1,4,1,1,0,0,0,1,0,0,0,0,1,0,0
853,Eli285302028,1,0,1,0,0,0,0,0,0,0,0,0,0,0
854,Eli73575187,3,1,0,0,0,1,0,0,1,0,0,0,0,0
855,Eli93582,1,1,0,0,0,0,0,0,0,0,0,0,0,0
856,EliB65385,4,1,1,0,1,0,0,0,0,0,0,0,1,1
857,Eliz_Elli,1,1,0,0,0,0,0,0,0,0,0,0,0,0
858,EllDghn,3,1,0,0,0,0,0,0,1,0,1,0,0,0
859,EllZ1642272,5,1,0,0,0,1,0,0,1,0,1,0,1,0
860,EllaLaCuarta,8,1,1,0,0,0,0,0,1,1,1,1,1,1
861,Ellie13101025,1,0,1,0,0,0,0,0,0,0,0,0,0,0
862,Ellie_irp,5,1,0,0,0,1,1,0,1,1,0,0,0,0
863,Elliemajelan,3,1,1,0,0,0,0,0,0,0,0,0,0,1
864,Elliewonderlust,6,1,1,0,0,1,0,1,0,1,0,0,1,0
865,EllyK3499,1,1,0,0,0,0,0,0,0,0,0,0,0,0
866,ElmiraHossein12,9,1,1,0,0,1,1,1,1,1,0,0,1,1
867,Elmiragkz,4,1,0,0,0,0,0,0,1,0,0,1,1,0
868,Elmirazn88,1,0,1,0,0,0,0,0,0,0,0,0,0,0
869,Elnaz6658322,7,1,0,0,0,1,0,1,0,1,1,1,0,1
870,Elsa22498951731,4,0,1,0,0,1,0,0,0,0,0,1,0,1
871,EmamZamanGaideh,2,1,0,0,0,1,0,0,0,0,0,0,0,0
872,Emma994052,4,1,0,0,0,0,0,0,1,1,0,0,1,0
873,Emma_tpk,7,1,0,0,0,1,0,1,1,0,0,1,1,1
874,EmotinallySmart,2,1,1,0,0,0,0,0,0,0,0,0,0,0
875,EmpireOfPahlavi,6,1,1,0,0,0,0,0,0,0,1,1,1,1
876,EngbersenK,0,0,0,0,1,0,0,0,0,0,0,0,0,0
877,Engelsma131,2,1,0,0,0,0,0,0,0,1,0,0,0,0
878,Entropieee,4,1,0,0,0,1,0,0,1,1,0,0,0,0
879,EolianB,4,1,1,0,0,0,0,0,1,0,0,1,0,0
880,Erato_zo,4,1,1,0,0,0,0,0,0,1,1,0,0,0
881,Erfsha,2,0,1,0,0,0,0,0,1,0,0,0,0,0
882,EsRezaa25933,2,1,1,0,0,0,0,0,0,0,0,0,0,0
883,EsiCohen,4,1,0,0,0,0,0,0,1,1,0,0,1,0
884,EslamiMuhammed,6,1,0,0,0,1,0,0,1,1,1,0,1,0
885,Esmaeel_Shahidi,5,1,1,0,0,1,0,0,0,1,0,1,0,0
886,EspadanaDGS,11,1,1,0,0,1,1,1,1,1,1,1,1,1
887,EspeSchall2,2,1,1,0,0,0,0,0,0,0,0,0,0,0
888,Espentman,3,1,0,0,0,0,0,0,0,1,0,1,0,0
889,EsperanzaAvante,1,1,0,0,0,0,0,0,0,0,0,0,0,0
890,EssieQuanAlerts,2,0,1,0,0,1,0,0,0,0,0,0,0,0
891,Esson_Frb,1,0,1,0,0,0,0,0,0,0,0,0,0,0
892,EstahMax,1,1,0,0,0,0,0,0,0,0,0,0,0,0
893,EsthersChildren,1,0,1,0,0,0,0,0,0,0,0,0,0,0
894,Eva___army,4,1,0,0,0,1,0,0,0,0,0,0,1,1
895,Eve_FromHeaven,6,1,1,0,0,0,0,1,0,1,1,0,0,1
896,Eve_the_IV,6,1,1,0,0,1,1,0,1,0,1,0,0,0
897,Everton4Life,4,1,0,0,0,1,1,0,0,0,0,0,1,0
898,ExplorerMar,1,1,0,0,0,0,0,0,0,0,0,0,0,0
899,Ey_baa_baa,4,1,1,0,0,0,0,0,0,0,1,0,0,1
900,Eye13Sky,9,1,1,0,0,1,1,1,1,1,1,0,1,0
901,EyesOnIran2026M,6,1,0,0,0,1,1,0,1,0,0,1,1,0
902,EynakRayban,7,1,0,0,0,1,1,0,1,1,1,1,0,0
903,F8077845651900,1,0,1,0,0,0,0,0,0,0,0,0,0,0
904,FARBEHAR2500,6,0,1,0,0,0,1,0,1,1,1,0,1,0
905,FARID48772411,0,0,0,1,0,0,0,0,0,0,0,0,0,0
906,FF65951791,10,1,1,0,0,1,1,1,1,1,0,1,1,1
907,FFb81271,3,0,1,0,0,0,0,0,0,1,1,0,0,0
908,FJavidkia,4,1,0,0,0,0,0,0,1,1,0,1,0,0
909,FR_Ceramicist,4,1,0,0,0,1,0,0,0,0,1,0,1,0
910,FR_RO1,7,1,1,0,0,1,0,0,1,1,0,1,1,0
911,FShokrolla65082,8,1,1,0,0,1,1,0,1,1,1,0,0,1
912,FTfwydy51514,10,1,1,0,0,1,1,1,1,0,1,1,1,1
913,FaLoElyjx,3,1,0,0,0,1,0,0,0,0,0,1,0,0
914,FabFarni0987,5,1,1,0,0,0,0,0,1,0,1,0,1,0
915,FadaeyeV,1,1,0,0,0,0,0,0,0,0,0,0,0,0
916,FaezehMota38695,2,0,1,0,0,0,0,1,0,0,0,0,0,0
917,Faezehwktq,2,1,1,0,0,0,0,0,0,0,0,0,0,0
918,FahimehA61,1,0,1,0,0,0,0,0,0,0,0,0,0,0
919,Faiimnrt,4,1,1,0,0,1,0,0,0,0,0,0,1,0
920,FairyB20,1,1,0,0,0,0,0,0,0,0,0,0,0,0
921,FairyM12,8,1,1,0,0,1,1,0,1,1,0,1,0,1
922,Fairy_1995_,7,1,1,0,0,1,1,0,0,0,1,0,1,1
923,FallahFard75051,2,1,0,0,0,1,0,0,0,0,0,0,0,0
924,,0,0,0,1,0,0,0,0,0,0,0,0,0,0
925,Far_Javid,3,1,1,0,0,1,0,0,0,0,0,0,0,0
926,Fara9877r,1,1,0,0,0,0,0,0,0,0,0,0,0,0
927,Farah2021_,4,1,0,0,0,0,0,0,0,1,0,1,0,1
928,Farah20251111,4,1,1,0,0,0,0,0,0,1,0,1,0,0
929,FarahEftekhar,2,1,0,0,0,0,0,0,0,0,0,0,0,1
930,FarahMadrigal,1,0,1,0,0,0,0,0,0,0,0,0,0,0
931,Farah__iran,1,1,0,0,0,0,0,0,0,0,0,0,0,0
932,Farahjaanam,7,0,1,0,0,0,1,0,1,1,1,1,1,0
933,FarajElmi79741,1,1,0,0,0,0,0,0,0,0,0,0,0,0
934,FaramarzSho,4,0,1,0,0,0,1,0,1,0,0,0,0,1
935,FarangiGoj54698,2,0,1,0,0,0,0,0,0,0,0,0,0,1
936,Faravahar_Iran,2,1,0,0,0,1,0,0,0,0,0,0,0,0
937,FarbodMvg,5,0,1,0,0,1,0,0,0,1,0,1,0,1
938,FardinY94412,6,1,0,0,0,1,1,0,0,0,0,1,1,1
939,Fare313337,8,1,1,0,0,1,0,0,0,1,1,1,1,1
940,FarehIran,8,1,0,0,0,1,1,0,0,1,1,1,1,1
941,FarehIranTV,9,1,0,0,0,1,1,0,1,1,1,1,1,1
942,Farfar021,1,1,0,0,0,0,0,0,0,0,0,0,0,0
943,Farhad182955041,1,1,0,0,0,0,0,0,0,0,0,0,0,0
944,Farhad_Nomad,2,1,1,0,0,0,0,0,0,0,0,0,0,0
945,FariMoonio,1,0,1,0,0,0,0,0,0,0,0,0,0,0
946,Fariba31814955,6,1,1,0,0,1,0,0,0,1,0,1,1,0
947,FaribaGhan11143,2,0,1,0,0,0,0,0,0,1,0,0,0,0
948, ,0,0,0,0,1,0,0,0,0,0,0,0,0,0
949,Faribakhod90180,5,0,1,0,0,0,0,0,0,1,0,1,1,1
950,Farid37773,1,1,0,0,0,0,0,0,0,0,0,0,0,0
951,Farideh84150783,4,0,1,0,0,0,1,1,0,0,0,0,0,1
952,FarimaAsadiazar,4,0,1,1,0,1,0,1,0,1,0,0,0,0
953,Farlouni,1,1,0,0,0,0,0,0,0,0,0,0,0,0
954,Farnaz1340,7,1,1,0,0,0,1,1,0,0,1,1,0,1
955,Farnaz23m,1,0,1,0,0,0,0,0,0,0,0,0,0,0
956,FarnooshMo70659,2,1,0,0,0,0,0,0,0,1,0,0,0,0
957,Farnoshzandi,4,1,0,0,0,0,0,0,0,1,1,0,1,0
958,Farnoush_h_s,3,1,0,0,0,0,0,0,0,0,1,0,0,1
959,FarreKhosravani,2,1,1,0,0,0,0,0,0,0,0,0,0,0
960,FarreKiani,9,1,1,0,0,0,1,0,1,1,1,1,1,1
961,Farreshahi81,8,1,1,0,0,1,0,0,1,1,1,1,1,0
962,FarrokhrooParsa,4,1,0,0,0,0,0,0,1,1,1,0,0,0
963,FarshadIrani5,1,0,1,0,0,0,0,0,0,0,0,0,0,0
964,FarshadTweets,1,1,0,0,0,0,0,0,0,0,0,0,0,0
965,Farshidd2gk,4,0,1,0,0,1,0,0,0,0,0,1,0,1
966,FarsimIran,3,1,0,0,0,0,0,1,1,0,0,0,0,0
967,Faruadazadi,2,1,0,0,0,0,0,0,0,1,0,0,0,0
968,FaryadAzad88778,1,0,1,0,0,0,0,0,0,0,0,0,0,0
969,FaryadeSayeha,4,1,0,0,0,0,1,0,0,1,0,1,0,0
970,Farz35675920405,1,1,0,0,0,0,0,0,0,0,0,0,0,0
971,FarzadSoltaniH,5,0,1,0,0,1,0,0,0,0,0,1,1,1
972,FarzanehAghaei,7,1,1,0,0,1,0,0,1,1,1,1,0,0
973,FarzanehOrak,1,1,0,0,0,0,0,0,0,0,0,0,0,0
974,Fatemeh93468000,2,1,0,0,0,0,0,0,1,0,0,0,0,0
975,Fathomiran,2,1,1,0,0,0,0,0,0,0,0,0,0,0
976,Fatimah532289,1,0,1,0,0,0,0,0,0,0,0,0,0,0
977,Fatimar5632,2,0,1,0,0,0,0,0,0,1,0,0,0,0
978,FattanehV26222,1,1,0,0,0,0,0,0,0,0,0,0,0,0
979,Fbb9gik,1,1,0,0,0,0,0,0,0,0,0,0,0,0
980,Fei_Z_R,4,1,0,0,0,0,0,0,1,0,1,0,0,1
981,FeiliWonderer,3,1,1,0,0,1,0,0,0,0,0,0,0,0
982,Felimoisavi,8,1,1,0,0,1,0,0,1,0,1,1,1,1
983,FellowHuman2022,1,0,1,0,0,0,0,0,0,0,0,0,0,0
984,Fen0ll,7,1,1,0,0,1,0,0,1,1,1,1,0,0
985,Fenchenaz,4,1,0,0,0,1,1,1,0,0,0,0,0,0
986,Fer67181611,2,1,0,0,0,0,0,0,0,1,0,0,0,0
987,FerFerienmtrf,1,0,1,1,0,0,0,0,0,0,0,0,0,0
988,Ferdiiran04,6,1,0,0,0,0,1,0,1,1,1,0,1,0
989,Ferdowsi1,1,1,0,0,0,0,0,0,0,0,0,0,0,0
990,Fereydoon850515,1,0,1,0,0,0,0,0,0,0,0,0,0,0
991,Fereydunabtin,4,1,1,0,0,0,0,0,1,0,0,0,1,0
992,FeriAmoo,8,1,1,0,0,1,1,1,0,1,1,0,1,0
993,FeriaR007,3,0,1,0,0,0,0,0,0,1,0,0,1,0
994,FerialSoudavar,1,0,1,0,0,0,0,0,0,0,0,0,0,0
995,Ferr2m6,7,1,1,0,0,1,0,0,1,1,1,0,1,0
996,Fervid_K,9,1,1,0,0,1,1,0,0,1,1,1,1,1
997,FffShiva,4,1,1,0,0,1,1,0,0,0,0,0,0,0
998,Fifi_Baran,3,1,1,0,0,0,0,0,0,0,0,0,0,1
999,Fight4Truth24,3,1,1,0,0,0,0,0,1,0,0,0,0,0
1000,Fire198766,7,0,1,0,0,1,0,0,1,1,1,1,1,0
1001,FireoftheGod1,8,1,0,0,0,1,1,1,1,1,1,1,0,0
1002,FiroozehBazraf2,2,0,0,0,1,1,0,0,0,0,0,1,0,0
1003,Firouz97102112,1,1,0,0,0,0,0,0,0,0,0,0,0,0
1004,FirozAzad567342,2,1,1,0,0,0,0,0,0,0,0,0,0,0
1005,FlankedJose,3,1,0,0,0,0,0,0,0,0,1,0,1,0
1006,Flllokiii,6,1,1,0,0,0,0,0,0,0,1,1,1,1
1007,Floray916,5,1,1,0,0,0,0,0,1,0,1,0,0,1
1008,FmRochanak97884,5,0,1,0,0,0,0,0,0,1,0,1,1,1
1009,Focus0001s,3,1,0,0,0,1,0,0,0,1,0,0,0,0
1010,ForLHIranians,1,1,0,0,0,0,0,0,0,0,0,0,0,0
1011,ForadiMohammad,5,1,1,0,0,0,0,0,0,1,1,0,0,1
1012,Forgott2539,11,1,1,0,0,1,1,1,1,1,1,1,1,1
1013,ForoozForoutan,3,0,1,0,1,1,0,0,0,0,0,0,0,1
1014,ForouzanIraniii,6,1,0,0,0,0,1,0,0,1,1,1,1,0
1015,Forouzandy,4,1,1,0,0,1,0,0,0,0,1,0,0,0
1016,Fr33Iran26,1,1,0,0,0,0,0,0,0,0,0,0,0,0
1017,Fr33domSeek3r,3,1,1,0,0,1,0,0,0,0,0,0,0,0
1018,Fraction_Whole,8,1,1,0,0,1,1,1,0,1,0,0,1,1
1019,Frank7087905060,1,1,0,0,0,0,0,0,0,0,0,0,0,0
1020,Frankfar78,2,1,0,0,0,0,0,0,0,1,0,0,0,0
1021,Fras61763180,2,1,1,0,0,0,0,0,0,0,0,0,0,0
1022,Fred65965416549,7,1,1,0,0,0,0,1,1,1,1,0,1,0
1023,FredJoua,3,1,0,0,0,0,0,0,0,0,1,1,0,0
1024,FredOmi9,1,1,0,0,0,0,0,0,0,0,0,0,0,0
1025,FreeIRAN_1979,3,1,1,0,0,1,0,0,0,0,0,0,0,0
1026,FreeIran158308,1,0,1,0,0,0,0,0,0,0,0,0,0,0
1027,FreeIran2583,2,1,1,0,0,0,0,0,0,0,0,0,0,0
1028,FreeIran8977,0,0,0,0,1,0,0,0,0,0,0,0,0,0
1029,FreeIran_ForUs,2,1,0,0,0,0,1,0,0,0,0,0,0,0
1030,FreeIran__MIGA,5,1,0,0,0,1,1,0,0,1,1,0,0,0
1031,FreeIranmfers,2,1,0,0,0,0,0,0,1,0,0,0,0,0
1032,FreeThinkCritic,3,1,1,0,0,1,0,0,0,0,0,0,0,0
1033,Free_IRAN_W,1,1,0,0,0,0,0,0,0,0,0,0,0,0
1034,Free_Iran2025,3,0,1,0,0,1,1,0,0,0,0,0,0,0
1035,Free_Iran_Shah,1,1,0,0,0,0,0,0,0,0,0,0,0,0
1036,Free_iran_1484,1,1,0,0,0,0,0,0,0,0,0,0,0,0
1037,Freedom01574840,1,1,0,0,0,0,0,0,0,0,0,0,0,0
1038,Freedom17Iran,4,0,1,0,0,1,0,0,0,1,0,1,0,0
1039,Freedom202219,8,1,1,0,0,1,1,0,1,1,1,0,1,0
1040,Freedom_ALL_,2,1,1,0,0,0,0,0,0,0,0,0,0,0
1041,Freedom_Iran_6,2,1,1,0,0,0,0,0,0,0,0,0,0,0
1042,Freedom_SIM01,8,1,1,0,0,1,0,1,1,1,0,1,0,1
1043,Freedom_of_IR,7,1,0,0,0,1,0,0,1,1,1,1,1,0
1044,Freedomseeker_i,9,1,1,0,0,1,0,0,1,1,1,1,1,1
1045,Freedomyvp,1,1,0,0,0,0,0,0,0,0,0,0,0,0
1046,Freeshady17771,4,1,1,0,0,1,0,0,0,0,0,1,0,0
1047,FriendOfTheInst,7,1,0,0,0,1,1,1,1,0,1,0,1,0
1048,FromIrannn,4,1,1,0,0,0,0,0,1,1,0,0,0,0
1049,Frozan131,2,1,0,0,0,0,0,0,0,1,0,0,0,0
1050,Frozanaf,1,0,1,0,0,0,0,0,0,0,0,0,0,0
1051,FullOfAntibody,2,1,0,0,0,0,0,0,0,0,1,0,0,0
1052,Furughmmehdi,1,0,1,0,0,0,0,0,0,0,0,0,0,0
1053,Future0o012,8,1,1,0,0,1,1,0,1,0,0,1,1,1
1054,Future1174778,1,1,0,0,0,0,0,0,0,0,0,0,0,0
1055,GAmirataee,7,1,1,0,0,1,1,1,0,1,0,0,0,1
1056,GILDA39076914,9,1,1,0,0,1,0,0,1,1,1,1,1,1
1057,GKhosrowdad,5,1,0,0,0,1,0,0,0,1,0,1,0,1
1058,GKhwabalw,1,1,0,0,0,0,0,0,0,0,0,0,0,0
1059,GODSEYE3374471,3,0,1,0,0,0,0,0,1,0,1,0,0,0
1060,GREAT_IRAN_2585,6,1,0,0,0,1,1,1,0,1,0,0,1,0
1061,GTrupy,10,1,1,0,0,1,0,1,1,1,1,1,1,1
1062,G___S___F,5,1,1,0,0,1,0,0,0,1,0,0,0,1
1063,Galadriell95,1,0,1,0,0,0,0,0,0,0,0,0,0,0
1064,Galiver80,1,1,0,0,0,0,0,0,0,0,0,0,0,0
1065,Gandometanha,6,1,1,0,0,1,0,0,0,1,0,1,0,1
1066,GardJavidan2025,8,1,1,0,0,1,1,1,1,1,1,0,0,0
1067,GardShahi,8,1,1,0,0,1,1,0,0,1,1,1,1,0
1068,Garsabt,1,1,0,0,0,0,0,0,0,0,0,0,0,0
1069,GaryLT279588,1,1,0,0,0,0,0,0,0,0,0,0,0,0
1070,GasaleKo,1,1,0,0,0,0,0,0,0,0,0,0,0,0
1071,Gashtasb4,1,1,0,0,0,0,0,0,0,0,0,0,0,0
1072,Gdanskian_,2,1,0,0,0,0,0,0,0,0,0,0,1,0
1073,GedaSeyed,3,0,1,0,0,0,0,0,0,1,0,1,0,0
1074,Geoffroy_LawyIa,3,1,0,0,0,0,0,0,1,1,0,0,0,0
1075,GhAb250gh,6,1,1,0,0,1,0,0,0,0,1,1,0,1
1076,Ghahramani87207,4,0,1,0,0,1,1,0,0,0,1,0,0,0
1077,GhalamGhadam,4,1,1,0,0,0,1,0,0,1,0,0,0,0
1078,Ghalandar484,1,0,1,0,0,0,0,0,0,0,0,0,0,0
1079,Ghazal392112,3,0,1,0,0,1,1,0,0,0,0,0,0,0
1080,Ghjkl13591359,2,1,1,0,0,0,0,0,0,0,0,0,0,0
1081,Gholi17984127,2,1,0,0,0,1,0,0,0,0,0,0,0,0
1082,Gidgetshab,5,1,0,0,0,0,0,1,0,1,1,0,1,0
1083,GillyGilan,1,0,1,0,0,0,0,0,0,0,0,0,0,0
1084,Girl_of_persiaa,4,1,0,0,0,1,0,0,0,0,1,0,1,0
1085,GisoKhanum,1,0,1,0,0,0,0,0,0,0,0,0,0,0
1086,GisooSgh,6,1,0,0,0,1,0,0,1,1,0,1,1,0
1087,Gisounca,4,1,0,0,0,1,0,0,1,0,0,1,0,0
1088,Giti544,10,1,1,0,0,1,1,1,1,1,1,1,1,0
1089,Gity08802319,2,1,0,0,1,0,0,0,0,1,0,0,0,0
1090,Gizellpro,2,1,0,0,0,1,0,0,0,0,0,0,0,0
1091,Gloria_Gioiia,5,1,0,0,0,1,0,0,1,0,1,0,1,0
1092,Goddessdarkside,1,0,0,1,0,1,0,0,0,0,0,0,0,0
1093,Godlyman111,2,0,1,0,0,0,1,0,0,0,0,0,0,0
1094,Goghnous,2,1,0,0,0,0,0,0,0,1,0,0,0,0
1095,GolchehrehGol,1,0,1,0,0,0,0,0,0,0,0,0,0,0
1096,GoldenEaglx4tr,2,1,0,0,0,0,0,0,1,0,0,0,0,0
1097,GoldennSimurgh,3,1,0,0,0,0,0,0,1,0,1,0,0,0
1098,Goldoony,1,0,1,0,0,0,0,0,0,0,0,0,0,0
1099,GolehKhand99975,10,1,1,0,0,1,1,1,0,1,1,1,1,1
1100,Golestan1995,10,1,1,0,0,1,1,0,1,1,1,1,1,1
1101,Goli428697322,1,0,1,0,0,0,0,0,0,0,0,0,0,0
1102,Golig56,1,0,1,0,0,0,0,0,0,0,0,0,0,0
1103,Golpar_Monarchy,1,1,0,0,0,0,0,0,0,0,0,0,0,0
1104,Gooordafarid,1,0,1,0,0,0,0,0,0,0,0,0,0,0
1105,GoorBaww,5,1,1,0,0,0,0,0,0,1,0,1,0,1
1106,Gordafarid85,2,1,0,0,0,0,0,0,0,0,0,0,0,1
1107,GordafaridKaveh,4,0,1,0,0,1,0,1,1,0,0,0,0,0
1108,GordafaridWord,5,1,1,0,0,0,1,0,1,0,0,1,0,0
1109,GorjiMitra,3,1,1,0,0,1,0,0,0,0,0,0,0,0
1110,GoushMAH_i,1,1,0,0,0,0,0,0,0,0,0,0,0,0
1111,GraphicHavir,2,0,1,0,0,0,0,0,0,0,0,0,0,1
1112,GreatCyrusSeek,2,1,0,0,0,0,0,0,0,0,0,0,1,0
1113,GreatIran3,5,1,0,0,0,1,1,0,0,1,1,0,0,0
1114,Grizzly820a,8,1,1,0,0,1,0,0,1,1,1,0,1,1
1115,GuardeJavidan77,2,1,1,0,0,0,0,0,0,0,0,0,0,0
1116,GuardianJavid,4,0,1,0,0,1,1,0,1,0,0,0,0,0
1117,HAMIDREZA_79sep,1,1,0,0,0,0,0,0,0,0,0,0,0,0
1118,HDjazeb,1,1,0,0,0,0,0,0,0,0,0,0,0,0
1119,HF99345727,5,1,0,0,0,0,0,0,1,1,1,1,0,0
1120,HHeLLFireeeeee,2,1,0,0,0,0,0,0,0,0,1,0,0,0
1121,HOMAYOONMUSIC,1,0,1,0,0,0,0,0,0,0,0,0,0,0
1122,HRJ_Azari,9,1,1,0,0,1,1,0,1,1,1,1,1,0
1123,HRajaieh,2,1,0,0,0,0,0,0,0,1,0,0,0,0
1124,HSATP_IR,1,1,0,0,0,0,0,0,0,0,0,0,0,0
1125,HSaadat00,6,1,1,0,0,1,0,0,1,0,1,1,0,0
1126,HSepinud,8,1,0,0,0,0,0,1,1,1,1,1,1,1
1127,HTaj60,1,1,0,0,0,0,0,0,0,0,0,0,0,0
1128,H_Faravahar,5,0,1,0,0,1,1,0,0,0,1,0,1,0
1129,H_M8savi,4,0,1,0,0,0,0,1,1,0,1,0,0,0
1130,H_Varjavand,1,1,0,0,0,0,0,0,0,0,0,0,0,0
1131,HaFa87,3,1,0,0,0,0,1,0,0,1,0,0,0,0
1132,Ha_di_i,7,1,1,0,0,1,0,0,1,0,1,1,1,0
1133,Habeh2023,9,1,1,0,0,1,1,1,1,1,0,0,1,1
1134,HadadiSaie74402,1,1,0,0,0,0,0,0,0,0,0,0,0,0
1135,HaddadvandReza,3,0,1,0,0,0,0,0,0,1,0,0,0,1
1136,Hadi60638998,6,1,1,0,0,1,1,1,0,0,0,1,0,0
1137,Hadi_Mhd84,1,1,0,0,0,0,0,0,0,0,0,0,0,0
1138,Hadihasanzadeh4,0,0,0,1,0,0,0,0,0,0,0,0,0,0
1139,Hadisheaven,1,1,0,0,0,0,0,0,0,0,0,0,0,0
1140,Hair_Mites,4,1,0,0,0,0,0,0,0,1,0,1,0,1
1141,Hajarhatami,10,1,1,0,0,1,1,0,1,1,1,1,1,1
1142,HalehChats,2,0,0,0,1,1,0,0,0,0,0,0,1,0
1143,Haleh_Panzer,7,1,0,0,0,1,1,0,1,1,1,0,0,1
1144,Haleluja23,0,0,0,0,1,0,0,0,0,0,0,0,0,0
1145,HamRahIran,2,1,1,0,0,0,0,0,0,0,0,0,0,0
1146,Hamed012345678,2,0,1,0,0,0,0,0,0,1,0,0,0,0
1147,Hamed9819,6,1,1,0,0,0,0,0,1,1,1,0,0,1
1148,HamedShB1986,3,0,1,0,0,1,0,0,0,0,1,0,0,0
1149,Hamed_B_R,4,1,0,0,0,0,0,0,0,1,1,1,0,0
1150,Hamed_Es79,2,1,0,0,0,0,0,0,1,0,0,0,0,0
1151,Hamed_Tehrani,2,0,1,0,0,0,0,0,0,1,0,0,0,0
1152,Hameeeeeeeed93,7,1,1,0,0,1,1,0,1,1,0,1,0,0
1153,Hami15910,1,1,0,0,0,0,0,0,0,0,0,0,0,0
1154,Hamid91Iran,9,1,1,0,0,1,0,0,1,1,1,1,1,1
1155,Hamid99565026,1,1,0,0,0,0,0,0,0,0,0,0,0,0
1156,HamidGholami76,3,0,1,0,0,0,0,0,1,0,1,0,0,0
1157,HamidKenobi,3,0,1,0,0,0,0,0,0,1,0,1,0,0
1158,HamidRiahi,6,1,1,0,0,1,1,0,0,0,0,1,1,0
1159,HamidSayad10,1,0,1,0,0,0,0,0,0,0,0,0,0,0
1160,HamidYousefi87,7,1,0,0,0,1,1,0,1,1,0,1,1,0
1161,Hamid_Iranshahi,9,1,1,0,0,1,1,1,1,1,1,1,0,0
1162,Hamidkarage,1,1,0,0,0,0,0,0,0,0,0,0,0,0
1163,HamidrezaMatiny,5,0,1,0,0,0,1,0,0,0,1,0,1,1
1164,Hamiitaa,1,0,1,0,0,0,0,0,0,0,0,0,0,0
1165,HamilaSeraj,8,1,1,0,0,0,1,0,1,1,1,1,1,0
1166,Hamrahsho2,10,1,0,0,0,1,1,1,1,1,1,1,1,1
1167,Hamtag_71,1,0,1,0,0,0,0,0,0,0,0,0,0,0
1168,HanBas1404,1,0,1,0,0,0,0,0,0,0,0,0,0,0
1169,HanaMirjp,1,1,0,0,0,0,0,0,0,0,0,0,0,0
1170,Hani98zm,4,1,0,0,0,1,1,0,0,1,0,0,0,0
1171,HaniRezaei6,4,1,1,0,0,1,0,0,0,0,0,0,0,1
1172,Hanna54601415,11,1,1,0,0,1,1,1,1,1,1,1,1,1
1173,Harnixaria,2,0,1,0,0,1,0,0,0,0,0,0,0,0
1174,Hash2O_drop,2,0,1,0,0,0,0,0,0,1,0,0,0,0
1175,Hashimoto616,6,1,1,0,0,1,0,0,0,1,0,1,0,1
1176,Hashshaashin,2,1,0,0,0,0,1,0,0,0,0,0,0,0
1177,HassanTaba88034,1,0,1,0,0,0,0,0,0,0,0,0,0,0
1178,HassanpourHima,3,1,0,0,0,1,0,0,0,1,0,0,0,0
1179,Hasti665P,4,1,1,0,0,0,0,0,0,1,0,1,0,0
1180,HastiGh4,10,1,1,0,0,1,1,0,1,1,1,1,1,1
1181,Hawk_eye111,4,1,1,0,0,1,1,0,0,0,0,0,0,0
1182,HayiGata,2,1,0,0,0,0,0,0,1,0,0,0,0,0
1183,Hazelhexis,1,0,1,0,0,0,0,0,0,0,0,0,0,0
1184,HbarTower,6,1,0,0,0,1,1,0,1,0,1,0,1,0
1185,He1yaa,1,1,0,0,0,0,0,0,0,0,0,0,0,0
1186,HearOurKids,3,1,0,0,0,0,0,0,0,1,0,0,1,0
1187,HeartShapeX,4,1,0,0,0,0,0,0,0,1,0,1,0,1
1188,Heath____Ledger,1,0,1,0,0,0,0,0,0,0,0,0,0,0
1189,Heatless_Bahar,1,1,0,0,0,0,0,0,0,0,0,0,0,0
1190,Hector__Abraham,6,1,1,0,0,1,1,1,0,0,0,0,1,0
1191,Hedvigwithv,8,1,0,0,0,0,1,1,1,1,1,1,0,1
1192,HegeI_javan,7,1,1,0,0,0,1,0,1,1,1,0,0,1
1193,Heid1Grace,2,1,0,0,0,0,0,0,0,0,0,0,0,1
1194,HeirOfCyrus,4,1,1,0,0,0,0,0,0,0,0,1,1,0
1195,HeirOfIran,2,1,0,0,0,0,0,0,0,1,0,0,0,0
1196,HelenYousebpxw,10,1,0,0,0,1,1,1,1,1,1,1,1,1
1197,Helera_m,3,1,0,0,0,0,0,0,1,1,0,0,0,0
1198,HeliVsArt,1,1,0,0,0,0,0,0,0,0,0,0,0,0
1199,HelloSamIamM,1,1,0,0,0,0,0,0,0,0,0,0,0,0
1200,HemaseAzadi,5,1,1,0,0,1,0,0,1,0,0,1,0,0
1201,HematiSohail,1,1,0,0,0,0,0,0,0,0,0,0,0,0
1202,HeptoKooper,1,1,0,0,0,0,0,0,0,0,0,0,0,0
1203,Heraclius5,1,0,1,0,0,0,0,0,0,0,0,0,0,0
1204,Hermes272215,10,1,1,0,0,1,1,0,1,1,1,1,1,1
1205,HerrHeisenberg0,1,1,0,0,0,0,0,0,0,0,0,0,0,0
1206,Herr_Freemann,5,0,1,0,0,1,1,0,0,0,1,1,0,0
1207,Hesam90Shad,3,1,0,0,0,0,0,0,0,0,1,0,1,0
1208,HesamDuBararieh,2,1,0,0,0,1,0,0,0,0,0,0,0,0
1209,HessamVossoughi,3,1,0,0,0,0,0,0,0,1,0,0,1,0
1210,Heyroonebozorg,5,1,1,0,0,0,0,1,1,1,0,0,0,0
1211,Higgsonthebeach,2,1,1,0,0,0,0,0,0,0,0,0,0,0
1212,Hihihi866415951,1,1,0,0,0,0,0,0,0,0,0,0,0,0
1213,Hilda09786297,5,1,1,0,0,1,1,0,0,0,0,0,0,1
1214,Himalayanclaw,1,1,0,0,0,0,0,0,0,0,0,0,0,0
1215,Hinaaahhh,1,1,0,0,0,0,0,0,0,0,0,0,0,0
1216,Hirbodbodi1,6,1,1,0,0,0,1,0,0,1,1,1,0,0
1217,Hiva59033793,1,0,1,0,0,0,0,0,0,0,0,0,0,0
1218,Hiwadar_Azadi,5,1,0,0,0,1,0,1,0,1,1,0,0,0
1219,Hix58399756,6,0,1,0,0,1,1,0,1,1,0,0,1,0
1220,HizhaPixel,1,0,1,0,0,0,0,0,0,0,0,0,0,0
1221,HmdOrod,10,1,1,0,0,1,1,0,1,1,1,1,1,1
1222,HmganBy13479,2,1,1,0,0,0,0,0,0,0,0,0,0,0
1223,HmindHworld,3,0,1,0,0,0,1,1,0,0,0,0,0,0
1224,HodaAbd31365,2,0,1,0,0,0,0,0,0,1,0,0,0,0
1225,Hodahst,1,1,0,0,0,0,0,0,0,0,0,0,0,0
1226,Hodarlc,1,0,1,0,0,0,0,0,0,0,0,0,0,0
1227,Homa06470687,4,0,1,0,0,1,0,0,0,0,1,0,1,0
1228,Homa2585,1,1,0,0,0,0,0,0,0,0,0,0,0,0
1229,HomaSpirit,3,1,0,0,0,1,1,0,0,0,0,0,0,0
1230,HomanYousefi2,10,1,1,0,0,1,1,0,1,1,1,1,1,1
1231,Homay_e_Seadat,1,0,1,0,0,0,0,0,0,0,0,0,0,0
1232,HomayeSaAdat404,1,0,1,0,0,0,0,0,0,0,0,0,0,0
1233,Homme2Sombre,1,1,0,0,0,0,0,0,0,0,0,0,0,0
1234,HonaH47881103,6,1,0,0,0,1,0,0,1,1,1,0,0,1
1235,Honeeey_BOO,11,1,1,0,0,1,1,1,1,1,1,1,1,1
1236,Honeymusta5401,3,1,0,0,0,1,0,0,0,1,0,0,0,0
1237,Hooloo09685461,7,1,1,0,0,1,0,1,1,1,0,0,1,0
1238,Hoomansimba,6,1,1,0,0,0,1,1,0,0,1,0,1,0
1239,Hoorieh81,5,0,1,0,0,1,0,1,0,0,0,0,1,1
1240,Hope4FreeIran26,7,1,0,0,0,1,0,0,1,1,0,1,1,1
1241,HopeIranian,10,1,1,0,0,1,1,1,1,1,1,1,1,0
1242,HopeNeighbrhood,3,1,0,0,1,0,0,0,1,1,0,0,0,0
1243,Hopeua2n,3,1,0,0,0,0,0,0,0,1,0,1,0,0
1244,Hormoz2,10,1,1,0,0,1,1,0,1,1,1,1,1,1
1245,HosseiniRouzbeh,11,1,1,0,0,1,1,1,1,1,1,1,1,1
1246,Housefly558520,2,0,1,0,0,0,0,0,0,1,0,0,0,0
1247,HpoorAras,2,1,0,0,0,1,0,0,0,0,0,0,0,0
1248,Human7777777779,4,1,0,0,0,0,0,0,1,1,0,1,0,0
1249,Hxdis_Iran,2,1,0,0,0,0,0,0,0,0,0,0,1,0
1250,IARIOU,7,1,0,0,0,1,1,0,1,1,1,1,0,0
1251,IAmNoCapA,9,1,1,0,0,1,1,0,0,1,1,1,1,1
1252,ICT_pixel,7,1,1,0,0,1,1,0,1,0,1,0,1,0
1253,IIAragornII,6,1,0,0,0,0,0,0,1,1,1,0,1,1
1254,IIIZ3X,1,0,1,0,0,0,0,0,0,0,0,0,0,0
1255,IMP2584,4,0,1,0,0,0,1,0,0,0,0,1,1,0
1256,IMbeatreas,6,1,1,0,0,1,0,0,1,0,0,1,1,0
1257,IPK_Party,2,1,0,0,0,1,0,0,0,0,0,0,0,0
1258,IPahlavi28609,5,0,1,0,0,0,0,0,1,0,0,1,1,1
1259,IRAN_FREE1402,1,1,0,0,0,0,0,0,0,0,0,0,0,0
1260,IRAN_lover67,6,1,1,0,0,1,1,0,1,0,0,0,1,0
1261,IRANsarbaz2000,4,1,0,0,0,0,1,0,1,0,1,0,0,0
1262,IRJavidShah,8,1,1,0,0,1,0,0,1,1,1,1,0,1
1263,IRostami7,3,1,0,0,0,0,0,0,0,1,1,0,0,0
1264,Id_Strong,8,1,0,0,0,1,1,0,1,1,0,1,1,1
1265,IdinZivari,11,1,1,0,0,1,1,1,1,1,1,1,1,1
1266,IdleTimeLine,4,1,0,0,0,0,0,0,0,1,0,0,1,1
1267,ImaShar79,4,1,1,0,0,1,0,0,0,1,0,0,0,0
1268,Iman06440496948,4,0,1,0,0,0,1,0,0,1,0,0,0,1
1269,Iman_0098,6,1,0,0,0,0,1,0,1,0,1,1,1,0
1270,Imanvaez1,4,1,0,0,0,1,0,0,1,1,0,0,0,0
1271,Immortal_touch,5,1,1,0,0,0,0,0,1,0,1,1,0,0
1272,Immortalless,2,1,0,0,0,1,0,0,0,0,0,0,0,0
1273,ImperialStIran,5,1,0,0,0,1,0,0,0,1,0,0,1,1
1274,InTheFog57,3,1,0,0,0,0,0,0,0,0,1,1,0,0
1275,InnerFalcon,3,1,0,0,0,1,0,0,1,0,0,0,0,0
1276,Inookijisab,4,1,0,0,0,1,0,1,0,1,0,0,0,0
1277,InsdataInter,2,1,1,0,0,0,0,0,0,0,0,0,0,0
1278,InsideIran_24,2,1,1,0,0,0,0,0,0,0,0,0,0,0
1279,IntuitiveJuri,3,1,0,0,0,1,0,0,0,1,0,0,0,0
1280,Investilious,6,1,0,0,0,1,0,0,1,0,1,1,1,0
1281,IrAmFREEDOM,6,1,1,0,0,1,0,0,0,1,0,1,1,0
1282,IrVictory,3,1,1,0,0,0,0,0,0,0,0,0,0,1
1283,IraAtosa,3,0,1,0,0,0,0,1,0,0,0,0,0,1
1284,IrajLohrasbi,1,1,0,0,0,0,0,0,0,0,0,0,0,0
1285,Iran1757237,4,0,1,0,0,1,0,0,0,1,1,0,0,0
1286,Iran23WLF,1,1,0,0,0,0,0,0,0,0,0,0,0,0
1287,Iran2584king,3,1,1,0,0,0,0,1,0,0,0,0,0,0
1288,Iran2802,2,1,0,0,0,0,0,0,0,0,0,0,0,1
1289,Iran58807194,11,1,1,0,0,1,1,1,1,1,1,1,1,1
1290,IranAryayee,4,1,1,0,0,0,0,0,1,0,0,1,0,0
1291,IranBan45405993,2,1,1,0,0,0,0,0,0,0,0,0,0,0
1292,IranBemani,3,1,1,0,0,1,0,0,0,0,0,0,0,0
1293,IranCaspianSea,8,1,1,0,0,1,1,0,1,1,0,0,1,1
1294,IranDove,5,1,0,0,0,0,0,0,1,1,0,1,1,0
1295,IranEnlightnmnt,5,1,0,0,0,1,1,0,1,0,0,0,0,1
1296,IranFree694668,4,1,1,0,0,1,0,0,0,0,0,0,0,1
1297,IranGuardian,1,1,0,0,0,0,0,0,0,0,0,0,0,0
1298,IranIran2500,8,1,1,0,0,0,1,1,1,0,1,0,1,1
1299,IranIranabadi26,5,0,1,0,0,1,0,0,0,1,0,1,1,0
1300,IranIrani2262,2,1,0,0,0,0,0,0,0,1,0,0,0,0
1301,IranJaneMa,1,1,0,0,0,0,0,0,0,0,0,0,0,0
1302,IranMan69946,2,1,0,0,0,0,0,0,0,1,0,0,0,0
1303,IranNewsAgency0,7,1,0,0,0,0,0,0,1,1,1,1,1,1
1304,IranPahlaviMIGA,2,0,1,0,0,0,0,0,0,1,0,0,0,0
1305,IranPatriott22,5,1,1,0,0,0,0,0,1,1,0,1,0,0
1306,IranPlateau1,10,1,1,1,0,1,1,1,1,1,1,1,1,0
1307,IranRev99914122,3,0,1,0,0,1,0,0,0,0,0,0,0,1
1308,IranRise739,5,1,1,0,0,1,0,0,0,1,1,0,0,0
1309,IranSarfar26352,10,1,1,0,0,1,1,1,1,1,1,1,1,0
1310,IranShah2571,3,1,0,0,0,0,1,0,0,1,0,0,0,0
1311,IranShah2580,4,0,1,0,0,0,0,1,1,1,0,0,0,0
1312,IranShahaOrg,3,1,0,0,0,1,0,0,1,0,0,0,0,0
1313,IranShahiiiii,7,1,0,0,0,1,0,0,1,1,0,1,1,1
1314,IranSoldier2500,7,1,1,0,0,1,0,0,1,0,0,1,1,1
1315,IranToBemaan,3,0,1,0,0,1,0,0,0,0,0,0,0,1
1316,IranUSAIsrael,3,1,0,0,0,0,0,0,0,1,0,0,0,1
1317,IranWonk,1,1,0,0,0,0,0,0,0,0,0,0,0,0
1318,IranZaminng,5,1,0,0,0,1,0,0,0,1,0,1,1,0
1319,IranZeroHour,4,1,1,0,0,0,0,0,0,0,0,0,1,1
1320,Iran_Azad26,1,1,0,0,0,0,0,0,0,0,0,0,0,0
1321,Iran_Massacre,5,1,0,0,0,1,0,0,0,1,0,1,0,1
1322,Iran_Royal_,5,1,1,0,0,0,0,0,1,1,0,0,1,0
1323,Iran_Savadkouh,7,1,1,0,0,1,0,0,1,0,1,1,0,1
1324,Iran_banoo_fri,0,0,0,1,1,0,0,0,0,0,0,0,0,0
1325,Iran_boy1369,8,1,1,0,0,0,0,1,1,1,1,1,1,0
1326,Iran_eran,2,1,1,0,0,0,0,0,0,0,0,0,0,0
1327,Iranandiranian,6,1,1,0,0,0,0,0,1,1,0,0,1,1
1328,Iranarx,3,1,0,0,0,0,0,0,0,0,1,0,1,0
1329,Iranazadamman,11,1,1,0,0,1,1,1,1,1,1,1,1,1
1330,Iranbaan2500,2,0,1,0,0,0,0,0,0,1,0,0,0,0
1331,Iranban84430441,3,1,1,0,0,0,0,0,1,0,0,0,0,0
1332,Iranbanoo2024,1,1,0,0,0,0,0,0,0,0,0,0,0,0
1333,Iranbanooou,1,0,1,0,0,0,0,0,0,0,0,0,0,0
1334,Iranbanou132723,4,1,0,0,0,1,0,0,0,1,0,0,1,0
1335,Irandarnoor,1,1,0,0,0,0,0,0,0,0,0,0,0,0
1336,Iranderafsh,1,1,0,0,0,0,0,0,0,0,0,0,0,0
1337,Irandokht25839,2,1,0,0,0,0,0,0,0,0,0,0,0,1
1338,Iraneh6,4,0,1,0,0,1,0,0,1,0,0,0,0,1
1339,Irani0987,10,1,1,0,0,1,1,1,1,0,1,1,1,1
1340,Irani5431,6,1,0,0,0,1,0,0,0,1,0,1,1,1
1341,IraniMamoka,2,0,1,0,0,0,0,0,0,0,0,0,1,0
1342,IraniPatri78792,7,1,1,0,0,1,1,0,1,0,1,1,0,0
1343,IraniShah3,3,1,0,0,1,1,0,0,1,0,0,0,0,0
1344,Irani_Proud,2,0,1,0,0,1,0,0,0,0,0,0,0,0
1345,Irani_vibes2585,1,1,0,0,0,0,0,0,0,0,0,0,0,0
1346,Iranian2536,9,1,1,0,0,0,1,0,1,1,1,1,1,1
1347,IranianDream26,5,1,0,0,0,0,1,0,1,0,1,1,0,0
1348,IranianGirl1988,5,1,1,0,0,0,1,0,0,0,1,0,0,1
1349,IranianSia19479,5,1,1,0,0,1,0,0,0,1,1,0,0,0
1350,IranianSon33,1,0,1,0,0,0,0,0,0,0,0,0,0,0
1351,IranianViking_,7,1,0,0,0,1,0,0,1,1,1,0,1,1
1352,Iraniandutchie,5,1,1,0,0,1,1,0,0,0,0,0,1,0
1353,IraniaustriaA,1,0,1,0,0,0,0,0,0,0,0,0,0,0
1354,Iranking26,6,1,0,0,0,1,0,0,0,0,1,1,1,1
1355,Iranlandoflionz,1,1,0,0,0,0,0,0,0,0,0,0,0,0
1356,Iranmasi,1,1,0,0,0,0,0,0,0,0,0,0,0,0
1357,Iranmehr_Ali,9,1,1,0,0,1,1,0,1,1,1,1,0,1
1358,IranmonarchMB,5,1,0,0,0,0,0,0,1,1,1,1,0,0
1359,Iranmyland9,4,1,0,0,0,0,0,0,1,0,1,0,1,0
1360,Irannnnnnnam,0,0,0,1,0,0,0,0,0,0,0,0,0,0
1361,Irano_1984,10,1,1,0,0,1,0,1,1,1,1,1,1,1
1362,IranpanahS37322,3,1,0,0,0,0,0,0,0,1,0,1,0,0
1363,Iranrealdeal,1,0,1,0,0,0,0,0,0,0,0,0,0,0
1364,Iransforall,5,1,0,0,0,1,0,0,0,0,0,1,1,1
1365,Iranshining,2,1,1,0,0,0,0,0,0,0,0,0,0,0
1366,Iranv5,6,1,1,0,0,1,0,0,1,0,0,0,1,1
1367,Iranyih6,3,1,1,0,0,0,0,0,0,1,0,0,0,0
1368,Irez85,7,1,0,0,0,1,1,1,1,1,0,0,1,0
1369,Iris08828396329,1,1,0,0,0,0,0,0,0,0,0,0,0,0
1370,IsaacKarymon,7,1,1,0,0,1,1,0,0,1,0,0,1,1
1371,Islamophobe8,1,1,0,0,0,0,0,0,0,0,0,0,0,0
1372,Ismaeel1255,1,1,0,0,0,0,0,0,0,0,0,0,0,0
1373,ItSi3RGiOMY4uLA,2,1,0,0,0,0,0,0,0,0,1,0,0,0
1374,ItsRouzbeh,2,1,0,0,0,0,1,0,0,0,0,0,0,0
1375,ItsSilentNova,4,1,1,0,0,0,0,0,0,1,1,0,0,0
1376,Iwillact89,1,1,0,0,0,0,0,0,0,0,0,0,0,0
1377,Izadbanoo1,7,1,1,0,0,1,1,0,1,1,0,0,0,1
1378,IzehIran,3,1,0,0,0,0,0,0,0,0,1,1,0,0
1379,JAbdolvanet,6,1,0,0,0,1,0,0,0,1,1,0,1,1
1380,JBani36361,3,1,1,0,0,1,0,0,0,0,0,0,0,0
1381,JESSIKAwssxm,1,0,1,0,0,0,0,0,0,0,0,0,0,0
1382,JIAFEIDAIDAI,6,1,0,0,0,1,0,0,1,1,1,1,0,0
1383,JKharazmi53629,3,1,0,0,0,0,0,0,1,1,0,0,0,0
1384,JLawema,1,1,0,0,0,0,0,0,0,0,0,0,0,0
1385,JOLIArozi,3,0,1,0,0,1,0,0,0,0,0,0,0,1
1386,J_Flenel,6,0,1,0,0,1,0,0,1,0,0,1,1,1
1387,J_L__Seagull,3,1,0,0,0,1,0,0,0,0,1,0,0,0
1388,Jacobbeyan,4,0,1,0,0,1,1,0,0,0,0,0,0,1
1389,JafariSoma57409,2,0,1,0,0,1,0,0,0,0,0,0,0,0
1390,JahanMirza43397,3,1,0,0,0,0,0,0,0,0,1,0,1,0
1391,JahangiriAzar,4,1,0,0,0,1,0,0,0,1,0,0,0,1
1392,Jairan_Jahani,3,1,1,0,0,1,0,0,0,0,0,0,0,0
1393,JamesDeanUFO,4,1,0,0,0,0,0,0,1,1,0,0,0,1
1394,JamesFord334193,1,1,0,0,0,0,0,0,0,0,0,0,0,0
1395,JamiNarges,1,1,0,0,0,0,0,0,0,0,0,0,0,0
1396,Jammas491183951,1,1,0,0,0,0,0,0,0,0,0,0,0,0
1397,Jamshid43970810,1,0,1,0,0,0,0,0,0,0,0,0,0,0
1398,JamshidShahtabr,8,1,1,0,0,0,1,0,1,0,1,1,1,1
1399,JamshidiBehdad,4,0,1,0,0,0,0,0,1,0,0,1,0,1
1400,Jandarkkkkkkkkk,3,1,0,0,0,0,0,0,0,1,0,0,0,1
1401,Janniswhaze,4,0,1,0,0,1,1,0,0,1,0,0,0,0
1402,Jas75492010,3,1,0,0,0,0,0,0,1,1,0,0,0,0
1403,JasminN102013,1,1,0,0,0,0,0,0,0,0,0,0,0,0
1404,Javad0475998142,1,0,1,0,0,0,0,0,0,0,0,0,0,0
1405,Javaherian0,6,0,1,0,0,0,1,0,1,0,1,0,1,1
1406,JavanHuman,1,1,0,0,0,0,0,0,0,0,0,0,0,0
1407,JaveedShah01,6,1,0,0,0,0,0,1,1,0,1,1,1,0
1408,Javid7Iran,5,1,0,0,0,0,0,0,1,1,1,0,0,1
1409,JavidPars,7,1,0,0,0,1,0,0,1,1,1,1,1,0
1410,JavidShah1979,1,1,0,0,0,0,0,0,0,0,0,0,0,0
1411,JavidShah3l,1,1,0,0,0,0,0,0,0,0,0,0,0,0
1412,Javid_Reza_Shah,5,1,1,0,0,1,0,0,1,0,0,0,1,0
1413,Javid_Shaahh,11,1,1,0,0,1,1,1,1,1,1,1,1,1
1414,Javidan1234,9,1,1,0,0,0,1,1,1,1,1,0,1,1
1415,Javidshah2025JS,4,1,1,0,0,1,1,0,0,0,0,0,0,0
1416,Javidshah55106,2,1,1,0,0,0,0,0,0,0,0,0,0,0
1417,JawadJ6878,1,0,1,0,0,0,0,0,0,0,0,0,0,0
1418,Jazad96,6,1,1,0,0,0,0,0,0,1,0,1,1,1
1419,Jerome16327841,2,1,0,0,0,0,0,0,1,0,0,0,0,0
1420,Jersa65214,1,1,0,0,0,0,0,0,0,0,0,0,0,0
1421,JesiJesika58929,11,1,1,0,0,1,1,1,1,1,1,1,1,1
1422,Jigsawir,4,1,1,0,0,0,0,0,0,1,0,0,1,0
1423,Jimb0o0o0o,5,1,1,0,0,0,0,0,1,0,1,1,0,0
1424, ,0,0,0,1,0,0,0,0,0,0,0,0,0,0
1425,Joe19298683,1,1,0,0,0,0,0,0,0,0,0,0,0,0
1426,John180450033,1,1,0,0,0,0,0,0,0,0,0,0,0,0
1427,JohnBolton78459,2,1,1,0,0,0,0,0,0,0,0,0,0,0
1428,JohnDoekwoy,4,1,1,0,0,0,0,0,0,0,0,0,1,1
1429,JohnGarry18726,1,1,0,0,0,0,0,0,0,0,0,0,0,0
1430,JohnNzd2,1,1,0,0,0,0,0,0,0,0,0,0,0,0
1431,JohnSmithayh23,8,1,1,0,0,0,1,0,1,1,1,1,1,0
1432,JohnSomeeh,2,0,1,0,0,1,0,0,0,0,0,0,0,0
1433,Joker599610,4,0,1,0,0,0,1,1,0,1,0,0,0,0
1434,JoliJolia8274,8,1,1,0,0,1,1,0,1,1,0,1,1,0
1435,JoliyaPend33211,1,1,0,0,0,0,0,0,0,0,0,0,0,0
1436,JonCowboyBear,1,1,0,0,0,0,0,0,0,0,0,0,0,0
1437,JooZarrin,1,1,0,0,0,0,0,0,0,0,0,0,0,0
1438,JordanRed138957,3,1,1,0,0,0,0,0,0,1,0,0,0,0
1439,Jordanj200011,1,0,1,0,0,0,0,0,0,0,0,0,0,0
1440,Jorjeet,4,1,0,0,0,0,0,0,1,1,1,0,0,0
1441,JosefAlborz,11,1,1,0,0,1,1,1,1,1,1,1,1,1
1442,Joseph2709,1,1,0,0,0,0,0,0,0,0,0,0,0,0
1443,JosephPett9694,1,1,0,0,0,0,0,0,0,0,0,0,0,0
1444,JoukarMasood,1,1,0,0,0,0,0,0,0,0,0,0,0,0
1445,JoulietRad,3,1,0,0,0,1,0,0,1,0,0,0,0,0
1446,Ju43061Jubin,1,1,0,0,0,0,0,0,0,0,0,0,0,0
1447,Jujuliet92,1,1,0,0,0,0,0,0,0,0,0,0,0,0
1448,Jurisdoctor2013,4,0,1,0,0,1,1,0,1,0,0,0,0,0
1449, ,0,0,0,1,0,0,0,0,0,0,0,0,0,0
1450,Justgetthefacts,2,0,1,0,0,0,0,0,0,0,0,0,0,1
1451,Justice33821964,2,0,1,0,0,0,0,0,0,0,0,1,0,0
1452,Jz666Mer,1,0,1,0,0,0,0,0,0,0,0,0,0,0
1453,K1kay4,6,1,1,0,0,1,0,0,1,0,0,0,1,1
1454,K3409706372727,2,1,1,0,0,0,0,0,0,0,0,0,0,0
1455,KAGunSmoke,2,1,0,0,0,0,0,1,0,0,0,0,0,0
1456,KCh27602,7,1,0,0,0,1,0,1,0,1,1,0,1,1
1457,KFarhadpour,7,1,1,0,0,0,1,0,0,1,0,1,1,1
1458,KHOR_SHID_AM,1,1,0,0,0,0,0,0,0,0,0,0,0,0
1459,KHOSROIRANI60,5,0,1,0,0,0,0,0,0,0,1,1,1,1
1460,KINGOFKINGS1320,2,1,1,0,0,0,0,0,0,0,0,0,0,0
1461,KKAARRAADD,1,1,0,0,0,0,0,0,0,0,0,0,0,0
1462,KKeshani,8,1,1,0,0,1,0,1,1,0,1,1,1,0
1463,KKetabdarap,2,1,1,0,0,0,0,0,0,0,0,0,0,0
1464,KL14852,1,0,1,0,0,0,0,0,0,0,0,0,0,0
1465,KMinmaruru,2,1,1,0,0,0,0,0,0,0,0,0,0,0
1466,KOALA802545,1,0,1,0,0,0,0,0,0,0,0,0,0,0
1467,KShahdoost,1,0,1,0,0,0,0,0,0,0,0,0,0,0
1468,KYadetnare,5,0,1,0,0,1,0,0,0,0,1,1,1,0
1469,Kaan369963,7,1,0,0,0,0,1,1,0,1,1,1,0,1
1470,KaediSaeid88981,3,1,0,0,0,0,0,0,1,0,0,1,0,0
1471,Kalamkimpo,1,0,1,0,0,0,0,0,0,0,0,0,0,0
1472,Kamaei444,8,1,0,0,0,1,0,0,1,1,1,1,1,1
1473,KamalShahrokhi,4,1,0,0,0,0,1,0,1,0,0,0,0,1
1474,Kamangir_133,3,0,1,0,0,0,0,1,0,0,0,0,1,0
1475,Kamash5014b,9,1,1,0,0,0,1,0,1,1,1,1,1,1
1476,KambizMks,5,1,0,0,0,0,0,0,1,1,0,1,1,0
1477,KamranFarrokh,1,1,0,0,0,0,0,0,0,0,0,0,0,0
1478,Kanthan2030,1,1,0,0,0,0,0,0,0,0,0,0,0,0
1479,KaranZarinKolah,1,0,1,0,0,0,0,0,0,0,0,0,0,0
1480,Karenirani11,6,1,1,0,0,0,0,0,0,1,1,0,1,1
1481,Karll_Marxxxx,1,0,1,0,0,0,0,0,0,0,0,0,0,0
1482,KaroonRos,4,1,1,0,0,1,1,0,0,0,0,0,0,0
1483,KasraGATE,3,1,1,0,0,0,0,0,0,0,0,0,0,1
1484,Katayoun_notes,3,1,0,0,0,0,1,0,0,0,0,1,0,0
1485,Kateaf22,2,1,0,0,0,0,0,0,0,1,0,0,0,0
1486,KathyMobarez,9,1,1,0,0,1,1,1,1,1,1,0,1,0
1487,Kathybanoo,2,1,0,0,0,1,0,0,0,0,0,0,0,0
1488,Katierebel2nd,6,1,0,0,0,1,1,0,1,0,0,0,1,1
1489,Katrinaiktnb,1,1,0,0,0,0,0,0,0,0,0,0,0,0
1490,Katy_golestan,1,1,0,0,0,0,0,0,0,0,0,0,0,0
1491,Kave10355940,1,0,1,0,0,0,0,0,0,0,0,0,0,0
1492,Kaveh438186,2,1,1,0,0,0,0,0,0,0,0,0,0,0
1493,Kaveh763580622,6,1,0,0,0,0,1,1,1,0,1,0,1,0
1494,Kaveh_27,8,1,1,0,0,1,0,0,1,1,0,1,1,1
1495,KavizAzam,1,0,1,0,0,0,0,0,0,0,0,0,0,0
1496,Kaykawoos3,2,1,0,0,0,0,0,0,0,0,0,0,1,0
1497,Kazhehh,10,1,1,0,0,1,1,1,1,1,1,0,1,1
1498,Kekavos,4,0,1,0,0,1,1,0,0,0,0,0,0,1
1499,KemalOz22011092,2,1,0,0,0,0,1,0,0,0,0,0,0,0
1500,KestrelVane,3,1,0,0,0,0,0,0,0,0,1,1,0,0
1501,KevinIranian119,2,1,1,0,0,0,0,0,0,0,0,0,0,0
1502,Keybob23,2,1,0,0,0,1,0,0,0,0,0,0,0,0
1503,Keyvan_Azizi1,2,0,1,0,0,0,0,0,1,0,0,0,0,0
1504,Khaabaalooo,1,1,0,0,0,0,0,0,0,0,0,0,0,0
1505,KhanpoorZ,2,0,1,0,0,1,0,0,0,0,0,0,0,0
1506,KhashayarShahab,9,1,1,0,0,0,1,0,1,1,1,1,1,1
1507,KhatPayan26,1,0,1,0,0,0,0,0,0,0,0,0,0,0
1508,KhatamsazS71947,1,0,1,0,0,0,0,0,0,0,0,0,0,0
1509,KhazamiMehran,4,1,1,0,0,0,1,1,0,0,0,0,0,0
1510,Khazan2Farady,1,1,0,0,0,0,0,0,0,0,0,0,0,0
1511,Khby2580,7,1,1,0,0,0,0,0,1,0,1,1,1,1
1512,KheradName,3,1,1,0,0,0,0,0,1,0,0,0,0,0
1513,KheyliMonzavi,10,1,1,0,0,1,1,0,1,1,1,1,1,1
1514,KhiarGoje,6,1,0,0,0,1,1,1,0,1,0,1,0,0
1515,KhoUmadZad,8,1,1,0,0,1,1,0,0,1,0,1,1,1
1516,KhodaAzizam,1,1,0,0,0,0,0,0,0,0,0,0,0,0
1517,KhorramiFred,1,1,0,0,0,0,0,0,0,0,0,0,0,0
1518,KhorshidDavtal1,4,1,0,0,0,1,0,0,1,0,1,0,0,0
1519,KhosraviNasrin,5,1,0,0,0,0,1,0,0,1,0,1,1,0
1520,KhosroParvizSas,4,1,0,0,0,1,0,0,1,1,0,0,0,0
1521,Khosrow1Parviz,4,1,1,0,0,1,0,0,0,1,0,0,0,0
1522,Khoukhe1,11,1,1,0,0,1,1,1,1,1,1,1,1,1
1523,Kia12228185,2,1,0,0,0,0,0,0,0,1,0,0,0,0
1524,KiaJavidshash,4,1,0,0,0,1,0,0,0,0,0,1,0,1
1525,KianIranAzad1,1,0,1,0,0,0,0,0,0,0,0,0,0,0
1526,Kian_3434,4,1,0,0,0,1,0,0,0,0,1,1,0,0
1527,Kian_Mihan,10,1,1,0,0,1,1,1,1,0,1,1,1,1
1528,Kian_peeon,0,0,0,1,0,0,0,0,0,0,0,0,0,0
1529,KianiAva59815,1,1,0,0,0,0,0,0,0,0,0,0,0,0
1530,KiarashBah2500,10,0,1,0,0,1,1,1,1,1,1,1,1,1
1531,Kiavash32473903,6,0,1,0,0,0,0,0,1,1,1,1,0,1
1532,Kiiingaban,8,1,1,0,0,1,0,0,1,1,1,1,1,0
1533,KijaNorth,5,1,0,0,0,1,0,0,1,0,1,1,0,0
1534,KikoShvili75660,4,1,1,0,0,0,0,1,0,0,0,0,0,1
1535,KillBillLMAO,3,0,1,0,0,0,0,0,0,1,0,1,0,0
1536,KimiaTajik,11,1,1,0,0,1,1,1,1,1,1,1,1,1
1537,KimiaUSA14,1,1,0,0,0,0,0,0,0,0,0,0,0,0
1538,Kimia_Ebra_96,1,1,0,0,0,0,0,0,0,0,0,0,0,0
1539,Kimiamaaa,1,1,0,0,0,0,0,0,0,0,0,0,0,0
1540,Kimihaaaaa,1,1,0,0,0,0,0,0,0,0,0,0,0,0
1541,Kimkimely299483,1,1,0,0,0,0,0,0,0,0,0,0,0,0
1542,KindsonAlex,7,1,1,0,0,1,0,0,1,0,1,1,1,0
1543,King12991,7,1,1,0,0,1,0,0,0,0,1,1,1,1
1544,KingAlef3rd,4,1,1,0,0,1,0,0,0,1,0,0,0,0
1545,KingBojack43,5,1,1,0,0,1,0,0,0,0,0,1,0,1
1546,KingKavosh,3,1,1,0,0,0,0,0,0,1,0,0,0,0
1547,KingMaziyar,1,1,0,0,0,0,0,0,0,0,0,0,0,0
1548,KingPrsRezaP3,11,1,1,0,0,1,1,1,1,1,1,1,1,1
1549,Kinghich1,5,1,0,0,0,0,0,0,0,1,0,1,1,1
1550,Kipoda7,2,1,0,0,0,0,0,1,0,0,0,0,0,0
1551,KirbySteady,10,1,1,0,0,1,1,1,1,1,1,1,0,1
1552,Kiumarsap,2,0,1,0,0,0,0,1,0,0,0,0,0,0
1553,Kiyanak,0,0,0,0,1,0,0,0,0,0,0,0,0,0
1554,Klaus70268175,9,1,1,0,0,1,0,0,1,1,1,1,1,1
1555,Kobra1935788,7,1,0,0,0,1,1,0,0,1,0,1,1,1
1556,KohestaniKoosha,1,0,1,0,0,0,0,0,0,0,0,0,0,0
1557,Kolahkhood1,8,1,1,0,0,1,1,1,0,0,0,1,1,1
1558,Koohi1976,10,1,1,0,0,1,1,0,1,1,1,1,1,1
1559,Koorosh_EP,9,0,1,0,0,1,1,1,1,1,1,1,0,1
1560,Koorosh_Kian,1,0,1,0,0,0,0,0,0,0,0,0,0,0
1561,Kora165145,9,1,1,0,0,1,1,1,0,1,0,1,1,1
1562,Korosh1907,2,1,1,0,0,0,0,0,0,0,0,0,0,0
1563,KottletSaz,5,0,1,0,0,0,1,1,0,0,0,1,1,0
1564,Kourosh77335174,7,1,1,0,0,1,0,0,1,1,1,1,0,0
1565,KouroshSharifi7,1,1,0,0,0,0,0,0,0,0,0,0,0,0
1566,Kourosh_Dana,5,1,0,0,0,1,1,0,0,1,0,0,0,1
1567,Kurus6thBC,1,0,1,0,0,0,0,0,0,0,0,0,0,0
1568,Kyarash13,2,0,1,0,0,1,0,0,0,0,0,0,0,0
1569,Kyrus2th,6,1,1,0,0,0,1,0,0,0,0,1,1,1
1570,LB20982540,1,1,0,0,0,0,0,0,0,0,0,0,0,0
1571,LBaharloo77,7,1,0,0,0,1,0,0,0,1,1,1,1,1
1572,LKarchani93482,2,1,1,0,0,0,0,0,0,0,0,0,0,0
1573,LMSh2023,1,1,0,0,0,0,0,0,0,0,0,0,0,0
1574,LNZHPP,10,1,1,0,0,1,1,0,1,1,1,1,1,1
1575,LProfessssor,9,1,1,0,1,1,0,1,1,1,1,1,0,1
1576,LR6256,1,1,0,0,0,0,0,0,0,0,0,0,0,0
1577,LSD7300,2,1,0,0,0,1,0,0,0,0,0,0,0,0
1578,LTP76191432,1,0,0,0,1,0,0,0,0,0,0,0,0,1
1579,LUFFYBCs,2,1,0,0,0,1,0,0,0,0,0,0,0,0
1580,LaBah88,3,1,0,0,0,1,0,0,0,0,0,1,0,0
1581,LaSorour,8,1,0,0,0,1,0,1,1,1,1,0,1,1
1582,LabcoatL,1,1,0,0,0,0,0,0,0,0,0,0,0,0
1583,LadyCassandane,2,1,1,0,0,0,0,0,0,0,0,0,0,0
1584,Lady_el90,4,1,0,0,0,0,0,1,1,0,1,0,0,0
1585,Lady_the_Tramp,1,1,0,0,0,0,0,0,0,0,0,0,0,0
1586,Lajimolala21ice,5,1,1,0,0,0,1,0,0,1,1,0,0,0
1587,LalaMira292921,2,1,0,0,0,0,0,0,0,1,0,0,0,0
1588,Laleh42371258,1,1,0,0,0,0,0,0,0,0,0,0,0,0
1589,LanisterIverson,1,1,0,0,0,0,0,0,0,0,0,0,0,0
1590,Lara_Arezoo,8,1,0,0,0,1,1,1,1,1,1,1,0,0
1591,LastHuman5677,1,1,0,0,0,0,0,0,0,0,0,0,0,0
1592,Last_Straw_868,1,1,0,0,0,0,0,0,0,0,0,0,0,0
1593,LauraBelendini,4,0,1,0,0,0,0,0,0,1,0,1,1,0
1594,LawyerFahim1,3,1,0,0,0,1,0,0,0,1,0,0,0,0
1595,Lbf34508,1,1,0,0,0,0,0,0,0,0,0,0,0,0
1596,LeaseKar,1,0,1,0,0,0,0,0,0,0,0,0,0,0
1597,LeeLeeDaa,10,1,1,0,1,1,1,1,1,0,1,1,1,1
1598,Leila1119790,3,1,1,0,0,0,0,0,0,0,1,0,0,0
1599,Leila13581979,3,1,1,0,0,0,0,0,0,1,0,0,0,0
1600,LeilaEtema96769,2,1,1,0,0,0,0,0,0,0,0,0,0,0
1601,LeilaMo7,1,1,0,0,0,0,0,0,0,0,0,0,0,0
1602,LeilaPahlavi31,7,1,0,0,1,1,0,0,1,1,1,0,1,1
1603,Leila_CPA,1,1,0,0,0,0,0,0,0,0,0,0,0,0
1604,Leila__Naseri,1,1,0,0,0,0,0,0,0,0,0,0,0,0
1605,LeilyJafa,1,1,0,0,0,0,0,0,0,0,0,0,0,0
1606,Lenooll,1,1,0,0,0,0,0,0,0,0,0,0,0,0
1607,LetsPurgee,2,0,1,0,0,1,0,0,0,0,0,0,0,0
1608,LeylaM53,8,1,0,0,0,1,1,1,1,0,1,1,1,0
1609,LeylaTehra8h,5,1,0,0,0,0,1,0,1,1,0,0,1,0
1610,Liam_ikol,5,1,0,0,0,1,0,0,0,1,0,1,0,1
1611, ,0,0,0,1,0,0,0,0,0,0,0,0,0,0
1612,LiberdadeMulher,7,1,0,0,0,1,1,1,1,1,1,0,0,0
1613,Libertatis69765,2,1,1,0,0,0,0,0,0,0,0,0,0,0
1614,LiberteGadfly,3,1,0,0,0,0,0,1,0,0,0,1,0,0
1615,LidaMahjoub,2,1,0,0,0,0,0,0,0,0,0,0,0,1
1616,LidaPiraye30914,7,1,1,0,0,1,0,1,1,1,0,0,1,0
1617,LilSheytoonak,3,1,1,0,0,0,0,0,0,0,0,0,1,0
1618,LilXhastam,5,1,0,0,0,1,0,0,1,1,0,0,1,0
1619,Lilieverlil,2,1,0,0,0,0,0,0,0,1,0,0,0,0
1620,Lilishir1,2,1,0,0,1,1,0,0,0,0,0,0,0,0
1621,Lilli4Iran,1,1,0,0,0,0,0,0,0,0,0,0,0,0
1622,Lillianrsl333,2,1,0,0,0,0,0,0,0,1,0,0,0,0
1623,Lillies1941,1,1,0,0,0,0,0,0,0,0,0,0,0,0
1624,LillyBanu,5,1,1,0,0,0,0,0,0,1,1,1,0,0
1625,LilyOfMay2319,5,1,0,0,0,1,0,0,1,1,1,0,0,0
1626,LionHeart92501,1,1,0,0,0,0,0,0,0,0,0,0,0,0
1627,LionOfPersiaS,1,0,1,0,0,0,0,0,0,0,0,0,0,0
1628,LionSun11632,2,1,1,0,0,0,0,0,0,0,0,0,0,0
1629,LionSunCyrus,5,1,1,0,0,1,0,1,0,1,0,0,0,0
1630,LionSun_kamelia,8,1,1,0,1,0,0,1,1,1,0,1,1,1
1631,Lion_Sun2026,3,0,1,0,0,0,0,0,1,0,0,0,1,0
1632,Lionandsungirl9,5,1,1,0,0,1,0,0,1,0,0,0,1,0
1633,LionessFromIran,1,1,0,0,0,0,0,0,0,0,0,0,0,0
1634,LionnessOfIran,2,1,0,0,0,0,0,0,0,0,1,0,0,0
1635,LionsEatRats,2,1,0,0,0,0,0,0,1,0,0,0,0,0
1636,LioraXo_,4,1,1,0,0,0,0,0,1,0,0,1,0,0
1637,Lisssy_97,6,1,0,0,0,1,0,0,0,0,1,1,1,1
1638,LittleMissIran,6,1,0,0,0,1,1,0,0,1,0,1,0,1
1639,Little_ariadne,9,1,1,0,0,1,0,1,1,0,1,1,1,1
1640,Lle_oar,1,1,0,0,0,0,0,0,0,0,0,0,0,0
1641,Llilyofdavalley,2,1,1,0,0,0,0,0,0,0,0,0,0,0
1642,LocallAndia,5,1,0,0,0,0,0,0,0,1,0,1,1,1
1643,LoneRidertw1,1,1,0,0,0,0,0,0,0,0,0,0,0,0
1644,LoneTraveller32,1,1,0,0,0,0,0,0,0,0,0,0,0,0
1645,LordEstark77,7,1,1,0,0,1,0,0,1,1,1,0,0,1
1646,LoueiRaz,9,1,1,0,0,1,1,1,1,0,1,1,1,0
1647,Louie_Shaqayeq,1,1,0,0,0,0,0,0,0,0,0,0,0,0
1648,Louis_1906,4,1,1,0,0,0,0,0,0,0,0,1,1,0
1649,Lourdes15878931,2,1,0,0,0,0,0,0,0,0,0,1,0,0
1650,LoveOfIran2,3,0,1,0,0,0,0,0,0,1,0,1,0,0
1651,LovingThinker,7,1,1,0,0,0,0,1,1,0,1,0,1,1
1652,LowSussex,6,1,0,0,0,1,0,0,1,1,1,1,0,0
1653,Low_Bib,3,1,1,0,0,1,0,0,0,0,0,0,0,0
1654,Lrahairan,2,1,0,0,0,0,0,0,0,0,1,0,0,0
1655,LssTir,5,1,0,0,0,1,0,0,0,1,0,1,1,0
1656,Luckyrosa8,1,1,0,0,0,0,0,0,0,0,0,0,0,0
1657,LudvigVitt,7,1,1,0,0,0,0,1,1,0,1,1,0,1
1658,LuisMendez1078,7,1,0,0,0,1,0,0,1,1,1,1,1,0
1659,Luna201835204,3,1,0,0,0,1,0,0,0,1,0,0,0,0
1660,LundieMitti,1,1,0,0,0,0,0,0,0,0,0,0,0,0
1661,Luneamahsa,1,1,0,0,0,0,0,0,0,0,0,0,0,0
1662,Lupo2019937,2,1,1,0,0,0,0,0,0,0,0,0,0,0
1663,LuxQuaestor,2,1,1,0,0,0,0,0,0,0,0,0,0,0
1664,M0rtezaaaa,4,1,0,0,0,0,0,0,1,1,0,0,1,0
1665,M14495d,8,1,0,0,0,1,0,0,1,1,1,1,1,1
1666,M233Maede,2,1,0,0,0,0,0,0,0,1,0,0,0,0
1667,M8573958427788,8,1,0,0,0,1,1,0,1,1,1,0,1,1
1668,MAHNIKAchan,1,1,0,0,0,0,0,0,0,0,0,0,0,0
1669,MAPA4IR,6,1,1,0,0,1,0,0,1,0,0,0,1,1
1670,MCMT2022,1,1,0,0,0,0,0,0,0,0,0,0,0,0
1671,MDgirlNYC,1,0,1,0,0,0,0,0,0,0,0,0,0,0
1672,MEHR5L,8,1,0,0,0,1,1,0,1,1,1,1,1,0
1673,MEHRDAD_Nasser,7,1,1,0,0,1,1,0,0,1,0,1,0,1
1674,MFshfshh71601,6,1,1,0,0,0,1,0,0,0,1,0,1,1
1675,MGhaffarizadeh,4,1,1,0,0,1,0,0,0,1,0,0,0,0
1676,MI6_Zero,4,1,0,0,0,0,1,1,0,0,0,0,0,1
1677,MIGA627525,1,1,0,0,0,0,0,0,0,0,0,0,0,0
1678,MIGAPahlavi,2,1,1,0,0,0,0,0,0,0,0,0,0,0
1679,MIGA_IRAN1,6,1,1,0,0,0,0,0,1,1,1,1,0,0
1680,MIGAbaPahlavi,5,1,0,0,0,1,0,0,0,1,0,1,1,0
1681,MJ_MA93,4,1,1,0,0,0,0,0,0,1,0,0,1,0
1682,MK999JSh,1,1,0,0,0,0,0,0,0,0,0,0,0,0
1683,MKheradi33536,2,1,0,0,0,0,0,0,0,1,0,0,0,0
1684,MKoheNorr,10,1,1,0,0,0,1,1,1,1,1,1,1,1
1685,MMaghrebe50282,2,1,1,0,0,0,0,0,0,0,0,0,0,0
1686,MMahdiss,1,0,1,0,0,0,0,0,0,0,0,0,0,0
1687,MMirsepanj,1,0,1,0,0,0,0,0,0,0,0,0,0,0
1688,MMozhak7,9,1,0,0,0,1,0,1,1,1,1,1,1,1
1689,MN_Aries,3,1,1,0,0,0,0,0,0,1,0,0,0,0
1690,MOF__ID,4,1,0,0,0,1,0,0,0,1,0,0,1,0
1691,MOHAMMA96510926,1,1,0,0,0,0,0,0,0,0,0,0,0,0
1692,MOHAMMADMASAFI,4,1,0,0,0,1,0,0,1,0,0,1,0,0
1693,MOSAFERKOCHAK,1,1,0,0,0,0,0,0,0,0,0,0,0,0
1694,MOTI_QP,6,1,0,0,0,1,0,1,0,1,1,0,1,0
1695,MParsa56716832,1,1,0,0,0,0,0,0,0,0,0,0,0,0
1696,MPesteh59758,1,0,1,0,0,0,0,0,0,0,0,0,0,0
1697,MRCEd90Ca,8,1,1,0,0,1,0,0,1,1,1,1,1,0
1698,MRMASOUDI2,6,1,0,0,0,1,0,0,0,1,0,1,1,1
1699,MRMKingRP,5,1,1,0,0,1,0,0,0,1,0,1,0,0
1700,MRMT9611,10,1,1,0,0,1,1,0,1,1,1,1,1,1
1701,MR_HAKIMM,1,1,0,0,0,0,0,0,0,0,0,0,0,0
1702,MRa93451564,3,1,0,0,0,1,0,0,0,1,0,0,0,0
1703,MRezaeian84601,2,1,1,0,0,0,0,0,0,0,0,0,0,0
1704,MSamimy,1,1,0,0,0,0,0,0,0,0,0,0,0,0
1705,MSeyedasgari,1,1,0,0,0,0,0,0,0,0,0,0,0,0
1706,MSeyedsafi,5,1,0,0,0,1,0,0,0,1,0,1,1,0
1707,MTanha03530340,9,1,1,0,0,1,1,1,1,1,1,0,1,0
1708,MUAnomalies,1,0,1,0,0,0,0,0,0,0,0,0,0,0
1709,MZchimeh,7,1,1,0,0,0,1,0,1,1,0,1,1,0
1710,MZo321876335802,2,0,1,0,0,1,0,0,0,0,0,0,0,0
1711,M_AZAD_B,2,1,0,0,0,1,0,0,0,0,0,0,0,0
1712,M_Irani_H,3,1,0,0,0,0,0,0,0,0,0,0,1,1
1713,M_P_KH,11,1,1,0,0,1,1,1,1,1,1,1,1,1
1714,M__binesh_00,6,1,1,0,0,0,1,0,1,1,0,0,1,0
1715,M_like_Mahsa,1,0,1,0,0,0,0,0,0,0,0,0,0,0
1716,M_shah7007,9,1,1,0,0,1,1,1,1,1,0,1,1,0
1717,Ma_Va_Na,8,1,0,0,0,1,0,0,1,1,1,1,1,1
1718,MaahBanoo77,5,1,1,0,0,0,0,0,1,0,1,0,1,0
1719,MaanI05NC,2,1,1,0,0,0,0,0,0,0,0,0,0,0
1720,Maazziiiiii,6,1,1,0,0,1,0,0,0,0,0,1,1,1
1721,MadAveSu,1,0,1,0,0,0,0,0,0,0,0,0,0,0
1722,MadScience2099,9,1,1,0,0,1,1,0,1,1,1,1,0,1
1723,Madissafi,1,0,1,0,0,0,0,0,0,0,0,0,0,0
1724,MadjidAkhoundi,1,1,0,0,0,0,0,0,0,0,0,0,0,0
1725,MaeemoAbeDide,1,0,1,0,0,0,0,0,0,0,0,0,0,0
1726,Maggie12223,1,1,0,0,0,0,0,0,0,0,0,0,0,0
1727,MagicReals,6,1,0,0,0,1,1,0,1,1,0,0,0,1
1728,Magnelio173279,1,1,0,0,0,0,0,0,0,0,0,0,0,0
1729,Magnolia_018,2,1,1,0,0,0,0,0,0,0,0,0,0,0
1730,Mah1014599,1,1,0,0,0,0,0,0,0,0,0,0,0,0
1731,Mah73768340,2,1,0,0,0,0,0,0,1,0,0,0,0,0
1732,MahLuna777,9,1,0,0,1,1,0,1,1,1,1,1,1,1
1733,MahMah_3,3,1,1,0,0,1,0,0,0,0,0,0,0,0
1734,MahOmahiDarya,2,1,0,0,0,0,0,0,1,0,0,0,0,0
1735,MahR65825525,1,0,1,0,0,0,0,0,0,0,0,0,0,0
1736,MahSaghi232323,9,1,0,0,0,1,1,1,1,1,1,1,1,0
1737,MahanMehrabi2,6,0,1,0,0,1,0,0,1,1,0,1,1,0
1738,MahboubM57,5,0,1,0,0,1,0,0,1,1,0,1,0,0
1739,Mahdi35711413,3,1,0,0,0,0,0,0,1,0,1,0,0,0
1740,MahdiBahariA,5,1,0,0,0,1,1,0,0,1,1,0,0,0
1741,Mahdi_059,1,0,1,0,0,0,0,0,0,0,0,0,0,0
1742,Mahdokht45,5,0,1,0,0,1,0,0,0,1,1,0,1,0
1743,Mahestane_iiran,1,1,0,0,0,0,0,0,0,0,0,0,0,0
1744,MahiMehdizadeh,3,1,1,0,0,1,0,0,0,0,0,0,0,0
1745,Mahkhorshiddlt,2,1,1,0,0,0,0,0,0,0,0,0,0,0
1746,Mahla1991K,5,1,0,0,0,0,1,0,1,0,0,0,1,1
1747,Mahmood518518,8,1,0,0,0,1,1,0,0,1,1,1,1,1
1748,MahmoudiSholeh,10,1,1,0,0,1,1,0,1,1,1,1,1,1
1749,MahnazKosc17fk,1,0,1,0,0,0,0,0,0,0,0,0,0,0
1750,Mahnoushdn,1,0,1,0,0,0,0,0,0,0,0,0,0,0
1751,Mahou1354,3,1,1,0,0,0,0,0,0,0,0,1,0,0
1752,Mahsa991043,11,1,1,0,0,1,1,1,1,1,1,1,1,1
1753,MahsaEsmaeili26,10,1,1,0,0,0,1,1,1,1,1,1,1,1
1754,MahsaMahsa1984,2,1,0,0,0,1,0,0,0,0,0,0,0,0
1755,Mahsa_Amini20,7,1,0,0,0,1,0,1,1,1,1,1,0,0
1756,Mahsa_Irani_,1,0,1,0,0,0,0,0,0,0,0,0,0,0
1757,Mahsa_Nika_Siav,7,1,1,0,0,1,1,1,1,1,0,0,0,0
1758,Mahsa_emitis,4,1,0,0,0,0,0,1,0,1,0,1,0,0
1759,MahsaaZYX,2,1,0,0,0,0,0,0,1,0,0,0,0,0
1760,Mahsaaminii1401,4,0,1,0,0,0,1,0,0,1,0,1,0,0
1761,Mahshad_AK,5,1,0,0,0,0,0,0,1,1,0,1,0,1
1762,Mahshid78364573,10,1,0,0,0,1,1,1,1,1,1,1,1,1
1763,Mahshidmansou,3,1,0,0,0,0,1,0,1,0,0,0,0,0
1764,Mahssash,1,1,0,0,0,0,0,0,0,0,0,0,0,0
1765,MahtaBlaszczyk,2,0,1,0,0,0,0,0,0,0,0,0,0,1
1766,Mahtaamah,4,1,0,0,0,0,0,0,0,0,1,1,1,0
1767,Mahtab2023,2,1,1,0,0,0,0,0,0,0,0,0,0,0
1768,MahtabMoteabed,6,1,0,0,0,1,1,0,0,1,0,0,1,1
1769,Mahya_HBO,7,1,1,0,0,0,1,0,1,1,0,0,1,1
1770,MahyarParsi,1,1,0,0,0,0,0,0,0,0,0,0,0,0
1771,MahzadTalaei,2,1,0,0,0,1,0,0,0,0,0,0,0,0
1772,Majid21445881,5,1,1,1,0,0,0,0,1,1,0,0,1,0
1773,MajidGerailyMog,4,1,1,0,0,0,0,0,0,1,0,0,0,1
1774,MajidNo50133966,10,1,1,0,0,1,1,1,1,1,1,1,1,0
1775,MajidShekare,3,1,0,0,0,1,1,0,0,0,0,0,0,0
1776,Majidirani99,8,0,1,0,0,1,0,0,1,1,1,1,1,1
1777,Majoo0r_66,3,0,1,0,0,0,0,0,1,0,0,1,0,0
1778,MalMal31788383,2,1,1,0,0,0,0,0,0,0,0,0,0,0
1779,MalakootiM74470,1,1,0,0,0,0,0,0,0,0,0,0,0,0
1780,MalekShh99872,3,1,1,0,0,1,0,0,0,0,0,0,0,0
1781,MalekiMiy,1,0,1,0,0,0,0,0,0,0,0,0,0,0
1782,Malic2do,5,1,0,0,0,1,1,1,1,0,0,0,0,0
1783,Malin54449388,4,1,1,1,0,1,1,0,0,0,0,0,0,0
1784,Mallys58560164,11,1,1,0,0,1,1,1,1,1,1,1,1,1
1785,MalousFarhadi,2,1,0,0,0,0,0,0,0,0,0,0,0,1
1786,Malusakam,11,1,1,0,0,1,1,1,1,1,1,1,1,1
1787,Mamy225932,10,1,1,0,0,1,1,0,1,1,1,1,1,1
1788,Mana34974225,0,0,0,0,1,0,0,0,0,0,0,0,0,0
1789,Manaqzsa,3,1,0,0,0,1,0,0,0,0,0,1,0,0
1790,ManatMey,7,1,1,0,0,1,1,0,1,0,1,1,0,0
1791,Mandali48351712,8,0,1,0,0,1,0,0,1,1,1,1,1,1
1792,Mandana588528,0,0,0,1,0,0,0,0,0,0,0,0,0,0
1793,Mandanaaa92,7,1,1,0,0,0,1,1,1,1,1,0,0,0
1794,Mandane77,1,1,0,0,0,0,0,0,0,0,0,0,0,0
1795,Mani4809,9,1,1,0,0,1,0,0,1,1,1,1,1,1
1796,ManiMananviL,2,1,1,0,0,0,0,0,0,0,0,0,0,0
1797,ManiMonfarxl9n,2,0,1,0,0,0,0,0,0,0,0,0,1,0
1798,ManiSiamak,4,1,0,0,0,1,0,0,1,1,0,0,0,0
1799,ManiaMayani,1,1,0,0,0,0,0,0,0,0,0,0,0,0
1800,Maniyaaaaaaaaa,2,1,1,0,0,0,0,0,0,0,0,0,0,0
1801,Mansoor_ca71,9,1,0,0,0,1,1,1,1,0,1,1,1,1
1802,MansourDehgha13,4,0,1,0,0,1,0,0,0,1,0,0,0,1
1803,Manuchehril,4,1,0,0,0,1,1,1,0,0,0,0,0,0
1804,MarLeaMN,1,1,0,0,0,0,0,0,0,0,0,0,0,0
1805,MarTTRA2,9,1,0,0,0,1,0,1,1,1,1,1,1,1
1806,Maral_kh_2022,5,1,0,0,0,1,0,0,0,1,1,0,0,1
1807,Marcel587899381,6,1,1,0,0,1,0,0,1,0,0,1,0,1
1808,Marcell11151977,6,1,0,0,0,0,1,0,1,1,1,0,0,1
1809,MardaviJonoubi,2,0,1,0,0,1,0,0,0,0,0,0,0,0
1810,Margretameem,6,1,0,0,0,1,1,1,0,0,0,0,1,1
1811,Mari428157,3,0,1,0,0,0,0,0,0,0,1,0,1,0
1812,MariaBabaie,5,1,1,0,0,1,1,1,0,0,0,0,0,0
1813,MariaD46502191,10,1,1,0,0,1,1,1,0,1,1,1,1,1
1814,Mariaayasamin,5,1,0,0,0,0,0,0,1,0,1,1,0,1
1815,MarianaAlizade,6,1,0,0,0,0,0,1,1,0,1,0,1,1
1816,Marig2free,9,1,1,0,0,1,1,0,1,1,1,1,0,1
1817,Marjan00397734,4,1,1,0,0,1,0,1,0,0,0,0,0,0
1818,MarjanM38735,1,1,0,0,0,0,0,0,0,0,0,0,0,0
1819,MarjanNajafi2,1,1,0,0,0,0,0,0,0,0,0,0,0,0
1820,Marjou8,1,0,1,0,0,0,0,0,0,0,0,0,0,0
1821,MarjukkaKaminen,1,1,0,0,0,0,0,0,0,0,0,0,0,0
1822,MarkMendiola3,3,1,0,0,0,0,0,0,0,1,0,0,0,1
1823,Markv9k,9,1,1,0,0,1,0,0,1,1,1,1,1,1
1824,MarmarMoshfeghi,1,0,1,0,0,0,0,0,0,0,0,0,0,0
1825,Marre537563,8,1,1,0,0,1,0,1,1,1,1,1,0,0
1826,Mary1462860,2,1,0,0,0,0,0,0,0,0,0,1,0,0
1827,Mary28107301,1,1,0,0,0,0,0,0,0,0,0,0,0,0
1828,Mary59094087403,3,1,1,0,0,0,0,0,0,1,0,0,0,0
1829,MaryK02023756,4,1,1,0,0,0,0,0,0,0,0,1,0,1
1830,Mary_Hnbnv,1,1,0,0,0,0,0,0,0,0,0,0,0,0
1831,Mary_Souri_,10,1,1,0,0,1,0,1,1,1,1,1,1,1
1832,MaryaD42588,1,1,0,0,0,0,0,0,0,0,0,0,0,0
1833,Maryam0922,6,1,1,0,0,1,0,0,1,0,0,1,0,1
1834,Maryam21ahm,6,0,1,0,0,1,1,0,0,1,0,1,0,1
1835,Maryam338414757,1,0,1,0,0,0,0,0,0,0,0,0,0,0
1836,Maryam65237865,5,1,1,0,0,1,0,0,0,0,0,1,1,0
1837,Maryam812227,4,1,0,0,0,0,0,0,0,0,1,1,0,1
1838,Maryam830003,9,0,1,0,0,1,1,1,1,0,1,1,1,1
1839,Maryam871432,9,1,1,0,0,1,1,1,1,0,1,1,0,1
1840,Maryam893868,4,1,0,0,0,0,0,0,1,1,1,0,0,0
1841,MaryamAzad50384,2,0,1,0,0,0,0,0,0,1,0,0,0,0
1842,MaryamBahrami85,4,0,1,0,0,1,0,0,1,1,0,0,0,0
1843,MaryamBeh6687,2,0,1,0,0,0,0,0,0,0,0,1,0,0
1844,MaryamBehzadi9,9,1,1,0,0,1,0,1,1,1,1,1,1,0
1845,MaryamD51968561,3,1,1,0,0,1,0,0,0,0,0,0,0,0
1846,MaryamKazerani,5,0,1,0,0,1,0,0,1,1,0,0,0,1
1847,MaryamRam88,2,1,0,0,0,1,0,0,0,0,0,0,0,0
1848,MaryamSadeghia8,9,1,1,0,0,1,0,1,0,1,1,1,1,1
1849,MaryamTehrani75,6,0,1,0,0,1,0,1,1,0,0,1,1,0
1850,Maryam_Persian_,5,1,0,0,0,0,0,1,1,1,1,0,0,0
1851,Maryamho80,2,1,0,0,0,0,0,0,0,0,0,1,0,0
1852,Maryamq5g,2,0,1,0,0,0,0,0,0,1,0,0,0,0
1853,Maryamshariatm,2,1,0,0,0,0,0,0,0,1,0,0,0,0
1854,Maryamtl5k,10,1,1,0,0,1,1,1,1,1,1,1,0,1
1855,Maryfreeiran,3,0,1,0,0,0,1,0,0,1,0,0,0,0
1856,Marzepor_Gohar2,4,1,0,0,0,0,1,0,1,1,0,0,0,0
1857,MarziehKazemi,1,1,0,0,0,0,0,0,0,0,0,0,0,0
1858,MasMariam80,7,1,1,0,0,1,0,0,0,0,1,1,1,1
1859,MasMas2171,1,1,0,0,0,0,0,0,0,0,0,0,0,0
1860,MasOyama47,9,1,1,0,0,1,0,0,1,1,1,1,1,1
1861,MashiedNp,5,1,1,0,0,1,0,0,0,1,0,0,0,1
1862,Mashrootachi,5,1,0,0,0,1,0,1,1,0,0,0,1,0
1863,Masire_azadi,9,1,0,1,0,1,1,0,1,1,1,1,1,1
1864,Masoud492,1,1,0,0,0,0,0,0,0,0,0,0,0,0
1865,Masoud55330174,8,1,1,0,0,1,1,0,1,0,0,1,1,1
1866,Masoud888889,4,1,0,0,0,1,1,0,0,1,0,0,0,0
1867,MasoudEmadi2,8,1,1,0,0,1,0,0,1,1,0,1,1,1
1868,MasoudM1404,3,1,1,0,0,0,0,0,0,0,0,0,0,1
1869,Masoumeh354,9,1,1,0,0,1,0,0,1,1,1,1,1,1
1870,MasourehOezen,1,1,0,0,0,0,0,0,0,0,0,0,0,0
1871,MassiGhafouri,1,1,0,0,0,0,0,0,0,0,0,0,0,0
1872,MastanehAdiban,5,1,1,0,0,1,0,0,1,0,0,0,1,0
1873,MasumeZera33252,2,0,1,0,0,1,0,0,0,0,0,0,0,0
1874,Mathstar13,1,1,0,0,0,0,0,0,0,0,0,0,0,0
1875,Mati65922696,10,1,1,0,0,1,1,1,1,1,1,0,1,1
1876,MatiiiP12,4,1,0,0,0,1,0,0,0,0,1,0,0,1
1877,Matin_nn,2,1,1,0,0,0,0,0,0,0,0,0,0,0
1878,MattJavidMelb,5,1,0,0,0,1,1,0,1,0,1,0,0,0
1879,MattiKhatibi,11,1,1,0,0,1,1,1,1,1,1,1,1,1
1880,Maverick__IIAF,2,0,1,0,0,0,0,0,0,0,0,0,0,1
1881,MaxMarshalx,1,1,0,0,0,0,0,0,0,0,0,0,0,0
1882,MaxWilson1362,1,0,1,0,0,0,0,0,0,0,0,0,0,0
1883,Max_bahrami2,1,1,0,0,0,0,0,0,0,0,0,0,0,0
1884,MayDay_AZ,9,1,1,0,0,1,1,0,1,1,0,1,1,1
1885,Maya145486,4,1,0,0,0,0,0,0,1,0,1,0,1,0
1886,MayaMaya119928,1,1,0,0,0,0,0,0,0,0,0,0,0,0
1887,Mayashooka,1,0,1,0,0,0,0,0,0,0,0,0,0,0
1888,MaysamMansoory,2,1,1,0,0,0,0,0,0,0,0,0,0,0
1889,Mazda_Arya,2,0,1,0,0,0,0,0,0,0,0,1,0,0
1890,MazdakBAMDADAN2,1,0,1,0,0,0,0,0,0,0,0,0,0,0
1891,Mazdakmsb,3,0,1,0,0,0,1,1,0,0,0,0,0,0
1892,MazinLif3,7,1,1,0,0,0,1,0,0,0,1,1,1,1
1893,Mazjasbi,6,1,1,0,0,0,0,0,1,1,1,1,0,0
1894,Mazyar199256,3,1,1,0,0,1,0,0,0,0,0,0,0,0
1895,Mazzzcal,2,1,0,0,0,0,0,0,0,0,1,0,0,0
1896,Me4385748723842,4,1,0,0,0,1,0,0,0,0,1,0,0,1
1897,Me_Hamed_Myself,2,1,0,0,0,0,0,0,0,0,0,0,0,1
1898,MedDivine,1,0,1,0,0,0,0,0,0,0,0,0,0,0
1899,MediyaEtemadi,2,1,0,0,0,0,0,0,1,0,0,0,0,0
1900,Megane_azd,6,1,1,0,0,1,0,0,0,1,1,0,0,1
1901,Meggha19,2,1,0,0,0,1,0,0,0,0,0,0,0,0
1902,MehDi4856,9,1,1,0,0,1,1,1,1,1,1,0,0,1
1903,Mehdi101101,9,1,1,0,0,0,1,0,1,1,1,1,1,1
1904,Mehdi81555,2,1,0,0,0,0,0,0,0,1,0,0,0,0
1905,MehdiK114212511,1,0,1,0,0,0,0,0,0,0,0,0,0,0
1906,MehdiMMJ,10,1,1,0,0,1,1,1,1,1,0,1,1,1
1907,MehdiMo1710886,4,0,1,0,0,1,0,0,0,1,0,0,1,0
1908,Mehr1090454,2,1,1,0,0,0,0,0,0,0,0,0,0,0
1909,Mehr_dadSt,1,1,0,0,0,0,0,0,0,0,0,0,0,0
1910,Mehradiran,3,0,1,0,0,0,0,0,1,0,1,0,0,0
1911,Mehrafrooz59,4,1,0,0,0,0,0,0,1,0,1,1,0,0
1912,Mehran001989,3,1,1,0,0,1,0,0,0,0,0,0,0,0
1913,Mehran05836997,7,1,1,0,0,1,0,0,1,0,1,1,0,1
1914,Mehran__Freeman,2,1,1,0,0,0,0,0,0,0,0,0,0,0
1915,Mehrbanoo_iran,4,1,0,0,0,1,0,0,0,1,1,0,0,0
1916,MehrdAAdeshoon,9,1,1,0,0,0,1,1,1,1,0,1,1,1
1917,Mehrdad13436428,2,0,1,0,0,1,0,0,0,0,0,0,0,0
1918,Mehrdad1Ashrafi,6,1,0,0,0,1,0,1,1,0,1,0,1,0
1919,MehrdadAbedini9,3,1,1,0,0,0,1,0,0,0,0,0,0,0
1920,MehrdadMehr5,7,1,1,0,0,1,1,0,0,1,1,1,0,0
1921,Mehrdad_rst,5,1,1,0,0,0,0,0,1,1,0,1,0,0
1922,Mehrdadbandi7,1,0,1,0,0,0,0,0,0,0,0,0,0,0
1923,Mehrdadbordbar,1,0,1,0,0,0,0,0,0,0,0,0,0,0
1924,Mehrdokh,1,1,0,0,0,0,0,0,0,0,0,0,0,0
1925,MehrePahlavi_is,10,1,1,0,0,1,0,1,1,1,1,1,1,1
1926,Mehrnaz62R,5,1,0,0,0,1,0,0,0,1,1,0,0,1
1927,Mehrnaz65361902,8,1,1,0,0,0,1,0,1,1,1,1,1,0
1928,Mehrnegar88,2,0,1,0,0,0,0,0,0,0,0,1,0,0
1929,MehrnooshA75689,2,1,0,0,0,0,0,0,1,0,0,0,0,0
1930,MehrnooshGhorb3,9,1,1,0,0,1,0,1,1,1,1,1,0,1
1931,Mehrnoush09,9,1,1,0,0,1,1,1,1,1,1,1,0,0
1932,MehrnoushN777,1,0,1,0,0,0,0,0,0,0,0,0,0,0
1933,MehrpourAr75361,2,1,1,0,0,0,0,0,0,0,0,0,0,0
1934,Mehrshad618691,8,1,1,0,0,1,0,0,0,1,1,1,1,1
1935,MeirRudik,9,0,1,0,0,1,1,0,1,1,1,1,1,1
1936,Mekianje,2,1,0,0,0,0,0,0,0,0,0,1,0,0
1937,Melani18052417,9,1,0,0,0,1,0,1,1,1,1,1,1,1
1938,MelihaVf,4,1,1,0,0,0,0,0,0,0,1,1,0,0
1939,MelikaKI75,4,1,0,0,0,1,0,0,0,1,1,0,0,0
1940,MelinaRajaei,3,1,1,0,0,0,0,0,0,0,0,0,0,1
1941,Melinaaa2584,6,1,1,0,0,0,1,0,1,1,1,0,0,0
1942,MelindaYounan,1,1,0,0,0,0,0,0,0,0,0,0,0,0
1943,Melodie20162019,9,1,1,0,0,1,1,1,1,0,1,1,1,0
1944,MemarzadehMarya,4,1,1,0,0,0,0,1,0,1,0,0,0,0
1945,Menoosh2025,1,1,0,0,0,0,0,0,0,0,0,0,0,0
1946,Menzotwitty,2,0,1,0,0,0,0,0,0,0,0,0,0,1
1947,Meowepishin,1,1,0,0,0,0,0,0,0,0,0,0,0,0
1948,Meqiiiiii148448,1,1,0,0,0,0,0,0,0,0,0,0,0,0
1949,Meshkatt_Iranl,5,1,1,0,0,0,0,0,1,0,1,0,1,0
1950,MiRaSAsli,2,1,0,0,0,0,0,0,0,1,0,0,0,0
1951,MichaelHol78074,1,1,0,0,0,0,0,0,0,0,0,0,0,0
1952,Michaelmor38572,1,1,0,0,0,0,0,0,0,0,0,0,0,0
1953,MiguelS333366,2,1,0,0,0,1,0,0,0,0,0,0,0,0
1954,Miiizadi,5,1,1,0,0,0,0,1,0,1,0,1,0,0
1955,Miinnikaaa,9,1,1,0,0,1,0,1,1,1,1,1,0,1
1956,MikaelX4444,4,1,0,0,0,1,0,0,1,1,0,0,0,0
1957,MikeDel2000,1,0,1,0,0,0,0,0,0,0,0,0,0,0
1958,MikeKoroji,2,0,1,0,0,0,0,0,1,0,0,0,0,0
1959,Mikhak1983,3,1,0,0,0,1,1,0,0,0,0,0,0,0
1960, ,0,0,0,0,1,0,0,0,0,0,0,0,0,0
1961,MiladHasanvand,1,1,0,0,0,0,0,0,0,0,0,0,0,0
1962,Milanybof,3,1,1,0,0,1,0,0,0,0,0,0,0,0
1963,MilkWay01092891,4,0,1,0,0,0,0,0,1,0,0,1,1,0
1964,Millersarah90,3,1,0,0,0,0,0,0,0,0,0,1,0,1
1965,MiloThatch85,1,1,0,0,0,0,0,0,0,0,0,0,0,0
1966,MimOzlati,1,1,0,0,0,0,0,0,0,0,0,0,0,0
1967,Mima_mehr,6,0,1,0,0,1,1,0,1,1,0,0,0,1
1968,Mimi009821,0,0,0,0,1,0,0,0,0,0,0,0,0,0
1969,Mina199_34,3,1,0,0,0,1,0,0,0,0,0,0,1,0
1970,Mina22523168,1,1,0,0,0,0,0,0,0,0,0,0,0,0
1971,Mina2583,4,1,1,0,0,1,0,0,0,0,0,0,0,1
1972,MinaBebe7,1,0,1,0,0,0,0,0,0,0,0,0,0,0
1973,MinaMinaswiss,5,1,0,0,0,1,1,0,0,0,0,0,1,1
1974,MinaSadraei,6,1,1,1,1,0,0,1,1,1,0,0,0,1
1975,MinaTilbe8,5,1,1,0,0,0,0,0,1,1,1,0,0,0
1976,MinaYad1,6,0,1,0,0,1,0,0,0,1,0,1,1,1
1977,Mina__2022,4,1,0,0,0,0,1,0,0,1,1,0,0,0
1978,Minabm88,1,1,0,0,0,0,0,0,0,0,0,0,0,0
1979,MinaforShah,10,1,1,0,0,1,1,1,1,1,1,1,0,1
1980,MinaomidiX,1,0,1,0,0,0,0,0,0,0,0,0,0,0
1981,Minaquarts,1,1,0,0,0,0,0,0,0,0,0,0,0,0
1982,Minaz86395285,10,1,0,0,0,1,1,1,1,1,1,1,1,1
1983,Minoo84505724,4,0,1,0,0,0,0,0,0,0,0,1,1,1
1984,Minoovm6r,1,0,1,0,0,0,0,0,0,0,0,0,0,0
1985,MirHossein69710,2,1,1,0,0,0,0,0,0,0,0,0,0,0
1986,Miran2584,5,1,0,0,0,1,0,0,0,1,1,0,0,1
1987,Mirza_Ghasemi_,6,1,0,0,0,1,0,0,1,0,1,0,1,1
1988,MissVeronica007,2,1,0,0,0,0,0,0,0,0,0,0,1,0
1989,MissingNeutrino,4,1,1,0,0,1,0,0,0,1,0,0,0,0
1990,Miszsaraa,9,1,1,0,0,1,1,0,0,1,1,1,1,1
1991,Mit_tv1,1,1,0,0,0,0,0,0,0,0,0,0,0,0
1992,Mitra05050,8,1,1,0,0,1,1,1,0,0,0,1,1,1
1993,Mitra2010,2,1,1,0,0,0,0,0,0,0,0,0,0,0
1994,MitraIrani369,8,1,1,0,0,1,1,1,0,1,0,0,1,1
1995,MitraIrani87,1,0,1,0,0,0,0,0,0,0,0,0,0,0
1996,Mitra_was_here,4,1,1,0,0,1,1,0,0,0,0,0,0,0
1997,Mitsoden1991,5,1,1,0,0,0,0,0,1,1,0,0,1,0
1998,MjmMoghi,1,1,0,0,0,0,0,0,0,0,0,0,0,0
1999,MkXaFIQ5kC8yh9x,10,1,1,0,0,1,1,1,1,1,0,1,1,1
2000,Mkeee__,6,1,1,0,0,1,0,0,0,1,0,0,1,1
2001,Ml2a1997,6,1,0,0,0,1,0,0,1,1,1,0,0,1
2002,Mlk_058,1,0,1,0,0,0,0,0,0,0,0,0,0,0
2003,MmPi1371,6,1,1,0,0,0,1,1,1,1,0,0,0,0
2004,MmTtAa31,2,1,1,0,0,0,0,0,0,0,0,0,0,0
2005,Mmokhtari369,5,1,1,0,0,1,0,0,0,0,1,1,0,0
2006,Mms19403131,9,1,1,0,0,1,1,0,1,1,1,1,1,0
2007,MnTwmaj,1,1,0,0,0,0,0,0,0,0,0,0,0,0
2008,Mo85194707,7,1,1,0,0,1,1,0,0,0,1,1,1,0
2009,Mobarez_Sept,2,0,1,0,0,0,0,0,0,1,0,0,0,0
2010,MobiousC,2,0,0,0,1,1,0,0,1,0,0,0,0,0
2011,ModjtabaSa57790,2,0,1,0,0,0,0,0,0,0,0,0,0,1
2012,MoeinE95246,2,1,0,0,0,0,0,0,0,0,0,0,0,1
2013,MoeinrezaM,8,1,0,0,0,1,1,0,1,1,1,1,1,0
2014,MoezMuhamedReza,1,1,0,0,0,0,0,0,0,0,0,0,0,0
2015,Moh_sen8765,4,1,1,0,0,0,1,0,0,0,0,0,0,1
2016,Mohaddese9411,1,1,0,0,0,0,0,0,0,0,0,0,0,0
2017,MohajerArsalan,11,1,1,0,0,1,1,1,1,1,1,1,1,1
2018,MohamadGh281038,6,1,1,0,0,0,1,1,0,0,0,1,1,0
2019,MohamadSha16089,1,1,0,0,0,0,0,0,0,0,0,0,0,0
2020,MohamadTeimour1,7,0,1,0,0,0,0,1,1,1,1,0,1,1
2021,Mohamma54850286,11,1,1,0,0,1,1,1,1,1,1,1,1,1
2022,Mohamma58337440,1,1,0,0,0,0,0,0,0,0,0,0,0,0
2023,Mohammad1070460,2,1,0,0,0,1,0,0,0,0,0,0,0,0
2024,MohammadBa96598,5,1,1,0,0,0,0,0,0,0,0,1,1,1
2025,MohammadSTM1,5,0,1,0,0,0,1,1,0,1,0,1,0,0
2026,Mohammadbzk,2,1,1,0,0,0,0,0,0,0,0,0,0,0
2027,Mohammadprog13,2,1,1,0,0,0,0,0,0,0,0,0,0,0
2028,Mohammadso87119,3,1,0,0,0,0,0,1,0,1,0,0,0,0
2029,Mohi96859598,5,1,0,0,0,0,0,0,1,1,0,1,1,0
2030,MohiGhN,3,1,0,0,0,0,0,0,1,0,0,0,1,0
2031,Mohsen11872185,9,1,1,0,0,1,1,1,1,1,1,1,0,0
2032,Mohsen503737867,2,1,1,0,0,0,0,0,0,0,0,0,0,0
2033,Mohsen88995241,9,1,1,0,0,1,1,0,1,1,1,0,1,1
2034,MohsenFazli5,4,1,1,0,0,0,0,0,0,1,0,0,0,1
2035,Mohsen_Ariai,5,1,1,0,0,1,0,1,0,0,0,0,0,1
2036,Moineaudujardin,1,1,0,0,0,0,0,0,0,0,0,0,0,0
2037,Moj8193,1,1,0,0,0,0,0,0,0,0,0,0,0,0
2038,MojganSa2002,10,1,1,0,0,1,0,1,1,1,1,1,1,1
2039,Mojgan_00,1,1,0,0,0,0,0,0,0,0,0,0,0,0
2040,Mojganbanoo11,6,1,1,0,0,1,0,0,0,1,1,1,0,0
2041,Mojgansami47,1,1,0,0,0,0,0,0,0,0,0,0,0,0
2042,Moji8bd,3,1,1,0,0,0,0,0,0,0,0,0,0,1
2043, ,0,0,0,1,0,0,0,0,0,0,0,0,0,0
2044,Mojtaba_Ariyayi,3,1,0,0,0,0,0,0,0,1,0,0,1,0
2045,Mojtabahassa,7,1,0,0,0,0,1,1,1,0,1,1,1,0
2046,Mojzwqn,4,1,0,0,0,1,0,0,0,1,0,1,0,0
2047,MokhtariVida,2,0,1,0,0,1,0,0,0,0,0,0,0,0
2048,MoltenCore00,1,0,1,0,0,0,0,0,0,0,0,0,0,0
2049,Mona20211013,4,1,1,0,0,0,1,0,0,1,0,0,0,0
2050,Mona6aq4,7,1,0,0,0,1,1,0,1,1,1,0,0,1
2051,MonaFM7,1,0,1,0,0,0,0,0,0,0,0,0,0,0
2052,Monalisa9355,4,1,0,0,0,1,1,0,1,0,0,0,0,0
2053,Monapersian,1,0,1,0,0,0,0,0,0,0,0,0,0,0
2054,MonarchyGuard,3,1,0,0,0,0,0,0,0,1,0,0,0,1
2055,MonicaGellerOnX,6,1,0,0,0,0,0,1,1,1,1,1,0,0
2056,Mononokehim2,1,1,0,0,0,0,0,0,0,0,0,0,0,0
2057,Moon1Masha,1,1,0,0,0,0,0,0,0,0,0,0,0,0
2058,Moon_light2500,8,1,0,0,0,1,1,0,1,1,1,1,0,1
2059,MoradIrani02,8,1,1,0,0,1,1,1,0,0,1,1,0,1
2060,MoradiMonier,9,1,1,0,0,1,1,1,1,1,0,1,0,1
2061,Morgennikan,2,1,0,0,0,0,0,0,0,1,0,0,0,0
2062,Mori03091757,3,1,0,0,0,0,0,0,1,0,0,0,1,0
2063,Moriarty_liyam,1,1,0,0,0,0,0,0,0,0,0,0,0,0
2064,Morts21874245,2,1,0,0,0,0,0,0,0,1,0,0,0,0
2065,Morvarid1255231,2,1,1,0,0,0,0,0,0,0,0,0,0,0
2066,Moshtaba6061,2,1,1,0,0,0,0,0,0,0,0,0,0,0
2067,MotahariNo9060,1,1,0,0,0,0,0,0,0,0,0,0,0,0
2068,Mountimous,1,0,1,0,0,0,0,0,0,0,0,0,0,0
2069,Mozez_22,4,1,0,0,0,0,0,0,0,1,0,1,0,1
2070,Mozhgannzi,1,1,0,0,0,0,0,0,0,0,0,0,0,0
2071,Mozhi447382,2,1,0,0,0,1,0,0,0,0,0,0,0,0
2072,Mozho_M,9,1,0,0,0,1,1,0,1,1,1,1,1,1
2073,Mr22Solo,1,0,1,0,0,0,0,0,0,0,0,0,0,0
2074,MrBooari,9,1,1,0,0,1,0,0,1,1,1,1,1,1
2075,MrJamesKingdom2,10,1,1,0,0,1,1,0,1,1,1,1,1,1
2076,MrNoobii,2,0,1,0,0,0,0,0,1,0,0,0,0,0
2077,MrXYZ1111,5,1,1,0,0,1,0,0,0,1,0,1,0,0
2078,MrsCoffeeBean2,7,1,0,0,0,1,1,0,1,1,1,0,1,0
2079,MrsSana21,1,1,0,0,0,0,0,0,0,0,0,0,0,0
2080,Mrsmarkopolo,4,1,0,0,0,0,0,0,1,1,0,0,0,1
2081,Mrsmimam,2,1,0,0,0,0,0,0,0,1,0,0,0,0
2082,Ms_Mosar,2,1,0,0,0,0,0,0,0,1,0,0,0,0
2083,Ms_Tubman,2,0,1,0,0,0,0,0,0,0,0,0,1,0
2084,MsnKhz,5,0,1,0,0,1,0,1,0,1,0,0,1,0
2085,Msoltan90,4,0,1,0,0,1,1,0,0,0,0,1,0,0
2086,MstFreedom,1,1,0,0,1,0,0,0,0,0,0,0,0,0
2087,MsvPedram,4,0,1,0,0,0,0,0,0,1,0,1,0,1
2088,MujeebR95195794,3,1,0,0,0,0,1,0,0,1,0,0,0,0
2089,Mumanjoonl,1,0,1,0,0,0,0,0,0,0,0,0,0,0
2090,Murattland,10,1,1,0,0,1,1,1,1,1,1,1,0,1
2091,MusaHoseini1361,2,1,0,0,0,0,0,0,0,0,0,0,1,0
2092,My_intentionsme,2,1,0,0,0,0,0,0,0,1,0,0,0,0
2093,MysaluteS,4,0,1,0,0,1,0,0,1,1,0,0,0,0
2094,Mzsh994,1,0,1,0,0,0,0,0,0,0,0,0,0,0
2095,N0tKn0wM3,2,0,1,0,0,0,0,0,0,1,0,0,0,0
2096,N19331828,4,1,0,0,0,1,1,0,0,0,0,0,1,0
2097,N433574N,2,1,0,0,0,1,0,0,0,0,0,0,0,0
2098,N4Khjir,4,1,0,0,0,1,1,0,0,0,0,1,0,0
2099,NB28912709,5,1,1,0,0,1,0,0,0,0,0,0,1,1
2100,NCowards,2,1,0,0,0,0,0,1,0,0,0,0,0,0
2101,NDSGI,1,1,0,0,0,0,0,0,0,0,0,0,0,0
2102,NEDA_Ca,4,1,1,0,0,1,0,0,0,1,0,0,0,0
2103,NEIZAR1398,8,1,1,0,0,0,1,0,0,1,1,1,1,1
2104,NFI_OUT_PLS,7,1,1,0,0,1,0,0,1,1,1,0,0,1
2105,NFreeIran2022,5,1,0,0,0,1,0,0,0,1,0,1,0,1
2106,NKYcoo,1,1,0,0,0,0,0,0,0,0,0,0,0,0
2107,NNavaii,1,1,0,0,0,0,0,0,0,0,0,0,0,0
2108,NOOSHA_2020,4,1,0,0,0,0,1,0,1,1,0,0,0,0
2109,NR2669317454052,3,1,1,0,0,0,0,0,0,0,0,0,1,0
2110,NWP4IR,6,1,1,0,0,1,0,0,1,0,0,0,1,1
2111,N_Farahmand2001,1,1,0,0,0,0,0,0,0,0,0,0,0,0
2112,N_JR80,1,0,1,0,0,0,0,0,0,0,0,0,0,0
2113,N_the_wall,4,1,0,0,0,1,0,0,0,1,1,0,0,0
2114,Na_Jahani,7,1,1,0,0,1,0,0,1,1,0,1,1,0
2115,Nader42484360,1,0,1,0,0,0,0,0,0,0,0,0,0,0
2116,NadiaJafroodi,1,0,1,0,0,0,0,0,0,0,0,0,0,0
2117,Nafas415947,5,1,0,0,0,0,0,0,1,1,1,1,0,0
2118,NaggingNoob,8,1,1,0,0,1,0,0,1,1,1,1,1,0
2119,NaghmeL,3,0,1,0,0,0,0,0,0,0,1,1,0,0
2120,Naghmeh67625044,3,1,0,0,0,0,1,0,1,0,0,0,0,0
2121,NaghsheRah4Iran,8,1,1,0,0,0,0,1,1,1,1,1,1,0
2122,Nahalida1,3,1,1,0,0,0,0,0,0,1,0,0,0,0
2123,Nahid13601357,1,0,1,0,0,0,0,0,0,0,0,0,0,0
2124,NahidAzad88,9,1,1,0,0,1,1,1,1,1,0,0,1,1
2125,Nakta_T,1,1,0,0,0,0,0,0,0,0,0,0,0,0
2126,NameLessVector,2,0,1,0,0,0,0,0,0,1,0,0,0,0
2127,Namesis37451073,4,1,1,0,0,0,0,0,0,1,0,1,0,0
2128,Nana27652181,4,1,0,0,0,1,0,0,1,1,0,0,0,0
2129,Nancysm68696930,6,1,0,0,0,1,0,0,1,1,1,1,0,0
2130,NapelOn_daii,4,1,0,0,0,0,0,0,1,1,0,0,0,1
2131,NaraJokar,10,1,1,0,0,1,1,1,1,1,1,1,1,0
2132,Narciss06615487,4,1,0,0,0,1,1,0,0,1,0,0,0,0
2133,NargesFaxs,3,1,0,0,0,1,0,0,0,0,0,0,1,0
2134,NargesJalalian,1,0,1,0,0,0,0,0,0,0,0,0,0,0
2135,NargesKiya34516,6,0,1,0,0,0,0,0,0,1,1,1,1,1
2136,Nargesjala2995,5,1,0,0,0,0,0,0,1,1,0,1,1,0
2137,Nariman5656,3,0,1,0,0,0,1,0,0,1,0,0,0,0
2138,Nariman_h36,1,1,0,0,0,0,0,0,0,0,0,0,0,0
2139,Narimans8,1,0,1,0,0,0,0,0,0,0,0,0,0,0
2140,Nariya307,10,1,1,0,0,1,1,1,1,1,1,1,1,0
2141,Nartimisis,1,0,1,0,0,0,0,0,0,0,0,0,0,0
2142,Narvan__,1,1,0,0,0,0,0,0,0,0,0,0,0,0
2143,Nas29468791,1,0,1,0,0,0,0,0,0,0,0,0,0,0
2144,NasShahi,2,0,1,0,0,1,0,0,0,0,0,0,0,0
2145,Nas_Charly,4,1,0,0,0,1,0,0,0,0,1,1,0,0
2146,NaserAgazade,1,0,1,0,0,0,0,0,0,0,0,0,0,0
2147,NasiRahel,10,1,1,0,0,1,1,0,1,1,1,1,1,1
2148,Nasiiiim183160,8,1,1,0,0,0,0,0,1,1,1,1,1,1
2149,NasimSahari91,2,1,0,0,0,0,0,0,0,1,0,0,0,0
2150,NasimZabihi,2,1,0,0,0,0,0,1,0,0,0,0,0,0
2151,Nasimfar2022,5,1,0,0,0,1,0,0,0,1,0,1,0,1
2152,Nasimforiran,6,1,0,0,0,0,1,0,1,1,1,0,1,0
2153,Nasrin63467831,2,1,1,0,0,0,0,0,0,0,0,0,0,0
2154,NasrinNiki,2,0,1,0,0,0,0,0,0,1,0,0,0,0
2155,Nasrinav,5,1,1,0,0,1,0,0,1,0,0,0,1,0
2156,Nasrinrose1,3,1,0,0,0,1,0,0,0,1,0,0,0,0
2157,NastaranJef,3,0,1,0,0,1,0,0,0,0,0,0,0,1
2158,NathanAJafari,1,1,0,0,0,0,0,0,0,0,0,0,0,0
2159,Nationalism000,6,1,0,0,0,1,1,0,1,0,0,1,1,0
2160,NavaNZendegi,1,0,1,0,0,0,0,0,0,0,0,0,0,0
2161,Navan649712,1,1,0,0,0,0,0,0,0,0,0,0,0,0
2162,Navid34752310,8,1,1,0,0,1,1,1,1,1,1,0,0,0
2163,Navid573646,1,0,1,0,0,0,0,0,0,0,0,0,0,0
2164,Navid701z,2,1,0,0,0,0,0,0,0,0,0,0,0,1
2165,NavidIran56,4,1,0,0,0,1,0,0,1,1,0,0,0,0
2166,NavidNamju,2,1,1,0,0,0,0,0,0,0,0,0,0,0
2167,Navid_______,1,1,0,0,0,0,0,0,0,0,0,0,0,0
2168,NayaRazavi,4,0,1,0,0,1,1,1,0,0,0,0,0,0
2169,NazParmida,5,1,1,0,0,0,0,1,0,1,0,0,1,0
2170,NazakTavakoli1,7,1,1,0,0,1,0,0,0,1,1,1,0,1
2171,Nazanin2553,2,1,1,0,0,0,0,0,0,0,0,0,0,0
2172,Nazanin_G,4,1,0,0,0,1,1,0,0,0,0,1,0,0
2173,Nazanine_Iran,11,1,1,0,0,1,1,1,1,1,1,1,1,1
2174,Nazi_Mad,5,1,0,0,0,0,1,0,1,0,1,0,1,0
2175,NazilaMosayebi,4,0,1,0,0,1,1,0,0,0,0,1,0,0
2176,Nazy1351,3,1,0,0,1,1,0,0,1,0,0,0,0,0
2177,NbyTayy,4,1,0,0,0,0,0,0,1,0,1,1,0,0
2178,Nda94685060,2,1,1,0,0,0,0,0,0,0,0,0,0,0
2179,Neda73Neda,2,1,1,0,0,0,0,0,0,0,0,0,0,0
2180,NedaSdp,2,1,1,0,0,0,0,0,0,0,0,0,0,0
2181,Neda_5156,9,1,1,0,1,1,0,0,1,1,1,1,1,1
2182,Neda_8222,9,1,1,0,0,0,1,1,1,1,0,1,1,1
2183,Neda_Kyokushin,7,1,1,0,0,1,0,1,1,1,0,0,0,1
2184,Neda_m84,1,1,0,1,0,0,0,0,0,0,0,0,0,0
2185,NedayAzadiFarda,3,0,1,0,0,0,0,1,0,0,0,1,0,0
2186,NedzzoneGM,10,1,1,0,0,1,1,1,1,1,1,1,1,0
2187,NedzzoneXR,9,1,1,0,1,1,1,1,1,1,0,1,0,1
2188,NeekKerdar,5,1,0,0,0,0,0,0,1,1,1,1,0,0
2189,Negar17008770,3,1,1,0,0,0,0,0,0,0,0,1,0,0
2190,Negaram64019,2,1,0,0,0,0,1,0,0,0,0,0,0,0
2191,Negarfrozan2,3,1,1,0,0,0,0,0,0,0,0,0,0,1
2192,Negarrss,1,1,0,0,0,0,0,0,0,0,0,0,0,0
2193,Negarsbz,5,1,1,0,0,0,1,0,1,1,0,0,0,0
2194,NegeenJoya,4,1,0,0,0,0,0,0,1,0,1,0,1,0
2195,NeginNegin17,1,1,0,0,0,0,0,0,0,0,0,0,0,0
2196,NeginVlm,2,1,1,0,0,0,0,0,0,0,0,0,0,0
2197,Nehir11906409,8,1,1,0,0,1,1,1,1,1,1,0,0,0
2198,NelaZNela,11,1,1,0,0,1,1,1,1,1,1,1,1,1
2199,NemidooneP,6,1,1,0,0,1,0,0,1,1,0,1,0,0
2200,Nemotantumiran,1,0,1,0,0,0,0,0,0,0,0,0,0,0
2201,NeoPadshah,3,1,1,0,0,0,0,0,0,0,0,0,0,1
2202,Nettapms,1,0,1,0,0,0,0,0,0,0,0,0,0,0
2203,Neveragain4Iran,3,1,1,0,0,0,0,0,0,0,0,0,1,0
2204,NgsHosseini,1,1,0,0,0,0,0,0,0,0,0,0,0,0
2205,NiamoNiamo1,11,1,1,0,0,1,1,1,1,1,1,1,1,1
2206,Niavaran_Queen,7,1,1,0,0,1,0,0,1,1,0,0,1,1
2207,Niazf19,3,1,0,0,0,1,0,0,0,1,0,0,0,0
2208,Nicafard,1,0,1,0,0,0,0,0,0,0,0,0,0,0
2209,Nickinmnm,6,0,1,0,0,0,0,0,1,1,0,1,1,1
2210,Nighty2nw,4,1,1,0,0,0,0,0,0,0,0,1,1,0
2211,Nik2Sid,8,1,1,0,0,1,0,0,1,1,0,1,1,1
2212,NikaShakarame,8,1,1,0,0,1,1,1,0,1,1,0,0,1
2213,Nikamhd,4,1,0,0,0,0,0,0,0,1,0,1,0,1
2214,Nikashakaramy,1,0,1,0,0,0,0,0,0,0,0,0,0,0
2215,Nikazadi,3,1,0,0,0,0,0,1,0,1,0,0,0,0
2216,Niki26alfa,5,1,0,0,0,1,1,0,1,1,0,0,0,0
2217,Niki71171,5,1,1,0,0,1,0,0,1,1,0,0,0,0
2218,Niki741386,2,1,0,0,0,0,0,0,0,1,0,0,0,0
2219,NikiFox20000,2,1,0,0,0,0,0,0,0,0,0,0,0,1
2220,NikiPatriot,8,1,1,0,0,1,1,0,1,1,0,0,1,1
2221,Nikitlef,5,1,0,0,0,1,1,1,0,0,0,0,0,1
2222,NikkarMelika,6,1,0,0,0,1,0,0,1,0,1,1,0,1
2223,Nikseresht4185,1,0,1,0,0,0,0,0,0,0,0,0,0,0
2224,NikunamMohammad,6,1,1,0,0,1,0,0,0,0,0,1,1,1
2225,Nila_Lts,2,1,0,0,0,0,1,0,0,0,0,0,0,0
2226,NilloofarAbi,8,1,1,0,0,1,0,0,1,1,1,1,1,0
2227,Nilnilinilo,3,1,1,0,0,1,0,0,0,0,0,0,0,0
2228,Nilo42727265,5,1,0,0,0,1,0,0,0,0,1,1,1,0
2229,Niloofarhk,1,1,0,0,0,0,0,0,0,0,0,0,0,0
2230,Niloufarrezvani,7,1,1,0,0,0,0,0,1,1,1,1,1,0
2231,Nim1855414,5,1,1,0,0,1,0,1,0,1,0,0,0,0
2232,Nima26919,6,0,1,0,0,1,0,1,0,1,0,1,1,0
2233,NimaZamani1986,1,1,0,0,0,0,0,0,0,0,0,0,0,0
2234,NinaIran90,7,0,1,0,0,0,1,1,0,1,0,1,1,1
2235,NinaToobaei,2,1,0,0,0,1,0,0,0,0,0,0,0,0
2236,Nina_Ps86,4,0,1,0,0,1,0,0,0,1,0,1,0,0
2237,Ninasdother,5,1,1,0,0,1,0,0,0,1,0,0,1,0
2238,Ninja_2584,9,1,1,0,0,1,1,1,0,1,0,1,1,1
2239,Niran_3015,1,1,0,0,0,0,0,0,0,0,0,0,0,0
2240,Nirvana_Victory,4,1,0,0,0,1,0,0,0,0,1,0,0,1
2241,NishfaShah,1,0,1,0,0,0,0,0,0,0,0,0,0,0
2242,Nitizen_27,11,1,1,0,0,1,1,1,1,1,1,1,1,1
2243,NixonAva26,2,1,0,0,0,0,0,0,0,1,0,0,0,0
2244,Nmnm202223,1,0,1,0,0,0,0,0,0,0,0,0,0,0
2245,Nninalp,1,0,1,0,0,0,0,0,0,0,0,0,0,0
2246,No2IR_Rejime,4,0,1,0,0,1,0,0,0,0,0,1,0,1
2247,NoChoiceButWin,1,1,0,0,0,0,0,0,0,0,0,0,0,0
2248,NoMihed66,6,1,1,0,0,1,0,0,1,1,0,0,1,0
2249,NoQuietLeft,1,0,1,0,0,0,0,0,0,0,0,0,0,0
2250,NoWok_Pahlavist,5,0,1,0,0,0,0,0,0,1,1,1,1,0
2251,Nobodychkas,1,0,1,0,0,0,0,0,0,0,0,0,0,0
2252,Nobodyy888,3,1,1,0,0,1,0,0,0,0,0,0,0,0
2253,Noooriirani,1,0,1,0,0,0,0,0,0,0,0,0,0,0
2254,Noor14011401,1,0,1,0,0,0,0,0,0,0,0,0,0,0
2255,NoorAba12752428,5,1,1,0,0,1,0,0,1,0,1,0,0,0
2256,Noor_vatan86,3,1,0,0,0,1,0,0,0,0,0,0,1,0
2257,Noorina393561,2,1,1,0,0,0,0,0,0,0,0,0,0,0
2258,Noorpaydar,2,1,1,0,0,0,0,0,0,0,0,0,0,0
2259,Norbartariki,1,1,0,0,0,0,0,0,0,0,0,0,0,0
2260,Norouzali,3,1,0,0,0,0,0,0,1,0,0,0,1,0
2261,Norwood11394726,2,1,1,0,0,0,0,0,0,0,0,0,0,0
2262,NotExisted007,7,1,0,0,0,1,1,0,1,0,1,1,1,0
2263,Nouraaaad95,1,1,0,0,0,0,0,0,0,0,0,0,0,0
2264,Noush84,5,1,0,0,0,1,0,0,1,0,1,0,1,0
2265,NoushaEshghi,5,1,1,0,0,1,0,1,0,1,0,0,0,0
2266,Nova73895266,3,1,1,0,0,0,0,0,0,0,0,0,1,0
2267,NowOrNever_SW8,5,1,0,0,0,0,0,1,0,1,1,0,0,1
2268,Nulll33,5,1,1,0,0,1,1,0,0,1,0,0,0,0
2269,Nunu_Irani,4,1,0,0,0,1,0,0,1,0,1,0,0,0
2270,Nur70602011,5,1,0,0,0,1,0,0,0,1,0,1,1,0
2271,Nushin76643881,2,1,0,0,0,0,0,0,0,1,0,0,0,0
2272,NwdhrS82772,1,0,1,0,0,0,0,0,0,0,0,0,0,0
2273,Nymeria1231,9,1,1,0,0,1,0,1,1,1,1,0,1,1
2274,NzParishad,1,0,1,0,0,0,0,0,0,0,0,0,0,0
2275,ODINiiius,8,1,1,0,0,1,1,0,0,1,0,1,1,1
2276,Oasis322652,3,1,0,0,0,0,1,0,0,1,0,0,0,0
2277,OfficialAraXsh,1,1,0,0,0,0,0,0,0,0,0,0,0,0
2278,OkjaRonan,4,1,1,0,0,0,0,0,1,0,1,0,0,0
2279,Oksana_Wise2,3,1,1,0,0,1,0,0,0,0,0,0,0,0
2280,OlgaI98425,6,1,0,0,0,1,0,0,1,0,1,1,1,0
2281,OliviaPopeCA,2,1,0,0,0,1,0,0,0,0,0,0,0,0
2282,Omid3ds,2,0,1,0,0,0,0,0,0,1,0,0,0,0
2283,OmidNayebi,10,1,1,0,0,1,1,0,1,1,1,1,1,1
2284,OmidNia9knc,5,1,0,0,0,1,0,0,0,1,0,1,0,1
2285,Omidso8261,1,0,1,0,0,0,0,0,0,0,0,0,0,0
2286,Ommoji19,3,1,0,0,0,1,1,0,0,0,0,0,0,0
2287,OneRace98,10,1,1,0,0,1,1,1,1,1,1,1,1,0
2288,OngefilterdIran,1,1,0,0,0,0,0,0,0,0,0,0,0,0
2289,Ooni_ke_rafte,3,0,1,0,0,0,0,0,0,1,0,0,0,1
2290,OpheliaNoahElly,3,1,1,0,0,0,0,0,1,0,0,0,0,0
2291,OppermanLouis,1,0,1,0,0,0,0,0,0,0,0,0,0,0
2292,Orahmadivafa,2,0,1,0,0,0,0,0,0,1,0,0,0,0
2293,OrangeKenjii,2,1,0,0,0,0,0,0,1,0,0,0,0,0
2294,OroadAshk13,2,1,1,0,0,0,0,0,0,0,0,0,0,0
2295,Ortify,1,1,0,0,0,0,0,0,0,0,0,0,0,0
2296,OsloFF,1,1,0,0,1,0,0,0,0,0,0,0,0,0
2297,Overthrower_,1,1,0,0,0,0,0,0,0,0,0,0,0,0
2298,Oy4PyIRANAZAD,3,1,0,0,0,0,0,1,0,0,0,1,0,0
2299,Ozan202042960,3,0,1,0,0,1,0,0,0,0,1,0,0,0
2300,OzerNazlii,6,1,1,0,0,1,1,1,0,0,1,0,0,0
2301,PAHLAVIONLY,1,1,0,0,0,0,0,0,0,0,0,0,0,0
2302,PE99316626,1,0,1,0,0,0,0,0,0,0,0,0,0,0
2303,PHOENIX2581IRAN,8,1,1,0,0,1,1,0,1,1,1,0,1,0
2304,PHmosbat,1,1,0,0,0,0,0,0,0,0,0,0,0,0
2305,PIRUZBAKHT,6,1,1,0,0,1,0,1,0,1,1,0,0,0
2306,PISHIX_MOBAREZ,1,1,0,0,0,0,0,0,0,0,0,0,0,0
2307,PMprez100,7,1,1,0,0,1,0,0,1,1,1,0,1,0
2308,PNN4547,4,1,0,0,0,1,0,0,1,0,0,0,1,0
2309,POYRAZ238789,3,1,1,0,0,1,0,0,0,0,0,0,0,0
2310,PS_VITA_2011,3,0,1,0,0,0,0,0,1,0,0,0,1,0
2311,PShyrkhanlw,1,1,0,0,0,0,0,0,0,0,0,0,0,0
2312,PTruth6382316,5,1,1,0,0,1,0,0,1,1,0,0,0,0
2313,P_hach777,5,1,1,0,0,1,0,0,1,1,0,0,0,0
2314,Paadsun,0,0,0,1,0,0,0,0,0,0,0,0,0,0
2315,PademanPMP,3,1,0,0,0,0,0,0,0,0,0,1,1,0
2316,Padiz_sard,3,1,0,0,0,1,0,0,0,0,0,0,0,1
2317,Pahlavi03,9,1,1,0,0,1,0,0,1,1,1,1,1,1
2318,Pahlavi1371,4,0,1,0,0,1,0,0,0,1,0,1,0,0
2319,Pahlavi433726,8,1,1,0,0,1,1,0,0,1,0,1,1,1
2320,Pahlavi4Persia,4,1,0,0,0,1,1,0,1,0,0,0,0,0
2321,PahlaviComms,8,1,0,0,0,1,0,0,1,1,1,1,1,1
2322,PahlaviKing3Fan,1,1,0,0,0,0,0,0,0,0,0,0,0,0
2323,PahlaviMediaObs,4,1,0,0,0,0,0,0,1,0,1,0,1,0
2324,Pahlavi_Rising,7,1,1,0,0,1,0,1,1,0,1,0,1,0
2325,Pahlavilovers,9,1,1,0,0,1,0,1,1,1,1,1,1,0
2326,Pahlavishahh,4,1,1,0,0,0,0,0,0,0,0,0,1,1
2327,Pahlavist091339,9,1,1,0,1,1,1,0,1,0,1,1,1,1
2328,Pahlchi,4,0,1,0,0,1,0,0,0,1,0,1,0,0
2329,Pallid_Bone,2,1,1,0,0,0,0,0,0,0,0,0,0,0
2330,PanahRealty,1,1,0,0,0,0,0,0,0,0,0,0,0,0
2331,Panahi00,0,0,0,0,1,0,0,0,0,0,0,0,0,0
2332,PanteaArteshb0d,2,1,0,0,0,1,0,0,0,0,0,0,0,0
2333,PanteaPatriot,11,1,1,0,0,1,1,1,1,1,1,1,1,1
2334,PanteaPeyvandi,6,0,1,0,0,0,0,0,1,1,1,1,1,0
2335,PantheaSadeqi,4,0,1,0,0,1,0,0,0,1,0,0,0,1
2336,Pany9c,4,1,0,0,0,0,0,0,1,1,1,0,0,0
2337,Papagol4,1,1,0,0,0,0,0,0,0,0,0,0,0,0
2338,Papar9000Papar,3,0,1,0,0,0,0,0,0,1,0,0,0,1
2339,Papillonnzc,7,1,1,0,0,0,0,0,0,1,1,1,1,1
2340,ParSimorgh,4,0,1,0,0,0,0,0,1,1,0,0,0,1
2341,Paradis03791669,3,1,1,0,0,0,0,0,0,1,0,0,0,0
2342,ParadoxIgo,9,1,1,0,0,1,1,0,1,0,1,1,1,1
2343,Parand65281437,9,1,1,0,0,1,0,0,1,1,1,1,1,1
2344,Paras9d,4,0,1,0,0,0,0,0,0,0,0,1,1,1
2345,Paraste127414,9,1,1,0,0,1,1,0,1,1,0,1,1,1
2346,PardisIrani,5,1,1,0,0,1,0,0,0,1,0,0,1,0
2347,ParhamShafiei,10,1,1,0,0,1,1,1,1,1,1,1,0,1
2348,PariDariaei,1,1,0,0,0,0,0,0,0,0,0,0,0,0
2349,Pari_see,1,0,1,0,0,0,0,0,0,0,0,0,0,0
2350,Pariii1987,9,1,0,0,0,1,1,1,1,1,0,1,1,1
2351,Parinaz_ETSM,1,1,0,0,0,0,0,0,0,0,0,0,0,0
2352,Parisa4iu1,6,1,1,0,0,1,1,0,0,1,1,0,0,0
2353,ParisaArdam,8,1,0,0,0,1,1,0,1,1,1,1,1,0
2354,ParisaMCanada,2,1,0,0,0,0,0,0,1,0,0,0,0,0
2355,ParisaOhara1,2,1,0,0,0,1,0,0,0,0,0,0,0,0
2356,ParisaSaid,3,1,0,0,0,1,0,0,0,0,0,1,0,0
2357,Pariss555,1,0,1,0,0,0,0,0,0,0,0,0,0,0
2358,ParissaHN,1,0,1,0,0,0,0,0,0,0,0,0,0,0
2359,ParsShir,10,1,1,0,0,0,1,1,1,1,1,1,1,1
2360,ParsaIranfar,11,1,1,0,0,1,1,1,1,1,1,1,1,1
2361,ParsaRozaa,2,0,1,0,0,0,0,0,0,1,0,0,0,0
2362,ParsaSirin23882,11,1,1,0,0,1,1,1,1,1,1,1,1,1
2363,Parsadlh,2,0,1,0,0,0,0,0,0,1,0,0,0,0
2364,ParsehShaboone,2,1,0,0,0,0,1,0,0,0,0,0,0,0
2365,ParsiCamellia,1,0,1,0,0,0,0,0,0,0,0,0,0,0
2366,Parsiha,1,1,0,0,0,0,0,0,0,0,0,0,0,0
2367,Parto2023,4,1,0,0,0,1,0,0,0,1,0,0,0,1
2368,ParvanehAV,2,1,0,0,0,1,0,0,0,0,0,0,0,0
2369,ParvanehRostam2,3,1,1,0,0,0,0,0,0,1,0,0,0,0
2370,Parvazavazsx4,8,1,1,0,0,0,0,1,1,1,1,0,1,1
2371,ParyaSummer,6,1,1,0,0,0,1,0,1,0,0,1,0,1
2372,Pasargadae_Gen,2,1,1,0,0,0,0,0,0,0,0,0,0,0
2373,Pashmak2026,2,0,1,0,0,0,0,1,0,0,0,0,0,0
2374,PatriotKamii,3,1,0,0,0,0,0,0,1,0,1,0,0,0
2375,PatriotPersian,3,1,0,0,0,1,0,0,0,0,1,0,0,0
2376,Patriotgraphy,1,0,1,0,0,0,0,0,0,0,0,0,0,0
2377,Patriotic_1404,3,1,0,0,0,0,0,0,0,0,1,1,0,0
2378,PayamOnePiece,3,0,1,0,0,1,0,0,1,0,0,0,0,0
2379,PayandeIranema,3,1,0,0,0,1,0,0,0,0,1,0,0,0
2380,Peacefornow2022,1,1,0,0,0,0,0,0,0,0,0,0,0,0
2381,Pedipaya,8,1,1,0,0,1,1,0,0,1,1,0,1,1
2382,Pedram172680,3,1,1,0,0,0,0,0,0,0,1,0,0,0
2383,Pedram_2550_,1,0,1,0,0,0,0,0,0,0,0,0,0,0
2384,Pedram_Arch,3,1,0,0,1,0,0,0,0,0,0,1,1,0
2385,Pegah9473,5,1,1,0,0,0,0,0,0,1,0,1,0,1
2386,PegahYazdan,4,0,1,0,0,0,0,0,1,1,0,1,0,0
2387,PegiNegi,7,1,1,0,0,0,0,1,0,1,1,1,0,1
2388,Pejman62090766,6,0,1,0,0,1,1,0,0,1,1,0,0,1
2389,Pendar1655220,5,1,1,0,0,0,0,0,0,1,0,1,1,0
2390,Pennyazari,1,1,0,0,0,0,0,0,0,0,0,0,0,0
2391,Perianxx,5,1,0,0,0,0,0,0,1,1,1,0,1,0
2392,Perlas1hm,6,0,1,0,0,0,1,0,0,1,1,1,1,0
2393,Perser6166,4,1,1,0,0,1,0,0,0,0,0,1,0,0
2394,Persia1304,4,1,0,0,0,0,0,0,0,1,0,1,1,0
2395,PersiaBird,5,1,0,0,0,1,0,0,0,1,0,1,1,0
2396,PersiaDignity2,3,1,1,0,0,1,0,0,0,0,0,0,0,0
2397,PersiaKami,8,1,0,0,0,1,1,0,1,0,1,1,1,1
2398,PersiaMAGA,1,1,0,0,0,0,0,0,0,0,0,0,0,0
2399,PersiaMonarchy,10,1,1,0,0,1,1,0,1,1,1,1,1,1
2400,PersiaPeople_,1,1,0,0,0,0,0,0,0,0,0,0,0,0
2401,Persia__Iran,10,1,1,0,0,1,1,0,1,1,1,1,1,1
2402,Persian3Hero,1,0,1,0,0,0,0,0,0,0,0,0,0,0
2403,Persian436890,5,0,1,0,0,0,0,0,0,1,0,1,1,1
2404,Persian63678616,9,1,1,0,0,1,0,0,1,1,1,1,1,1
2405,PersianEuler_,1,1,0,0,0,0,0,0,0,0,0,0,0,0
2406,PersianFuriosa,9,1,1,0,0,1,0,1,0,1,1,1,1,1
2407,PersianG38804,1,1,0,0,0,0,0,0,0,0,0,0,0,0
2408,PersianGangster,1,1,0,0,0,0,0,0,0,0,0,0,0,0
2409,PersianGirlPro,9,1,1,0,0,1,0,0,1,1,1,1,1,1
2410,PersianGod1378,9,1,1,0,0,1,0,1,1,1,1,0,1,1
2411,PersianGulf2568,1,1,0,0,0,0,0,0,0,0,0,0,0,0
2412,PersianGulfGard,8,1,1,0,0,1,1,1,1,1,0,0,1,0
2413,PersianImmorta4,10,1,1,0,0,1,0,1,1,1,1,1,1,1
2414,PersianJigsaw,5,1,0,0,0,0,0,1,1,1,0,0,1,0
2415,PersianL24627,3,1,0,0,0,0,0,0,0,1,0,1,0,0
2416,PersianLady401,4,1,0,0,0,1,0,0,0,0,0,0,1,1
2417,PersianLionTX,2,0,1,0,0,0,0,0,0,1,0,0,0,0
2418,PersianNili,8,1,1,0,0,1,1,1,0,1,1,0,1,0
2419,PersianOCat,1,1,0,0,0,0,0,0,0,0,0,0,0,0
2420,PersianPride59,5,1,0,0,0,1,0,0,0,1,1,0,1,0
2421,PersianPulsar,3,0,1,0,0,0,0,0,1,1,0,0,0,0
2422,PersianSunrise,7,1,1,0,0,0,0,1,1,1,0,0,1,1
2423,PersianTonyX,1,0,1,0,0,0,0,0,0,0,0,0,0,0
2424,Persian_Deeva,3,0,1,0,0,0,0,0,1,1,0,0,0,0
2425,Persian_Gulfir,8,1,1,0,0,1,1,1,1,1,1,0,0,0
2426,Persian_Sherri,1,0,1,0,0,0,0,0,0,0,0,0,0,0
2427,PersianaryanX,9,1,1,0,0,1,0,0,1,1,1,1,1,1
2428,Persianblood_,4,1,1,0,0,1,0,0,0,1,0,0,0,0
2429,Persianemigrant,1,1,0,0,0,0,0,0,0,0,0,0,0,0
2430,Persianmanx,9,1,1,0,0,0,1,1,1,1,1,0,1,1
2431,Persianpatronos,3,0,1,0,0,0,0,0,0,1,0,1,0,0
2432,Persianproudly,1,1,0,0,0,0,0,0,0,0,0,0,0,0
2433,Persianshahh,3,1,0,0,0,0,0,0,0,1,0,0,0,1
2434,Persianshahi,2,1,1,0,0,0,0,0,0,0,0,0,0,0
2435,Persirae,7,1,1,0,0,0,0,1,1,0,1,1,1,0
2436,PesareShoja632,5,1,0,0,0,1,0,0,1,0,0,0,1,1
2437,Peter73571459,1,1,0,0,0,0,0,0,0,0,0,0,0,0
2438,PeterDavidson86,2,1,0,0,0,0,0,0,0,0,0,0,0,1
2439,Pettershami,1,1,0,0,0,0,0,0,0,0,0,0,0,0
2440,Peykkhali,4,1,0,0,0,1,0,0,1,1,0,0,0,0
2441,Peyman234,1,1,0,0,0,0,0,0,0,0,0,0,0,0
2442,PeymanAban,3,0,1,0,0,0,0,0,0,1,1,0,0,0
2443,PeymanNovinShah,1,1,0,0,1,0,0,0,0,0,0,0,0,0
2444,Pezhman1353Ch,1,1,0,0,0,0,0,0,0,0,0,0,0,0
2445,PezhmanM91,2,1,0,0,0,1,0,0,0,0,0,0,0,0
2446,Phelpheloon,1,1,0,0,0,0,0,0,0,0,0,0,0,0
2447,PhilippeDoNancy,1,0,1,0,0,0,0,0,0,0,0,0,0,0
2448,PhoenixR45065,1,0,1,0,0,0,0,0,0,0,0,0,0,0
2449,PiiAan__,1,0,1,0,0,0,0,0,0,0,0,0,0,0
2450,Pinar3798671332,5,1,0,0,0,1,0,0,1,1,0,0,1,0
2451,PinkPussy747,2,1,0,0,0,0,0,0,0,0,0,0,0,1
2452,PinkWings20s,1,1,0,0,0,0,0,0,0,0,0,0,0,0
2453,Pinkpanther_gi,10,1,1,0,0,1,1,0,1,1,1,1,1,1
2454,PireFendresk,3,1,0,0,0,0,0,0,0,0,0,0,1,1
2455,PiroozeIrani,2,1,0,0,0,0,1,0,0,0,0,0,0,0
2456,Pirouzaan,3,1,0,0,0,1,0,0,0,1,0,0,0,0
2457,PisPisMm,7,1,1,0,0,1,0,0,0,0,1,1,1,1
2458,Pishgooy404,2,1,1,0,0,0,0,0,0,0,0,0,0,0
2459,PitchforkNo3,5,1,0,0,0,0,0,0,0,1,1,1,1,0
2460,Pivot394,2,1,0,0,0,0,0,0,0,0,0,0,1,0
2461,Plm3u,8,1,1,0,0,0,0,0,1,1,1,1,1,1
2462,PmShirazi,3,1,0,0,0,1,0,0,1,0,0,0,0,0
2463,PnMd1982,2,1,0,0,0,1,0,0,0,0,0,0,0,0
2464,PofPersia12,1,1,0,0,0,0,0,0,0,0,0,0,0,0
2465,Polaris7596,5,0,1,0,0,1,1,1,0,0,0,1,0,0
2466,Poli_Soc_Watch,2,1,1,0,0,0,0,0,0,0,0,0,0,0
2467,Poli_bit,1,0,0,0,1,0,0,0,0,1,0,0,0,0
2468,PoliceAISpaces,3,1,1,0,0,1,0,0,0,0,0,0,0,0
2469,Poone_94,1,1,0,0,0,0,0,0,0,0,0,0,0,0
2470,Pooneh01237734,1,1,0,0,0,0,0,0,0,0,0,0,0,0
2471,Pooneh04867429,2,1,1,0,0,0,0,0,0,0,0,0,0,0
2472,Pooria21566765,2,0,1,0,0,0,0,0,0,1,0,0,0,0
2473,PoranGhaem2025,4,1,1,0,0,0,0,0,0,1,0,0,1,0
2474,Porseshgar_XIR,3,1,0,0,0,1,0,0,0,1,0,0,0,0
2475,PourSyrus,11,1,1,0,1,1,1,1,1,1,1,1,1,1
2476,Pouriapxpo,8,0,1,0,0,0,1,1,1,1,0,1,1,1
2477,PourmandH,2,1,0,0,0,1,0,0,0,0,0,0,0,0
2478,Pouya1425,1,1,0,1,0,0,0,0,0,0,0,0,0,0
2479,Pouya_R_021,8,1,1,0,0,1,0,0,1,1,1,1,1,0
2480,PowerLadyy,9,1,1,0,0,1,0,0,1,1,1,1,1,1
2481,Prince_0Persia,2,1,1,0,0,0,0,0,0,0,0,0,0,0
2482,ProSHaHansHaaHi,6,1,1,0,0,0,0,0,1,1,1,1,0,0
2483,Puria_aligol,7,1,1,0,0,1,0,0,0,1,1,1,1,0
2484,Pushit10665638,2,1,0,0,0,0,1,0,0,0,0,0,0,0
2485,PuzzledEmphasis,3,1,0,0,0,0,0,0,1,1,0,0,0,0
2486,Pwarw21631D,5,1,1,0,0,0,1,1,0,1,0,0,0,0
2487,QPahlav,1,0,1,0,0,0,0,0,0,0,0,0,0,0
2488,Qalandar63,1,1,0,0,0,0,0,0,0,0,0,0,0,0
2489,Qayeg_Bady,10,1,1,0,0,1,1,0,1,1,1,1,1,1
2490,QazaleGA1991,9,1,1,0,0,1,0,1,1,1,1,1,0,1
2491,QsryYd,1,1,0,0,0,0,0,0,0,0,0,0,0,0
2492,R4min369,1,0,1,0,0,0,0,0,0,0,0,0,0,0
2493,RAHEEM2990,9,1,1,0,0,1,1,1,1,1,0,0,1,1
2494,RAYASMRAY,11,1,1,0,0,1,1,1,1,1,1,1,1,1
2495,RAhmdy29403,2,1,1,0,0,0,0,0,0,0,0,0,0,0
2496,RBehrouzDO,9,1,1,0,0,1,0,0,1,1,1,1,1,1
2497,RBlue290,6,1,0,0,0,1,0,0,1,1,1,1,0,0
2498,REDBOY2500,2,1,0,0,0,0,1,0,0,0,0,0,0,0
2499,RGhadernejad,1,1,0,0,0,0,0,0,0,0,0,0,0,0
2500,RGhayasi19019,1,0,1,0,0,0,0,0,0,0,0,0,0,0
2501,RIIR_HIM,9,1,1,0,0,1,0,0,1,1,1,1,1,1
2502,ROU8058,1,1,0,0,0,0,0,0,0,0,0,0,0,0
2503,RPersianDude,10,1,0,0,0,1,1,1,1,1,1,1,1,1
2504,RRFMM46,7,1,1,0,0,0,0,0,1,1,1,1,0,1
2505,RRahbarianyazd,1,0,1,0,0,0,0,0,0,0,0,0,0,0
2506,RSAaon,3,1,0,0,0,1,0,0,1,0,0,0,0,0
2507,R_babakhk2022,2,1,0,0,0,1,0,0,0,0,0,0,0,0
2508,Raahaaskaa92,4,1,0,0,0,1,0,0,1,1,0,0,0,0
2509,Raanarttr,2,1,1,0,0,0,0,0,0,0,0,0,0,0
2510,RachelTaheri,4,1,0,0,0,1,0,0,1,1,0,0,0,0
2511,RadfarZari,7,1,1,0,0,0,1,1,1,0,0,0,1,1
2512,RadicalSatanist,1,1,0,0,0,0,0,0,0,0,0,0,0,0
2513,RadinR306,1,1,0,0,0,0,0,0,0,0,0,0,0,0
2514,Radman2576,10,1,1,0,0,1,0,1,1,1,1,1,1,1
2515,Radveenp,10,1,1,0,0,1,1,1,1,0,1,1,1,1
2516,RageAndHope,3,0,1,0,0,0,0,0,1,0,0,1,0,0
2517,RaghuKondori,3,0,1,0,0,1,0,0,0,1,0,0,0,0
2518,Ragnar_rafiy,2,1,1,0,0,0,0,0,0,0,0,0,0,0
2519,Raha1319634,9,1,1,0,0,1,0,0,1,1,1,1,1,1
2520,Raha27,2,1,0,0,0,0,0,0,0,1,0,0,0,0
2521,RahaAza90482823,1,1,0,0,0,0,0,0,0,0,0,0,0,0
2522,RahaIRUK,2,1,1,0,0,0,0,0,0,0,0,0,0,0
2523,RahaIrani279997,4,1,1,0,0,0,0,0,0,1,0,0,1,0
2524,Raha_Azad_,11,1,1,0,0,1,1,1,1,1,1,1,1,1
2525,Raha_zng,1,1,0,0,0,0,0,0,0,0,0,0,0,0
2526,RahaaAzadi86,6,0,1,0,0,1,0,0,0,0,1,1,1,1
2527,Rahaatar,1,0,1,0,0,0,0,0,0,0,0,0,0,0
2528,Rahayi1397,7,1,1,0,0,0,0,0,1,1,1,1,1,0
2529,Rahe_AZADI_6,5,1,1,0,0,1,0,0,0,0,1,0,1,0
2530,RahimiMorgan,3,1,1,0,0,0,0,0,0,1,0,0,0,0
2531,RahmanpourSajad,1,0,1,0,0,0,0,0,0,0,0,0,0,0
2532,Rahnavard_01744,2,0,1,0,0,0,0,0,0,1,0,0,0,0
2533,Raininwaters,3,1,0,0,0,0,1,0,1,0,0,0,0,0
2534,Ramin56632772,5,1,0,0,0,1,0,0,0,1,1,0,1,0
2535,Ramin_KHA,2,1,0,0,0,0,0,0,1,0,0,0,0,0
2536,RandolphSevers1,1,1,0,0,0,0,0,0,0,0,0,0,0,0
2537,Rapper_Gangs20,2,0,1,0,0,0,1,0,0,0,0,0,0,0
2538,RaselYouse16028,3,1,0,0,0,0,0,0,1,0,1,0,0,0
2539,Rasguine,3,1,0,0,0,1,0,0,0,0,0,0,1,0
2540,Rasteen_,5,1,0,0,0,1,0,0,0,0,1,1,1,0
2541,Ravigorbat1,3,1,0,0,0,1,0,0,0,0,0,0,0,1
2542,RayTaghipour,1,1,0,0,0,0,0,0,0,0,0,0,0,0
2543,Rayarasing,1,0,0,1,0,0,0,0,0,0,0,0,1,0
2544,RaybBirt,6,0,1,0,0,0,0,1,1,1,1,0,1,0
2545,Rayzareei13,7,1,1,0,0,1,0,0,1,0,1,1,1,0
2546,Razi86589970,2,0,1,0,0,0,0,0,0,0,0,1,0,0
2547,RazmAra58485,5,1,0,0,0,1,0,1,0,0,0,0,1,1
2548,Rbll1_848,5,0,1,0,0,1,0,0,0,1,0,1,0,1
2549,RealAzarnoush,4,1,0,0,0,1,0,0,0,1,0,1,0,0
2550,RealBabak_1992,10,1,1,0,0,1,1,0,1,1,1,1,1,1
2551,RealKiandokht,2,0,1,0,0,1,0,0,0,0,0,0,0,0
2552,RealKivij,6,1,0,0,0,1,0,1,0,1,0,1,1,0
2553,RealMemol,10,1,1,0,0,1,1,0,1,1,1,1,1,1
2554,RealSunOfBeach,6,1,1,0,0,0,0,0,1,1,0,1,1,0
2555,Real_istiQ,2,1,1,0,0,0,0,0,0,0,0,0,0,0
2556,Reavverr,1,0,1,0,0,0,0,0,0,0,0,0,0,0
2557,ReginaPPR,5,1,1,0,0,1,0,0,1,0,1,0,0,0
2558,Reihoon543,1,1,0,0,0,0,0,0,0,0,0,0,0,0
2559,RenanMartinezA,10,1,1,0,0,1,1,1,1,1,1,1,1,0
2560,RendKharabat56,8,1,1,0,0,1,1,0,1,1,1,1,0,0
2561,Restitutor_Iran,10,1,0,0,0,1,1,1,1,1,1,1,1,1
2562,Revenant_HF,4,1,1,0,0,0,0,0,0,0,1,1,0,0
2563,RevolatedWithPo,6,1,0,0,0,1,0,0,0,1,1,1,0,1
2564,Revolutionery68,3,1,0,0,0,0,0,0,1,0,1,0,0,0
2565,RexIran,3,1,1,0,0,0,0,0,0,0,0,1,0,0
2566,Reyhanxkv,3,1,1,0,0,0,0,0,1,0,0,0,0,0
2567,Rez1khorsandi,1,1,0,0,0,0,0,0,0,0,0,0,0,0
2568,Reza00798,2,1,1,0,0,0,0,0,0,0,0,0,0,0
2569,Reza198999,5,1,1,0,0,1,0,1,0,1,0,0,0,0
2570,Reza33357,11,1,1,0,0,1,1,1,1,1,1,1,1,1
2571,RezaIIPahlavi,11,1,1,0,0,1,1,1,1,1,1,1,1,1
2572,RezaPars,3,0,1,0,0,1,0,0,1,0,0,0,0,0
2573,RezaS49,10,1,1,0,0,1,1,0,1,1,1,1,1,1
2574,RezaSaffari5,8,1,1,0,0,1,0,0,1,1,1,0,1,1
2575,RezaShahPa2303,3,1,0,0,0,0,0,0,0,0,0,0,1,1
2576,RezaShaighan3,8,1,0,0,0,1,1,0,1,1,1,0,1,1
2577,Reza_Esp2021,6,1,1,0,0,0,0,0,1,1,0,1,0,1
2578,Rezasho0n,6,1,1,0,0,1,1,0,0,0,0,1,1,0
2579,Richard11802128,1,1,0,0,0,0,0,0,0,0,0,0,0,0
2580,Right_and_only,1,1,0,0,0,0,0,0,0,0,0,0,0,0
2581,RiparianMan88,1,1,0,0,0,0,0,0,0,0,0,0,0,0
2582,RiseSun_3,7,1,1,0,0,1,0,0,0,1,1,1,1,0
2583,RisenHive,1,1,0,0,0,0,0,0,0,0,0,0,0,0
2584,RiseofAziola0,6,1,1,0,0,1,1,0,1,1,0,0,0,0
2585,Rivarzkharmagas,1,0,1,0,0,0,0,0,0,0,0,0,0,0
2586,Rkurapika1978,7,1,0,0,0,1,0,0,0,1,1,1,1,1
2587,RnameR5,8,1,1,0,0,0,1,0,1,1,1,1,1,0
2588,RoOmid72,4,1,0,0,0,0,0,1,1,1,0,0,0,0
2589,RoYoSo10,5,1,0,0,0,0,0,0,1,1,0,1,0,1
2590,RoadsRunner999,4,1,1,0,0,1,1,0,0,0,0,0,0,0
2591,Robbie2576,3,0,1,0,0,0,0,0,0,0,0,1,0,1
2592,Robin_88_22,2,1,0,0,0,1,0,0,0,0,0,0,0,0
2593,Rock49927740,1,1,0,0,0,0,0,0,0,0,0,0,0,0
2594,Rockypersianbro,2,1,1,0,0,0,0,0,0,0,0,0,0,0
2595,Roham901,5,1,1,0,0,1,0,0,0,0,1,0,0,1
2596,RohamTamadon,3,0,1,0,0,0,0,0,1,1,0,0,0,0
2597,Rohambow,11,1,1,0,0,1,1,1,1,1,1,1,1,1
2598,Roja6105,7,1,1,0,0,0,1,0,1,0,1,1,1,0
2599,RojanAzadi2,3,0,1,0,0,1,0,0,0,1,0,0,0,0
2600,Ronahee_,1,1,0,0,0,0,0,0,0,0,0,0,0,0
2601,RoobinNorouzi,2,0,1,0,0,1,0,0,0,0,0,0,0,0
2602,Roodabeh_,8,1,1,0,0,0,1,1,1,0,0,1,1,1
2603,Roostaie1277,4,0,1,0,0,1,0,0,1,1,0,0,0,0
2604,RosaRoxanne_G,3,0,1,0,0,1,0,0,1,0,0,0,0,0
2605,Rose70427,4,1,0,0,0,1,0,0,1,0,1,0,0,0
2606,Rose7ih,1,1,0,0,0,0,0,0,0,0,0,0,0,0
2607,RoseArmaniii,1,0,1,0,0,0,0,0,0,0,0,0,0,0
2608,RoseFreeIran,5,0,1,0,0,0,1,0,1,1,0,0,1,0
2609,RoseThelight1,1,1,0,0,0,0,0,0,0,0,0,0,0,0
2610,Rosefk42,8,1,1,0,0,1,1,1,0,1,0,0,1,1
2611,Roseidlg,2,1,1,0,0,0,0,0,0,0,0,0,0,0
2612,Rosesummer77,7,0,1,0,0,1,1,1,1,1,0,0,1,0
2613,Roshana_sh,3,1,1,0,0,0,0,0,0,0,0,0,1,0
2614,Roshanaeii,7,1,1,0,0,1,0,0,0,1,1,0,1,1
2615,RosslynKn9,8,1,1,0,0,1,1,1,1,0,0,1,0,1
2616,Roxana_Shahbanu,2,1,0,0,0,0,0,0,0,1,0,0,0,0
2617,RoxiPiroozi,1,0,1,0,0,0,0,0,0,0,0,0,0,0
2618,Roxi_Bo,4,1,0,0,0,1,0,0,0,1,0,0,1,0
2619,Roxyshernam,3,0,1,0,0,0,1,0,0,0,0,1,0,0
2620,Roy1Rad,2,1,0,0,0,0,0,0,1,0,0,0,0,0
2621,RoyaHeydari,10,1,1,0,0,1,1,0,1,1,1,1,1,1
2622,RoyaPisheh,3,1,1,0,0,0,0,0,0,0,1,0,0,0
2623,Royal77d,4,1,1,0,0,0,0,0,0,1,0,0,0,1
2624,RoyalLionSun,3,1,0,0,0,1,0,0,0,0,0,0,0,1
2625,Royaynnx,1,1,0,0,0,0,0,0,0,0,0,0,0,0
2626,Royaz86,1,1,0,0,0,0,0,0,0,0,0,0,0,0
2627,Rozi917023,3,0,1,0,0,0,0,0,1,1,0,0,0,0
2628,RoziA494215,1,1,0,0,0,0,0,0,0,0,0,0,0,0
2629,RozitaParsa,4,1,1,0,0,0,0,0,0,0,0,0,1,1
2630,RozitaZarif66,5,1,1,0,0,0,0,1,1,0,0,0,0,1
2631,RslMaya,1,0,1,0,0,0,0,0,0,0,0,0,0,0
2632,Rugiadan85,5,1,1,0,0,1,0,0,1,0,0,0,0,1
2633,Russvvr22,1,0,1,0,0,0,0,0,0,0,0,0,0,0
2634,RyanArya2584,2,1,0,0,0,0,0,0,0,1,0,0,0,0
2635,Ryhaneh8,1,1,0,0,0,0,0,0,0,0,0,0,0,0
2636,RzMi64,4,1,1,0,0,0,0,0,0,0,1,1,0,0
2637,S1970Sheze,1,1,0,0,0,0,0,0,0,0,0,0,0,0
2638,SAM32217498,1,0,1,0,0,0,0,0,0,0,0,0,0,0
2639,SAVAK2023,3,0,1,0,0,1,0,0,0,1,0,0,0,0
2640,SAVAKShamShiR01,9,1,1,0,0,1,1,0,1,1,1,1,0,1
2641,SAVAKY_PRIME,1,1,0,0,0,0,0,0,0,0,0,0,0,0
2642,SAYAN24671884,1,0,1,0,0,0,0,0,0,0,0,0,0,0
2643,SChoogha,2,1,1,0,0,0,0,0,0,0,0,0,0,0
2644,SDysyd15301,1,1,0,0,0,0,0,0,0,0,0,0,0,0
2645,SGhasseminejad,2,1,0,0,0,0,0,0,0,0,0,1,0,0
2646,SH30024009,10,1,0,0,0,1,1,1,1,1,1,1,1,1
2647,SHAHANSHAH_0025,1,0,1,0,0,0,0,0,0,0,0,0,0,0
2648,SHAHI_PAHLAVI,3,1,0,0,0,0,0,0,1,0,0,1,0,0
2649,SHAHofIRANX,4,1,1,0,0,0,0,0,0,1,0,1,0,0
2650,SHIRDELGUARD,4,0,1,0,0,0,0,0,0,1,0,0,1,1
2651,SMefid,5,0,1,0,0,0,0,1,0,1,0,0,1,1
2652,SNAV00062055,5,0,1,0,0,0,0,0,0,1,1,1,0,1
2653,SNohere55169,2,1,0,0,0,0,0,0,1,0,0,0,0,0
2654,SPersianking,2,1,0,0,0,0,1,0,0,0,0,0,0,0
2655,SRMZN90,1,0,1,0,0,0,0,0,0,0,0,0,0,0
2656,SRahimpour73864,3,1,1,0,0,1,0,0,0,0,0,0,0,0
2657,SRisehi33820,3,0,1,0,0,0,0,0,0,0,1,0,0,1
2658,SSark01,6,1,0,0,0,1,1,0,0,1,0,0,1,1
2659,SShahansha35462,1,0,1,0,0,0,0,0,0,0,0,0,0,0
2660,SSuunnrise,1,0,1,0,0,0,0,0,0,0,0,0,0,0
2661,STILL_LOUIE,8,1,1,0,0,1,0,1,1,1,1,0,1,0
2662,STJ5CiVcSwMtbXm,4,0,1,0,0,0,1,0,0,1,1,0,0,0
2663,SUNflower_1446,2,1,1,0,0,0,0,0,0,0,0,0,0,0
2664,S_H_A_B_A_N_I,3,1,0,0,0,0,0,0,1,0,1,0,0,0
2665,S_Negin,5,1,0,0,0,0,0,0,1,0,1,1,0,1
2666,SaAb37273452,2,1,1,0,0,0,0,0,0,0,0,0,0,0
2667,SaFa69989688,8,1,1,0,0,1,1,0,1,0,1,0,1,1
2668,Saam2540,8,1,0,0,0,1,1,0,1,1,1,1,1,0
2669,SaamLO2001Z,3,1,1,0,0,0,0,0,0,0,0,1,0,0
2670,SabaFarzan,2,1,0,0,0,0,0,0,1,0,0,0,0,0
2671,SabaSabour35174,2,1,0,0,0,0,0,0,0,0,0,1,0,0
2672,SabaUranus22,3,1,0,0,0,1,0,0,0,1,0,0,0,0
2673,Sabakmxm,2,0,1,0,0,0,0,1,0,0,0,0,0,0
2674,SabzV57,6,1,0,0,0,1,1,0,1,1,0,0,1,0
2675,SadDraculaSis,7,0,1,0,0,1,1,1,1,1,0,1,0,0
2676,Sadaf__12,9,1,1,0,0,1,0,0,1,1,1,1,1,1
2677,SadatyAmyr,1,0,1,0,0,0,0,0,0,0,0,0,0,0
2678,Sadra1134416,6,1,1,0,0,1,0,0,0,1,0,1,1,0
2679,Saebiag12,5,1,1,0,0,0,0,0,1,1,1,0,0,0
2680,Saeed917shahi,10,1,1,0,1,1,1,1,1,1,1,0,1,1
2681,SaeedAminiFr,3,1,1,0,0,0,0,0,1,0,0,0,0,0
2682,SaeedRezaie15,4,1,0,0,0,0,0,0,0,1,1,1,0,0
2683,Saeed_Aria,4,1,0,0,0,1,0,0,0,1,0,0,1,0
2684,Saeid91104813,2,0,1,0,0,0,0,0,0,1,0,0,0,0
2685,Saeidxyz,1,1,0,0,0,0,0,0,0,0,0,0,0,0
2686,Safa37875313,9,1,0,0,0,1,1,0,1,1,1,1,1,1
2687,SaffSepid,3,0,1,0,0,1,0,0,0,0,1,0,0,0
2688,SafiriSara,1,1,0,0,0,0,0,0,0,0,0,0,0,0
2689,Saghar07212083,2,1,0,0,0,0,0,0,0,0,0,0,1,0
2690,Sahand55537524,5,1,0,0,0,1,1,0,1,0,1,0,0,0
2691,Sahar51t,3,1,0,0,0,1,0,0,0,0,0,0,0,1
2692,Sahar642421,5,1,1,0,0,0,1,1,0,0,0,0,1,0
2693,SaharFLIN,3,1,0,0,0,0,1,0,0,1,0,0,0,0
2694,SaharFathi8686,2,1,0,0,0,0,0,0,0,0,0,1,0,0
2695,SaharL579665,8,1,0,0,0,1,1,0,0,1,1,1,1,1
2696,SaharRiahi5,1,0,1,0,0,0,0,0,0,0,0,0,0,0
2697,Sahara3io,4,1,1,0,0,0,1,0,0,0,0,0,0,1
2698,Saharahas08,1,0,1,0,0,0,0,0,0,0,0,0,0,0
2699,Saharsafari1616,5,1,1,0,0,1,1,0,1,0,0,0,0,0
2700,Sahba_ATZ,1,1,0,0,0,0,0,0,0,0,0,0,0,0
2701,Sainairan,2,1,0,0,0,0,0,0,0,0,1,0,0,0
2702,Sairanrev26,1,0,1,0,0,0,0,0,0,0,0,0,0,0
2703,SajjadM70094,5,1,1,0,0,0,0,0,0,1,1,0,0,1
2704,Sakarja8m,2,1,0,0,0,1,0,0,0,0,0,0,0,0
2705,Salar63775374,1,1,0,0,0,0,0,0,0,0,0,0,0,0
2706,SalareKhor,5,1,0,0,0,0,1,0,0,1,0,0,1,1
2707,SalariMeli24491,3,0,1,0,0,0,0,0,0,1,0,1,0,0
2708,SalhiShahr37230,1,1,0,0,0,0,0,0,0,0,0,0,0,0
2709,SalhyWww,2,1,0,0,0,0,0,1,0,0,0,0,0,0
2710,Salkar34,2,0,0,0,1,1,0,0,0,1,0,0,0,0
2711,SalmanNoub42471,3,1,0,0,0,0,0,0,0,0,1,1,0,0
2712,Salmaxg4u8,2,1,0,0,0,1,0,0,0,0,0,0,0,0
2713,Salmonella334,5,1,1,0,0,0,0,0,0,1,0,1,0,1
2714,Salyma0,6,1,0,0,0,1,0,0,1,1,1,0,1,0
2715,Sam52971,4,0,1,0,0,1,0,0,0,0,0,0,1,1
2716,SamDerafsh,2,0,1,0,0,0,0,0,0,1,0,0,0,0
2717,SamSafi1020,2,0,1,0,0,0,0,0,1,0,0,0,0,0
2718,SamSolar272926,2,0,1,0,0,1,0,0,0,0,0,0,0,0
2719,Sam_MalAger,4,1,0,0,0,1,0,0,0,1,1,0,0,0
2720,Sam_Oxii,4,1,1,0,0,0,0,0,0,1,0,0,1,0
2721,Sam_theIranian,8,1,0,0,0,1,0,1,1,1,1,0,1,1
2722,Saman202021,7,1,1,0,0,1,0,0,1,0,0,1,1,1
2723,Samanta467667,4,1,0,0,0,0,0,0,1,1,0,1,0,0
2724,Samarp14,3,1,1,0,0,0,0,0,0,0,0,0,0,1
2725,Sameera0ter,1,0,1,0,0,0,0,0,0,0,0,0,0,0
2726,Sami84375791701,5,1,0,0,0,1,0,0,0,1,0,1,1,0
2727,SamiMir7756,1,0,1,0,0,0,0,0,0,0,0,0,0,0
2728,SamieSkyee,1,1,0,0,0,0,0,0,0,0,0,0,0,0
2729,Samimemaar,1,1,0,0,0,0,0,0,0,0,0,0,0,0
2730,Samwd6p,8,1,1,0,0,1,0,1,0,0,1,1,1,1
2731,Sanam52004177,7,1,1,0,0,0,0,0,1,1,1,1,1,0
2732,SanazKavianyM,2,1,0,0,0,0,0,0,0,0,0,0,0,1
2733,SandorPTono,1,0,1,0,0,0,0,0,0,0,0,0,0,0
2734,Sangggak,5,1,0,0,0,1,0,0,1,1,0,0,1,0
2735,SaniR178812,2,1,1,0,0,0,0,0,0,0,0,0,0,0
2736,Sani_JavidShah,7,1,0,0,0,1,0,0,1,1,1,1,0,1
2737,Santnok,6,1,1,0,0,1,0,0,1,1,0,0,1,0
2738,Sara0qe0,2,1,0,0,0,1,0,0,0,0,0,0,0,0
2739,Sara16786973,5,1,0,0,0,0,1,0,1,1,0,0,1,0
2740,Sara57070446,1,1,0,0,0,0,0,0,0,0,0,0,0,0
2741,SaraAmirioezx,9,1,1,0,0,1,1,0,1,1,0,1,1,1
2742,SaraGolllll,2,0,1,0,0,0,0,0,0,1,0,0,0,0
2743,SaraS09820756,3,1,0,0,0,0,0,0,0,1,0,0,0,1
2744,SaraSSR4,1,1,0,0,0,0,0,0,0,0,0,0,0,0
2745,SaraTehranchi,5,1,1,0,0,1,0,1,0,0,0,0,0,1
2746,SaraTheFerret,2,1,1,0,0,0,0,0,0,0,0,0,0,0
2747,Sara_mdar,8,1,0,0,0,1,1,0,1,1,1,1,0,1
2748,Saraaasohhh,2,1,0,0,0,0,0,0,1,0,0,0,0,0
2749,Sarah5218,1,1,0,0,0,0,0,0,0,0,0,0,0,0
2750,SarahMicheal47,0,0,0,0,1,0,0,0,0,0,0,0,0,0
2751,Sarah_BHZ,3,1,0,0,0,0,0,0,1,1,0,0,0,0
2752,Sarah_amsami,9,1,1,0,0,1,1,0,1,1,1,0,1,1
2753,,0,0,0,1,0,0,0,0,0,0,0,0,0,0
2754,Sararamste,4,1,0,0,0,0,1,0,0,0,1,1,0,0
2755,SarbaZ_SavaK,3,1,1,0,0,1,0,0,0,0,0,0,0,0
2756,SarbaazeVatan,4,1,0,0,0,1,0,0,1,1,0,0,0,0
2757,SarbazCore,6,1,1,0,0,1,1,0,1,0,0,1,0,0
2758,SarbazIran4v,5,0,1,0,0,0,0,0,0,0,1,1,1,1
2759,SarbazVatanLS,4,1,1,0,0,1,0,0,0,0,1,0,0,0
2760,Sarbaz_Shah_20,3,1,1,0,0,0,0,0,0,1,0,0,0,0
2761,Sarbaze_Vatan88,4,1,0,0,0,0,0,0,0,0,1,0,1,1
2762,Sarbazirani3,11,1,1,0,0,1,1,1,1,1,1,1,1,1
2763,SardarParti,10,1,1,0,0,1,1,1,1,1,1,0,1,1
2764,Sardare_sepah,3,1,1,0,0,0,1,0,0,0,0,0,0,0
2765,SardariParviz,1,0,1,0,0,0,0,0,0,0,0,0,0,0
2766,SarvenazMo,2,0,1,0,0,0,0,1,0,0,0,0,0,0
2767,Sarvenaz_Khhh,1,1,0,0,0,0,0,0,0,0,0,0,0,0
2768,SarviHasdam,1,1,0,0,0,0,0,0,0,0,0,0,0,0
2769,SarzamineBabak,5,1,0,0,0,1,1,1,0,0,0,0,1,0
2770,SasanATL,10,1,1,0,0,1,0,1,1,1,1,1,1,1
2771,SasanDaykord,2,1,0,0,0,1,0,0,0,0,0,0,0,0
2772,Sasicsd2,2,1,0,0,0,1,0,0,0,0,0,0,0,0
2773,Sassan_qld,5,1,1,0,0,0,0,1,1,0,0,0,1,0
2774,SatNav__18,2,0,1,0,0,0,0,0,0,1,0,0,0,0
2775,Sativa888,8,1,1,0,0,1,0,0,1,1,1,1,1,0
2776,Saturn1776,6,1,1,0,0,1,0,0,1,0,0,0,1,1
2777,Savadkuhi2,7,1,0,0,0,1,0,1,1,1,0,1,0,1
2778,Savak405,4,0,1,0,0,0,0,0,1,0,1,1,0,0
2779,SavakGuard,1,0,1,0,0,0,0,0,0,0,0,0,0,0
2780,Savak_central,4,1,0,0,0,1,0,0,1,0,1,0,0,0
2781,Savakzadeh,5,1,0,0,0,1,0,0,1,0,1,0,1,0
2782,SavedSavior1,9,1,1,0,0,1,0,1,0,1,1,1,1,1
2783,Sayehshad,5,1,1,0,0,0,0,0,0,1,1,0,1,0
2784,SayhBaran,5,1,1,0,0,0,0,0,0,1,1,1,0,0
2785,SbwrSng62493,4,1,1,0,0,0,1,0,0,0,0,0,1,0
2786,ScarFace_2582,10,1,1,0,0,1,1,1,1,0,1,1,1,1
2787,Schahab1983,2,1,0,0,0,1,0,0,0,0,0,0,0,0
2788,Schahin92,5,1,1,0,0,0,0,1,0,0,1,0,1,0
2789,Sd76327078,1,1,0,0,0,0,0,0,0,0,0,0,0,0
2790,SeanKhozin,1,1,0,0,0,0,0,0,0,0,0,0,0,0
2791,Seanswimme,6,1,1,0,0,0,0,0,1,0,0,1,1,1
2792,Seba22am,4,1,0,0,0,1,0,0,0,0,0,1,1,0
2793,SefidBarrfii,10,1,1,0,0,1,1,0,1,1,1,1,1,1
2794,Seifollahi22753,1,1,0,0,0,0,0,0,0,0,0,0,0,0
2795,SeleneVerse1,5,1,1,0,0,1,1,0,0,0,0,1,0,0
2796,Senobar20221,3,1,0,0,1,0,0,0,0,0,0,1,0,1
2797,SepehrShar88901,1,0,1,0,0,0,0,0,0,0,0,0,0,0
2798,SepehriHamed,5,1,0,0,0,1,0,0,1,1,0,1,0,0
2799,SepiDesigns,8,1,1,0,0,1,0,1,1,1,1,0,1,0
2800,Sepi_Mancer,5,1,0,0,0,0,0,1,1,1,1,0,0,0
2801,Sepideh52191550,11,1,1,0,0,1,1,1,1,1,1,1,1,1
2802,Sepidehne,1,1,0,0,0,0,0,0,0,0,0,0,0,0
2803,Sepylove5,2,0,1,0,0,1,0,0,0,0,0,0,0,0
2804,SerDelavari,2,1,0,0,0,0,0,0,0,0,1,0,0,0
2805,SetarehAbpeikar,9,1,1,0,0,1,1,0,1,1,0,1,1,1
2806,SetarehSahely,11,1,1,0,0,1,1,1,1,1,1,1,1,1
2807,Setarex_Baran_,1,1,0,0,0,0,0,0,0,0,0,0,0,0
2808,Seyed_Ebrahimi,10,1,1,0,0,1,0,1,1,1,1,1,1,1
2809,Sh0bagx,6,1,0,0,0,0,1,1,1,1,0,0,0,1
2810,Sh274383,0,0,0,0,1,0,0,0,0,0,0,0,0,0
2811,Sh4p4r4k4m,2,1,0,0,0,0,0,0,0,0,0,1,0,0
2812,Shaahdoost,1,1,0,0,0,0,0,0,0,0,0,0,0,0
2813,ShaahinPahlavi,11,1,1,0,0,1,1,1,1,1,1,1,1,1
2814,Shab1267263,1,0,1,0,0,0,0,0,0,0,0,0,0,0
2815,ShabBehnaz,1,1,0,0,0,0,0,0,0,0,0,0,0,0
2816,ShabPahlavi,1,1,0,0,0,0,0,0,0,0,0,0,0,0
2817,Shabani6Ramin,8,1,1,0,0,1,1,1,0,1,0,1,1,0
2818,Shabidwe,8,1,1,0,0,1,0,0,1,1,1,1,1,0
2819,ShabnamForIran,9,1,1,0,0,1,1,1,0,0,1,1,1,1
2820,ShabnamHosseyni,1,1,0,0,0,0,0,0,0,0,0,0,0,0
2821,ShadSheila,2,1,0,0,0,0,0,1,0,0,0,0,0,0
2822,ShadiChmsz,2,0,1,0,0,1,0,0,0,0,0,0,0,0
2823,ShadiKOBI,1,1,0,0,0,0,0,0,0,0,0,0,0,0
2824,Shadi_Ghorb,9,1,1,0,0,1,0,1,1,1,1,1,1,0
2825,Shadisygj,4,1,1,0,0,0,0,0,0,0,0,0,1,1
2826,Shadnaz79,4,1,1,0,0,0,0,0,0,1,0,0,0,1
2827,Shadoneh66,2,1,1,0,0,0,0,0,0,0,0,0,0,0
2828,ShadowSurferX,1,0,1,0,0,0,0,0,0,0,0,0,0,0
2829,ShaghanK57,1,0,0,0,1,0,0,0,0,1,0,0,0,0
2830,Shaghayegh21C,2,0,1,0,0,0,0,0,0,1,0,0,0,0
2831,ShahJavid1979,11,1,1,0,0,1,1,1,1,1,1,1,1,1
2832,ShahJavid19966,10,1,1,0,0,1,1,0,1,1,1,1,1,1
2833,ShahJavid20593,2,1,1,0,0,0,0,0,0,0,0,0,0,0
2834,ShahJavid91247,10,1,1,0,0,1,1,0,1,1,1,1,1,1
2835,ShahNader5282,5,0,1,0,0,1,0,0,1,1,0,1,0,0
2836,ShahPahlavi3,10,1,1,0,0,1,1,1,1,1,1,1,1,0
2837,Shah______la,10,1,1,0,0,1,1,1,1,1,1,1,1,0
2838,Shahab26393657,3,0,1,0,0,1,0,0,0,1,0,0,0,0
2839,Shahbaaz2026,1,0,1,0,0,0,0,0,0,0,0,0,0,0
2840,Shahdokhtiranee,8,1,1,0,0,1,1,0,1,1,0,1,1,0
2841,Shahflor,1,1,0,0,0,0,0,0,0,0,0,0,0,0
2842,ShahiSamm,4,0,1,0,0,1,0,0,0,1,0,0,1,0
2843,Shahi_2026,10,1,1,0,0,1,1,1,0,1,1,1,1,1
2844,Shahin310843,4,1,1,0,0,0,0,0,0,0,1,1,0,0
2845,ShahinJam7,7,1,0,0,0,1,0,0,1,1,0,1,1,1
2846,ShahinMaghsoodi,6,1,1,0,0,1,1,0,0,0,0,0,1,1
2847,ShahinNooshin,1,1,0,0,0,0,0,0,0,0,0,0,0,0
2848,ShahinSadexget,2,0,1,0,0,0,0,0,0,0,0,1,0,0
2849,ShahinShahDoost,5,1,0,0,0,0,0,1,1,0,0,0,1,1
2850,Shahinkarimi80,5,1,1,0,0,0,1,0,0,0,0,0,1,1
2851,ShahirehBahri,1,1,0,0,0,0,0,0,0,0,0,0,0,0
2852,Shahla647479,4,1,1,0,0,1,1,0,0,0,0,0,0,0
2853,ShahlaIr,1,1,0,0,0,0,0,0,0,0,0,0,0,0
2854,Shahmihanabadi_,9,1,0,0,0,1,1,1,0,1,1,1,1,1
2855,Shahmir377542,4,0,1,0,0,0,0,1,0,1,1,0,0,0
2856,Shaho666666,4,1,1,0,0,0,0,0,1,0,1,0,0,0
2857,ShahpoorMaxim,1,1,0,0,0,0,0,0,0,0,0,0,0,0
2858,Shahram1,1,1,0,0,0,0,0,0,0,0,0,0,0,0
2859,Shahram71215032,1,0,1,0,0,0,0,0,0,0,0,0,0,0
2860,Shahram95238643,7,1,0,0,0,1,0,0,1,1,1,1,1,0
2861,ShahramKhalatb1,7,1,1,0,0,1,1,0,0,1,1,1,0,0
2862,ShahrazShAA,5,0,0,1,0,0,0,1,1,0,1,1,1,0
2863,Shahriar1629311,4,0,1,0,0,0,0,0,0,1,0,1,0,1
2864,ShahriarM_,10,1,1,0,0,1,1,0,1,1,1,1,1,1
2865,Shahriar_kh11,2,1,1,0,0,0,0,0,0,0,0,0,0,0
2866,Shahrza46038212,4,1,1,0,0,0,0,0,1,0,0,0,0,1
2867,ShahrzadHas,5,1,0,0,0,1,0,0,1,0,0,1,1,0
2868,ShahrzadHnn,1,1,0,0,0,0,0,0,0,0,0,0,0,0
2869,ShahrzadShahab2,2,0,1,0,0,0,1,0,0,0,0,0,0,0
2870,Shahrzadma,3,0,1,0,0,0,0,0,0,1,0,0,1,0
2871,Shahrzadshams82,5,1,1,0,0,1,1,0,1,0,0,0,0,0
2872,ShahsavarAzadeh,1,1,0,0,0,0,0,0,0,0,0,0,0,0
2873,ShahtheEngineer,1,1,0,0,0,0,0,0,0,0,0,0,0,0
2874,ShahyaarAz,11,1,1,1,1,1,1,1,1,1,1,1,1,1
2875,ShakaramiN81648,1,0,1,0,0,0,0,0,0,0,0,0,0,0
2876,Shakhskakhi,1,0,1,0,0,0,0,0,0,0,0,0,0,0
2877,ShakiHastam,2,0,1,0,0,0,0,0,1,0,0,0,0,0
2878,Shaklefree,1,1,0,0,0,0,0,0,0,0,0,0,0,0
2879,Shally29884255,7,1,0,0,0,1,0,0,0,1,1,1,1,1
2880,Shalom_Esmaiel,4,1,1,0,0,1,0,0,0,0,0,1,0,0
2881,Shaman66342816,8,1,1,0,0,1,1,1,0,1,0,1,0,1
2882,Shamila_Sh77,1,1,0,0,0,0,0,0,0,0,0,0,0,0
2883,Shamimcn,2,1,0,0,0,0,0,0,0,0,1,0,0,0
2884,Shanafarhad,1,1,0,0,0,0,0,0,0,0,0,0,0,0
2885,Shaparakbanoo90,3,1,0,0,0,1,0,0,0,1,0,0,0,0
2886,ShapurZulaktaf,3,0,1,0,0,0,0,0,0,0,1,1,0,0
2887,Sharaareh,5,0,1,0,0,1,0,0,0,1,0,0,1,1
2888,SharanTabari,4,1,1,0,0,0,0,0,0,1,1,0,0,0
2889,Sharareh1976,8,1,1,0,0,1,1,1,1,1,0,0,1,0
2890,ShararehDe2637,5,1,1,0,0,0,0,0,1,1,0,0,0,1
2891,SharpEye827212,5,1,0,0,0,1,0,0,1,0,1,0,1,0
2892,Shawn_J63,6,0,1,0,0,1,0,0,0,1,1,0,1,1
2893,ShayanShahab11,1,1,0,0,0,0,0,0,0,0,0,0,0,0
2894,Shayantislam,7,0,1,0,0,1,1,0,1,1,1,0,1,0
2895,Shayeste2012,7,1,0,0,0,1,1,0,0,1,0,1,1,1
2896,Sheikhe_kafer,1,0,1,0,0,0,0,0,0,0,0,0,0,0
2897,Sheila196161,1,1,0,0,0,0,0,0,0,0,0,0,0,0
2898,Sherijoon60,1,1,0,0,0,0,0,0,0,0,0,0,0,0
2899,SherryLane57,6,1,0,0,0,1,1,0,0,1,0,0,1,1
2900,Sherryyyaaa,1,0,1,0,0,0,0,0,0,0,0,0,0,0
2901,ShervinIII,2,1,0,0,0,0,0,0,0,1,0,0,0,0
2902,Shervinalef9520,2,0,1,0,0,0,0,0,0,1,0,0,0,0
2903,Shervinator79,3,1,0,0,0,0,0,0,0,1,0,1,0,0
2904,Shery4MIGA,4,1,0,0,0,1,0,0,0,1,1,0,0,0
2905,Sherzkia,1,1,0,0,0,0,0,0,0,0,0,0,0,0
2906,Shima23021,2,1,1,0,0,0,0,0,0,0,0,0,0,0
2907,Shima345514,2,1,0,0,0,1,0,0,0,0,0,0,0,0
2908,ShimaGh1987,1,0,1,0,0,0,0,0,0,0,0,0,0,0
2909,Shima_T_M,11,1,1,0,0,1,1,1,1,1,1,1,1,1
2910,Shimshim1371,3,1,0,0,0,1,0,0,0,1,0,0,0,0
2911,Shirazi7554,5,1,1,0,0,0,0,0,1,0,1,0,1,0
2912,ShiraziShaheen,10,1,1,0,0,1,1,1,1,1,1,1,1,0
2913,Shirin61796431,5,1,0,0,0,0,0,1,1,1,0,0,1,0
2914,ShirinGhahraman,3,1,0,0,0,0,0,0,1,0,1,0,0,0
2915,Shirin_2020,3,1,0,0,0,0,0,0,0,0,1,0,1,0
2916,ShirinnBanoo,3,0,1,0,0,0,0,0,0,1,0,0,0,1
2917,ShivaS60496172,2,0,1,0,0,0,0,0,0,0,0,0,0,1
2918,Shohre585459351,5,1,1,0,0,0,0,0,0,1,1,1,0,0
2919,Shohreh93962784,1,1,0,0,0,0,0,0,0,0,0,0,0,0
2920,ShohrehAryaei,2,1,0,0,0,0,0,0,0,1,0,0,0,0
2921,ShojaeiShahla,5,1,0,0,0,0,0,0,1,1,1,1,0,0
2922,Shokooh1373,6,1,1,0,0,1,0,0,0,1,0,1,1,0
2923,ShokoufehK,5,1,0,0,0,0,1,0,1,0,1,0,1,0
2924,SholehDE1,1,1,0,0,0,0,0,0,0,0,0,0,0,0
2925,Sholehroshan,3,1,0,0,0,1,0,0,0,0,0,1,0,0
2926,Shooshanahp,2,1,0,0,0,0,0,0,1,0,0,0,0,0
2927,ShowRedCat,1,1,0,0,0,0,0,0,0,0,0,0,0,0
2928,ShuvanRahimian,1,1,0,0,0,0,0,0,0,0,0,0,0,0
2929,ShyPersian,1,1,0,0,0,0,0,0,0,0,0,0,0,0
2930,ShynGh001,3,1,0,0,0,0,0,0,0,1,0,1,0,0
2931,SiAfrika,3,1,1,0,0,0,0,0,0,1,0,0,0,0
2932,Siaaa67,1,1,0,0,0,0,0,0,0,0,0,0,0,0
2933,SiamLirou,5,1,0,0,0,1,1,1,0,1,0,0,0,0
2934,Siamak_46,3,1,1,0,0,1,0,0,0,0,0,0,0,0
2935,Siavash171717,6,1,1,0,0,1,0,0,0,0,1,1,0,1
2936,Siavash78625597,7,1,0,0,0,0,1,0,1,1,0,1,1,1
2937,SiavashFalah,1,1,0,0,0,0,0,0,0,0,0,0,0,0
2938,SiavashManavi3,3,0,1,0,0,0,1,0,0,0,0,1,0,0
2939,SiavashParsi6,6,1,0,0,0,1,0,0,1,1,0,1,1,0
2940,Siavashnas3,4,1,1,0,0,1,0,0,1,0,0,0,0,0
2941,Siavashxeirxah,1,1,0,0,0,0,0,0,0,0,0,0,0,0
2942,SiavoshDehdash1,1,0,1,0,0,0,0,0,0,0,0,0,0,0
2943,SidBanoo,2,0,1,0,0,0,0,0,0,1,0,0,0,0
2944,SidSaba4,2,1,0,0,0,0,0,0,0,0,0,0,0,1
2945,SidSib1400,3,1,0,0,0,1,0,0,0,1,0,0,0,0
2946,Signal_Iran2025,1,1,0,0,0,0,0,0,0,0,0,0,0,0
2947,SilentOverflooo,6,0,1,0,0,0,1,1,1,1,0,1,0,0
2948,SilentW20178981,6,1,0,0,0,0,1,1,0,0,1,0,1,1
2949,Sillapahlavichi,4,0,1,0,0,1,0,0,1,1,0,0,0,0
2950,Sima2u,4,1,0,0,0,1,1,0,1,0,0,0,0,0
2951,Simm2585,1,0,1,0,0,0,0,0,0,0,0,0,0,0
2952,Sina23867691,1,1,0,0,0,0,0,0,0,0,0,0,0,0
2953,SinaIspahbadh,5,1,1,0,0,1,1,0,0,1,0,0,0,0
2954,SinaMatin49641,1,0,1,0,0,0,0,0,0,0,0,0,0,0
2955,SinaMihandoost,2,0,1,0,0,0,1,0,0,0,0,0,0,0
2956,Sina_RKFarhadi,2,1,1,0,0,0,0,0,0,0,0,0,0,0
2957,Sina_Revo,2,1,0,0,0,0,0,0,1,0,0,0,0,0
2958,Sinceron1973,2,1,0,0,0,1,0,0,0,0,0,0,0,0
2959,Sindohkt,5,1,0,0,0,0,0,0,1,0,0,1,1,1
2960,SinghVaau71326,1,1,0,0,0,0,0,0,0,0,0,0,0,0
2961,Sinsere736,4,1,1,0,0,1,1,0,0,0,0,0,0,0
2962,SirAdulfHitler,9,1,1,0,0,0,1,0,1,1,1,1,1,1
2963,SirMazdak,4,1,1,0,0,0,0,0,0,0,0,0,1,1
2964,Sir_Oscar_2019,1,1,0,0,0,0,0,0,0,0,0,0,0,0
2965,Siranaqq,2,1,0,0,0,1,0,0,0,0,0,0,0,0
2966,Sirusahmad74304,2,0,1,0,0,0,1,0,0,0,0,0,0,0
2967,Sisiplv,9,1,1,0,0,0,1,1,0,1,1,1,1,1
2968,Sisyphus8261,1,1,0,0,0,0,0,0,0,0,0,0,0,0
2969,Siyah_Jamegan,7,1,1,0,0,1,1,1,0,0,0,1,0,1
2970,Siyavash2001,5,1,0,0,0,1,0,0,1,1,0,0,1,0
2971,Siyavash_shooo,2,0,1,0,0,1,0,0,0,0,0,0,0,0
2972,Skimsonikprofil,2,1,1,0,0,0,0,0,0,0,0,0,0,0
2973,SkunkLdu,10,1,1,0,0,1,1,0,1,1,1,1,1,1
2974,SkyKingPersian,3,1,1,0,0,0,0,0,0,0,0,1,0,0
2975,Slasher1457997,4,1,1,0,0,1,0,1,0,0,0,0,0,0
2976,SmartRick03,1,1,0,0,0,0,0,0,0,0,0,0,0,0
2977,Smith_R_Smith,6,1,1,0,0,1,0,0,0,0,1,1,1,0
2978,SmohammadH76840,2,0,1,0,0,1,0,0,0,0,0,0,0,0
2979,Snobb2000,9,0,1,0,0,1,1,0,1,1,1,1,1,1
2980,So_mi_7,1,1,0,0,0,0,0,0,0,0,0,0,0,0
2981,SobhaniCore,3,0,1,0,0,0,0,0,0,1,0,0,1,0
2982,SobhaniyehZ,4,1,0,0,0,1,1,0,0,1,0,0,0,0
2983,Sofia_AbFA,4,1,1,0,0,1,0,0,0,0,0,1,0,0
2984,Sogandmarzdar1,1,1,0,0,0,0,0,0,0,0,0,0,0,0
2985,Sogol099394475,5,0,0,0,1,1,0,1,0,1,1,0,0,1
2986,Sogolkh,1,1,0,0,0,0,0,0,0,0,0,0,0,0
2987,Soheil_Elec,3,0,1,0,0,0,0,1,0,1,0,0,0,0
2988,Soheilapers,2,1,0,0,0,1,0,0,0,0,0,0,0,0
2989,Sohl_O,8,1,1,0,0,1,1,0,1,1,1,0,1,0
2990,Sol_Lights,1,1,0,0,0,0,0,0,0,0,0,0,0,0
2991,SoleymaniAzadeh,3,1,1,0,0,0,0,0,1,0,0,0,0,0
2992,Soliepgw,7,1,1,0,0,0,1,0,1,1,1,1,0,0
2993,Solo_Commando,6,1,0,0,1,1,0,0,1,0,0,1,1,1
2994,Soma1111AzaD,2,1,1,0,0,0,0,0,0,0,0,0,0,0
2995,Somayeh2615794,2,1,1,0,0,0,0,0,0,0,0,0,0,0
2996,Somayeh29746921,9,1,1,0,0,1,1,1,1,1,1,0,1,0
2997,Somysadegh,2,1,1,0,0,0,0,0,0,0,0,0,0,0
2998,SonPersia,1,1,0,0,0,0,0,0,0,0,0,0,0,0
2999,SonofPersia88,1,1,0,0,0,0,0,0,0,0,0,0,0,0
3000,Sonofthebeach22,10,1,1,0,0,1,1,0,1,1,1,1,1,1
3001,Sonority3p,5,1,0,0,0,1,0,0,0,1,0,1,1,0
3002,SoohrabD,4,1,0,0,0,0,0,0,0,0,1,0,1,1
3003,SooreBoz,1,1,0,0,0,0,0,0,0,0,0,0,0,0
3004,Sophia86581736,4,1,0,0,0,0,0,0,1,0,1,1,0,0
3005,Sophie__holm,5,1,1,0,0,1,1,0,0,0,0,0,0,1
3006,Sophieran2026,6,1,0,0,0,1,0,0,1,0,1,1,1,0
3007,Sorena6009,7,1,0,0,0,1,0,0,1,1,1,0,1,1
3008,SorenaPatriot,2,0,1,0,0,0,0,0,0,0,0,0,1,0
3009,Sorena_Pirouzi,3,0,1,0,0,1,0,0,0,0,1,0,0,0
3010,Soroush2576,10,1,1,0,0,1,1,0,1,1,1,1,1,1
3011,SotudehRoza,1,0,1,0,0,0,0,0,0,0,0,0,0,0
3012,Soubera_Y,1,1,0,0,0,0,0,0,0,0,0,0,0,0
3013,SoufianiMehdi,4,1,1,0,0,0,0,0,0,0,0,0,1,1
3014,Space3025,8,1,0,0,0,1,0,0,1,1,1,1,1,1
3015,Spanishgirl150,2,1,1,0,0,0,0,0,0,0,0,0,0,0
3016,Spentaa,7,1,1,0,0,1,0,1,0,1,1,0,0,1
3017,Spirit12348,5,1,0,0,0,1,0,0,1,0,0,0,1,1
3018,SpookyLiberty,6,1,1,0,0,0,0,0,1,1,0,0,1,1
3019,Sportyjurisdoc1,6,1,0,0,0,1,1,0,0,1,1,0,0,1
3020,SpotlessMind001,3,1,1,0,0,1,0,0,0,0,0,0,0,0
3021,Spring1348,3,1,0,0,0,1,0,0,0,1,0,0,0,0
3022,Springforall,6,1,1,0,0,1,0,0,1,1,0,1,0,0
3023,Spwan71098,1,1,0,0,0,0,0,0,0,0,0,0,0,0
3024,Sssccpp,2,0,1,0,0,0,0,0,0,1,0,0,0,0
3025,StarLight71245,4,1,0,0,0,1,0,0,1,0,1,0,0,0
3026,StarrMimsy,1,1,0,0,0,0,0,0,0,0,0,0,0,0
3027,SteM2511,9,1,1,0,0,1,1,0,1,1,1,1,1,0
3028,Steveimcqueen3,11,1,1,0,0,1,1,1,1,1,1,1,1,1
3029,StormRevolt1802,1,0,1,0,0,0,0,0,0,0,0,0,0,0
3030,StratoPhoenixL2,3,1,0,1,0,0,1,0,0,0,1,0,0,0
3031,StvFreeiran,9,1,1,0,0,1,1,0,1,0,1,1,1,1
3032,SueBozorgi,5,1,1,0,0,1,1,1,0,0,0,0,0,0
3033,SunSkyBnd,4,0,1,0,0,0,0,0,0,1,0,1,0,1
3034,Sungirl_2026,7,1,1,0,0,0,0,1,0,1,0,1,1,1
3035,Sungirls86,6,1,1,0,0,0,0,0,1,1,0,1,1,0
3036,SunnyG62191,4,1,0,0,0,1,0,0,1,1,0,0,0,0
3037,SunpadhParsi,7,1,0,0,0,1,1,0,1,1,1,0,1,0
3038,Suprano02,1,0,1,0,0,0,0,0,0,0,0,0,0,0
3039,Surena3718,5,0,1,0,0,1,1,0,0,1,0,1,0,0
3040,Susan1081949,1,1,0,0,0,0,0,0,0,0,0,0,0,0
3041,Suzan23p,5,1,1,0,1,0,1,0,1,0,1,0,0,0
3042,Suzi1796258,10,1,1,0,0,1,1,1,1,1,1,1,1,0
3043,Sweet5623,2,1,0,0,0,0,0,0,0,0,0,0,1,0
3044,Syrouschalipa,4,1,0,0,0,0,0,0,1,1,0,0,0,1
3045,SystemAnalyst72,2,0,1,0,0,0,0,0,0,1,0,0,0,0
3046,T4R74N,6,1,0,0,0,1,0,0,0,1,1,1,0,1
3047,T952437471T,2,0,1,0,0,0,0,0,0,1,0,0,0,0
3048,TBarahang,9,1,1,0,0,1,0,0,1,1,1,1,1,1
3049,TETCOGmbH,7,1,1,0,0,0,0,0,0,1,1,1,1,1
3050,TGP055,4,1,0,0,1,1,1,0,1,0,0,0,0,0
3051,TJAriell,1,1,0,0,0,0,0,0,0,0,0,0,0,0
3052,TONDAR19X,3,0,1,0,0,0,0,0,0,1,0,0,0,1
3053,TTpshkh,1,1,0,0,0,0,0,0,0,0,0,0,0,0
3054,T_M73132633,10,1,1,0,0,1,1,0,1,1,1,1,1,1
3055,T_etrodotoxin,5,0,1,0,0,0,0,0,1,1,1,0,1,0
3056,Taajification,1,0,1,0,0,0,0,0,0,0,0,0,0,0
3057,Taali92853577,2,0,1,0,0,1,0,0,0,0,0,0,0,0
3058,TabHoss,5,1,0,0,0,0,0,0,1,1,1,0,0,1
3059,TabithaStevens8,1,1,0,0,0,0,0,0,0,0,0,0,0,0
3060,Tadeh75273971,1,1,0,0,0,0,0,0,0,0,0,0,0,0
3061,Taghbaz,2,1,0,0,0,0,0,0,0,0,0,0,1,0
3062,TaghiTaghiTaghi,4,1,1,0,0,1,0,0,0,0,0,0,1,0
3063,TahsinZhaleh,11,1,1,0,0,1,1,1,1,1,1,1,1,1
3064,Taj84615973,1,0,1,0,0,0,0,0,0,0,0,0,0,0
3065,TajAlsaltaneh,5,1,1,0,0,0,1,1,0,0,0,0,1,0
3066,Tajabi4,8,0,1,0,0,1,1,0,1,1,1,1,0,1
3067,TalaaYegan,10,1,1,0,0,1,1,0,1,1,1,1,1,1
3068,Tali2066,1,0,1,0,0,0,0,0,0,0,0,0,0,0
3069,Tangsir192757,7,1,1,0,0,1,0,1,1,0,0,0,1,1
3070,Tanha59977799,1,1,0,0,0,0,0,0,0,0,0,0,0,0
3071,TanhaBaGolha,7,1,0,0,0,1,0,0,1,0,1,1,1,1
3072,Tanhaa820168,4,1,0,0,0,1,0,0,1,0,1,0,0,0
3073,Tara05397483,10,1,1,0,0,1,1,0,1,1,1,1,1,1
3074,Tara1576,5,1,0,0,0,1,1,0,0,1,0,1,0,0
3075,Tara32373334,1,0,1,0,0,0,0,0,0,0,0,0,0,0
3076,TaraEbrahi10282,2,1,0,0,0,1,0,0,0,0,0,0,0,0
3077,Tara_ariay,3,1,1,0,0,1,0,0,0,0,0,0,0,0
3078,Taraaneht,3,1,0,0,0,0,0,0,1,1,0,0,0,0
3079,Tarakb0,1,1,0,0,0,0,0,0,0,0,0,0,0,0
3080,TaranehRaki,2,1,1,1,0,0,0,0,0,0,0,0,0,0
3081,TaranomeBaharNM,2,1,1,0,0,0,0,0,0,0,0,0,0,0
3082,Tarantulasa,1,0,1,0,0,0,0,0,0,0,0,0,0,0
3083,Tech_Trader01,8,1,1,0,0,0,0,0,1,1,1,1,1,1
3084,Tehran499673,6,0,1,0,0,1,0,0,1,0,1,1,1,0
3085,TehranWatcher,8,1,0,0,0,0,1,1,1,1,0,1,1,1
3086,Tehran_king,10,1,1,0,0,1,1,0,1,1,1,1,1,1
3087,Tehraniran74141,4,1,0,0,0,0,0,0,1,0,1,0,1,0
3088,TeraA1075853,5,1,1,0,0,1,1,0,0,0,1,0,0,0
3089,TessaTitanium,1,1,0,0,0,0,0,0,0,0,0,0,0,0
3090,Tetti561561,1,1,0,0,0,0,0,0,0,0,0,0,0,0
3091,That_Feller841,2,0,1,0,0,0,0,0,0,1,0,0,0,0
3092,TheAgnostic1999,3,1,0,0,0,1,1,0,0,0,0,0,0,0
3093,TheAvenger1st,3,1,0,0,0,0,0,0,1,0,0,0,0,1
3094,TheBGabri,2,0,1,0,0,0,0,0,0,1,0,0,0,0
3095,TheCyrusAccord,5,1,1,0,0,0,0,0,1,1,1,0,0,0
3096,TheGreatPersi,5,1,1,0,0,0,0,0,0,1,0,0,1,1
3097,TheGrtG19,11,1,1,0,0,1,1,1,1,1,1,1,1,1
3098,TheHandsomeLion,2,1,0,0,0,0,0,0,1,0,0,0,0,0
3099,ThePersianHero,1,0,1,0,0,0,0,0,0,0,0,0,0,0
3100,TheRainborne,7,1,0,0,0,1,1,0,1,1,1,1,0,0
3101,TheSamiKaze,3,1,0,0,0,1,0,0,0,0,0,1,0,0
3102,TheSmirking13,1,1,0,0,0,0,0,0,0,0,0,0,0,0
3103,TheThin58564250,11,1,1,0,0,1,1,1,1,1,1,1,1,1
3104,The_Monalisali,3,0,1,0,0,1,0,1,0,0,0,0,0,0
3105,The_Rointan,9,1,1,0,0,1,1,0,1,0,1,1,1,1
3106,The___Shah_,3,1,0,0,0,1,0,0,1,0,0,0,0,0
3107,Thelastfirs,3,1,0,0,0,0,0,0,0,0,1,0,0,1
3108,Theone555293883,8,1,1,0,0,1,1,0,1,1,0,1,0,1
3109,ThinkLoom,3,1,0,0,0,1,0,0,0,0,0,0,0,1
3110,Thinks_is_wise,2,1,0,0,0,0,0,1,0,0,0,0,0,0
3111,Tiirgan,5,1,0,0,0,1,0,0,1,1,1,0,0,0
3112,TimBurton424242,1,0,1,0,0,0,0,0,0,0,0,0,0,0
3113,Tina34832552745,6,0,1,0,0,1,0,0,1,1,0,1,1,0
3114,TinaFay1978,9,1,0,0,0,0,1,1,1,1,1,1,1,1
3115,Tina_tina_7777,3,1,0,0,0,0,0,0,1,0,0,0,1,0
3116,TirdadHM,11,1,1,0,0,1,1,1,1,1,1,1,1,1
3117,Titipai111778,2,0,1,0,0,0,0,0,0,0,0,0,0,1
3118,Tiyam68903204,6,1,0,0,0,1,0,0,1,1,1,0,0,1
3119,Toghyaann,2,0,1,0,0,1,0,0,0,0,0,0,0,0
3120,Toky1975,1,1,0,0,0,0,0,0,0,0,0,0,0,0
3121,Tommi_Luoto,9,1,1,0,0,1,1,0,1,1,1,0,1,1
3122,Tomwvoh,5,0,1,0,0,1,1,0,0,1,0,0,0,1
3123,ToobaIrani,10,1,1,0,0,1,1,0,1,1,1,1,1,1
3124,TootooEater,1,0,1,0,0,0,0,0,0,0,0,0,0,0
3125,Top_______Gun,1,0,1,0,0,0,0,0,0,0,0,0,0,0
3126,Torobche15,1,1,0,0,0,0,0,0,0,0,0,0,0,0
3127,,0,0,0,0,1,0,0,0,0,0,0,0,0,0
3128,ToyBa80,10,1,0,0,0,1,1,1,1,1,1,1,1,1
3129,Toy_tweet_B,10,1,0,0,0,1,1,1,1,1,1,1,1,1
3130,Tra209,7,1,1,0,0,0,1,0,0,1,0,1,1,1
3131,Tramadol2013,1,1,0,0,0,0,0,0,0,0,0,0,0,0
3132,Treasure_208,2,1,0,0,0,0,0,0,0,0,0,0,1,0
3133,TrueDetectyve,5,1,1,0,0,1,0,0,0,0,1,0,1,0
3134,TruthFreedom777,6,1,0,0,1,1,0,0,0,1,0,1,1,1
3135,Turning00,1,0,1,0,0,0,0,0,0,0,0,0,0,0
3136,TuskUndying,2,1,1,0,0,0,0,0,0,0,0,0,0,0
3137,TweetingTiger1,2,1,0,0,0,1,0,0,0,0,0,0,0,0
3138,Typhone77,8,0,1,0,0,1,1,1,0,1,1,1,1,0
3139,UltraTaban,1,1,0,0,0,0,0,0,0,0,0,0,0,0
3140,Undine_X,2,1,1,0,0,0,0,0,0,0,0,0,0,0
3141,UniqColonel,4,1,1,0,0,0,1,0,0,1,0,0,0,0
3142,UnmuteIran,4,1,1,0,0,0,0,0,0,0,0,0,1,1
3143,Utaab146972,6,0,1,0,0,1,0,0,0,1,1,1,0,1
3144,Utauoa1970,1,1,0,0,0,0,0,0,0,0,0,0,0,0
3145,Utbde_,2,1,0,0,0,1,0,0,0,0,0,0,0,0
3146,VAHIDAYAN,8,1,1,0,0,1,0,1,1,1,0,0,1,1
3147,VAN_APC666,1,1,0,0,0,0,0,0,0,0,0,0,0,0
3148,VEeoI860y59Sked,2,1,1,0,0,0,0,0,0,0,0,0,0,0
3149,VFakhteh,2,0,1,0,0,0,0,0,0,0,0,0,0,1
3150,VIOtiluke,9,1,1,0,0,1,1,0,1,1,1,1,1,0
3151,VVondereyes,1,0,1,0,0,0,0,0,0,0,0,0,0,0
3152,V_Iran2022,2,1,0,0,0,1,0,0,0,0,0,0,0,0
3153,V_Iran_Lion_Sun,1,1,0,0,0,0,0,0,0,0,0,0,0,0
3154,VafaBuzjani,2,1,1,0,0,0,0,0,0,0,0,0,0,0
3155,VahdatIrandoost,9,1,0,0,0,1,0,1,1,1,1,1,1,1
3156,VahidAghalooei,1,1,0,0,0,0,0,0,0,0,0,0,0,0
3157,VahidGanji8,2,1,0,0,0,1,0,0,0,0,0,0,0,0
3158,VahidHacha,2,0,1,0,0,0,0,0,0,0,0,0,1,0
3159,VakilMellat,11,1,1,0,0,1,1,1,1,1,1,1,1,1
3160,Valeriehastam,9,1,1,0,0,1,0,0,1,1,1,1,1,1
3161,ValiValip,2,1,0,0,0,0,0,0,0,1,0,0,0,0
3162,VandadO95669,1,1,0,0,0,0,0,0,0,0,0,0,0,0
3163,VataniranVatan,1,1,0,0,0,0,0,0,0,0,0,0,0,0
3164,Vatanparast28,10,1,1,0,0,0,1,1,1,1,1,1,1,1
3165,VeganGod,2,1,0,0,0,1,0,0,0,0,0,0,0,0
3166,VendeTaTheAlien,10,1,1,0,0,1,1,0,1,1,1,1,1,1
3167,Vendetta_Nobody,1,0,1,0,0,0,0,0,0,0,0,0,0,0
3168,Veronicasarina,6,1,0,0,0,0,0,0,1,1,1,1,1,0
3169,Vetiverrr,2,1,0,0,0,0,0,0,1,0,0,0,0,0
3170,Victorian_4Life,8,1,1,0,0,0,1,1,1,0,1,0,1,1
3171,Victoriq0hf,4,1,1,0,0,0,0,0,1,0,0,1,0,0
3172,Victory26Au,1,0,0,0,1,0,0,0,0,0,0,0,1,0
3173,VictoryOfNoooor,8,1,1,0,0,1,0,1,1,0,1,1,0,1
3174,Victorywqy8,1,1,0,0,0,0,0,0,0,0,0,0,0,0
3175,VidaBelll,10,1,1,0,0,1,1,1,1,1,1,0,1,1
3176,Vidag121,1,1,0,0,0,0,0,0,0,0,0,0,0,0
3177,Viewthehouse,9,1,1,0,0,1,1,0,1,1,0,1,1,1
3178,Villasenor4012,7,1,1,0,0,0,0,0,0,1,1,1,1,1
3179,VincentVaseghi,2,0,1,0,0,0,0,0,0,0,1,0,0,0
3180,Violetsmn,4,1,0,0,0,1,0,0,1,1,0,0,0,0
3181,VistaK20,4,1,0,0,0,1,1,0,0,1,0,0,0,0
3182,VistaPanahi,1,0,1,0,0,0,0,0,0,0,0,0,0,0
3183,VitoReddington,5,1,0,0,0,1,1,0,1,0,1,0,0,0
3184,VivaFreeIranMar,1,1,0,0,0,0,0,0,0,0,0,0,0,0
3185,Viva__freedom,1,1,0,0,0,0,0,0,0,0,0,0,0,0
3186,Viva_il_Re_Km,5,1,0,0,0,1,0,0,0,1,1,1,0,0
3187,Vivashahemon,5,1,0,0,0,0,0,0,0,1,0,1,1,1
3188,VoiceInStorm,2,1,1,0,0,0,0,0,0,0,0,0,0,0
3189,Voice_2026,4,1,0,0,0,1,0,0,0,1,0,0,0,1
3190,Voiceofsilenc7,4,0,1,0,0,1,0,0,0,0,0,1,1,0
3191,Volotofblue,6,1,0,0,0,0,1,0,1,1,1,1,0,0
3192,Vonk_Van_Oost,1,0,1,0,0,0,0,0,0,0,0,0,0,0
3193,Vonmoltke45,2,1,0,0,0,0,0,0,1,0,0,0,0,0
3194,W5KoiWrJgup0NwH,5,1,1,0,0,0,1,0,0,1,1,0,0,0
3195,WLFMMA2010,2,0,1,0,0,1,0,0,0,0,0,0,0,0
3196,WMIGA2584,2,1,0,0,0,0,0,0,0,0,0,0,0,1
3197,WM_IRAN_GA,3,1,0,0,0,0,1,0,0,0,1,0,0,0
3198,W_L_F_202223,2,1,0,0,0,0,1,0,0,0,0,0,0,0
3199,Wannabenormal2,7,1,1,0,0,1,0,0,1,1,1,0,1,0
3200,WarRioR0107,10,1,1,0,0,1,1,0,1,1,1,1,1,1
3201,Warlllus,9,1,1,0,0,1,1,1,0,0,1,1,1,1
3202,Warriorxoy,3,1,0,0,0,0,1,0,1,0,0,0,0,0
3203,We9jYkaDF4UqlJQ,2,0,1,0,0,0,0,0,0,0,0,0,0,1
3204,WeHateMollas,1,1,0,0,0,0,0,0,0,0,0,0,0,0
3205,Whitewolf8926,10,1,1,0,0,1,1,1,0,1,1,1,1,1
3206,WildSoshiant,2,1,0,0,0,0,0,1,0,0,0,0,0,0
3207,WillBeIraj,2,0,1,0,0,0,0,0,1,0,0,0,0,0
3208,WilliamAtherden,6,1,1,0,0,0,1,0,1,0,0,1,1,0
3209,WingsOfPeace_,10,1,1,0,0,1,1,1,1,1,1,0,1,1
3210,Wingsoffre64495,8,1,0,0,0,0,0,1,1,1,1,1,1,1
3211,Wishandtea,1,0,1,0,0,0,0,0,0,0,0,0,0,0
3212,Wolf_021,8,0,1,0,0,0,1,1,1,1,1,1,0,1
3213,WorldGreengreen,3,0,1,0,0,0,0,0,1,0,0,1,0,0
3214,WtnJanm,5,1,0,0,0,0,1,0,1,1,1,0,0,0
3215, ,0,0,0,1,0,0,0,0,0,0,0,0,0,0
3216,XRPFutureWorld,9,1,1,0,0,1,1,1,1,1,0,1,0,1
3217,X_Seed1,6,1,1,0,0,0,0,1,0,0,0,1,1,1
3218,Xerxes90183,10,1,1,1,0,1,1,0,1,1,1,1,1,1
3219,XtraUseryta,2,0,1,0,0,0,0,0,0,1,0,0,0,0
3220,Xyz0o3,9,1,1,0,0,1,1,0,1,1,1,0,1,1
3221,YOUSE32462605,3,1,0,0,0,0,0,0,0,1,0,0,0,1
3222,Ya_emam_asr,1,1,0,0,0,0,0,0,0,0,0,0,0,0
3223,YaarGhadimi,5,1,0,0,0,0,0,0,1,1,1,0,1,0
3224,YaghobLeis,4,0,1,0,0,1,1,0,0,0,0,1,0,0
3225,Yahev_zip,2,1,1,0,0,0,0,0,0,0,0,0,0,0
3226,Yalda447772724,7,1,1,0,0,0,0,0,1,1,1,0,1,1
3227,Yaldablue777,2,0,1,0,0,1,0,0,0,0,0,0,0,0
3228,YasamanKhodajo,7,1,1,0,0,1,0,0,1,1,1,0,0,1
3229,YasamanforIran,3,0,1,0,0,1,0,0,0,0,0,0,1,0
3230,Yasamin57418020,2,1,1,0,0,0,0,0,0,0,0,0,0,0
3231,Yasi__S,9,1,1,0,0,1,1,0,1,1,0,1,1,1
3232,YasinAsgari_ir,8,1,0,0,0,1,0,0,1,1,1,1,1,1
3233,YasrH30514,2,0,1,0,0,0,1,0,0,0,0,0,0,0
3234,Yavar2565,2,1,1,0,0,0,0,0,0,0,0,0,0,0
3235,Yazdgerd8,1,1,0,0,0,0,0,0,0,0,0,0,0,0
3236,YeWanTony,2,1,0,0,0,0,1,0,0,0,0,0,0,0
3237,Ye_chizi_has,2,1,1,0,0,0,0,0,0,0,0,0,0,0
3238,Yegane2585,1,0,1,0,0,0,0,0,0,0,0,0,0,0
3239,Yegane5384821,5,1,1,0,0,1,1,0,0,0,0,1,0,0
3240,YellowDemon88,5,0,1,0,0,0,0,0,1,1,0,1,1,0
3241,Yn4Iran,5,1,0,0,0,0,0,0,1,1,1,1,0,0
3242,Yohatsu99,7,1,0,0,0,0,0,0,1,1,1,1,1,1
3243,Yootab17,10,1,1,0,0,1,0,1,1,1,1,1,1,1
3244,Younessi,1,1,0,0,0,0,0,0,0,0,0,0,0,0
3245,Youngpacinoz,5,1,0,0,0,0,0,0,1,1,0,1,0,1
3246,YourTeepicalguy,1,1,0,0,0,0,0,0,0,0,0,0,0,0
3247,Z00raf,3,0,0,1,0,0,0,0,0,1,1,1,0,0
3248,Z3A6I9,2,1,1,0,0,0,0,0,0,0,0,0,0,0
3249,ZMah61979,3,0,1,0,0,1,0,0,0,0,1,0,0,0
3250,ZSanieyan77844,4,0,1,0,0,0,0,0,0,0,0,1,1,1
3251,ZZnVxsT8fhFu2T6,2,0,1,0,0,0,0,0,0,0,0,0,1,0
3252,Zagonczyk1610,3,1,0,0,0,0,1,0,0,0,0,1,0,0
3253,Zagros_Heights,1,1,0,0,0,0,0,0,0,0,0,0,0,0
3254,Zahaknb,2,1,0,0,0,0,0,0,0,0,0,1,0,0
3255,ZahraAzizima84,1,1,0,0,0,0,0,0,0,0,0,0,0,0
3256,ZahraFarahani4,1,1,0,0,0,0,0,0,0,0,0,0,0,0
3257,ZahraKavan,1,0,1,0,0,0,0,0,0,0,0,0,0,0
3258,ZahraMa24136702,2,1,0,0,0,0,0,0,0,1,0,0,0,0
3259,ZahramoradiRra,1,1,0,0,0,0,0,0,0,0,0,0,0,0
3260,Zakaria_naraz,1,0,1,0,0,0,0,0,0,0,0,0,0,0
3261,ZanIrani2201,2,0,1,0,0,0,0,0,1,0,0,0,0,0
3262,Zanzend46467503,1,0,1,0,0,0,0,0,0,0,0,0,0,0
3263,ZarSAl15,9,1,1,0,0,1,1,1,1,0,1,1,0,1
3264,Zara65495138,4,1,0,0,0,0,0,0,0,0,1,1,0,1
3265,Zara_Arp,3,1,1,0,0,0,0,0,0,1,0,0,0,0
3266,Zaraaa61713221,6,0,1,0,0,0,0,1,1,1,1,0,1,0
3267,Zarafreedom,1,0,1,0,0,0,0,0,0,0,0,0,0,0
3268,Zarapersai57,2,0,1,0,0,1,0,0,0,0,0,0,0,0
3269,ZargarYasein,3,1,1,0,0,0,0,1,0,0,0,0,0,0
3270,Zari77485163,2,1,0,0,0,0,0,0,0,1,0,0,0,0
3271,ZariMil,6,1,0,0,0,1,0,1,0,0,1,1,1,0
3272,ZarrinehBab,7,0,1,0,0,1,0,0,1,1,1,1,0,1
3273,Zed_Adyan,2,1,0,0,0,0,0,0,0,1,0,0,0,0
3274,ZendegiFar93371,2,1,1,0,0,0,0,0,0,0,0,0,0,0
3275,ZeuosReza,1,1,0,0,0,0,0,0,0,0,0,0,0,0
3276,Zeyceramics,2,1,1,0,0,0,0,0,0,0,0,0,0,0
3277,Zeymir87,4,1,0,0,0,1,0,0,1,0,0,0,0,1
3278,ZhOmid,7,1,1,0,0,1,0,0,0,1,0,1,1,1
3279,Zhuan98,3,1,0,0,0,1,0,0,0,1,0,0,0,0
3280,Zibahedaya27199,6,1,1,0,0,0,1,0,1,1,1,0,0,0
3281,ZionAssedo,1,1,0,0,0,0,0,0,0,0,0,0,0,0
3282,ZiziGolo68,4,0,1,0,0,1,0,0,0,0,1,0,1,0
3283,ZoeKyoto,1,0,1,0,0,0,0,0,0,0,0,0,0,0
3284,Zoe_lyra,6,1,0,0,0,1,0,0,1,1,0,1,1,0
3285,ZohrehM53614636,1,1,0,0,0,0,0,0,0,0,0,0,0,0
3286,ZohrehRazavi,8,1,1,0,0,1,1,1,0,0,1,1,1,0
3287,ZoroastersChild,1,1,0,0,0,0,0,0,0,0,0,0,0,0
3288,_ALIRE7A,3,1,0,0,0,0,0,0,0,1,0,0,0,1
3289,_A_Citizen_,9,0,1,0,0,0,1,1,1,1,1,1,1,1
3290,_AlBa_0323,3,1,0,0,0,0,0,0,0,1,0,1,0,0
3291,_AnotherGod_,1,0,1,0,0,0,0,0,0,0,0,0,0,0
3292,_Gordaafarid,11,1,1,0,0,1,1,1,1,1,1,1,1,1
3293,_KingSoldier_,2,1,0,0,0,0,0,0,0,1,0,0,0,0
3294,_Lionofpersia_,1,1,0,0,0,0,0,0,0,0,0,0,0,0
3295,_Luna_LGood,1,0,1,0,0,0,0,0,0,0,0,0,0,0
3296,_MAVERlCK_,6,1,1,0,0,1,0,0,1,1,1,0,0,0
3297,_MeduSia_,5,1,1,0,0,0,0,0,0,0,1,0,1,1
3298,_Mim_masoum,1,0,1,0,0,0,0,0,0,0,0,0,0,0
3299,_Nelllz_,6,1,0,0,0,0,0,1,1,1,1,0,1,0
3300,_Night_grief,1,1,0,0,0,0,0,0,0,0,0,0,0,0
3301,_RealZorro_,8,1,1,0,0,1,1,0,1,1,0,1,1,0
3302,_Roh4m,6,1,0,0,0,1,0,0,1,1,1,0,1,0
3303,_Sally1_,2,1,1,0,0,0,0,0,0,0,0,0,0,0
3304,_TheWhiteRhino,1,0,1,0,0,0,0,0,0,0,0,0,0,0
3305,__Babak_,4,1,1,0,0,0,0,0,0,1,0,1,0,0
3306,__DAVOUD__,1,1,0,0,0,0,0,0,0,0,0,0,0,0
3307,__Injaneb96,1,1,0,0,0,0,0,0,0,0,0,0,0,0
3308,__L_I_B_R_A__,5,1,0,0,0,1,0,0,1,0,0,1,1,0
3309,__MDYN__,4,1,0,0,0,1,0,0,0,1,0,1,0,0
3310,__MIGA_,1,0,1,0,0,0,0,0,0,0,0,0,0,0
3311,__Milad_____,6,1,0,0,0,0,1,0,0,1,1,0,1,1
3312,__Reza__,8,1,1,0,0,1,0,0,1,1,1,1,0,1
3313,___Homeland,3,1,0,0,0,0,0,0,0,0,0,1,1,0
3314,___IRANI,9,1,1,0,0,1,0,1,1,1,1,1,1,0
3315,____ROHI____,8,1,1,0,0,1,1,0,1,0,0,1,1,1
3316,_____afra_____,1,0,1,0,0,0,0,0,0,0,0,0,0,0
3317,__init__kami,1,1,0,0,0,0,0,0,0,0,0,0,0,0
3318,__naqmeh__,1,1,0,0,0,0,0,0,0,0,0,0,0,0
3319,_atousa,1,1,0,0,0,0,0,0,0,0,0,0,0,0
3320,_change_isgood,4,1,0,0,0,1,0,0,1,0,0,0,0,1
3321,_fereshte7,7,1,0,0,0,0,0,0,1,1,1,1,1,1
3322,_helpeachother_,3,0,1,0,0,0,0,0,0,0,1,1,0,0
3323,_homa_sh_,1,1,0,0,0,0,0,0,0,0,0,0,0,0
3324,_m4h1,5,1,1,0,0,0,0,0,0,1,0,0,1,1
3325,_m_e_h_t_i_,9,1,1,0,0,1,0,1,1,1,1,1,1,0
3326,_melon_i,5,1,0,0,0,1,1,0,1,0,1,0,0,0
3327,_parisa_99,6,1,0,0,0,1,0,1,1,0,1,0,1,0
3328,_patronus7,5,1,0,0,0,1,1,0,1,0,0,1,0,0
3329,_sShHaAdDowW_,3,0,1,0,0,0,0,0,0,1,1,0,0,0
3330,_wild__rose,1,1,0,0,0,0,0,0,0,0,0,0,0,0
3331,_xsera_,2,0,1,0,0,0,0,0,0,0,1,0,0,0
3332,a01024119125,6,1,1,0,0,1,1,0,1,1,0,0,0,0
3333,aBaselitz,3,1,1,0,0,0,0,0,0,0,0,0,0,1
3334,aDnghsh,6,1,1,0,0,1,0,0,0,1,1,1,0,0
3335,a_iradj,4,0,1,0,0,1,0,0,1,0,0,1,0,0
3336,aaa__basdg,4,1,0,0,0,1,0,0,0,1,0,1,0,0
3337,aaaalllloopr,1,1,0,0,0,0,0,0,0,0,0,0,0,0
3338,aabaan__1500,11,1,1,0,0,1,1,1,1,1,1,1,1,1
3339,aanass1987,1,1,0,0,0,0,0,0,0,0,0,0,0,0
3340,aanwny54,2,1,1,0,0,0,0,0,0,0,0,0,0,0
3341,aasoufivand,1,1,0,0,0,0,0,0,0,0,0,0,0,0
3342,aazadej,1,0,1,0,0,0,0,0,0,0,0,0,0,0
3343,aban1919,11,1,1,0,0,1,1,1,1,1,1,1,1,1
3344,abanskid,4,0,1,0,0,1,0,1,0,1,0,0,0,0
3345,abazxazia,4,1,0,0,0,0,0,0,1,1,1,0,0,0
3346,abbas021amir,5,1,1,0,0,0,0,0,0,0,1,1,0,1
3347,abbas_af,5,1,0,0,0,1,0,0,1,0,1,0,1,0
3348,abbaskaviri,2,1,0,0,0,1,0,0,0,0,0,0,0,0
3349,abbass22001,2,1,0,0,0,0,0,0,0,1,0,0,0,0
3350,abitaringhalb,3,0,1,0,0,0,0,0,0,1,0,1,0,0
3351,aboreyhann,10,1,1,0,0,1,0,1,1,1,1,1,1,1
3352,acadic57403,1,1,0,0,0,0,0,0,0,0,0,0,0,0
3353,ada_mash,3,1,0,0,0,1,0,0,1,0,0,0,0,0
3354,adam_persian,6,0,1,0,0,1,1,1,0,1,0,0,0,1
3355,adelfarbod2,1,1,0,0,0,0,0,0,0,0,0,0,0,0
3356,adi_jony89902,8,1,1,0,0,1,1,0,1,1,1,0,0,1
3357,aeries99,10,1,1,0,0,1,1,0,1,1,1,1,1,1
3358,agapeh37,2,1,0,0,0,1,0,0,0,0,0,0,0,0
3359,aghachurchill,2,0,1,1,0,0,0,0,0,1,0,0,0,0
3360,aghooyehamsadeh,6,1,1,0,0,1,1,1,0,1,0,0,0,0
3361,agirl20207,5,1,0,0,0,0,0,0,1,0,1,1,1,0
3362,agnos_pharmos,4,1,1,0,0,1,0,0,0,0,0,0,1,0
3363,ah12491281,3,0,1,0,0,1,0,0,0,0,1,0,0,0
3364,ah2024_2024,4,1,1,0,0,1,0,0,0,0,1,0,0,0
3365,ah_abdali,2,1,0,0,0,1,0,0,0,0,0,0,0,0
3366,ahangarshah,6,1,0,0,0,1,0,1,0,0,0,1,1,1
3367,ahiran,11,1,1,0,0,1,1,1,1,1,1,1,1,1
3368,ahmad_Ariaie,1,1,0,0,0,0,0,0,0,0,0,0,0,0
3369,ahmadshahkalm,3,0,1,0,0,1,0,0,1,0,0,0,0,0
3370,ahmadzadehfar,1,0,1,0,0,0,0,0,0,0,0,0,0,0
3371,ahooraa666,4,1,1,0,0,1,0,0,0,1,0,0,0,0
3372,ahora2123,2,1,0,0,0,1,0,0,0,0,0,0,0,0
3373,ahouragholi,1,0,1,0,0,0,0,0,0,0,0,0,0,0
3374,ahwn_br,9,1,1,0,0,1,1,0,1,1,1,0,1,1
3375,ai_simulacrum,1,1,0,0,0,0,0,0,0,0,0,0,0,0
3376,aidakay0,6,1,1,0,0,1,0,1,0,0,0,1,0,1
3377,aidin5zyt,7,0,1,0,0,1,0,0,0,1,1,1,1,1
3378,aily_mrl,3,1,1,0,0,0,0,0,0,0,0,0,1,0
3379,aisan995733,1,0,1,0,0,0,0,0,0,0,0,0,0,0
3380,aj43321795,1,0,1,0,0,0,0,0,0,0,0,0,0,0
3381,alale9009,7,1,0,0,0,1,0,0,1,1,1,1,0,1
3382,ali2bbi,1,0,1,0,0,0,0,0,0,0,0,0,0,0
3383,ali_nakh_,3,1,0,0,0,1,0,0,0,1,0,0,0,0
3384,aliasgharAmiri2,10,1,1,0,0,1,0,1,1,1,1,1,1,1
3385,alichi1992,3,1,1,0,0,0,0,0,0,1,0,0,0,0
3386,alifakhr13,7,1,1,0,0,0,0,0,1,1,1,0,1,1
3387,aliiiivnd,1,0,1,0,0,0,0,0,0,0,0,0,0,0
3388,alimasrourri05,1,0,1,0,0,0,0,0,0,0,0,0,0,0
3389,alinaghi2018,7,0,1,0,0,1,1,0,1,1,1,0,0,1
3390,alirahimi818,9,1,1,0,0,1,1,1,1,0,1,1,1,0
3391,alireza54758693,5,1,0,0,0,0,1,0,1,1,1,0,0,0
3392,alireza80942251,11,1,1,0,0,1,1,1,1,1,1,1,1,1
3393,alireza99860284,5,1,0,0,0,1,0,0,0,1,1,0,1,0
3394,alireza_hojjati,5,1,0,0,0,0,1,0,1,1,0,0,0,1
3395,alirezaadibann,8,1,1,0,0,1,1,1,0,1,1,0,1,0
3396,alirezakiani2,1,1,0,0,0,0,0,0,0,0,0,0,0,0
3397,alirezay2k,6,1,1,0,0,1,0,0,1,0,0,1,0,1
3398,alisamixxx,4,1,0,0,0,0,0,1,0,1,0,1,0,0
3399,alizan2383,4,1,1,0,0,1,1,0,0,0,0,0,0,0
3400,aljon_66,8,0,1,0,0,1,1,1,0,1,1,1,0,1
3401,alkajur,2,0,1,0,0,0,1,0,0,0,0,0,0,0
3402,all4IR89,3,1,1,0,0,0,0,0,0,0,0,0,0,1
3403,allefuerallee,5,1,0,0,1,0,0,0,1,1,1,1,0,0
3404,aloneiranian911,2,0,1,0,0,1,0,0,0,0,0,0,0,0
3405,aloozara,1,1,0,0,0,0,0,0,0,0,0,0,0,0
3406,am70561791,2,1,1,0,0,0,0,0,0,0,0,0,0,0
3407,ameensol,2,1,0,0,0,0,0,0,0,1,0,0,0,0
3408,amin60196154,2,0,1,0,0,1,0,0,0,0,0,0,0,0
3409,amin_r2p,2,1,0,0,0,0,0,0,0,1,0,0,0,0
3410,amintimany,11,1,1,0,0,1,1,1,1,1,1,1,1,1
3411,amipharmacien,2,1,1,0,0,0,0,0,0,0,0,0,0,0
3412,amir1324502,1,0,1,0,0,0,0,0,0,0,0,0,0,0
3413,amir2104,6,1,1,0,0,0,0,1,0,1,1,1,0,0
3414,amir75851882,1,0,1,0,0,0,0,0,0,0,0,0,0,0
3415,amiraliahm49522,2,0,1,0,0,1,0,0,0,0,0,0,0,0
3416,amirarianarjmnd,0,0,0,1,0,0,0,0,0,0,0,0,0,0
3417,amiretemadi,4,1,0,0,0,1,0,0,1,1,0,0,0,0
3418,amiri_555690,1,0,1,0,0,0,0,0,0,0,0,0,0,0
3419,amish_1978,5,1,1,0,0,1,1,0,0,0,0,0,1,0
3420,amokhoobeh,7,1,1,0,0,0,0,0,1,1,1,0,1,1
3421,amoopoya,5,0,1,0,0,0,0,0,1,1,0,1,1,0
3422,amori003,5,1,0,0,0,1,1,0,0,0,0,1,1,0
3423,amou_afshin,3,0,1,0,0,0,0,0,0,1,0,0,1,0
3424,anaaA88443086,6,0,1,0,0,1,1,0,0,0,1,1,1,0
3425,anable27,2,0,1,0,0,0,0,0,0,1,0,0,0,0
3426,anahita374546,1,1,0,0,0,0,0,0,0,0,0,0,0,0
3427,anahitam20_,1,1,0,0,0,0,0,0,0,0,0,0,0,0
3428,anariaian,4,1,1,0,0,0,0,0,0,0,1,1,0,0
3429,anbarmarkazi,11,1,1,0,0,1,1,1,1,1,1,1,1,1
3430,andia_californi,1,0,1,0,0,0,0,0,0,0,0,0,0,0
3431,andishyar1,1,0,1,0,0,0,0,0,0,0,0,0,0,0
3432,angel542986601,1,0,1,0,0,0,0,0,0,0,0,0,0,0
3433,angeliran90,3,1,0,0,0,1,0,0,0,0,0,0,0,1
3434,angelvibes2024,8,1,1,0,0,1,0,0,0,1,1,1,1,1
3435,anialedo2,8,1,0,0,1,0,1,1,1,0,1,1,1,1
3436,anialedo4,3,1,0,0,0,1,0,0,0,0,0,0,1,0
3437,anitamirshahi,4,1,0,0,0,1,1,0,0,0,1,0,0,0
3438,annepaul888,1,1,0,0,0,0,0,0,0,0,0,0,0,0
3439,anonycitizen38,1,1,0,0,0,0,0,0,0,0,0,0,0,0
3440,antares_shah,3,1,1,0,0,0,0,0,1,0,0,0,0,0
3441,anti_mola,6,0,1,0,0,1,1,1,0,0,0,1,0,1
3442,anti_mollah,4,1,0,0,0,1,1,0,0,1,0,0,0,0
3443,anti_russia_,2,1,1,0,0,0,0,0,0,0,0,0,0,0
3444,antik75,1,1,0,0,0,0,0,0,0,0,0,0,0,0
3445,antiwoke79,4,1,1,0,0,1,0,0,0,0,0,1,0,0
3446,anvarsaadat57,7,1,1,0,0,1,0,0,1,1,1,1,0,0
3447,anwar_sadaaat,4,1,1,0,0,0,0,0,0,0,0,0,1,1
3448,anya9ca,2,1,0,0,0,1,0,0,0,0,0,0,0,0
3449,aqaei_riiiish,3,0,1,0,0,0,0,0,1,1,0,0,0,0
3450,ar_mehraban,7,1,0,0,0,1,0,0,1,1,1,1,1,0
3451,araa98arrr,3,1,0,0,0,0,1,0,1,0,0,0,0,0
3452,aradalesafar,1,1,0,0,0,0,0,0,0,0,0,0,0,0
3453,aradmard1,6,1,1,0,0,1,0,0,1,0,0,1,0,1
3454,arash1633176,4,1,0,0,0,0,1,0,1,0,0,0,0,1
3455,arash_jahanfar,3,0,1,0,0,0,0,1,0,0,0,1,0,0
3456,arash_mzsh,6,1,0,0,0,1,1,0,1,0,1,1,0,0
3457,arasha8890,3,1,1,0,0,0,0,0,0,0,1,0,0,0
3458,arashashkan573,3,0,1,0,0,0,0,0,1,1,0,0,0,0
3459,arashfattahi89,9,1,1,0,0,1,0,0,1,1,1,1,1,1
3460,arashkhsara,8,1,1,0,0,1,0,0,1,1,1,0,1,1
3461,ardalan653304,1,1,0,0,0,0,0,0,0,0,0,0,0,0
3462,ardeshir1387,3,1,1,0,0,0,0,0,1,0,0,0,0,0
3463,arezoom79,1,0,1,0,0,0,0,0,0,0,0,0,0,0
3464,ariaban_84,4,0,1,0,0,0,1,0,1,0,0,0,1,0
3465,ariae007,10,1,1,0,0,1,1,1,1,1,1,1,0,1
3466,ariafarpoori,10,1,1,0,0,1,0,1,1,1,1,1,1,1
3467,ariafirani,2,0,1,0,0,0,0,0,0,0,0,0,0,1
3468,ariamehr259,3,1,0,0,0,0,0,0,0,1,1,0,0,0
3469,arian2584,2,0,1,0,0,0,0,0,0,0,1,0,0,0
3470,arian_tn,2,0,1,0,0,0,0,0,1,0,0,0,0,0
3471,ariiii4n,2,0,1,0,0,0,0,0,0,1,0,0,0,0
3472,ario0obarzzzan,1,0,1,0,0,0,0,0,0,0,0,0,0,0
3473,ariobarzansaeed,4,1,1,0,0,1,0,0,0,0,0,0,0,1
3474,ariyam67,2,0,1,0,0,0,0,0,0,0,0,0,0,1
3475,ariyamehr1970,1,1,0,0,0,0,0,0,0,0,0,0,0,0
3476,ariyan__z,1,0,1,0,0,0,0,0,0,0,0,0,0,0
3477,arkimewire,8,1,0,0,0,0,1,0,1,1,1,1,1,1
3478,arm_dst,11,1,1,0,0,1,1,1,1,1,1,1,1,1
3479,arman_arya35825,2,1,0,0,0,1,0,0,0,0,0,0,0,0
3480,arminord,1,0,1,0,0,0,0,0,0,0,0,0,0,0
3481,armitanemati,5,1,0,0,0,0,0,1,0,1,1,0,1,0
3482,arrashkamangir,9,1,0,0,0,1,1,1,1,0,1,1,1,1
3483,arrrrrrremahi,8,1,0,0,0,0,0,1,1,1,1,1,1,1
3484,arsalan21666166,7,1,1,0,0,0,1,0,1,1,0,1,0,1
3485,artemis_yazdani,1,1,0,0,0,0,0,0,0,0,0,0,0,0
3486,artemisiraniii,6,1,0,0,0,1,1,0,0,1,0,1,1,0
3487,arteshbodoveisi,6,1,0,0,0,0,1,1,1,1,0,1,0,0
3488,arteshe_shah,11,1,1,0,0,1,1,1,1,1,1,1,1,1
3489,arvinkhoshnood,1,1,0,0,0,0,0,0,0,0,0,0,0,0
3490,ary_ayi_,4,1,0,0,0,1,0,0,1,1,0,0,0,0
3491,aryadkt9,3,1,0,0,0,1,0,0,0,1,0,0,0,0
3492,aryakamangir,9,1,1,0,0,0,1,0,1,1,1,1,1,1
3493,aryamehr4ever,3,0,1,0,0,0,0,0,0,1,0,1,0,0
3494,aryamehr9206,11,1,1,0,0,1,1,1,1,1,1,1,1,1
3495,aryamehr_p,3,0,1,0,0,0,0,0,0,1,0,1,0,0
3496,aryamehr_shah,6,1,0,0,0,1,0,0,1,1,0,1,0,1
3497,aryamehramirr,1,0,1,0,0,0,0,0,0,0,0,0,0,0
3498,aryamehreBozorg,9,1,1,0,0,1,1,1,1,1,1,1,0,0
3499,aryan7373mi,1,1,0,0,0,0,0,0,0,0,0,0,0,0
3500,aryoobarzan1402,6,1,1,0,0,1,0,1,0,1,0,0,0,1
3501,arz20856,4,1,0,0,0,0,0,0,0,1,0,1,0,1
3502,asal_ban,1,1,0,0,0,0,0,0,0,0,0,0,0,0
3503,asalfelfeli,8,1,1,0,0,0,0,0,1,1,1,1,1,1
3504,asaltlge,3,0,1,0,0,0,0,1,1,0,0,0,0,0
3505,asgharebichare,7,1,1,0,0,1,0,0,1,1,0,1,0,1
3506,asgharsibil0o,9,0,1,0,0,1,1,0,1,1,1,1,1,1
3507,ashay_80s,4,0,1,0,0,1,0,0,1,0,0,1,0,0
3508,ashkan_alikhani,2,1,1,0,0,0,0,0,0,0,0,0,0,0
3509,ashkvuo7000,5,0,1,0,0,1,1,1,0,0,0,0,0,1
3510,ashleyrubin1977,4,0,1,0,0,1,0,0,0,1,0,0,1,0
3511,asir_eli,7,1,0,0,0,1,1,0,0,1,0,1,1,1
3512,asre_bishouri,3,1,1,0,0,0,0,0,0,0,0,0,1,0
3513,assada_assad,2,1,0,0,0,0,0,0,0,0,0,0,0,1
3514,at_tir52,3,1,0,0,0,0,0,0,1,1,0,0,0,0
3515,atash_ro,9,0,1,0,0,1,1,1,1,1,1,0,1,1
3516,atena_irann,4,0,1,0,0,1,0,0,1,0,0,0,1,0
3517,atkinson3524,1,1,0,0,0,0,0,0,0,0,0,0,0,0
3518,atlasigirl,1,0,1,0,0,0,0,0,0,0,0,0,0,0
3519,atrisa3e,8,1,1,0,0,0,0,1,1,1,0,1,1,1
3520,austswim,2,1,0,0,0,0,0,0,0,0,1,0,0,0
3521,avaaa8910,10,1,1,0,0,1,0,1,1,1,1,1,1,1
3522,avaavaavin,2,1,1,0,0,0,0,0,0,0,0,0,0,0
3523,avay_farvahar,4,1,0,0,0,0,0,0,1,0,1,1,0,0
3524,avayekhosh30,1,1,0,0,0,0,0,0,0,0,0,0,0,0
3525,avazejangal,1,1,0,0,0,0,0,0,0,0,0,0,0,0
3526,avesta70,7,1,1,0,0,1,0,0,0,1,1,0,1,1
3527,aviislife,3,0,1,0,0,0,0,0,1,1,0,0,0,0
3528,awnaveed11,2,1,0,0,0,0,0,0,0,0,0,0,1,0
3529,awxdif,10,1,1,0,0,1,1,1,1,1,1,1,1,0
3530,azad3822217,3,1,1,0,0,1,0,0,0,0,0,0,0,0
3531,azad_kingrp2024,2,1,1,0,0,0,0,0,0,0,0,0,0,0
3532,azade53907986,1,0,1,0,0,0,0,0,0,0,0,0,0,0
3533,azadehirani95,8,1,1,0,0,0,1,1,0,1,1,1,0,1
3534,azadi_Iran_2,4,1,0,0,0,0,1,0,0,1,0,0,1,0
3535,azadi_f_,4,1,0,0,0,1,0,0,0,1,0,0,0,1
3536,azadiazadi2026,8,1,1,0,0,1,1,1,1,1,1,0,0,0
3537,azadiiii03,10,1,1,0,0,1,0,1,1,1,1,1,1,1
3538,azadvaraha__,4,1,0,0,0,0,0,0,1,0,1,1,0,0
3539,azadyd83,1,1,0,0,0,0,0,0,0,0,0,0,0,0
3540,azarakhshkabood,1,1,0,0,0,0,0,0,0,0,0,0,0,0
3541,azarrakhsh,1,1,0,0,0,0,0,0,0,0,0,0,0,0
3542,azhdar_khan,2,0,1,0,0,0,0,0,0,0,0,1,0,0
3543,azhilof,1,0,1,0,0,0,0,0,0,0,0,0,0,0
3544,azi2585,1,0,1,0,0,0,0,0,0,0,0,0,0,0
3545,azim1oooo,1,0,1,0,0,0,0,0,0,0,0,0,0,0
3546,azimimatthew2,7,1,1,0,0,1,0,0,1,0,0,1,1,1
3547,azin_naghibi,7,1,1,0,0,1,0,0,1,1,1,0,0,1
3548,azita_ko,4,1,1,0,0,1,0,0,0,0,0,0,0,1
3549,azizi_mary49345,1,0,1,0,0,0,0,0,0,0,0,0,0,0
3550,b_shirmardi,3,0,1,0,0,0,0,0,1,1,0,0,0,0
3551,ba24247607,1,0,1,0,0,0,0,0,0,0,0,0,0,0
3552,ba262626,2,1,1,0,0,0,0,0,0,0,0,0,0,0
3553,baabaaak,1,0,1,0,0,0,0,0,0,0,0,0,0,0
3554,baade_bahari,4,1,0,0,0,1,1,0,0,1,0,0,0,0
3555,babad1990,2,0,1,0,0,0,0,0,1,0,0,0,0,0
3556,babak19p,11,1,1,0,0,1,1,1,1,1,1,1,1,1
3557,babak57798788,4,1,0,0,0,1,0,0,0,0,1,0,0,1
3558,babak_asiaie,1,1,0,0,0,0,0,0,0,0,0,0,0,0
3559,babakatX,2,0,1,0,0,0,0,0,0,0,0,0,1,0
3560,babakiranban,5,1,0,0,0,1,0,0,0,1,1,0,0,1
3561,babakiraniasl,9,1,0,0,0,1,0,1,1,1,1,1,1,1
3562,bacherezaa,2,0,1,0,0,0,1,0,0,0,0,0,0,0
3563,badboyiran1993,2,1,1,0,0,0,0,0,0,0,0,0,0,0
3564,bafari0,2,0,1,0,0,0,0,1,0,0,0,0,0,0
3565,bagher08,11,1,1,0,0,1,1,1,1,1,1,1,1,1
3566,bahar6970gh,1,0,1,0,0,0,0,0,0,0,0,0,0,0
3567,bahari00,5,1,0,0,0,1,0,0,1,0,1,0,1,0
3568,bahars60830729,1,1,0,0,0,0,0,0,0,0,0,0,0,0
3569,bahmankiani87,2,1,1,0,0,0,0,0,0,0,0,0,0,0
3570,bahram32136719,7,1,1,0,0,1,1,0,1,1,0,1,0,0
3571,bahram582228,2,1,1,0,0,0,0,0,0,0,0,0,0,0
3572,bakhtiary55,5,1,0,0,0,0,0,0,1,1,1,1,0,0
3573,baki_amir,1,1,0,0,0,0,0,0,0,0,0,0,0,0
3574,balooniy,3,1,0,0,0,1,0,1,0,0,0,0,0,0
3575,bambiizadeh,3,1,0,0,0,0,0,0,0,0,1,1,0,0
3576,banihoma,10,1,1,0,0,1,1,1,1,1,0,1,1,1
3577,bannush,10,1,1,0,0,1,1,0,1,1,1,1,1,1
3578,banooRush,2,0,1,0,0,1,0,0,0,0,0,0,0,0
3579,bar_daar,2,1,1,0,0,0,0,0,0,0,0,0,0,0
3580,baran_shahnaz,5,1,1,0,0,0,0,0,0,1,0,1,0,1
3581,barandaazam,2,1,0,0,0,0,0,0,1,0,0,0,0,0
3582,bard_hash,5,1,0,0,0,1,0,0,1,1,0,0,0,1
3583,bardia314,3,1,1,0,0,1,0,0,0,0,0,0,0,0
3584,bardia_laghaie,8,1,0,0,0,1,0,0,1,1,1,1,1,1
3585,barmigardimm,1,0,1,0,0,0,0,0,0,0,0,0,0,0
3586,bastani056,3,1,0,0,0,1,0,0,0,0,0,0,0,1
3587,batmaniei7vrc,8,1,1,0,0,0,0,1,1,1,1,1,1,0
3588,battis2051,6,1,1,0,0,0,0,0,1,1,0,1,0,1
3589,bdn15036475174,8,1,1,0,0,1,1,1,0,1,1,0,0,1
3590,bedlunch,1,0,1,0,0,0,0,0,0,0,0,0,0,0
3591,behbgi,2,1,0,0,0,0,0,0,0,1,0,0,0,0
3592,behdool,1,0,1,0,0,0,0,0,0,0,0,0,0,0
3593,behnamghaem1,2,0,1,0,0,0,0,0,0,0,0,1,0,0
3594,behroozll,5,1,0,0,0,1,1,0,0,1,0,0,1,0
3595,behrouzaria29,4,1,0,0,0,0,1,0,1,1,0,0,0,0
3596,behroz50221,6,1,0,0,0,1,0,0,0,1,1,0,1,1
3597,benyamin_aras,5,1,1,0,0,1,1,0,0,0,0,0,1,0
3598,benzemanbc,2,1,1,0,0,0,0,0,0,0,0,0,0,0
3599,berg_fogel85212,5,1,1,0,0,0,1,0,1,1,0,0,0,0
3600,berlinjlm,2,1,1,0,0,0,0,0,0,0,0,0,0,0
3601,berry2010528,5,1,0,0,0,1,0,0,1,0,1,0,1,0
3602,beshghiran,5,1,0,0,0,1,1,1,1,0,0,0,0,0
3603,betabobi1255,4,1,0,0,0,1,0,1,1,0,0,0,0,0
3604,bhzoneh,1,1,0,0,0,0,0,0,0,0,0,0,0,0
3605,bia_ami_varja,2,1,1,0,0,0,0,0,0,0,0,0,0,0
3606,bibiiigol,10,1,1,0,0,1,1,0,1,1,1,1,1,1
3607,bihamta19,8,1,1,0,0,1,1,1,1,1,0,0,0,1
3608,bijanvamanije,4,1,0,0,0,0,0,1,0,0,0,1,1,0
3609,bilibutcherrr,6,0,1,0,0,1,0,0,1,1,1,0,1,0
3610,biliirubiin,8,1,1,0,0,0,0,1,1,1,1,1,0,1
3611,bitushi12717,6,1,1,0,0,0,0,0,1,1,1,1,0,0
3612,bizzy208497,1,0,1,0,0,0,0,0,0,0,0,0,0,0
3613,bl099er101,10,1,1,0,0,1,1,1,1,1,1,1,0,1
3614,blackro34792420,3,1,0,0,0,0,0,0,0,1,0,1,0,0
3615, ,0,0,0,1,0,0,0,0,0,0,0,0,0,0
3616,blooduchigata3,2,0,1,0,0,0,0,0,0,0,0,1,0,0
3617,blueMafiam,4,1,0,0,0,0,0,0,1,0,1,0,1,0
3618,blue_2002m,5,1,0,0,0,1,0,1,0,1,0,0,0,1
3619,bluebirdsofiran,8,1,1,0,0,1,0,0,1,1,1,1,0,1
3620,bluecaspi,7,1,1,0,0,0,0,0,1,0,1,1,1,1
3621,boomshakalak17,3,1,0,0,0,1,0,0,0,1,0,0,0,0
3622,borandokht1,5,0,1,0,0,0,0,0,1,0,1,1,1,0
3623,boujmat29854,1,1,0,0,0,0,0,0,0,0,0,0,0,0
3624,branka_matkovic,2,1,0,0,0,0,0,0,0,0,1,0,0,0
3625,bratzinheaven,1,1,0,0,0,0,0,0,0,0,0,0,0,0
3626,brutta__ciao,5,1,0,0,0,0,0,0,1,0,1,1,1,0
3627,bubblypersonn25,4,1,0,0,0,0,1,0,1,0,1,0,0,0
3628,bullbullpit,3,0,1,0,0,0,1,0,0,1,0,0,0,0
3629,butcherofblvikn,3,1,0,0,1,1,0,0,0,0,1,0,0,0
3630,butterflyfly761,1,0,1,0,0,0,0,0,0,0,0,0,0,0
3631,buzzwire354553,1,1,0,0,0,0,0,0,0,0,0,0,0,0
3632,byshahnameh,7,1,1,0,0,0,0,0,1,1,0,1,1,1
3633,cafeandisheh,5,1,0,0,0,1,0,0,0,1,0,1,0,1
3634,caljon2025,7,1,1,0,0,1,0,0,1,1,0,1,0,1
3635,callmekarafsss,1,1,0,0,0,0,0,0,0,0,0,0,0,0
3636,callmerastaa,5,0,1,0,0,1,0,0,0,1,1,0,1,0
3637,capitan_doodoo,10,1,1,0,0,1,1,1,1,0,1,1,1,1
3638,capitanloren,8,1,0,0,0,0,1,0,1,1,1,1,1,1
3639,capitann_pilot,5,1,0,0,0,0,0,0,1,1,1,1,0,0
3640,captainhad45043,5,1,0,0,0,1,0,0,0,1,0,0,1,1
3641,careniran,1,0,1,0,0,0,0,0,0,0,0,0,0,0
3642,carotimmann,6,1,1,0,0,1,0,0,0,1,0,1,0,1
3643,carrysh,1,0,1,0,0,0,0,0,0,0,0,0,0,0
3644,caspian_swan,2,1,0,0,0,0,0,0,0,1,0,0,0,0
3645,cat_queen_D,2,0,1,0,0,0,0,0,0,1,0,0,0,0
3646,catayounn,1,0,1,0,0,0,0,0,0,0,0,0,0,0
3647,cbdboo,2,1,0,0,0,0,0,0,1,0,0,0,0,0
3648,celine7080,10,1,1,0,0,1,1,1,1,1,1,1,0,1
3649,cest_Arman,2,1,0,0,0,0,0,0,1,0,0,0,0,0
3650,cestmahsa,8,1,0,0,0,1,0,0,1,1,1,1,1,1
3651,cgmorphin,3,0,1,0,0,1,0,0,0,0,0,1,0,0
3652,chahrad,3,1,1,0,0,1,0,0,0,0,0,0,0,0
3653,chakadRK,3,0,1,0,0,0,0,0,0,1,0,0,1,0
3654,changeIran2583s,2,1,1,0,0,0,0,0,0,0,0,0,0,0
3655,charles_irani,11,1,1,0,1,1,1,1,1,1,1,1,1,1
3656,chavoshi_f94379,1,0,1,0,0,0,0,0,0,0,0,0,0,0
3657,chayhulu,9,1,1,0,0,1,1,1,1,1,0,0,1,1
3658,cheese2548,1,1,0,0,0,0,0,0,0,0,0,0,0,0
3659,cheetah0098,5,1,1,0,0,0,0,0,1,1,0,1,0,0
3660,chehrehyk,2,1,0,0,0,0,0,0,0,0,0,1,0,0
3661,chellebe,1,1,0,0,0,0,0,0,0,0,0,0,0,0
3662,chfjrjskxjcj,1,1,0,0,0,0,0,0,0,0,0,0,0,0
3663,chine_chik,3,1,0,0,0,0,0,0,0,0,1,0,0,1
3664,chista199,1,1,0,0,0,0,0,0,0,0,0,0,0,0
3665,chopane_ashegh,2,1,1,0,0,0,0,0,0,0,0,0,0,0
3666,ckemma911,10,1,1,0,0,1,1,1,1,1,1,1,1,0
3667,cleophee98,3,1,0,0,0,0,0,0,0,1,0,1,0,0
3668,clover_0613,4,1,1,0,0,0,1,0,0,1,0,0,0,0
3669,cocomooom,1,1,0,0,0,0,0,0,0,0,0,0,0,0
3670,colonel1384,7,1,0,0,0,0,1,0,1,1,1,1,0,1
3671,colourfuliran,6,1,1,0,0,1,1,0,0,1,0,1,0,0
3672,corpyco40730,4,1,0,0,0,1,0,0,0,1,0,0,0,1
3673,corytt123,1,0,1,0,0,0,0,0,0,0,0,0,0,0
3674,cosmoeng_,1,1,0,0,0,0,0,0,0,0,0,0,0,0
3675,creativesoul_HQ,1,0,1,0,0,0,0,0,0,0,0,0,0,0
3676,crocodickted,2,1,1,0,0,0,0,0,0,0,0,0,0,0
3677,crown_talks_2,8,1,1,0,0,1,1,1,1,1,0,0,0,1
3678,crypto2themon,1,1,0,0,0,0,0,0,0,0,0,0,0,0
3679,curlydorii,10,1,1,0,0,1,1,0,1,1,1,1,1,1
3680,cuttlas20,2,1,1,0,0,0,0,0,0,0,0,0,0,0
3681,cycloncarbon,10,1,1,0,0,1,1,0,1,1,1,1,1,1
3682,cyrus63,6,1,1,0,0,1,0,0,0,1,0,1,0,1
3683,cyrustabriz,1,1,0,0,0,0,0,0,0,0,0,0,0,0
3684,d_shadi24,3,1,1,0,0,1,0,0,0,0,0,0,0,0
3685,da_qualcheparte,6,1,0,0,0,0,1,0,1,1,0,1,1,0
3686,daheshastii,3,0,1,0,0,1,0,1,0,0,0,0,0,0
3687,daimond_rain,6,1,1,0,0,1,1,0,1,1,0,0,0,0
3688,dalim1993,1,1,0,0,0,0,0,0,0,0,0,0,0,0
3689,dalir1981,5,1,1,0,0,1,0,0,1,1,0,0,0,0
3690,dalir1990,1,1,0,0,0,0,0,0,0,0,0,0,0,0
3691,damian5533,9,1,1,0,0,1,1,1,1,1,0,1,1,0
3692,damon_ta,5,1,1,0,0,1,0,0,0,0,0,0,1,1
3693,damoonta,7,1,1,0,0,1,0,1,1,0,1,1,0,0
3694,danielsdghi,2,1,0,0,0,0,0,0,0,0,1,0,0,0
3695,dannaye_kol,3,1,1,0,0,1,0,0,0,0,0,0,0,0
3696,dara1773059,7,1,1,0,0,0,0,1,1,1,0,0,1,1
3697,dario6000,2,1,0,0,0,0,0,0,0,0,0,0,1,0
3698,dariush_bandari,7,1,1,0,0,1,1,0,0,1,0,0,1,1
3699,dariush_ki38195,3,1,0,0,0,1,0,0,0,0,0,1,0,0
3700,dariushkingph,6,1,1,0,0,0,1,0,1,1,0,0,1,0
3701,dariushss,7,1,0,0,0,0,1,0,1,1,1,1,1,0
3702,darklight7_,2,1,1,0,0,0,0,0,0,0,0,0,0,0
3703,darvish_shahram,6,1,1,0,0,0,1,1,1,0,1,0,0,0
3704,darya5083,7,1,0,0,0,1,0,0,1,0,1,1,1,1
3705,daryadar_iran,4,1,1,0,0,0,0,0,1,0,1,0,0,0
3706,dastaneportavan,6,1,0,0,0,1,0,1,0,1,1,0,1,0
3707,daughter_iran3,3,1,0,0,0,1,1,0,0,0,0,0,0,0
3708,davi39449,1,1,0,0,0,0,0,0,0,0,0,0,0,0
3709,davudoglu26381,1,1,0,0,0,0,0,0,0,0,0,0,0,0
3710,dawn_dawne,6,1,0,0,0,0,0,1,0,0,1,1,1,1
3711,deathtoayatollh,1,0,1,0,0,0,0,0,0,0,0,0,0,0
3712,deh_ghaan,2,0,1,0,0,1,0,0,0,0,0,0,0,0
3713,dehghannejhad,3,1,0,0,0,0,0,0,0,1,0,1,0,0
3714,del00211381,5,1,0,0,0,1,0,0,1,1,1,0,0,0
3715,delbareshunam,4,0,1,0,0,1,1,1,0,0,0,0,0,0
3716,derakhtegilas,3,0,1,0,0,1,0,0,0,1,0,0,0,0
3717,dewishhh,2,1,0,0,0,0,0,0,0,0,0,1,0,0
3718,diana_bloom_,6,1,0,0,0,1,0,1,1,1,1,0,0,0
3719,dingosingo,8,1,1,0,0,0,1,0,1,1,1,1,1,0
3720,disruptive7,5,0,1,0,0,0,0,0,1,1,0,1,0,1
3721,diyar1404,1,0,1,0,0,0,0,0,0,0,0,0,0,0
3722,dokhtarira65937,7,1,1,0,0,0,1,0,1,1,0,1,1,0
3723,donpablo_1234,1,0,1,0,0,0,0,0,0,0,0,0,0,0
3724,dontforget_1819,2,0,1,0,0,1,0,0,0,0,0,0,0,0
3725,donyayeyekzan,6,1,0,0,0,1,0,0,1,1,0,1,1,0
3726,doojman,6,1,0,0,0,1,1,1,1,0,1,0,0,0
3727,doroodgaran,2,0,1,0,0,0,0,0,0,1,0,0,0,0
3728,doula79272037,1,1,0,0,0,0,0,0,0,0,0,0,0,0
3729,dr__groot,2,0,1,0,0,0,0,0,0,1,0,0,0,0
3730,dr_hanaoka,0,0,0,1,0,0,0,0,0,0,0,0,0,0
3731,dr_sepanta,4,1,0,0,0,0,0,1,0,1,1,0,0,0
3732,dr_sqz,5,1,1,0,0,1,0,0,1,0,0,1,0,0
3733,drafshdara,3,0,1,0,1,0,0,0,0,1,0,1,0,0
3734,dragon240125782,1,0,1,0,0,0,0,0,0,0,0,0,0,0
3735,dragoonIran,2,1,0,0,0,0,0,1,0,0,0,0,0,0
3736,dreameringalaxy,8,1,0,0,0,1,0,0,1,1,1,1,1,1
3737,driverman91,3,0,1,0,0,0,0,0,0,1,0,1,0,0
3738,drkopii,7,1,1,0,0,1,0,0,1,1,0,1,0,1
3739,drmmzamani,2,1,0,0,0,0,0,0,0,1,0,0,0,0
3740,dsfasfdsasfbbds,3,1,0,0,0,1,1,0,0,0,0,0,0,0
3741,dumbzombiee,3,1,0,0,0,1,0,0,1,0,0,0,0,0
3742,dustiran,1,1,0,0,0,0,0,0,0,0,0,0,0,0
3743,duygu_taj,5,1,0,0,0,1,0,0,1,1,1,0,0,0
3744,dwfeogogo120,3,1,1,0,0,1,0,0,0,0,0,0,0,0
3745,dyrbart,2,1,0,0,0,0,0,0,1,0,0,0,0,0
3746,e16738,3,1,1,0,0,0,0,0,0,1,0,0,0,0
3747,eb20255,3,1,1,0,0,0,0,0,1,0,0,0,0,0
3748,ebrahimi_mazyar,7,0,1,0,0,0,1,0,0,1,1,1,1,1
3749,eclipse_silence,3,1,1,0,0,0,0,0,0,0,1,0,0,0
3750,edizhb,5,1,1,0,1,0,0,0,1,0,1,0,1,0
3751,ee__mr__ee,6,1,1,0,0,0,0,0,1,1,0,1,1,0
3752,ehsanism11,1,0,1,0,0,0,0,0,0,0,0,0,0,0
3753,ehsanodin1,2,1,1,0,0,0,0,0,0,0,0,0,0,0
3754,eldritch_gm,1,1,0,0,0,0,0,0,0,0,0,0,0,0
3755,elegant99713,2,1,1,0,0,0,0,0,0,0,0,0,0,0
3756,eleman96,7,1,1,0,0,1,0,1,0,1,0,1,0,1
3757,elham8484,3,1,1,0,0,0,0,0,0,1,0,0,0,0
3758,elhamwssnw,1,0,1,0,0,0,0,0,0,0,0,0,0,0
3759,elizabeth45675,8,1,1,0,0,0,0,0,1,1,1,1,1,1
3760,elkashiud,1,1,0,0,0,0,0,0,0,0,0,0,0,0
3761,ella01102,2,0,1,0,0,0,1,0,0,0,0,0,0,0
3762,elliechiro,2,0,1,0,0,0,0,0,0,0,1,0,0,0
3763,elshakeri650,2,1,1,0,0,0,0,0,0,0,0,0,0,0
3764,emad_shirani89,4,0,1,0,0,1,1,0,1,0,0,0,0,0
3765,emad_yazdankhah,10,1,1,0,0,1,0,1,1,1,1,1,1,1
3766,emberthegreat,0,0,0,1,0,0,0,0,0,0,0,0,0,0
3767,emi93386,8,1,0,0,0,0,1,1,1,1,1,1,1,0
3768,emikekiser,2,0,1,0,0,0,1,0,0,0,0,0,0,0
3769,emilyinparis26,9,1,1,0,0,0,1,1,1,1,1,0,1,1
3770,en_8l,1,1,0,0,0,0,0,0,0,0,0,0,0,0
3771,enteshar_azadii,1,1,0,0,0,0,0,0,0,0,0,0,0,0
3772,esfandiar23,7,1,1,0,0,1,1,0,1,1,0,0,1,0
3773,esfandiyaar,1,1,0,0,0,0,0,0,0,0,0,0,0,0
3774,eshaghi_eb60099,2,0,1,0,0,0,0,0,0,1,0,0,0,0
3775,especial_ali,7,1,1,0,0,1,0,0,1,1,0,0,1,1
3776,etminan1361,2,1,0,0,0,0,0,0,0,0,0,0,0,1
3777,existsbutnot,2,0,1,0,0,0,0,0,0,1,0,0,0,0
3778,expecter06,9,0,1,0,0,1,1,0,1,1,1,1,1,1
3779,eyesofsarina,2,1,1,0,0,0,0,0,0,0,0,0,0,0
3780,f_felour,11,1,1,0,0,1,1,1,1,1,1,1,1,1
3781,f_hdri2000,2,1,0,0,0,1,0,0,0,0,0,0,0,0
3782,faanooos8,4,1,0,0,0,1,0,0,0,1,0,0,1,0
3783,faarda2_faarda,2,1,0,0,0,1,0,0,0,0,0,0,0,0
3784,facelessanonym,3,1,0,0,0,1,0,0,0,1,0,0,0,0
3785,fadayeshah,2,1,0,0,0,0,0,0,0,1,0,0,0,0
3786,faghihi43339,3,1,1,0,0,0,0,0,0,0,0,1,0,0
3787,fahhashin,0,0,0,1,0,0,0,0,0,0,0,0,0,0
3788,fahi198826298,4,0,1,0,0,0,1,0,0,1,0,0,1,0
3789,fahim4914332836,1,1,0,0,0,0,0,0,0,0,0,0,0,0
3790,fahim_asg,1,1,0,0,0,0,0,0,0,0,0,0,0,0
3791,fahimekhatoon,2,1,1,0,0,0,0,0,0,0,0,0,0,0
3792,fal7202,10,1,1,0,0,1,1,1,1,0,1,1,1,1
3793,famildour20,9,1,1,0,0,1,1,1,1,1,1,0,1,0
3794,famp137,8,1,1,0,0,1,1,0,1,1,0,0,1,1
3795,farahnazhedari,3,1,0,0,0,0,0,0,0,1,0,0,1,0
3796,farahsahdost65,5,1,1,0,0,1,1,0,0,0,0,0,0,1
3797,faranakbanoojan,10,1,1,0,0,0,1,1,1,1,1,1,1,1
3798,farang_hariri,2,1,0,0,0,0,0,0,0,1,0,0,0,0
3799,farda6837152179,2,1,0,0,0,0,0,0,0,0,0,0,0,1
3800,fardayeroshan77,7,1,1,0,0,1,1,1,0,0,0,0,1,1
3801,fareedfoua8815,1,0,1,0,0,0,0,0,0,0,0,0,0,0
3802,farhad354779692,2,1,0,0,0,0,0,0,0,0,0,0,0,1
3803,farhadi19642,1,1,0,0,0,0,0,0,0,0,0,0,0,0
3804,farhadi_da78070,1,1,0,0,0,0,0,0,0,0,0,0,0,0
3805,fari71880431,8,1,1,1,1,0,0,0,1,1,1,1,1,1
3806,farid_1993,2,0,1,0,0,0,0,0,0,1,0,0,0,0
3807,faripat177,5,1,0,0,0,0,1,0,0,1,1,1,0,0
3808,farkhondeh198,1,1,0,0,0,0,0,0,0,0,0,0,0,0
3809,farnaz_farah,5,1,1,0,0,1,0,0,0,0,0,1,0,1
3810,farnazshiraz,4,1,0,0,0,1,0,0,1,0,1,0,0,0
3811,farnoosh_brzgar,2,1,0,0,0,0,1,0,0,0,0,0,0,0
3812,farrokhan00,5,1,0,0,0,0,1,0,1,0,0,0,1,1
3813,farsheedCPA,3,0,1,0,0,1,0,0,0,1,0,0,0,0
3814,farshid641985,2,1,1,0,0,0,0,0,0,0,0,0,0,0
3815,farshidparsa99,3,0,1,0,0,1,0,0,0,0,0,0,0,1
3816,farshidpiyani,11,1,1,0,0,1,1,1,1,1,1,1,1,1
3817,faryarfirouzi,2,0,1,0,0,0,0,0,1,0,0,0,0,0
3818,farzad777777,8,1,1,0,0,1,1,0,0,0,1,1,1,1
3819,farzandeIRN,10,1,1,0,0,1,0,1,1,1,1,1,1,1
3820,farzandiranam,7,0,1,0,0,0,0,1,1,1,1,1,1,0
3821,fatidooli,11,1,1,0,0,1,1,1,1,1,1,1,1,1
3822,fayeh60541269,1,1,0,0,0,0,0,0,0,0,0,0,0,0
3823,fcpii_official,4,1,0,0,0,0,0,0,0,1,1,0,0,1
3824,ferarezaei,1,1,0,0,0,0,0,0,0,0,0,0,0,0
3825,fereydon_sibil7,1,0,1,0,0,0,0,0,0,0,0,0,0,0
3826,fereydoun_2584,9,1,1,0,0,1,1,1,0,1,0,1,1,1
3827,ferf3r1,2,1,0,0,0,0,0,0,0,1,0,0,0,0
3828,ferferivezvezi,11,1,1,0,0,1,1,1,1,1,1,1,1,1
3829,ferris_mir,10,1,1,0,0,1,1,1,1,1,1,1,1,0
3830,ferymalaki,2,0,1,0,0,0,0,0,0,1,0,0,0,0
3831,fesus2012,5,1,1,0,0,0,1,1,0,0,1,0,0,0
3832,fgd0821,5,1,0,0,0,1,0,0,1,0,0,1,1,0
3833,fgtabrizy,6,0,1,0,0,1,1,0,0,0,1,1,0,1
3834,fido2026,3,1,1,0,0,1,0,0,0,0,0,0,0,0
3835,fig_anousha,1,1,0,0,0,0,0,0,0,0,0,0,0,0
3836,filodelloue,1,0,1,0,0,0,0,0,0,0,0,0,0,0
3837,firouchka,3,0,1,0,0,0,0,1,0,0,0,1,0,0
3838,firstAshkan,1,1,0,0,0,0,0,0,0,0,0,0,0,0
3839,flank0w_maia,2,1,0,0,0,0,0,0,0,1,0,0,0,0
3840,fleetingKT,4,1,1,0,0,0,1,0,0,1,0,0,0,0
3841,florenceni6899,1,0,1,0,0,0,0,0,0,0,0,0,0,0
3842,floridagatorate,3,1,1,0,0,0,0,0,1,0,0,0,0,0
3843,flouxetin20,1,0,1,0,0,0,0,0,0,0,0,0,0,0
3844,flowerMOON95,1,0,1,0,0,0,0,0,0,0,0,0,0,0
3845,flutterfly59,1,1,0,0,0,0,0,0,0,0,0,0,0,0
3846,flwstyn1,2,1,0,0,0,0,0,0,0,1,0,0,0,0
3847,fly78910,3,1,0,0,0,1,0,0,0,0,1,0,0,0
3848,fm838383,3,1,0,0,0,0,0,1,0,0,0,0,1,0
3849,football4see,6,1,0,0,0,1,0,0,0,1,0,1,1,1
3850,fornow2024,3,1,0,0,0,1,0,0,1,0,0,0,0,0
3851,forogmm,4,1,0,0,0,0,1,0,1,0,1,0,0,0
3852,foroozan_taheri,1,1,0,0,0,0,0,0,0,0,0,0,0,0
3853,foufikins,9,1,0,0,0,1,1,1,1,0,1,1,1,1
3854,fouramj,3,1,1,0,0,0,0,0,0,1,0,0,0,0
3855,fparsee,3,1,1,0,0,1,0,0,0,0,0,0,0,0
3856,frances_pariz,3,0,1,0,0,0,1,1,0,0,0,0,0,0
3857,franciscopfino,2,1,0,0,0,1,0,0,0,0,0,0,0,0
3858,frangis45,4,1,0,0,0,1,0,0,1,0,0,0,1,0
3859,frank_1929,8,1,1,0,0,1,0,0,1,1,1,1,1,0
3860,franksteiin,7,1,1,0,0,1,1,0,0,1,0,0,1,1
3861,free4feri,1,0,1,0,0,0,0,0,0,0,0,0,0,0
3862,freeIran_US2026,1,0,1,0,0,0,0,0,0,0,0,0,0,0
3863,freeMyIRANN,2,0,1,0,0,0,1,0,0,0,0,0,0,0
3864,free_bird36,2,1,1,0,0,0,0,0,0,0,0,0,0,0
3865,freedom_f_iran,8,1,1,0,0,0,1,1,0,0,1,1,1,1
3866,freedomiran_22,4,1,0,0,0,0,0,0,1,1,1,0,0,0
3867,freeiran_24,11,1,1,0,0,1,1,1,1,1,1,1,1,1
3868,freeiranianppl,8,0,1,0,0,1,1,1,1,1,1,0,1,0
3869,freeman010,5,1,1,0,0,0,1,0,0,1,0,1,0,0
3870,freemymind4you,1,0,1,0,0,0,0,0,0,0,0,0,0,0
3871,frfaranak,1,0,1,0,0,0,0,0,0,0,0,0,0,0
3872,friends4season,2,0,1,0,0,0,0,0,0,1,0,0,0,0
3873,frq_ly9694,1,1,0,0,0,0,0,0,0,0,0,0,0,0
3874,fry_d217,2,1,1,0,0,0,0,0,0,0,0,0,0,0
3875,fthmbs,11,1,1,0,0,1,1,1,1,1,1,1,1,1
3876,fuck_islam2,1,1,0,0,0,0,0,0,0,0,0,0,0,0
3877,fuckingnobody88,1,1,0,0,0,0,0,0,0,0,0,0,0,0
3878,future1146311,1,1,0,0,0,0,0,0,0,0,0,0,0,0
3879,fz___sr,5,1,0,0,0,0,1,0,0,1,1,0,0,1
3880,gabrine1234,1,0,1,0,0,0,0,0,0,0,0,0,0,0
3881,ganga_madam,5,1,0,0,0,1,1,0,0,1,1,0,0,0
3882,garfield23453,1,1,0,0,0,0,0,0,0,0,0,0,0,0
3883,gasiriiiiii,9,1,1,0,0,1,0,0,1,1,1,1,1,1
3884,getIranback,1,1,0,0,0,0,0,0,0,0,0,0,0,0
3885,getsumei2308,1,1,0,0,0,0,0,0,0,0,0,0,0,0
3886,gezzele1,1,1,0,0,0,0,0,0,0,0,0,0,0,0
3887,ggehhry2,1,1,0,0,0,0,0,0,0,0,0,0,0,0
3888,gghamari,2,1,0,0,0,0,0,1,0,0,0,0,0,0
3889,gh19215009,2,1,1,0,0,0,0,0,0,0,0,0,0,0
3890,gh2036094,1,1,0,0,0,0,0,0,0,0,0,0,0,0
3891,gh_ele18,3,1,0,0,0,0,1,0,0,0,0,0,0,1
3892,ghannadi,1,0,1,0,0,0,0,0,0,0,0,0,0,0
3893,ghaseda82044726,8,1,1,0,0,1,1,1,1,0,0,0,1,1
3894,ghatikhanoom,5,1,0,0,0,0,0,1,0,1,0,1,1,0
3895,ghitinour_shad,3,1,0,0,0,1,0,0,1,0,0,0,0,0
3896,gholakk,1,1,0,0,0,0,0,0,0,0,0,0,0,0
3897,ghooghishoonam,6,1,1,0,0,0,0,0,1,0,1,0,1,1
3898,girande59,4,1,1,0,0,0,0,0,1,1,0,0,0,0
3899,girlpersian_,1,0,0,0,1,0,0,0,0,1,0,0,0,0
3900,giv_lion,6,1,1,0,0,0,1,1,1,1,0,0,0,0
3901,gkhsoulmate,1,1,0,0,0,0,0,0,0,0,0,0,0,0
3902,go4it_68,4,1,0,0,0,1,0,0,0,1,1,0,0,0
3903,gol_sah,6,1,1,0,0,1,0,0,0,1,1,1,0,0
3904,golabiix1,2,0,1,0,0,1,0,0,0,0,0,0,0,0
3905,golberg2582,8,1,1,0,0,0,1,0,1,1,0,1,1,1
3906,golfammmmmm,11,1,1,0,0,1,1,1,1,1,1,1,1,1
3907,goli_khoja52194,8,1,1,0,0,0,0,0,1,1,1,1,1,1
3908,goliizz,4,1,0,0,0,1,0,0,1,0,0,0,1,0
3909,golishirin,1,0,1,0,0,0,0,0,0,0,0,0,0,0
3910,golpar0304050,1,1,0,0,0,0,0,0,0,0,0,0,0,0
3911,golroud,6,1,0,0,0,1,0,0,1,0,0,1,1,1
3912,golshid_5,1,0,1,0,0,0,0,0,0,0,0,0,0,0
3913,goo74b,3,1,1,0,0,0,0,0,0,0,0,0,0,1
3914,gooya188,1,1,0,0,0,0,0,0,0,0,0,0,0,0
3915,gordafarid83,3,1,0,0,0,0,1,0,0,1,0,0,0,0
3916,gordan1247,2,1,1,0,0,0,0,0,0,0,0,0,0,0
3917,goshasppbanOo,1,0,1,0,0,0,0,0,0,0,0,0,0,0
3918,greenhoussse,2,1,0,0,0,1,0,0,0,0,0,0,0,0
3919,grigs_f,2,1,0,0,0,1,0,0,0,0,0,0,0,0
3920,guughkydc,5,1,0,0,0,1,0,0,0,0,1,0,1,1
3921,guwpeh,4,0,1,0,0,0,0,0,0,0,0,1,1,1
3922,h123h654h,1,1,0,0,0,0,0,0,0,0,0,0,0,0
3923,h5wolfy68,1,1,0,0,0,0,0,0,0,0,0,0,0,0
3924,h_irani_mx,1,0,1,0,0,0,0,0,0,0,0,0,0,0
3925,h_revital,3,1,0,0,0,1,0,0,1,0,0,0,0,0
3926,habib77355710,4,1,1,0,0,0,0,0,1,0,1,0,0,0
3927,habitantofu2pa,8,1,1,0,0,0,0,1,1,1,1,1,1,0
3928,hadi_jafariiiii,5,0,1,0,0,0,1,1,1,1,0,0,0,0
3929,hafeza_saadia,5,0,1,0,0,1,1,0,1,0,0,0,1,0
3930,hahagim,9,1,1,0,0,1,1,0,1,1,1,1,0,1
3931,hajiii_313,1,0,1,0,0,0,0,0,0,0,0,0,0,0
3932,hajiyanii,3,0,1,0,0,0,0,0,0,1,0,0,1,0
3933,haloolalo,2,1,1,0,0,0,0,0,0,0,0,0,0,0
3934,hambastegi,3,1,0,0,0,0,0,0,0,0,1,0,1,0
3935,hambastegyiran,2,1,1,0,0,0,0,0,0,0,0,0,0,0
3936,hamburgnazila,7,1,0,0,0,1,0,1,0,0,1,1,1,1
3937,hamchebo,2,0,1,0,0,0,0,0,0,0,1,0,0,0
3938,hamdastan_ariu,10,1,1,0,0,1,1,0,1,1,1,1,1,1
3939,hamedjavinnn,1,1,0,0,0,0,0,0,0,0,0,0,0,0
3940,hamedshahverdi7,1,0,1,0,0,0,0,0,0,0,0,0,0,0
3941,hamedzombe,1,0,1,0,0,0,0,0,0,0,0,0,0,0
3942,hamid16579012,3,1,1,0,0,1,0,0,0,0,0,0,0,0
3943,hamiltonvej,4,1,0,0,0,0,0,0,0,0,1,0,1,1
3944,hammiejoon,4,1,0,0,0,0,1,0,0,0,1,0,1,0
3945,hamta7819,1,0,1,0,0,0,0,0,0,0,0,0,0,0
3946,hankmoody111,9,0,1,0,0,1,1,1,1,1,1,1,1,0
3947,hanminbts,7,1,1,0,0,0,0,0,1,1,1,1,1,0
3948,happy_vienna,2,1,1,0,0,0,0,0,0,0,0,0,0,0
3949,haqiqat_yab,6,1,1,0,0,1,0,0,1,1,0,0,0,1
3950,harryairani,4,0,1,0,0,1,0,0,0,1,0,1,0,0
3951,harrypotter1_1,6,1,1,0,0,1,1,1,0,0,0,0,1,0
3952,hartmann65170,2,1,0,0,0,0,0,0,0,0,0,1,0,0
3953,hashem448395611,4,1,1,0,0,0,0,0,0,1,0,0,0,1
3954,hashemasa,10,1,1,1,0,1,1,0,1,1,1,1,1,1
3955,hassan3960,5,1,0,0,0,0,0,1,0,1,0,1,1,0
3956,hassanankhah,2,1,0,0,0,1,0,0,0,0,0,0,0,0
3957,hastyarrr,4,1,1,0,0,1,1,0,0,0,0,0,0,0
3958,hazhannnn,3,0,1,0,0,0,1,0,0,1,0,0,0,0
3959,hazrat_ezraeel,1,1,0,0,0,0,0,0,0,0,0,0,0,0
3960,hboomeri,3,1,1,0,0,1,0,0,0,0,0,0,0,0
3961,hdywn192449,2,0,1,0,0,1,0,0,0,0,0,0,0,0
3962,hebe_deh,4,1,0,0,0,0,1,0,0,0,1,1,0,0
3963,hed28018,2,1,0,0,0,1,0,0,0,0,0,0,0,0
3964,hediekimiaee,2,1,0,0,0,0,0,0,0,1,0,0,0,0
3965,hediyeh111,1,1,0,0,0,0,0,0,0,0,0,0,0,0
3966,heidivalor,1,1,0,0,0,0,0,0,0,0,0,0,0,0
3967,helen135579,1,1,0,0,0,0,0,0,0,0,0,0,0,0
3968,hellnobaba,2,1,1,0,0,0,0,0,0,0,0,0,0,0
3969,hello21939119,1,1,0,0,0,0,0,0,0,0,0,0,0,0
3970,hellosun1405,8,1,1,0,0,1,1,0,0,1,1,0,1,1
3971,herkol50494206,3,1,0,0,0,0,0,0,0,1,0,0,0,1
3972,hermanirani1,8,0,1,0,0,1,1,1,1,1,0,1,0,1
3973,heromafiaa,2,0,1,0,0,0,0,0,0,0,0,0,0,1
3974,hes3amm,1,1,0,0,0,0,0,0,0,0,0,0,0,0
3975,hesam_s98384,1,1,0,0,0,0,0,0,0,0,0,0,0,0
3976,hesamorouji,4,1,1,0,0,0,1,0,0,0,0,0,1,0
3977,hesamshahsavar,1,1,0,0,0,0,0,0,0,0,0,0,0,0
3978,hesareman,10,1,1,0,0,1,0,1,1,1,1,1,1,1
3979,hfallah1,2,0,1,0,0,0,0,0,0,0,0,1,0,0
3980,hhhclavicle,1,0,1,0,0,0,0,0,0,0,0,0,0,0
3981,hi_nima_,2,1,0,0,0,0,1,0,0,0,0,0,0,0
3982,hich9922,3,1,1,0,0,0,0,1,0,0,0,0,0,0
3983,hichennn,5,1,1,0,0,1,0,0,0,1,0,0,0,1
3984,hidden_social,4,1,1,0,0,0,0,0,0,1,0,0,1,0
3985,himdinkoyangi,5,1,1,0,0,1,0,0,1,0,0,0,1,0
3986,hiva_kh,1,1,0,0,0,0,0,0,0,0,0,0,0,0
3987,hlodvigovich915,1,1,0,0,0,0,0,0,0,0,0,0,0,0
3988,hnyhsr,1,0,1,0,0,0,0,0,0,0,0,0,0,0
3989,ho3ein674615495,1,0,1,0,0,0,0,0,0,0,0,0,0,0
3990,ho3ynrahi89,4,1,0,0,0,0,0,1,1,0,0,0,1,0
3991,hocuspocusv,9,1,0,0,0,1,0,1,1,1,1,1,1,1
3992,hoda2728,5,1,1,0,0,1,0,0,1,0,0,1,0,0
3993,hodhodkhabar,10,1,1,0,0,1,1,0,1,1,1,1,1,1
3994,homa_virgo,1,1,0,0,0,0,0,0,0,0,0,0,0,0
3995,homan_nik,6,0,1,0,0,0,0,1,0,1,0,1,1,1
3996,homayoonamm,7,1,1,0,0,1,1,0,0,1,0,1,1,0
3997,homeland26d,4,1,1,0,0,0,0,0,0,1,0,1,0,0
3998,hommy8,1,0,1,0,0,0,0,0,0,0,0,0,0,0
3999,hoomaanH,3,0,1,0,0,0,0,0,0,1,1,0,0,0
4000,hooman__khalili,1,1,0,0,0,0,0,0,0,0,0,0,0,0
4001,hoome,3,1,0,0,0,0,0,0,0,1,1,0,0,0
4002,hoooomz,1,1,0,0,0,0,0,0,0,0,0,0,0,0
4003,hooooooshshaa,1,1,0,0,0,0,0,0,0,0,0,0,0,0
4004,hooradha,10,1,1,0,0,1,1,1,1,0,1,1,1,1
4005,hooshang_a39600,8,1,0,0,0,1,1,0,1,1,1,1,1,0
4006,hooshanglahooti,2,1,0,0,0,1,0,0,0,0,0,0,0,0
4007,hope140501,3,0,1,0,0,1,0,0,0,0,0,0,1,0
4008,hope_74,2,1,1,0,0,0,0,0,0,0,0,0,0,0
4009,hopeful_koala,3,1,0,0,0,1,0,0,0,0,0,1,0,0
4010,hopenayer,7,0,1,0,0,1,1,1,0,1,0,1,0,1
4011,horina387787,8,1,1,0,0,1,1,1,1,0,0,1,1,0
4012,hos7ein,7,1,1,0,0,1,1,0,1,0,0,1,1,0
4013,hoshghaveei,1,0,1,0,0,0,0,0,0,0,0,0,0,0
4014,hosseini_sarah,2,1,1,0,0,0,0,0,0,0,0,0,0,0
4015,hoviyatepenhan,10,0,1,0,0,1,1,1,1,1,1,1,1,1
4016,howtodo2024,1,1,0,0,0,0,0,0,0,0,0,0,0,0
4017,hs_maryam,5,1,0,0,0,0,1,0,0,1,0,1,0,1
4018,huma7x7,5,1,1,0,0,0,0,0,0,1,1,0,1,0
4019,hwr1195729,4,1,1,0,0,0,0,0,0,0,0,1,0,1
4020,hyebihyebi,10,1,1,0,0,1,0,1,1,1,1,1,1,1
4021,hypota68,7,0,1,0,0,1,1,0,1,1,0,1,1,0
4022,hzhamedhm,8,1,1,0,0,1,1,1,1,0,0,0,1,1
4023,iS366n,2,0,1,0,0,1,0,0,0,0,0,0,0,0
4024,iTahaPasha,2,1,0,0,0,1,0,0,0,0,0,0,0,0
4025,i_Persian_Proud,4,1,0,0,0,0,0,0,1,0,1,0,1,0
4026,i_am_hazy,3,1,1,0,0,0,0,0,0,1,0,0,0,0
4027,iamHelljumper,1,1,0,0,0,0,0,0,0,0,0,0,0,0
4028,iam_afshin_A,1,1,0,0,0,0,0,0,0,0,0,0,0,0
4029,iamagaintsyou,1,1,0,0,0,0,0,0,0,0,0,0,0,0
4030,iamcoral7007,7,1,1,0,0,1,0,0,1,1,1,0,1,0
4031,iamkianiran,6,1,0,0,0,1,1,1,1,1,0,0,0,0
4032,iammoozyman,5,0,1,0,0,0,0,0,0,0,1,1,1,1
4033,iamsarvboland,4,1,0,0,0,0,0,1,1,0,0,0,1,0
4034,ibnelayth,4,1,1,0,0,0,0,0,0,0,1,0,0,1
4035,id_idiii,6,1,0,0,0,1,1,1,1,0,0,1,0,0
4036,idahsro,2,1,1,0,0,0,0,0,0,0,0,0,0,0
4037,idamafi,10,1,1,0,0,1,1,1,1,0,1,1,1,1
4038,idk__ffs,1,1,0,0,0,0,0,0,0,0,0,0,0,0
4039,iiheadedeagle,2,1,0,0,0,0,0,0,1,0,0,0,0,0
4040,ikkyu54n,8,1,1,0,0,1,1,0,1,1,1,1,0,0
4041,illusionosis,5,1,0,0,0,0,0,1,1,1,1,0,0,0
4042,imMazdak,4,1,0,0,0,1,0,0,0,1,0,1,0,0
4043,imi_st,8,1,1,0,0,1,1,1,1,1,0,0,1,0
4044,impartRE,4,0,1,0,0,0,0,0,1,1,0,1,0,0
4045,injanebamin,9,1,1,0,0,1,0,0,1,1,1,1,1,1
4046,interchapga,1,1,0,0,0,0,0,0,0,0,0,0,0,0
4047,internatio35338,5,1,0,0,0,0,0,0,1,0,1,1,1,0
4048,interpersica,1,1,0,0,0,0,0,0,0,0,0,0,0,0
4049,inthismagicshop,1,1,0,0,0,0,0,0,0,0,0,0,0,0
4050,intuitionlotus,1,1,0,0,0,0,0,0,0,0,0,0,0,0
4051,ip_atusah14,9,1,0,0,0,1,0,1,1,1,1,1,1,1
4052,ipacbr,2,1,0,0,0,0,0,1,0,0,0,0,0,0
4053,ipersianwarrior,11,1,1,0,0,1,1,1,1,1,1,1,1,1
4054,ipoliouchos,10,1,1,0,0,1,0,1,1,1,1,1,1,1
4055,iran66282819,5,1,1,0,0,1,0,0,0,1,0,1,0,0
4056,iran7722,6,1,1,0,0,1,0,0,1,1,0,1,0,0
4057,iran___f,3,1,0,0,0,0,0,0,1,0,0,1,0,0
4058,iran_ariamanesh,5,1,1,0,0,1,0,0,0,1,0,0,1,0
4059,iran_asadi,2,1,0,0,0,0,0,0,1,0,0,0,0,0
4060,iran_buti,1,1,0,0,0,0,0,0,0,0,0,0,0,0
4061,iran_dokht75055,2,0,1,0,0,1,0,0,0,0,0,0,0,0
4062,iran_krd,9,1,0,0,0,1,1,0,1,1,1,1,1,1
4063,iran_lover1,3,1,1,0,0,0,0,0,1,0,0,0,0,0
4064,iran_lover79,8,1,1,0,0,1,1,1,1,1,0,0,0,1
4065,iran_misazamat,11,1,1,0,0,1,1,1,1,1,1,1,1,1
4066,iran_son2,5,1,0,0,0,1,0,0,1,0,1,1,0,0
4067,iran_vdt,3,0,1,0,0,0,0,0,1,0,1,0,0,0
4068,iranamarezost20,4,0,1,0,0,0,1,0,1,0,0,1,0,0
4069,iranbanoo_,7,1,1,0,0,1,0,0,0,1,1,1,0,1
4070,iranbanoooo,11,1,1,0,0,1,1,1,1,1,1,1,1,1
4071,irandokht2581,2,1,1,0,0,0,0,0,0,0,0,0,0,0
4072,iranemaa369,4,1,1,0,0,1,1,0,0,0,0,0,0,0
4073,iranforlife123,1,0,1,0,0,0,0,0,0,0,0,0,0,0
4074,iranfree1404,3,0,1,0,0,1,0,0,1,0,0,0,0,0
4075,iraniabbas36912,9,1,1,0,0,1,1,1,0,1,0,1,1,1
4076,iranianpapppi3,2,0,1,0,0,0,0,0,0,0,0,0,0,1
4077,iraniforiran27,3,0,1,0,0,1,0,0,0,1,0,0,0,0
4078,iranii1368,7,1,0,0,0,1,1,0,1,1,1,0,1,0
4079,iranii_sam,2,1,1,0,0,0,0,0,0,0,0,0,0,0
4080,iranistreet,1,1,0,0,0,0,0,0,0,0,0,0,0,0
4081,iranjavidshah16,1,1,0,0,0,0,0,0,0,0,0,0,0,0
4082,irankaraj_eg,3,1,0,0,0,0,1,0,0,0,0,0,0,1
4083,iranlover25000,4,1,1,0,0,1,0,0,1,0,0,0,0,0
4084,iranmanjavidbad,4,1,1,0,0,0,0,0,0,1,0,0,0,1
4085,iranmonarchy202,3,0,1,0,0,1,0,0,0,1,0,0,0,0
4086,iranourtemple83,9,1,1,0,0,1,0,0,1,1,1,1,1,1
4087,iranovsky,5,1,1,0,0,1,0,0,0,1,0,0,1,0
4088,iranpatrio,5,0,1,0,0,1,0,1,1,1,0,0,0,0
4089,iranxparty,10,1,1,0,0,1,1,0,1,1,1,1,1,1
4090,ireallydontcaga,5,1,0,0,0,0,0,0,0,0,1,1,1,1
4091,irontosky,2,1,0,0,0,0,0,0,0,0,0,0,1,0
4092,irouniam,0,0,0,0,1,0,0,0,0,0,0,0,0,0
4093,iso_hacktivism,7,1,1,0,0,1,0,0,1,1,1,0,1,0
4094,israelrouydad,5,1,0,0,0,0,1,1,0,1,1,0,0,0
4095,issagardouny1,1,1,0,0,0,0,0,0,0,0,0,0,0,0
4096,issaseyedi_,1,0,1,0,0,0,0,0,0,0,0,0,0,0
4097,itisbatgirl,9,0,1,0,0,0,1,1,1,1,1,1,1,1
4098,itisphoebe,2,1,0,0,0,0,0,0,1,0,0,0,0,0
4099,itsettare,2,1,0,0,0,0,0,0,0,1,0,0,0,0
4100,itsmahsamlk,2,1,0,0,0,1,0,0,0,0,0,0,0,0
4101,itsmesiren2,9,0,1,0,0,1,1,1,1,1,1,1,1,0
4102,itsperham,2,0,1,0,0,0,0,0,1,0,0,0,0,0
4103,itsserena01234,10,1,1,0,0,1,1,1,1,1,0,1,1,1
4104,iwasshiin,1,0,1,0,0,0,0,0,0,0,0,0,0,0
4105,jBIEBERLONDON,1,1,0,0,0,0,0,0,0,0,0,0,0,0
4106,j_hosini,3,1,0,0,0,0,0,0,0,1,1,0,0,0
4107,jaanfadayeiran,1,1,0,0,0,0,0,0,0,0,0,0,0,0
4108,jack1150689,1,1,0,0,0,0,0,0,0,0,0,0,0,0
4109,jafaryha,1,1,0,0,0,0,0,0,0,0,0,0,0,0
4110,jahani_ava,3,0,1,0,0,0,0,0,0,0,0,0,1,1
4111,jalebhastam,1,0,1,0,0,0,0,0,0,0,0,0,0,0
4112,jalinus1422338,1,1,0,0,0,0,0,0,0,0,0,0,0,0
4113,jamasbx,1,1,0,0,0,0,0,0,0,0,0,0,0,0
4114,janamvatanam,1,1,0,0,0,0,0,0,0,0,0,0,0,0
4115,janejthore,4,1,0,0,0,1,1,0,1,0,0,0,0,0
4116,jankachal,3,1,0,0,0,0,0,0,0,0,0,1,0,1
4117,janminajan,10,1,1,0,0,0,1,1,1,1,1,1,1,1
4118,jansagt1234,1,0,1,0,0,0,0,0,0,0,0,0,0,0
4119,jasonjan1341,10,1,1,0,0,0,1,1,1,1,1,1,1,1
4120,javaneh7,4,1,1,0,0,0,0,0,0,1,0,1,0,0
4121,javid2421,2,1,0,0,0,0,0,0,0,1,0,0,0,0
4122,javid_akrami,1,1,0,0,0,0,0,0,0,0,0,0,0,0
4123,javid_shah63,1,0,1,0,0,0,0,0,0,0,0,0,0,0
4124,javid_shah_1,1,1,0,0,0,0,0,0,0,0,0,0,0,0
4125,javid_shaheiran,5,1,1,0,0,0,1,1,1,0,0,0,0,0
4126,javidshah1111,8,1,0,0,0,1,1,1,1,1,1,0,1,0
4127,javidshah2026,4,0,1,0,0,0,0,0,0,1,0,0,1,1
4128,javidshahtony,1,1,0,0,0,0,0,0,0,0,0,0,0,0
4129,jawyd_ayra51143,3,0,1,0,0,1,0,0,0,0,0,1,0,0
4130,jeandark63,8,1,1,0,0,0,0,1,1,1,1,1,0,1
4131,jemappellenikoo,1,1,0,0,0,0,0,0,0,0,0,0,0,0
4132,jenazemooshali,2,1,1,0,0,0,0,0,0,0,0,0,0,0
4133,jens29091968,6,1,1,0,0,0,0,0,1,0,1,1,0,1
4134,jentguy,1,1,0,0,0,0,0,0,0,0,0,0,0,0
4135,jey_raya,6,1,1,0,0,1,1,0,0,1,1,0,0,0
4136,jhabiz,2,1,0,0,0,0,0,0,0,0,0,0,0,1
4137,jiijiinx,1,1,0,0,0,0,0,0,0,0,0,0,0,0
4138,jiko_1989,10,1,1,0,0,0,1,1,1,1,1,1,1,1
4139,jilla9,9,1,1,0,0,1,1,0,1,1,1,1,1,0
4140,jilljonline,1,1,0,0,0,0,0,0,0,0,0,0,0,0
4141,jimi26123559,8,1,1,0,0,1,0,0,1,1,1,1,0,1
4142,jj0393671445316,3,1,1,0,0,0,1,0,0,0,0,0,0,0
4143,jjbahale,5,1,1,0,0,1,0,0,0,0,0,0,1,1
4144,jkc2jIUiuppSfh8,2,1,0,0,0,0,0,0,0,1,0,0,0,0
4145,johari31476,2,1,0,0,0,0,0,0,0,0,0,0,0,1
4146,john_wick_7,4,0,1,0,0,1,0,0,0,1,0,1,0,0
4147,jokerazam1,1,1,0,0,0,0,0,0,0,0,0,0,0,0
4148,jozef2025,1,1,0,0,0,0,0,0,0,0,0,0,0,0
4149,jpd27nscmj,5,0,1,0,0,1,0,0,1,1,0,0,0,1
4150,jucllu,1,1,0,0,0,0,0,0,0,0,0,0,0,0
4151,jujukushteshod,10,1,1,0,0,1,1,1,1,1,1,1,0,1
4152,junglebird39285,6,1,0,0,0,0,0,1,0,1,1,1,1,0
4153,jusfaghatt41372,8,1,0,0,0,1,0,0,1,1,1,1,1,1
4154,juslostinhere,8,1,1,0,0,0,0,0,1,1,1,1,1,1
4155,justahybrid_,7,1,0,0,0,1,1,0,1,1,0,0,1,1
4156,justintaheri,2,1,0,0,0,0,0,0,0,0,1,0,0,0
4157,jyrangol,6,1,1,0,0,0,0,0,1,1,0,1,1,0
4158,k99431407,11,1,1,0,0,1,1,1,1,1,1,1,1,1
4159,k_mahdi666,2,1,0,0,0,0,0,0,0,0,0,1,0,0
4160,k_mobham,8,1,1,0,0,0,1,0,1,1,1,1,0,1
4161,ka3rimi,5,1,1,0,0,1,0,0,0,0,1,1,0,0
4162,ka_parisa_,5,1,1,0,0,0,0,0,0,1,0,1,1,0
4163,kafkaoefsky,6,0,1,0,0,0,0,0,1,0,1,1,1,1
4164,kaiokeme,1,0,1,0,0,0,0,0,0,0,0,0,0,0
4165,kakbarihamed,11,1,1,0,0,1,1,1,1,1,1,1,1,1
4166,kake0871,8,0,1,1,0,1,0,0,1,1,1,1,1,1
4167,kako_janpokan,2,1,1,0,0,0,0,0,0,0,0,0,0,0
4168,kalagh_sephid,1,0,1,0,0,0,0,0,0,0,0,0,0,0
4169,kalaghpar2022,8,0,1,0,0,1,0,1,1,0,1,1,1,1
4170,kalehshiri1,1,1,0,0,0,0,0,0,0,0,0,0,0,0
4171,kamikosoi,1,0,1,0,0,0,0,0,0,0,0,0,0,0
4172,kamran_elc,5,1,1,0,0,1,0,1,0,1,0,0,0,0
4173,kamran_jaff,7,1,1,0,0,1,0,0,1,1,0,0,1,1
4174,kamranie,1,0,1,0,0,0,0,0,0,0,0,0,0,0
4175,kamyar15154044,1,1,0,0,0,0,0,0,0,0,0,0,0,0
4176,kamyar51617561,7,1,0,0,0,1,0,0,0,1,1,1,1,1
4177,kandoshaghi,2,0,1,0,0,1,0,0,0,0,0,0,0,0
4178,kar64591963,4,1,0,0,0,0,0,0,1,1,1,0,0,0
4179,karaljan,1,1,0,0,0,0,0,0,0,0,0,0,0,0
4180,kargarbrandaz,11,1,1,0,0,1,1,1,1,1,1,1,1,1
4181,karimiii30106,3,0,1,0,0,0,0,0,1,1,0,0,0,0
4182,karshaft,1,1,0,0,0,0,0,0,0,0,0,0,0,0
4183,kasandan76,1,1,0,0,0,0,0,0,0,0,0,0,0,0
4184,kaveh2019123,1,0,1,0,0,0,0,0,0,0,0,0,0,0
4185,kaveh4800,8,1,0,0,0,1,0,0,1,1,1,1,1,1
4186,kaveh_ariai,10,1,0,0,0,1,1,1,1,1,1,1,1,1
4187,kavehkiani2000,3,1,1,0,0,0,0,0,0,1,0,0,0,0
4188,kaykhosrow18day,2,1,1,0,0,0,0,0,0,0,0,0,0,0
4189,kayvon_z,4,1,1,0,0,0,0,0,0,1,1,0,0,0
4190,kazemian_iman,9,1,1,0,0,1,1,0,1,1,1,1,1,0
4191,kazemishina,6,1,0,0,0,0,0,0,1,0,1,1,1,1
4192,kdmk0984,2,1,0,0,0,0,1,0,0,0,0,0,0,0
4193,kea55500,2,1,0,0,0,0,0,0,1,0,0,0,0,0
4194,keyansh__,1,0,1,0,0,0,0,0,0,0,0,0,0,0
4195,keykemiveyi,1,1,0,0,0,0,0,0,0,0,0,0,0,0
4196,khaloohalou,3,1,1,0,0,0,0,0,0,0,0,0,0,1
4197,khansarinia,4,1,0,0,0,1,0,0,1,0,1,0,0,0
4198,kharkhali,2,0,1,0,0,0,1,0,0,0,0,0,0,0
4199,khash_kh,4,1,1,0,0,1,0,0,0,0,0,1,0,0
4200,khashayar_hadi,1,0,1,0,0,0,0,0,0,0,0,0,0,0
4201,khatere67876572,2,0,1,0,0,0,0,0,1,0,0,0,0,0
4202,khavijori,2,1,0,0,0,0,0,0,0,1,0,0,0,0
4203,kheiliamkhobb,0,0,0,0,1,0,0,0,0,0,0,0,0,0
4204,khizeshemihan,9,1,1,0,0,1,1,0,1,1,0,1,1,1
4205,khodn98,8,1,1,0,0,0,1,1,1,1,1,0,1,0
4206,khojastehbahar1,5,1,1,0,0,0,0,0,1,1,0,1,0,0
4207,khoonestan,1,1,0,0,0,0,0,0,0,0,0,0,0,0
4208,khoonsardi8744,2,1,1,0,0,0,0,0,0,0,0,0,0,0
4209,khorshid22_v,8,1,1,0,0,1,1,1,0,0,1,1,1,0
4210,khorshideiran1,0,0,0,0,1,0,0,0,0,0,0,0,0,0
4211,khoshbin89,1,1,0,0,0,0,0,0,0,0,0,0,0,0
4212,khoyi1,4,1,0,0,0,0,1,1,0,1,0,0,0,0
4213,khzfdeir,5,1,1,0,0,1,1,0,0,0,0,0,1,0
4214,kian7490,3,0,1,0,0,1,0,0,1,0,0,0,0,0
4215,kian_a51191,2,0,1,0,0,0,1,0,0,0,0,0,0,0
4216,kian_nassiri,6,1,1,0,0,0,0,1,1,1,0,0,1,0
4217,kian_rad,6,1,1,0,0,1,0,0,1,0,0,1,1,0
4218,kianomadi,5,1,0,0,0,1,1,0,0,0,0,1,0,1
4219,kiiimdot,3,1,0,0,0,0,0,0,1,0,1,0,0,0
4220,kiimziimzii,5,1,1,0,0,0,0,1,1,0,1,0,0,0
4221,kijakhasteh,1,0,1,0,0,0,0,0,0,0,0,0,0,0
4222,kiku2536,4,1,0,0,0,0,0,0,0,0,1,1,0,1
4223,kim_lydiaa,2,1,0,0,0,0,0,0,0,0,0,1,0,0
4224,kimita_ghm,2,1,0,0,0,0,0,0,0,0,0,1,0,0
4225,kimiyaLiLi,2,0,1,0,0,0,0,0,0,1,0,0,0,0
4226,kingGRIran,6,0,1,0,0,0,0,1,0,1,1,0,1,1
4227,king_fishpoet,0,0,0,0,1,0,0,0,0,0,0,0,0,0
4228,king_ppp7,7,0,1,0,0,1,1,0,1,0,0,1,1,1
4229,kingeskimo,3,0,1,0,0,0,0,0,0,0,0,1,0,1
4230,kingforIran2026,6,1,0,0,0,1,1,0,0,0,1,1,1,0
4231,kinggkonng,4,1,0,0,0,0,0,1,0,0,0,1,1,0
4232,kinoddet,6,1,1,0,0,1,0,1,1,0,0,1,0,0
4233,kiumars_ar44383,4,1,0,0,0,0,1,1,0,1,0,0,0,0
4234,kmbashkan,3,1,1,0,0,0,0,0,0,1,0,0,0,0
4235,knock_knock200,5,1,0,0,0,1,0,1,0,0,1,0,1,0
4236,kobradecision,2,1,0,0,0,0,0,0,0,1,0,0,0,0
4237,kodoeeen,1,0,1,0,0,0,0,0,0,0,0,0,0,0
4238,kolah_ghermezi2,1,0,1,0,0,0,0,0,0,0,0,0,0,0
4239,kolakollection,3,0,1,0,0,0,0,0,0,1,0,0,0,1
4240,koooham,6,1,1,0,0,1,0,1,0,0,0,1,1,0
4241,korosakikuuun,6,1,0,0,0,1,1,1,1,0,1,0,0,0
4242,korushAriamehr,4,1,1,0,0,0,0,0,0,1,0,1,0,0
4243,kosmopolitann_2,3,0,1,0,0,1,1,0,0,0,0,0,0,0
4244,kosnanekoslis,8,1,0,0,0,1,1,1,1,1,0,1,1,0
4245,kouresh20,2,0,1,0,0,0,0,0,0,0,1,0,0,0
4246,kouresh_kabir,1,1,0,0,0,0,0,0,0,0,0,0,0,0
4247,kouroshhhhhh,3,0,1,0,0,0,0,0,0,0,0,0,1,1
4248,kouroshjanani,10,1,1,1,0,1,1,1,1,0,1,1,1,1
4249,kouroshpahlavi1,3,1,1,0,0,1,0,0,0,0,0,0,0,0
4250,kshph1650,1,1,0,0,0,0,0,0,0,0,0,0,0,0
4251,ktavanaaa,9,0,1,0,0,1,1,1,1,1,1,1,1,0
4252,kufulebaba,1,0,1,0,0,0,0,0,0,0,0,0,0,0
4253,kurde_isback,1,0,1,0,0,0,0,0,0,0,0,0,0,0
4254,kuroshM3,1,1,0,0,0,0,0,0,0,0,0,0,0,0
4255,kvahdat,2,0,1,0,0,0,0,0,0,1,0,0,0,0
4256,kwhyar89521,8,1,1,0,0,1,1,0,1,1,0,1,0,1
4257,l4VTg3OoOAhadtQ,3,1,0,0,0,1,0,0,0,0,0,0,0,1
4258,lIshaghayeghlI,7,1,1,0,0,1,0,0,0,1,0,1,1,1
4259,l_siavash_l,7,0,1,0,0,1,1,1,1,0,1,0,1,0
4260,laburnum1000,6,1,1,0,0,1,1,0,1,1,0,0,0,0
4261,lagerththa,2,1,0,0,0,0,0,0,0,1,0,0,0,0
4262,lapocoms,3,1,1,0,0,0,0,0,0,0,0,0,0,1
4263,las1001nochess,7,1,0,0,0,1,0,0,1,0,1,1,1,1
4264,lashhgod,4,1,1,0,0,1,0,0,0,1,0,0,0,0
4265,last_cry7,5,1,1,0,0,1,0,0,1,0,0,1,0,0
4266,last_partizan,7,1,0,0,0,1,1,0,1,1,0,0,1,1
4267,lasthope1404,9,1,1,0,0,1,1,0,1,1,1,1,1,0
4268,lastknight2022,4,0,1,0,0,0,1,0,0,0,0,1,0,1
4269,lastknights2022,8,1,1,0,0,1,1,0,1,1,0,1,0,1
4270,ldyn82859105,1,0,1,0,0,0,0,0,0,0,0,0,0,0
4271,leadstars7,10,1,1,0,0,1,1,0,1,1,1,1,1,1
4272,lemehrejan,2,0,0,0,1,0,0,0,0,0,1,0,0,1
4273,leonIranPahlavi,2,1,1,0,0,0,0,0,0,0,0,0,0,0
4274,leonard_kohen30,6,1,0,0,0,0,0,0,1,1,1,0,1,1
4275,leyla918759,3,1,0,0,0,1,0,0,1,0,0,0,0,0
4276,leyla_rezaei,2,1,0,0,0,1,0,0,0,0,0,0,0,0
4277,leylabelfi11,1,1,0,0,0,0,0,0,0,0,0,0,0,0
4278,leyloonRP,10,1,1,0,0,1,1,1,1,0,1,1,1,1
4279,libertaria78362,3,1,0,0,0,0,0,0,0,1,0,0,0,1
4280,lidapersiangirl,1,1,0,0,0,0,0,0,0,0,0,0,0,0
4281,lifeloardd,2,1,1,0,0,0,0,0,0,0,0,0,0,0
4282,lihopiii,5,1,1,0,0,1,0,0,1,0,0,1,0,0
4283,lil_sketchy,10,1,1,0,0,1,1,1,1,1,0,1,1,1
4284,lili_sunflower1,10,1,1,0,0,1,1,1,1,1,1,1,1,0
4285,liliii118,3,1,0,0,0,0,1,0,0,1,0,0,0,0
4286,lilneyaa,2,1,0,0,0,0,0,0,0,1,0,0,0,0
4287,lion2026sun,4,0,1,0,0,0,1,1,1,0,0,0,0,0
4288,lionandsunarmy,1,0,1,0,0,0,0,0,0,0,0,0,0,0
4289,lionsun2541,5,1,1,0,0,0,1,0,0,1,0,1,0,0
4290,lionsunguy,10,1,0,0,0,1,1,1,1,1,1,1,1,1
4291,lisa20252025,10,1,1,0,0,1,1,1,1,1,0,1,1,1
4292,litaiism,4,1,0,0,0,1,0,0,1,0,0,0,1,0
4293,llaaddyy44,10,1,1,0,0,1,1,1,1,0,1,1,1,1
4294,lolita_dolores1,4,1,0,0,0,1,0,0,0,1,0,0,1,0
4295,lori5297,8,1,1,0,0,1,0,1,1,1,0,0,1,1
4296,loulchian,5,1,1,0,0,1,0,0,1,1,0,0,0,0
4297,lovely_necro,6,1,1,0,0,1,0,0,1,0,1,0,1,0
4298,lranaza71359677,1,1,0,0,0,0,0,0,0,0,0,0,0,0
4299,lraneZiba,7,1,1,0,0,0,0,1,1,1,1,0,1,0
4300,luaraluara,3,1,0,0,0,1,1,0,0,0,0,0,0,0
4301,lulila167,10,1,1,0,0,1,1,1,1,1,1,1,1,0
4302,m06060600,6,1,1,0,0,1,1,1,0,0,0,0,0,1
4303,m3hrdad_s,1,1,0,0,0,0,0,0,0,0,0,0,0,0
4304,m6421a,1,1,0,0,0,0,0,0,0,0,0,0,0,0
4305,mKZeoF3uxK6vcaY,1,1,0,0,0,0,0,0,0,0,0,0,0,0
4306,m_a7282,3,1,0,0,0,0,0,0,1,1,0,0,0,0
4307,m_bsara,5,1,1,0,0,1,0,0,0,1,0,0,1,0
4308,m_golr,10,1,1,0,0,1,1,1,1,1,1,1,1,0
4309,m_hosseini70,5,0,1,0,0,1,0,0,0,0,0,1,1,1
4310,m_jvdsh,1,0,1,0,0,0,0,0,0,0,0,0,0,0
4311,m_kwthr,11,1,1,0,0,1,1,1,1,1,1,1,1,1
4312,m_thelune,6,1,0,0,0,1,0,0,1,1,0,0,1,1
4313,ma_asady,9,1,1,0,0,1,1,0,1,1,1,1,0,1
4314,ma_vicente,2,1,0,0,0,0,0,0,0,0,1,0,0,0
4315,mabi182,0,0,0,0,1,0,0,0,0,0,0,0,0,0
4316,macancmc,1,0,1,0,0,0,0,0,0,0,0,0,0,0
4317,machiavelianism,9,1,1,0,0,1,0,1,1,1,0,1,1,1
4318,madambovar7y,2,1,1,0,0,0,0,0,0,0,0,0,0,0
4319,madlad110jb,8,1,0,0,0,1,1,1,1,1,1,0,1,0
4320,madmazelartemis,8,1,0,0,0,1,0,0,1,1,1,1,1,1
4321,maedamedarim4ev,4,1,1,0,0,1,0,0,0,0,1,0,0,0
4322,maeipoosh,1,1,0,0,0,0,0,0,0,0,0,0,0,0
4323,maelie_k8,2,1,0,0,0,0,0,0,1,0,0,0,0,0
4324,magi24421415,10,1,1,0,0,1,0,1,1,1,1,1,1,1
4325,magpiforwind,5,1,1,0,0,1,0,1,0,0,1,0,0,0
4326,mah17119,1,0,1,0,0,0,0,0,0,0,0,0,0,0
4327,maha60829,9,1,1,0,0,1,1,1,1,0,0,1,1,1
4328,mahan02468,8,1,1,0,0,1,0,0,0,1,1,1,1,1
4329,mahan26899518,3,1,0,0,0,0,1,0,0,1,0,0,0,0
4330,mahanhedayat,2,1,1,0,0,0,0,0,0,0,0,0,0,0
4331,mahbobe06414596,3,1,1,0,0,0,0,0,0,1,0,0,0,0
4332,mahboubeh_mdi,4,0,1,0,0,0,0,0,1,1,0,1,0,0
4333,maheasemun,3,1,0,0,0,1,0,0,1,0,0,0,0,0
4334,mahinofmihan,3,1,1,0,0,1,0,0,0,0,0,0,0,0
4335,mahkame63,1,1,0,0,0,0,0,0,0,0,0,0,0,0
4336,mahm69286,7,1,0,0,0,1,1,0,0,1,0,1,1,1
4337,mahmouddarabi99,2,0,1,0,0,0,0,0,0,0,1,0,0,0
4338,mahnaz538689,1,1,0,0,0,0,0,0,0,0,0,0,0,0
4339,mahnaz_z,1,1,0,0,0,0,0,0,0,0,0,0,0,0
4340,mahnoordz,10,1,1,0,0,1,1,1,0,1,1,1,1,1
4341,mahraha99,9,1,1,0,0,1,0,1,1,1,1,1,1,0
4342,mahroosha66,7,1,0,0,0,1,1,0,0,1,1,1,1,0
4343,mahsa10_a,11,1,1,0,0,1,1,1,1,1,1,1,1,1
4344,mahsa84nori,5,1,1,0,0,1,0,0,0,1,0,0,1,0
4345,mahsa_300,11,1,1,0,0,1,1,1,1,1,1,1,1,1
4346,mahsanik22,3,1,0,0,0,0,1,0,0,1,0,0,0,0
4347,mahsayenoi,4,1,1,0,0,0,0,0,0,1,0,1,0,0
4348,mahtab544960,7,1,1,0,0,0,1,0,1,1,1,0,1,0
4349,mahtab_6,6,1,0,0,0,1,0,0,1,1,1,0,0,1
4350,mahtab_nmvr,2,1,0,0,0,1,0,0,0,0,0,0,0,0
4351,mahyashetabi,4,0,1,0,0,0,0,0,1,1,0,0,1,0
4352,majid53866855,6,1,0,0,0,0,1,0,0,1,1,1,0,1
4353,majid_ranjbaran,9,1,1,1,0,1,0,0,1,1,1,1,1,1
4354,mamadpel,1,0,1,0,0,0,0,0,0,0,0,0,0,0
4355,mamalism123,6,1,1,0,0,0,1,0,0,1,1,0,0,1
4356,mamanbanooo,2,1,1,0,0,0,0,0,0,0,0,0,0,0
4357,mamouler,3,0,1,0,0,1,1,0,0,0,0,0,0,0
4358,mana_s,1,1,0,0,0,0,0,0,0,0,0,0,0,0
4359,,0,0,0,0,1,0,0,0,0,0,0,0,0,0
4360,manam_khoda,6,1,1,0,0,0,0,0,1,1,1,0,1,0
4361,manastam39,4,1,0,0,0,1,0,0,0,1,0,0,1,0
4362,manatore59,5,1,1,0,0,1,0,0,1,1,0,0,0,0
4363,mandanairani79,2,1,0,0,0,0,0,0,0,1,0,0,0,0
4364,mandyiraji,3,1,0,0,0,1,0,0,1,0,0,0,0,0
4365,manelipoetworld,1,0,1,0,0,0,0,0,0,0,0,0,0,0
4366,maniatemann,5,1,0,0,0,0,0,0,1,1,1,1,0,0
4367,mannydannyy,4,1,0,0,0,0,0,0,0,1,1,1,0,0
4368,manonagerefteh,1,0,1,0,0,0,0,0,0,0,0,0,0,0
4369,manook75121517,5,1,1,0,0,0,0,0,0,1,0,1,0,1
4370,mapadana,2,1,0,0,0,1,0,0,0,0,0,0,0,0
4371,maral_raha,10,1,1,0,0,1,1,1,1,1,1,1,1,0
4372,marblehastam,1,1,0,0,0,0,0,0,0,0,0,0,0,0
4373,mardavijmedia,2,0,1,0,0,0,0,0,0,0,0,1,0,0
4374,mariM2582,9,1,1,0,0,1,1,1,1,1,0,0,1,1
4375,maria690669,10,1,1,0,0,1,1,0,1,1,1,1,1,1
4376,mariahbzd,1,1,0,0,0,0,0,0,0,0,0,0,0,0
4377,marja22786641,2,1,0,0,0,0,0,0,0,0,0,1,0,0
4378,marjandemehr,1,1,0,0,0,0,0,0,0,0,0,0,0,0
4379,mark_doty,3,1,0,0,0,0,0,0,0,0,0,1,1,0
4380,mary242016,2,1,1,0,0,0,0,0,0,0,0,0,0,0
4381,mary_mara77,4,0,1,0,0,0,0,0,0,1,0,1,1,0
4382,maryam54317484,8,1,1,0,0,0,1,0,0,1,1,1,1,1
4383,maryam897002,1,1,0,0,0,0,0,0,0,0,0,0,0,0
4384,maryamamir80188,1,0,1,0,0,0,0,0,0,0,0,0,0,0
4385,maryamprofanum,1,1,0,0,0,0,0,0,0,0,0,0,0,0
4386,marylou1se,10,1,1,0,0,1,1,1,1,1,1,1,1,0
4387,maso1783050,1,1,0,0,0,0,0,0,0,0,0,0,0,0
4388,mason20117,2,1,0,0,0,1,0,0,0,0,0,0,0,0
4389,masoud44742110,9,1,1,0,0,1,0,0,1,1,1,1,1,1
4390,masslh990,2,1,0,0,0,1,0,0,0,0,0,0,0,0
4391,massmo23,4,1,1,0,0,0,0,0,1,0,0,1,0,0
4392,massoudmaestro,1,0,1,0,0,0,0,0,0,0,0,0,0,0
4393,mastopatill1,4,0,1,0,0,1,0,0,1,1,0,0,0,0
4394,maxmoradiann,1,0,1,0,0,0,0,0,0,0,0,0,0,0
4395,maziar_vandad,2,0,1,0,0,0,0,0,0,0,0,1,0,0
4396,maziarmirzarazi,3,1,0,0,0,0,0,0,0,0,1,0,1,0
4397,mazishah7,2,1,1,0,0,0,0,0,0,0,0,0,0,0
4398,mazyra48o,2,1,1,0,0,0,0,0,0,0,0,0,0,0
4399,mb_irani,9,1,1,0,0,1,0,0,1,1,1,1,1,1
4400,mbarghashtam,3,1,0,0,0,0,0,1,0,0,1,0,0,0
4401,me4u2read,4,1,0,0,0,1,1,0,1,0,0,0,0,0
4402,medicojunghiano,3,1,1,0,0,1,0,0,0,0,0,0,0,0
4403,megabiz__,10,1,1,0,0,1,1,1,1,1,1,1,1,0
4404,meh_alla,3,0,1,0,0,0,0,0,0,1,0,0,1,0
4405,mehafsh,6,0,1,0,0,0,1,1,1,0,0,1,0,1
4406,mehdi_21,7,0,1,0,0,1,0,0,1,1,1,1,1,0
4407,mehdikarari1,8,1,1,0,0,1,0,0,1,1,0,1,1,1
4408,mehdipournejad,1,0,1,0,0,0,0,0,0,0,0,0,0,0
4409,mehdisohra91104,1,1,0,0,0,0,0,0,0,0,0,0,0,0
4410,mehiiiiiiiiiii,9,1,1,0,0,1,1,0,1,1,1,1,1,0
4411,mehraboon62,1,1,0,0,0,0,0,0,0,0,0,0,0,0
4412,mehrad2222,5,1,0,0,0,1,1,1,1,0,0,0,0,0
4413,mehrad_mhh,1,1,0,0,0,0,0,0,0,0,0,0,0,0
4414,mehranehl,1,1,0,0,0,0,0,0,0,0,0,0,0,0
4415,mehranjunior,1,0,1,0,0,0,0,0,0,0,0,0,0,0
4416,mehrdad_zk,2,1,0,0,0,1,0,0,0,0,0,0,0,0
4417,mehrdadbamdad,8,1,1,0,0,1,0,0,1,0,1,1,1,1
4418,mehriranmaster,2,1,1,0,0,0,0,0,0,0,0,0,0,0
4419,mehronahid,6,1,0,0,0,1,0,1,1,0,0,0,1,1
4420,mehrtash_d,2,1,0,0,0,0,0,0,1,0,0,0,0,0
4421,meiki91,1,1,0,0,0,0,0,0,0,0,0,0,0,0
4422,melika1257933,3,0,1,0,0,0,1,1,0,0,0,0,0,0
4423,melody19750,2,1,1,0,0,0,0,0,0,0,0,0,0,0
4424,memento_shelby,2,1,0,0,0,0,0,0,0,1,0,0,0,0
4425,memoriesstrike,3,1,1,0,0,0,0,0,0,1,0,0,0,0
4426,menorah_ma,1,0,1,0,0,0,0,0,0,0,0,0,0,0
4427,mesut196508,2,0,1,0,0,0,0,0,0,0,0,1,0,0
4428,mh3nj,2,1,0,0,0,1,0,0,0,0,0,0,0,0
4429,mhdy1022607,1,1,0,0,0,0,0,0,0,0,0,0,0,0
4430,miaadooo,1,0,1,0,0,0,0,0,0,0,0,0,0,0
4431,micksterdfi,0,0,0,0,1,0,0,0,0,0,0,0,0,0
4432,mid141414,5,1,0,0,0,1,0,0,0,1,1,0,1,0
4433,middleeast2026_,1,1,0,0,0,0,0,0,0,0,0,0,0,0
4434,midleware,1,1,0,0,0,0,0,0,0,0,0,0,0,0
4435,mike_eslam60012,1,1,0,0,0,0,0,0,0,0,0,0,0,0
4436,mike_ros20,1,0,1,0,0,0,0,0,0,0,0,0,0,0
4437,mikefreeQ,2,0,1,0,0,0,0,0,0,1,0,0,0,0
4438,mikeremi21,6,0,1,0,0,1,0,1,0,1,0,1,0,1
4439,mikhake_noqrehi,8,1,1,0,0,1,1,0,1,1,0,0,1,1
4440,milad_uk007,2,0,1,0,0,0,0,0,1,0,0,0,0,0
4441,miladcontent,2,0,1,0,0,0,0,0,1,0,0,0,0,0
4442,mili_bornado,1,1,0,0,0,0,0,0,0,0,0,0,0,0
4443,mim_re74779,7,1,0,0,0,1,1,0,1,1,0,0,1,1
4444,mimenay,4,1,1,0,0,0,0,1,0,1,0,0,0,0
4445,mimenime,10,1,1,0,0,1,1,0,1,1,1,1,1,1
4446,mina_bareen,4,1,1,0,0,0,0,0,0,0,1,0,0,1
4447,minafathi12,4,0,1,0,0,0,0,0,0,1,1,1,0,0
4448,mineti,1,0,1,0,0,0,0,0,0,0,0,0,0,0
4449,mint69rmm,2,0,1,0,0,0,0,0,0,0,0,0,1,0
4450,misa_hz8688,3,1,0,0,0,0,0,0,1,0,0,1,0,0
4451,mishiiaia,2,1,0,0,0,1,0,0,0,0,0,0,0,0
4452,misholak246,4,1,1,0,0,0,0,0,1,0,1,0,0,0
4453,missferrrrrr,5,0,1,0,0,1,0,0,1,0,1,0,1,0
4454,mitra324,2,1,0,0,0,0,0,0,0,0,0,0,0,1
4455,mitra_zad,2,0,1,0,0,0,0,0,0,1,0,0,0,0
4456,mitradat2527,5,1,1,0,0,1,0,0,1,0,0,0,1,0
4457,mitrasam62,1,0,1,0,0,0,0,0,0,0,0,0,0,0
4458,mitty553,6,0,1,0,0,1,0,0,1,1,1,0,1,0
4459,mjydkrymy475916,1,0,1,0,0,0,0,0,0,0,0,0,0,0
4460,mkhalili63,6,1,0,0,0,1,0,0,1,1,0,0,1,1
4461,mmaaadddzzzz,3,0,1,0,0,1,0,0,0,0,0,0,0,1
4462,mmdkr4,2,1,0,0,0,0,0,0,0,1,0,0,0,0
4463,mmortazavi80404,3,1,1,0,0,0,0,0,0,0,0,0,0,1
4464,mmsamadian,1,1,0,0,0,0,0,0,0,0,0,0,0,0
4465,mo9_eth,2,1,0,0,0,1,0,0,0,0,0,0,0,0
4466,mo_v95,1,1,0,0,0,0,0,0,0,0,0,0,0,0
4467,mobin3493643198,3,0,1,0,0,0,0,0,0,0,1,0,1,0
4468,mobolsing,8,1,1,0,0,1,1,1,0,1,0,1,1,0
4469,mocha172882,2,0,1,0,0,0,0,0,0,0,0,0,0,1
4470,mohajerbimaqsad,1,0,1,0,0,0,0,0,0,0,0,0,0,0
4471,mohamadtgh,3,1,0,0,0,0,0,0,0,1,0,1,0,0
4472,mohamma85954626,1,0,1,0,0,0,0,0,0,0,0,0,0,0
4473,mohammad02226,5,1,0,0,0,1,1,0,1,0,0,0,1,0
4474,mohammadifard4,2,0,1,0,0,0,0,0,0,1,0,0,0,0
4475,mohammadjoudi,11,1,1,0,0,1,1,1,1,1,1,1,1,1
4476,mohsen15419992,4,1,1,0,0,1,0,0,1,0,0,0,0,0
4477,mohsen8569,3,0,1,0,0,0,0,0,0,0,0,0,1,1
4478,mohsen_varaste,9,1,1,0,0,1,1,0,1,1,1,1,1,0
4479,moinmirsazalehi,8,1,1,0,0,0,0,0,1,1,1,1,1,1
4480,mojibmohamadii,2,1,0,0,0,0,0,0,0,0,0,1,0,0
4481,mojjjjd,1,1,0,0,0,0,0,0,0,0,0,0,0,0
4482,mollynbella,3,0,1,0,0,1,0,0,0,0,0,1,0,0
4483,momtazwishgai,3,1,0,0,0,0,0,0,0,0,0,1,0,1
4484,mona86183194,2,1,0,0,0,0,0,0,0,0,0,1,0,0
4485,monaj00n62,1,1,0,0,0,0,0,0,0,0,0,0,0,0
4486,monalisa6699,2,1,1,0,0,0,0,0,0,0,0,0,0,0
4487,monaoryat9,2,1,0,0,0,0,1,0,0,0,0,0,0,0
4488,monapezhhan,7,1,1,0,0,1,1,0,0,1,0,1,0,1
4489,monarchy_eagle,3,1,1,0,0,0,0,0,1,0,0,0,0,0
4490,monaturabi2,1,1,0,0,0,0,0,0,0,0,0,0,0,0
4491,monica1990fx,2,1,1,0,0,0,0,0,0,0,0,0,0,0
4492,moon0_0jim,2,0,1,0,0,0,0,0,0,1,0,0,0,0
4493,moonly09,1,1,0,0,0,0,0,0,0,0,0,0,0,0
4494,moonstaric27,1,1,0,0,0,0,0,0,0,0,0,0,0,0
4495,mootin77,1,1,0,0,0,0,0,0,0,0,0,0,0,0
4496,morabbaye_havij,5,1,0,0,0,0,0,0,0,0,1,1,1,1
4497,moradi_nashmin,1,1,0,0,0,0,0,0,0,0,0,0,0,0
4498,moradiannejad,8,1,1,0,0,1,0,0,0,1,1,1,1,1
4499,mortezaSN,1,1,0,0,0,0,0,0,0,0,0,0,0,0
4500,morteza_r2537,5,0,1,0,0,1,0,0,0,0,1,1,1,0
4501,morti_2023,3,1,0,0,0,1,0,0,1,0,0,0,0,0
4502,morv1pj,1,0,1,0,0,0,0,0,0,0,0,0,0,0
4503,morvaridpa1370,1,1,0,0,0,0,0,0,0,0,0,0,0,0
4504,mosilar1,3,1,1,0,0,0,0,0,1,0,0,0,0,0
4505,motamed_m,3,0,1,0,0,0,0,0,0,1,0,1,0,0
4506,moucio_8,7,1,0,0,0,1,0,0,1,1,1,1,1,0
4507,mousavi_hani,2,1,0,0,0,0,0,0,1,0,0,0,0,0
4508,mozaffari_a75,4,0,1,0,0,1,1,0,0,1,0,0,0,0
4509,mozhgan_8990,1,1,0,0,0,0,0,0,0,0,0,0,0,0
4510,mozhgzn,1,1,0,0,0,0,0,0,0,0,0,0,0,0
4511,mr_amin994,1,0,1,0,0,0,0,0,0,0,0,0,0,0
4512,mr_coolhand,8,1,1,0,0,1,0,1,1,1,1,0,1,0
4513,mr_m_salar,5,1,0,0,0,1,1,0,0,1,0,0,0,1
4514,mrafatfar,8,1,1,0,0,1,1,1,0,1,0,0,1,1
4515,mraryaei1983,2,1,0,0,0,0,0,0,0,0,0,1,0,0
4516,mrcreatebymee,6,1,1,0,0,0,1,1,0,0,0,0,1,1
4517,mrd_9798,2,1,1,0,0,0,0,0,0,0,0,0,0,0
4518,mreisia,1,0,1,0,0,0,0,0,0,0,0,0,0,0
4519,mrsmalrow,2,1,0,0,0,0,0,0,1,0,0,0,0,0
4520,mrsmart32063863,2,1,1,0,0,0,0,0,0,0,0,0,0,0
4521,mryptsl,9,1,1,0,0,1,0,1,1,1,0,1,1,1
4522,ms1970saber,5,1,1,0,0,1,0,0,1,1,0,0,0,0
4523,ms_sadegh,5,1,1,0,0,0,0,0,1,1,0,1,0,0
4524,mskeyhan2,9,1,0,0,0,1,1,1,0,1,1,1,1,1
4525,mtalebi69,2,0,1,0,0,0,0,0,0,1,0,0,0,0
4526,mtrkeh,5,0,1,0,0,1,0,0,1,1,0,1,0,0
4527,mtttsara,7,1,0,0,0,1,1,0,0,1,1,1,1,0
4528,munni99037394,1,1,0,0,0,0,0,0,0,0,0,0,0,0
4529,muntiie,1,1,0,0,0,0,0,0,0,0,0,0,0,0
4530,mustach1111,2,1,1,0,0,0,0,0,0,0,0,0,0,0
4531,mvahe123567,4,1,0,0,0,0,0,0,1,0,0,0,1,1
4532,mynameiszoko,1,1,0,0,0,0,0,0,0,0,0,0,0,0
4533,myr3190,3,1,0,0,0,1,0,0,0,0,0,1,0,0
4534,nader_parsi,7,1,1,0,0,1,0,0,1,1,0,0,1,1
4535,nadershah2650,1,1,0,0,0,0,0,0,0,0,0,0,0,0
4536,nadia31150901,1,1,0,0,0,0,0,0,0,0,0,0,0,0
4537,nadia_rubin,2,0,1,0,0,0,0,0,0,1,0,0,0,0
4538,nafas21666146,7,1,0,0,0,1,1,0,1,0,1,1,1,0
4539,nafis7111,1,1,0,0,0,0,0,0,0,0,0,0,0,0
4540,nag_hes666,8,1,1,0,0,1,0,0,1,1,1,1,0,1
4541,nagashesade,6,1,1,0,0,0,0,0,0,1,1,1,1,0
4542,nainvariunvari,5,1,0,0,0,1,1,0,1,0,1,0,0,0
4543,namalideh,1,1,0,0,0,0,0,0,0,0,0,0,0,0
4544,naminaziri,3,1,1,0,0,0,0,0,0,1,0,0,0,0
4545,namiranshah,1,0,1,0,0,0,0,0,0,0,0,0,0,0
4546,nanana0000o,1,0,1,0,0,0,0,0,0,0,0,0,0,0
4547,nananasrin,1,0,1,0,0,0,0,0,0,0,0,0,0,0
4548,nanejesii,4,1,0,0,0,1,0,0,1,1,0,0,0,0
4549,nannaaa78,7,1,1,0,0,1,1,0,0,1,0,1,0,1
4550,narange_,6,1,1,0,0,1,0,0,1,1,1,0,0,0
4551,narehchelebi,2,1,1,0,0,0,0,0,0,0,0,0,0,0
4552,nargeseye,3,1,1,0,0,0,0,0,0,0,1,0,0,0
4553,nargesiazar,0,0,0,0,1,0,0,0,0,0,0,0,0,0
4554,nari66611,11,1,1,0,0,1,1,1,1,1,1,1,1,1
4555,narik_a,1,0,1,0,0,0,0,0,0,0,0,0,0,0
4556,narsis_vol8347,4,1,0,0,0,0,0,1,0,1,0,0,1,0
4557,nas8362,2,1,1,0,0,0,0,0,0,0,0,0,0,0
4558,nasihashemi,5,0,1,0,0,1,1,1,0,1,0,0,0,0
4559,nasim6485,4,1,0,0,0,1,0,0,1,0,0,0,1,0
4560,nasim93542511,2,1,0,0,0,1,0,0,0,0,0,0,0,0
4561,nasim_nejad,10,1,1,0,0,1,1,1,1,0,1,1,1,1
4562,nasimm_kz,7,1,1,0,0,0,1,0,0,1,1,1,1,0
4563,nasiri_neg74648,2,1,1,0,0,0,0,0,0,0,0,0,0,0
4564,nasrin31464380,1,1,0,0,0,0,0,0,0,0,0,0,0,0
4565,nassimsahari,5,1,1,0,0,1,0,1,0,0,0,1,0,0
4566,nasteanka,2,1,1,0,0,0,0,0,0,0,0,0,0,0
4567,naughtyplumber9,6,1,0,0,0,1,1,1,0,0,0,0,1,1
4568,navid353,3,1,1,0,0,1,0,0,0,0,0,0,0,0
4569,navidmohebbi,1,1,0,0,0,0,0,0,0,0,0,0,0,0
4570,nazanin04528645,11,1,1,0,0,1,1,1,1,1,1,1,1,1
4571,nazanin7,6,0,1,0,0,1,0,0,1,1,1,0,1,0
4572,nazaninalmas,11,1,1,0,0,1,1,1,1,1,1,1,1,1
4573,nazi1353_1353,5,0,1,0,0,0,0,0,1,1,0,1,0,1
4574,nazkn99,2,1,0,0,0,0,0,0,0,0,0,0,1,0
4575,nazmehr_b,1,0,1,0,0,0,0,0,0,0,0,0,0,0
4576,nazwinner192395,10,1,1,0,0,1,1,1,1,1,1,1,0,1
4577,nbonbargasht,2,1,0,0,0,0,0,0,0,0,1,0,0,0
4578,ne111y,2,0,1,0,0,0,0,0,1,0,0,0,0,0
4579,necatyafte,4,1,1,0,0,0,0,0,0,1,1,0,0,0
4580,nedabahram,8,1,1,0,0,1,0,1,0,1,1,1,1,0
4581,nedakarshenas,3,0,1,0,0,0,0,0,0,1,0,0,0,1
4582,nedasoli,2,1,1,0,0,0,0,0,0,0,0,0,0,0
4583,nedayeiran1401,3,1,0,0,0,0,0,0,0,1,0,1,0,0
4584,negannegan55,10,1,1,0,0,0,1,1,1,1,1,1,1,1
4585,negar_touri,1,1,0,0,0,0,0,0,0,0,0,0,0,0
4586,negaran67,3,1,0,0,0,0,0,0,1,1,0,0,0,0
4587,negeenzzy,3,1,1,0,0,1,0,0,0,0,0,0,0,0
4588,nehestan,2,1,0,0,0,1,0,0,0,0,0,0,0,0
4589,neltu20mm,1,1,0,0,0,0,0,0,0,0,0,0,0,0
4590,neoAshrafi,1,1,0,0,0,0,0,0,0,0,0,0,0,0
4591,neo_welt,1,1,0,0,0,0,0,0,0,0,0,0,0,0
4592,nescio_scio,2,0,1,0,0,0,0,0,1,0,0,0,0,0
4593,newday2526,10,1,1,0,0,1,1,1,0,1,1,1,1,1
4594,nftbtct,8,1,1,0,0,0,1,0,0,1,1,1,1,1
4595,nhyd166214,2,0,1,0,0,0,0,0,0,1,0,0,0,0
4596,niayeshx0fx,1,0,1,0,0,0,0,0,0,0,0,0,0,0
4597,niche_girll2,2,0,1,0,0,0,0,0,0,0,0,1,0,0
4598,nickbot21,6,1,0,0,0,1,1,1,1,0,1,0,0,0
4599,nicknrz,8,1,1,0,0,1,0,0,1,0,1,1,1,1
4600,nightsilver00,10,1,1,0,0,1,1,1,1,1,1,1,1,0
4601,nignig5151,11,1,1,0,0,1,1,1,1,1,1,1,1,1
4602,niil28260,2,1,1,0,0,0,0,0,0,0,0,0,0,0
4603,niimaaah,6,1,1,0,0,0,0,0,1,0,1,0,1,1
4604,nika1988m,2,1,0,0,0,0,0,0,0,1,0,0,0,0
4605,nikamahsa1,2,1,0,0,0,1,0,0,0,0,0,0,0,0
4606,nikdast,6,1,1,0,0,1,0,0,0,0,1,1,1,0
4607,nikgooglews3b,1,0,1,0,0,0,0,0,0,0,0,0,0,0
4608,niki_jf,2,1,0,0,0,0,0,0,1,0,0,0,0,0
4609,niknikiniko,4,1,1,0,0,0,0,1,0,0,0,1,0,0
4610,nili2H,2,1,1,0,0,0,0,0,0,0,0,0,0,0
4611,niloofarabi13,8,1,1,0,0,0,1,0,1,1,0,1,1,1
4612,niloojoon66,3,1,0,0,0,0,0,0,1,0,1,0,0,0
4613,nima_bagherian,3,0,1,0,0,0,0,0,0,1,0,1,0,0
4614,nima_btc,4,1,1,0,0,0,0,0,0,0,0,1,0,1
4615,nima_oa,3,1,0,0,0,0,0,0,1,1,0,0,0,0
4616,nima_sabegh1010,4,1,0,0,0,1,1,0,0,0,0,0,1,0
4617,nimary57,2,1,1,0,0,0,0,0,0,0,0,0,0,0
4618,nimosh_nimosh,6,1,1,0,0,0,0,0,1,1,0,1,0,1
4619,nina_banoo96,5,0,1,0,0,0,0,0,1,1,1,1,0,0
4620,nish_asal,1,0,1,0,0,0,0,0,0,0,0,0,0,0
4621,njzzomx,4,0,1,0,0,1,1,0,0,0,0,0,0,1
4622,nmehrang9,1,0,1,0,0,0,0,0,0,0,0,0,0,0
4623,nmrk_Iran,6,1,1,0,0,1,0,1,1,1,0,0,0,0
4624,no233472339,1,1,0,0,0,0,0,0,0,0,0,0,0,0
4625,no554466,5,0,1,0,0,0,1,0,0,1,0,0,1,1
4626,noble_man8335,2,1,1,0,0,0,0,0,0,0,0,0,0,0
4627,nobody19961375,2,1,1,0,0,0,0,0,0,0,0,0,0,0
4628,nokh_be,2,1,0,0,0,0,1,0,0,0,0,0,0,0
4629,noname1021498,2,1,1,0,0,0,0,0,0,0,0,0,0,0
4630,nonor_uk,1,0,1,0,0,0,0,0,0,0,0,0,0,0
4631,noonoosh341036,2,0,1,0,0,1,0,0,0,0,0,0,0,0
4632,noor68282532,1,1,0,0,0,0,0,0,0,0,0,0,0,0
4633,nooshin1,4,1,1,0,0,1,1,0,0,0,0,0,0,0
4634,nooshin_irani_,5,0,1,0,0,0,0,0,1,1,1,0,1,0
4635,northblossom7,1,1,0,0,0,0,0,0,0,0,0,0,0,0
4636,notnotchanel,4,1,0,0,0,1,0,1,0,0,0,0,0,1
4637,notsadaf,1,0,1,0,0,0,0,0,0,0,0,0,0,0
4638,nour93175,4,1,1,0,0,0,0,0,0,1,0,1,0,0
4639,nourullahp79247,1,0,1,0,0,0,0,0,0,0,0,0,0,0
4640,noushingolnavaz,4,1,0,0,0,1,0,1,0,0,1,0,0,0
4641,nrgspahlavi,1,0,1,0,0,0,0,0,0,0,0,0,0,0
4642,nscrowba,1,1,0,0,0,0,0,0,0,0,0,0,0,0
4643,nsrynmd73639,2,1,0,0,0,1,0,0,0,0,0,0,0,0
4644,number8200,2,1,0,0,0,0,0,1,0,0,0,0,0,0
4645,nutriti20758106,5,0,1,0,0,1,0,0,0,1,0,1,1,0
4646,nuunuu86,1,1,0,0,0,0,0,0,0,0,0,0,0,0
4647,nwkyshan82765,2,0,1,0,0,0,0,0,0,0,0,0,0,1
4648,nxqox3,1,1,0,0,0,0,0,0,0,0,0,0,0,0
4649,nyxlilura,2,0,1,0,0,0,0,0,0,1,0,0,0,0
4650,of_iran50895,8,1,1,0,0,1,1,1,1,1,1,0,0,0
4651,off734,7,1,1,0,0,1,0,0,1,1,1,0,1,0
4652,officialcrazy0,10,1,1,0,0,1,1,1,1,1,1,1,1,0
4653,olivertwist1979,3,1,1,0,0,0,0,0,1,0,0,0,0,0
4654,omid1895038,1,0,1,0,0,0,0,0,0,0,0,0,0,0
4655,omid6rad,1,0,1,0,0,0,0,0,0,0,0,0,0,0
4656,omidBipa,7,1,1,0,0,0,0,1,1,0,1,1,1,0
4657,omid__fakhri,2,1,0,0,0,0,0,0,1,0,0,0,0,0
4658,omidlotfi316697,2,1,1,0,0,0,0,0,0,0,0,0,0,0
4659,omidmco,2,0,1,0,0,0,0,0,0,1,0,0,0,0
4660,one2026persa,1,1,0,0,0,0,0,0,0,0,0,0,0,0
4661,orentdowski,3,1,0,0,0,0,1,0,0,1,0,0,0,0
4662,orkedeh,7,1,1,0,0,1,1,1,1,0,0,0,0,1
4663,oshtb1,1,0,1,0,0,0,0,0,0,0,0,0,0,0
4664,ostababa2,2,1,1,0,0,0,0,0,0,0,0,0,0,0
4665,outofworldnowhe,1,0,1,0,0,0,0,0,0,0,0,0,0,0
4666,owlisslept,1,0,1,0,0,0,0,0,0,0,0,0,0,0
4667,p4rad0ks,2,1,0,0,0,0,0,0,0,1,0,0,0,0
4668,p_mandana65532,1,1,0,0,0,0,0,0,0,0,0,0,0,0
4669,paarrinoos,1,0,1,0,0,0,0,0,0,0,0,0,0,0
4670,paayydaarr,3,1,1,0,0,0,0,0,1,0,0,0,0,0
4671,pablodotty,1,0,1,0,0,0,0,0,0,0,0,0,0,0
4672,pahlavi258,6,1,0,0,0,1,0,1,0,1,0,1,1,0
4673,pahlaviiran021,7,1,0,0,1,1,1,1,1,0,1,0,0,1
4674,pahlavilover_,11,1,1,0,0,1,1,1,1,1,1,1,1,1
4675,pahlavism2582q,8,1,1,0,0,0,1,1,0,1,1,1,1,0
4676,pahlavism8m,2,1,0,0,0,1,0,0,0,0,0,0,0,0
4677,pahlavisushya88,10,1,1,0,0,0,1,1,1,1,1,1,1,1
4678,pakoota21,2,0,1,0,0,0,0,0,0,1,0,0,0,0
4679,pan00pun,1,0,1,0,0,0,0,0,0,0,0,0,0,0
4680,panbedarnaf1,3,0,1,0,0,0,0,1,0,0,0,0,0,1
4681,panmonarchist,6,1,0,0,0,1,1,0,1,0,1,0,1,0
4682,papagderafsh,1,1,0,0,0,0,0,0,0,0,0,0,0,0
4683,papalpapali,6,0,1,0,0,1,0,0,1,0,1,1,1,0
4684,parand706,5,1,1,0,0,0,0,0,1,1,0,0,1,0
4685,parandehmohajer,10,1,1,0,0,1,0,1,1,1,1,1,1,1
4686,pardis9211,8,1,1,0,0,1,1,0,1,1,0,1,1,0
4687,parham1345,8,1,1,0,0,1,1,1,1,1,0,0,1,0
4688,pari42370660,2,1,0,0,0,1,0,0,0,0,0,0,0,0
4689,pari_ros,4,1,0,0,0,1,1,0,0,0,1,0,0,0
4690,pariiSHAHdokht,5,1,1,0,0,0,1,0,1,1,0,0,0,0
4691,parissatis,2,1,0,0,0,0,0,0,0,0,0,0,1,0
4692,parisssssszz,3,1,0,0,0,1,0,0,0,0,0,1,0,0
4693,pariszmn,5,1,0,0,0,1,1,1,0,0,0,0,0,1
4694,parla91979,6,1,1,0,0,0,0,0,0,1,0,1,1,1
4695,parn11bt,1,0,1,0,0,0,0,0,0,0,0,0,0,0
4696,parniyaonearth,7,0,1,0,0,1,0,0,1,1,1,1,0,1
4697,parparamm12,4,0,1,0,0,0,0,0,0,1,0,1,0,1
4698,parpetova,2,0,1,0,0,1,0,0,0,0,0,0,0,0
4699,parsaMimir,9,1,1,0,0,0,1,1,1,0,1,1,1,1
4700,parsi27871,2,0,1,0,0,0,0,0,0,1,0,0,0,0
4701,parsi98481,4,0,1,0,0,1,0,0,0,1,0,0,0,1
4702,parsizorro,1,1,0,0,0,0,0,0,0,0,0,0,0,0
4703,parsley61060503,1,0,1,0,0,0,0,0,0,0,0,0,0,0
4704,parthianempire,11,1,1,0,0,1,1,1,1,1,1,1,1,1
4705,parvankhatoon,4,1,0,0,0,0,0,0,1,0,1,0,1,0
4706,parvavet,5,1,1,0,0,1,1,1,0,0,0,0,0,0
4707,parvin_etesabi,5,1,1,0,0,1,0,0,0,0,0,0,1,1
4708,parvin_may,6,1,1,0,0,1,0,1,1,0,0,1,0,0
4709,parysa_02,4,1,0,0,0,0,1,0,0,1,0,1,0,0
4710,pasarebad_king,5,1,1,0,0,1,1,0,1,0,0,0,0,0
4711,pasargad2500y,3,1,1,0,0,0,1,0,0,0,0,0,0,0
4712,pasterishoo,1,1,0,0,0,0,0,0,0,0,0,0,0,0
4713,patriot2558,2,1,1,0,0,0,0,0,0,0,0,0,0,0
4714,patriot_apranik,6,1,0,0,0,1,0,0,1,0,1,1,1,0
4715,patriotaryo1,4,1,0,0,0,1,1,0,0,0,0,0,1,0
4716,patriotirani404,2,1,0,0,0,0,0,0,0,0,0,1,0,0
4717,patriots2544,4,0,1,0,0,0,0,0,0,1,1,0,0,1
4718,payam_7777,2,0,1,0,0,0,0,0,0,1,0,0,0,0
4719,payambakht,2,1,0,0,0,0,0,0,0,1,0,0,0,0
4720,paydar2222,11,1,1,0,0,1,1,1,1,1,1,1,1,1
4721,pb_azar,3,1,0,0,0,0,0,0,0,1,0,0,0,1
4722,pedarepesaree,7,1,1,0,0,1,1,0,0,0,1,1,1,0
4723,pedramshahnavaz,1,1,0,0,0,0,0,0,0,0,0,0,0,0
4724,pedu2022,2,0,1,0,0,0,0,1,0,0,0,0,0,0
4725,pedzmani,6,1,1,0,0,1,0,0,0,1,0,0,1,1
4726,pegahmohammadk1,1,1,0,0,0,0,0,0,0,0,0,0,0,0
4727,pegoolin,2,1,0,0,0,0,0,0,0,1,0,0,0,0
4728,pejvakeiran,3,1,0,0,0,1,0,0,0,0,0,0,0,1
4729,pendarenik_,4,0,1,0,0,0,0,0,0,1,0,1,0,1
4730,pendarnik77,2,1,0,0,0,0,0,0,0,0,0,0,1,0
4731,perseplan,1,1,0,0,0,0,0,0,0,0,0,0,0,0
4732,persepolis78,6,1,1,0,0,0,1,0,0,1,0,1,1,0
4733,persia1always,5,1,1,0,0,0,0,0,0,1,0,1,1,0
4734,persian_Tirdad,1,0,1,0,0,0,0,0,0,0,0,0,0,0
4735,persian_pishy,1,0,1,0,0,0,0,0,0,0,0,0,0,0
4736,persian_warior,11,1,1,0,0,1,1,1,1,1,1,1,1,1
4737,persianbozz2,1,0,1,0,0,0,0,0,0,0,0,0,0,0
4738,persiancat50,11,1,1,0,0,1,1,1,1,1,1,1,1,1
4739,persiancatIran,8,1,1,0,0,1,1,0,0,1,1,1,1,0
4740,persianlady26,1,1,0,0,0,0,0,0,0,0,0,0,0,0
4741,persianlioness4,1,0,1,0,0,0,0,0,0,0,0,0,0,0
4742,persianmedusa,1,1,0,0,0,0,0,0,0,0,0,0,0,0
4743,persianpattriot,3,1,0,0,0,0,0,0,0,0,0,1,0,1
4744,persiansplendid,6,1,1,0,0,1,1,0,0,0,0,1,0,1
4745,persispatriot,2,0,1,0,0,0,0,0,0,1,0,0,0,0
4746,peter_sale39514,1,0,1,0,0,0,0,0,0,0,0,0,0,0
4747,peymanc130,3,1,0,0,0,1,0,0,0,0,0,0,0,1
4748,philonurse20,1,0,1,0,0,0,0,0,0,0,0,0,0,0
4749,pink4iran,11,1,1,0,0,1,1,1,1,1,1,1,1,1
4750,pink__saraa,1,0,1,0,0,0,0,0,0,0,0,0,0,0
4751,pink_sea_dragon,3,0,1,0,0,0,0,0,0,1,1,0,0,0
4752,pinkcloud1985,6,1,1,0,0,1,0,1,0,1,1,0,0,0
4753,pireborna,2,1,0,0,0,0,0,0,0,0,0,0,1,0
4754,pirooz37047,2,1,0,0,0,0,0,0,0,1,0,0,0,0
4755,pirooz_7,3,1,0,0,0,0,0,0,0,0,1,1,0,0
4756,pirouzee,1,1,0,0,0,0,0,0,0,0,0,0,0,0
4757,pirouzei,8,1,1,0,0,1,1,0,1,1,1,0,1,0
4758,pirozzzzzzzzz,9,1,1,0,0,1,1,0,1,1,1,0,1,1
4759,pishiiik,5,1,0,0,0,0,0,0,0,1,1,1,1,0
4760,pishiovsky11610,1,1,0,0,0,0,0,0,0,0,0,0,0,0
4761,pitkele,2,0,1,0,0,1,0,0,0,0,0,0,0,0
4762,pitnafti,2,1,0,0,0,0,0,0,1,0,0,0,0,0
4763,pittoReHooD,1,0,1,0,0,0,0,0,0,0,0,0,0,0
4764,pitzasirostake,1,1,0,0,0,0,0,0,0,0,0,0,0,0
4765,pizza_facey,7,0,1,0,0,1,1,1,0,1,1,0,1,0
4766,podshah,4,1,1,0,0,0,1,0,0,0,0,0,1,0
4767,policenama1401,6,1,1,0,0,1,0,1,1,1,0,0,0,0
4768,poltecTrend,1,1,0,0,0,0,0,0,0,0,0,0,0,0
4769,poonehseta,5,1,0,0,0,1,0,0,0,1,1,0,1,0
4770,pooriab,3,1,0,0,0,1,0,0,0,0,1,0,0,0
4771,popsonlinenow,1,0,1,0,0,0,0,0,0,0,0,0,0,0
4772,poriyasamary,4,1,1,0,0,0,0,0,0,1,0,1,0,0
4773,potk__,4,0,1,0,0,0,0,0,0,1,1,0,1,0
4774,pourakaberian,4,1,1,0,0,1,0,0,0,0,0,1,0,0
4775,pouriams,1,0,1,0,0,0,0,0,0,0,0,0,0,0
4776,pournazeri,10,1,1,0,0,1,1,1,1,1,1,0,1,1
4777,poustchi,2,0,1,0,0,1,0,0,0,0,0,0,0,0
4778,ppscobar04,1,0,1,0,0,0,0,0,0,0,0,0,0,0
4779,pptmbtb,2,1,0,0,0,1,0,0,0,0,0,0,0,0
4780,prasantm_,1,1,0,0,0,0,0,0,0,0,0,0,0,0
4781,presfron8917028,3,1,0,0,0,1,0,0,0,0,0,0,1,0
4782,prodbydanix,2,1,1,0,0,0,0,0,0,0,0,0,0,0
4783,prokijk,5,1,0,0,0,0,0,0,1,1,0,1,1,0
4784,proudiranian_,6,1,1,0,0,0,1,0,0,1,0,1,0,1
4785,proudpersian7,5,1,1,0,0,0,0,0,0,1,0,1,1,0
4786,prwz201,5,1,0,0,0,1,1,0,0,0,1,1,0,0
4787,puppet_cooder,4,0,1,0,0,0,0,0,0,1,1,0,1,0
4788,purebuddy,2,0,1,0,0,0,0,0,0,0,0,1,0,0
4789,qanaryezard,9,1,1,0,0,1,0,0,1,1,1,1,1,1
4790,qaranfil22,4,1,1,0,0,0,0,0,1,1,0,0,0,0
4791,qdwsy72988,1,1,0,0,0,0,0,0,0,0,0,0,0,0
4792,qscefbyjm,3,1,1,0,0,0,0,0,0,0,0,0,1,0
4793,qtmos129,2,0,1,0,0,1,0,0,0,0,0,0,0,0
4794,queenNefertit55,3,0,1,0,0,1,0,0,0,0,1,0,0,0
4795,queen_bellevue,7,1,1,0,1,1,0,0,0,0,1,1,1,1
4796,queenfifi94,4,1,1,0,0,0,1,0,0,0,0,0,1,0
4797,queenserci,2,1,1,0,0,0,0,0,0,0,0,0,0,0
4798,quietfield01,1,1,0,0,0,0,0,0,0,0,0,0,0,0
4799,quintana395621,0,0,0,0,1,0,0,0,0,0,0,0,0,0
4800,r54_4,1,0,1,0,0,0,0,0,0,0,0,0,0,0
4801,rachel4ever26,8,1,1,0,0,1,1,0,1,1,1,1,0,0
4802,radiojibi,2,0,1,0,0,0,0,0,1,0,0,0,0,0
4803,radiostar999999,7,0,1,0,0,1,0,0,1,1,1,1,1,0
4804,radmatt,1,0,1,0,0,0,0,0,0,0,0,0,0,0
4805,raghsandebamarg,2,1,1,0,0,0,0,0,0,0,0,0,0,0
4806,raha_brn,4,1,1,0,0,0,0,0,0,0,0,0,1,1
4807,rahaforever4you,3,0,1,0,0,1,0,0,0,1,0,0,0,0
4808,rahak1776,6,0,1,0,0,1,0,0,1,1,0,1,0,1
4809,rahar9075,6,0,0,0,1,1,1,1,0,1,0,1,0,1
4810,rahelehfarahani,5,1,1,0,0,0,0,0,1,0,1,0,0,1
4811,rahimy166,8,1,1,0,0,0,1,0,1,1,0,1,1,1
4812,rain9451113,3,1,0,0,0,1,0,0,0,0,0,0,1,0
4813,rajabiimohsen,6,1,1,0,0,1,0,0,1,0,1,1,0,0
4814,ramaeenn,4,1,0,0,0,0,0,0,0,1,0,1,1,0
4815,ramtin69xx1990,9,1,1,0,0,1,1,0,1,1,0,1,1,1
4816,rasookosh,10,1,1,0,0,1,1,1,1,1,1,1,1,0
4817,raspinaaaa,6,1,0,0,0,1,0,0,1,0,1,1,1,0
4818,razrad1395,9,1,1,0,0,0,1,1,0,1,1,1,1,1
4819,rcaviani,2,0,1,0,0,1,0,0,0,0,0,0,0,0
4820,rda_mhmd32862,11,1,1,0,0,1,1,1,1,1,1,1,1,1
4821,realRayanAmiri,3,1,1,0,0,1,0,0,0,0,0,0,0,0
4822,realRezaSalehi,1,1,0,0,0,0,0,0,0,0,0,0,0,0
4823,real_mat21,9,1,1,0,0,1,1,0,1,1,1,0,1,1
4824,realkayvan,2,1,1,0,0,0,0,0,0,0,0,0,0,0
4825,realsaeidkarimi,2,1,1,0,0,0,0,0,0,0,0,0,0,0
4826,realshadmehrr,6,1,0,0,0,0,1,0,0,1,0,1,1,1
4827,rebelxan,4,1,1,0,0,0,0,0,1,1,0,0,0,0
4828,redboy19855,2,1,0,0,0,0,1,0,0,0,0,0,0,0
4829,redroseiam22,1,1,0,0,0,0,0,0,0,0,0,0,0,0
4830,remd71,5,1,0,0,0,1,0,0,1,1,0,0,0,1
4831,respirat0r_p,2,1,0,0,0,0,0,1,0,0,0,0,0,0
4832,revme1401,1,1,0,0,0,0,0,0,0,0,0,0,0,0
4833,revolution_plan,1,1,0,0,0,0,0,0,0,0,0,0,0,0
4834,rey5958,5,0,1,0,0,0,0,0,1,1,1,0,0,1
4835,reza4768,7,1,1,0,0,1,0,0,1,1,1,1,0,0
4836,reza_1813,2,1,1,0,0,0,0,0,0,0,0,0,0,0
4837,reza_rasekhi_99,1,0,1,0,0,0,0,0,0,0,0,0,0,0
4838,reza_shah_two,11,1,1,0,0,1,1,1,1,1,1,1,1,1
4839,rezabesharati,3,0,1,0,0,0,0,0,0,1,0,1,0,0
4840,rezamilanijesus,3,0,1,0,0,1,0,0,0,0,0,0,0,1
4841,rezashah032503,7,1,1,0,0,1,1,1,1,1,0,0,0,0
4842,rfarshi,3,1,0,0,0,1,0,0,0,0,0,0,0,1
4843,riokhosravi,5,1,0,0,0,0,0,0,1,0,1,0,1,1
4844,riseirannn,5,1,1,0,0,0,0,1,0,0,1,1,0,0
4845,rnorsa,2,1,0,0,1,1,0,0,0,0,0,0,0,0
4846,robitant,11,1,1,0,0,1,1,1,1,1,1,1,1,1
4847,robroket,3,1,0,0,0,0,0,0,1,1,0,0,0,0
4848,rocketboym,7,1,1,0,0,0,1,0,0,1,1,1,0,1
4849,roobaah,6,1,0,0,0,1,0,0,0,1,0,1,1,1
4850,roodabe2020,2,1,1,0,0,0,0,0,0,0,0,0,0,0
4851,rose_nzri,3,1,1,0,0,0,0,0,0,0,1,0,0,0
4852,roshanayahoo,6,1,0,0,0,1,1,0,0,0,0,1,1,1
4853,roshangarnasl,7,1,0,0,0,1,0,0,1,1,1,1,0,1
4854,roudma1,9,0,1,0,0,1,1,1,1,1,1,1,1,0
4855,rouhanim,8,1,1,0,0,1,0,0,1,1,1,1,1,0
4856,rouisokay,3,1,0,0,0,1,0,0,0,0,1,0,0,0
4857,royal_blue_2020,1,1,0,0,0,0,0,0,0,0,0,0,0,0
4858,roycam96893,3,1,0,0,0,1,0,0,1,0,0,0,0,0
4859,rozavattar,1,1,0,0,0,0,0,0,0,0,0,0,0,0
4860,rozegarsakht2,3,1,1,0,0,0,0,0,0,0,1,0,0,0
4861,rozhan10596800,1,1,0,0,0,0,0,0,0,0,0,0,0,0
4862,rpourhabib,5,0,1,0,0,1,0,0,0,1,0,0,1,1
4863,rrmiran,8,1,0,0,0,1,0,0,1,1,1,1,1,1
4864,rs8989898989,5,1,1,0,0,0,0,0,1,1,0,1,0,0
4865,rstakhize,4,1,1,0,0,1,0,0,0,0,0,1,0,0
4866,ruriranginkaman,1,1,0,0,0,0,0,0,0,0,0,0,0,0
4867,ryhanh_j,2,1,1,0,0,0,0,0,0,0,0,0,0,0
4868,s7373s94,1,1,0,0,0,0,0,0,0,0,0,0,0,0
4869,s_shermineh,2,0,1,0,0,1,0,0,0,0,0,0,0,0
4870,sa_mah23130,1,1,0,0,0,0,0,0,0,0,0,0,0,0
4871,sa_sfr5130,2,1,0,0,0,0,0,0,0,1,0,0,0,0
4872,saba_khoi,2,0,1,0,0,1,0,0,0,0,0,0,0,0
4873,sabamind2024,4,1,0,0,0,1,0,1,0,1,0,0,0,0
4874,saberitina,7,1,0,0,0,1,1,1,1,0,1,0,1,0
4875,sabetfar37297,3,1,0,0,0,0,0,0,0,0,0,0,1,1
4876,sabzosefido,5,1,0,0,0,1,0,0,1,0,1,0,0,1
4877,sadegh2538,1,0,1,0,0,0,0,0,0,0,0,0,0,0
4878,sadezist81,11,1,1,0,0,1,1,1,1,1,1,1,1,1
4879,sadi25002500,3,1,0,0,0,0,0,0,0,1,0,0,0,1
4880,sadism_emam,6,1,0,0,0,0,0,0,1,1,1,1,0,1
4881,saeed1044726,7,1,1,0,0,0,1,0,1,1,1,0,1,0
4882,saeed593317,9,1,1,0,0,1,1,0,1,1,1,1,1,0
4883,saeedeh2019,5,1,0,0,0,1,0,0,0,0,1,1,1,0
4884,saeedsa68281209,6,1,0,0,0,0,1,0,0,1,1,0,1,1
4885,saeidarya68,2,1,0,0,0,0,0,0,0,0,0,0,0,1
4886,saffari,1,0,1,0,0,0,0,0,0,0,0,0,0,0
4887,saffron4566,6,1,0,0,0,0,0,0,1,0,1,1,1,1
4888,safooramashhadi,6,1,1,0,0,1,0,0,0,0,1,1,1,0
4889,sagheam,7,1,1,0,0,1,1,1,1,1,0,0,0,0
4890,sahar_art_uk,7,1,1,0,0,0,0,0,1,1,1,1,1,0
4891,saharkhiz88,10,1,1,0,0,1,1,1,1,1,1,0,1,1
4892,saharsd1993,2,0,1,0,0,0,0,0,1,0,0,0,0,0
4893,sahba_hadi,1,0,1,0,0,0,0,0,0,0,0,0,0,0
4894,sahelll1381,1,0,1,0,0,0,0,0,0,0,0,0,0,0
4895,saidesfani,7,1,1,0,0,0,1,1,1,1,0,0,0,1
4896,salam122345678,8,1,0,0,0,0,1,0,1,1,1,1,1,1
4897,salivan17684364,8,1,1,0,0,0,1,0,1,1,1,0,1,1
4898,sallar55,2,0,1,0,0,0,0,0,0,0,0,0,0,1
4899,sam12281958,1,1,0,0,0,0,0,0,0,0,0,0,0,0
4900,sam8867k,1,1,0,0,0,0,0,0,0,0,0,0,0,0
4901,samadiHosein,4,1,0,0,0,0,0,0,0,0,1,1,1,0
4902,samadparwaz,1,0,1,0,0,0,0,0,0,0,0,0,0,0
4903,saman_olfati,5,1,1,0,0,1,0,0,0,1,1,0,0,0
4904,samankorn,8,1,1,0,0,1,1,0,1,0,1,1,1,0
4905,samax1089222,2,1,0,0,0,1,0,0,0,0,0,0,0,0
4906,sambia06566734,9,1,1,0,0,0,1,0,1,1,1,1,1,1
4907, ,0,0,0,1,0,0,0,0,0,0,0,0,0,0
4908,sami96669345,4,0,1,0,0,0,0,0,0,1,0,1,1,0
4909,samiraa2702,2,1,1,0,0,0,0,0,0,0,0,0,0,0
4910,samirahabibzad1,2,1,0,0,0,0,0,0,0,1,0,0,0,0
4911,samis_me,4,1,1,0,0,1,0,0,0,0,1,0,0,0
4912,samsalami11,1,0,1,0,0,0,0,0,0,0,0,0,0,0
4913,samsamiei,1,1,0,0,0,0,0,0,0,0,0,0,0,0
4914,samuelFLjackson,2,1,1,0,0,0,0,0,0,0,0,0,0,0
4915,san92601,1,1,0,0,0,0,0,0,0,0,0,0,0,0
4916,sanazp00007,3,1,0,0,0,1,0,0,0,1,0,0,0,0
4917,sanclimber61,2,0,1,0,0,0,0,0,1,0,0,0,0,0
4918,sangtarash_azad,4,1,0,0,0,0,0,0,1,0,1,0,1,0
4919,sanieh_5953,1,1,0,0,0,0,0,0,0,0,0,0,0,0
4920,sanjon88,9,1,1,0,0,1,1,0,0,1,1,1,1,1
4921,sara14360276,10,1,1,0,0,1,0,1,1,1,1,1,1,1
4922,sara24423651,11,1,1,0,0,1,1,1,1,1,1,1,1,1
4923,sara41692837,6,1,1,0,0,1,0,1,1,0,0,1,0,0
4924,sara86725332,2,1,0,0,0,0,0,0,1,0,0,0,0,0
4925,saraa22shz,9,1,1,0,0,1,0,1,1,1,1,1,1,0
4926,saraghavamian,1,1,0,0,0,0,0,0,0,0,0,0,0,0
4927,sarahs_muse_,2,1,1,0,0,0,0,0,0,0,0,0,0,0
4928,sarai_samira,2,1,0,0,0,0,0,0,1,0,0,0,0,0
4929,saraiihakim,2,1,0,0,0,1,0,0,0,0,0,0,0,0
4930,sarakhs,1,1,0,0,0,0,0,0,0,0,0,0,0,0
4931,sarakvood,4,0,1,0,0,1,0,0,0,1,0,0,0,1
4932,saramobarez11,7,1,1,0,0,1,0,0,1,1,1,0,0,1
4933,saramobarez2,10,1,1,0,0,1,1,0,1,1,1,1,1,1
4934,saranada81,1,0,1,0,0,0,0,0,0,0,0,0,0,0
4935,sararah40551656,2,1,0,0,0,0,0,0,0,0,0,0,1,0
4936,sarasayadi2,1,1,0,0,0,0,0,0,0,0,0,0,0,0
4937,sarbaz1346,11,1,1,0,0,1,1,1,1,1,1,1,1,1
4938,sarbaz_Shahiran,4,1,0,0,0,0,0,1,0,1,0,0,0,1
4939,sarbaze_ariaei,1,0,1,0,0,0,0,0,0,0,0,0,0,0
4940,sarbazemihanam,4,0,1,0,0,0,0,0,0,0,1,1,1,0
4941,sarbazeshah111,6,0,1,0,1,1,0,0,0,1,1,1,1,0
4942,sarbazo_shah,9,1,1,0,0,0,1,1,1,1,0,1,1,1
4943,sarbazryan,1,1,0,0,0,0,0,0,0,0,0,0,0,0
4944,sarettah_i,6,1,1,0,0,0,1,0,1,0,0,1,0,1
4945,sarrafiyan,2,1,1,0,0,0,0,0,0,0,0,0,0,0
4946,sarsam1363,1,0,1,0,0,0,0,0,0,0,0,0,0,0
4947,sarshadn1,2,1,1,0,0,0,0,0,0,0,0,0,0,0
4948,sarzkp,4,1,1,0,0,1,1,0,0,0,0,0,0,0
4949,sasan5066461056,9,1,0,0,0,1,1,1,1,0,1,1,1,1
4950,sasani53,3,0,1,0,0,1,0,0,0,0,0,0,0,1
4951,sasanishon,9,0,1,0,0,1,1,1,1,1,1,1,1,0
4952,sasanrahimpour1,8,1,1,0,0,1,0,0,1,1,1,0,1,1
4953,satarkhaneiran,4,1,0,0,0,0,1,0,0,0,0,1,0,1
4954,satggin,9,1,0,0,0,1,1,0,1,1,1,1,1,1
4955,satrap976090,2,1,0,0,0,0,0,0,0,0,0,0,0,1
4956,sava6780,1,0,1,0,0,0,0,0,0,0,0,0,0,0
4957,savak88n,4,1,0,0,0,1,1,0,0,0,0,0,0,1
4958,savushunam,11,1,1,0,0,1,1,1,1,1,1,1,1,1
4959,sawareSiah,1,0,1,0,0,0,0,0,0,0,0,0,0,0
4960,say_roya,2,0,1,0,0,0,0,0,0,1,0,0,0,0
4961,sayad46,2,1,1,0,0,0,0,0,0,0,0,0,0,0
4962,sayedfarokh,2,0,1,0,0,0,0,0,0,0,0,0,0,1
4963,sayna_ebrahimi,2,1,0,0,0,1,0,0,0,0,0,0,0,0
4964,scarlet_explosv,1,1,0,0,0,0,0,0,0,0,0,0,0,0
4965,scarletlips2579,11,1,1,0,0,1,1,1,1,1,1,1,1,1
4966,schcoffee,1,1,0,0,0,0,0,0,0,0,0,0,0,0
4967,sciencious,2,0,1,0,0,0,0,0,0,0,0,0,1,0
4968,sdrraha,3,1,0,0,0,0,0,0,1,0,1,0,0,0
4969,se9941243616,2,1,1,0,0,0,0,0,0,0,0,0,0,0
4970,seagullshah,4,1,0,0,0,1,0,0,1,1,0,0,0,0
4971,sean2649,2,1,0,0,0,0,0,0,1,0,0,0,0,0
4972,secular2020,3,0,1,0,0,1,0,1,0,0,0,0,0,0
4973,sedayehag,2,0,1,0,0,0,0,0,0,1,0,0,0,0
4974,sedayeomidevari,4,1,0,0,0,0,0,0,1,1,0,0,1,0
4975,seebtalayi,4,1,0,0,0,0,0,0,1,0,1,0,1,0
4976,segaro16,2,1,0,0,0,0,0,0,0,0,0,1,0,0
4977,selma_hhh,8,1,1,0,0,1,0,0,1,1,0,1,1,1
4978,senobar,7,0,1,0,0,1,1,1,0,0,1,1,1,0
4979,senooranIR,6,1,1,0,0,0,0,0,1,1,0,0,1,1
4980,sepehrebaba2,1,0,1,0,0,0,0,0,0,0,0,0,0,0
4981,sepehreman,8,1,1,0,0,0,1,0,1,1,0,1,1,1
4982,sepiiid_100,1,1,0,0,0,0,0,0,0,0,0,0,0,0
4983,sepsep90,1,1,0,0,0,0,0,0,0,0,0,0,0,0
4984,servantmxp,2,1,0,0,0,1,0,0,0,0,0,0,0,0
4985,servusiran,3,0,1,0,0,0,0,0,0,1,0,1,0,0
4986,setareyesob,1,0,1,0,0,0,0,0,0,0,0,0,0,0
4987,setayesh136262,1,0,1,0,0,0,0,0,0,0,0,0,0,0
4988,setayesh1526370,10,1,1,0,0,1,1,0,1,1,1,1,1,1
4989,sferi9338,9,1,1,0,0,1,1,0,1,1,1,1,1,0
4990,sh4965520840737,1,0,1,0,0,0,0,0,0,0,0,0,0,0
4991,sh_khabarnegar,3,0,1,0,0,0,0,1,0,0,1,0,0,0
4992,shaaaaaahhhhh,4,1,0,0,0,0,0,0,0,1,0,1,1,0
4993,shaahbaan,2,1,1,0,0,0,0,0,0,0,0,0,0,0
4994,shab904,2,1,0,0,0,0,0,0,0,0,0,0,0,1
4995,shabichou,2,1,0,0,0,1,0,0,0,0,0,0,0,0
4996,shabnamnegar,3,0,1,0,0,0,0,0,0,1,0,0,1,0
4997,shabnamved,10,1,1,0,0,1,0,1,1,1,1,1,1,1
4998,shadi232023,8,1,1,0,0,1,1,1,0,0,1,1,1,0
4999,shafa1959,4,1,1,0,0,0,1,0,0,0,0,1,0,0
5000,shah__pahlavi,9,1,1,0,0,1,1,0,1,1,1,0,1,1
5001,shah_jawyd,6,1,1,0,0,0,1,0,1,1,0,0,1,0
5002,shahab7000,7,1,0,0,0,1,1,0,0,1,0,1,1,1
5003,shahabeslahi,6,0,1,0,0,1,0,1,0,1,0,0,1,1
5004,shahandeh,4,1,0,0,0,1,0,0,0,0,1,1,0,0
5005,shahansha6565,5,1,0,0,0,1,0,0,0,1,1,0,1,0
5006,shahanshah36,7,1,1,0,0,0,1,1,1,0,0,1,0,1
5007,shahbanoo224944,8,1,1,0,0,1,1,0,1,1,1,1,0,0
5008,shahdoone99,2,1,1,0,0,0,0,0,0,0,0,0,0,0
5009,shahi5115,8,0,1,0,0,1,1,0,1,1,1,1,1,0
5010,shahidinia,7,1,0,0,0,0,0,0,1,1,1,1,1,1
5011,shahine_1,1,1,0,0,0,0,0,0,0,0,0,0,0,0
5012,shahinnajafi80,1,1,0,0,0,0,0,0,0,0,0,0,0,0
5013,shahinparsa6,9,1,0,0,0,1,1,1,0,1,1,1,1,1
5014,shahinxcg,1,1,0,0,0,0,0,0,0,0,0,0,0,0
5015,shahira60210003,2,0,1,0,0,0,0,0,0,1,0,0,0,0
5016,shahjavid15,1,0,1,0,0,0,0,0,0,0,0,0,0,0
5017,shahnavazi88,3,0,1,0,0,1,0,0,0,0,1,0,0,0
5018,shahrag4,1,1,0,0,0,0,0,0,0,0,0,0,0,0
5019,shahrak_ekbatan,6,1,0,0,0,1,0,1,1,0,1,0,1,0
5020,shahram2577,6,1,1,0,0,0,0,0,1,1,1,1,0,0
5021,shahramdbyry,6,0,1,0,0,1,1,1,0,1,0,0,1,0
5022,shahramshams131,5,0,1,0,0,1,1,0,0,1,0,1,0,0
5023,shahriyar79,1,0,1,0,0,0,0,0,0,0,0,0,0,0
5024,shahrokh1941,3,1,0,0,0,1,0,0,0,0,0,0,1,0
5025,shahroodians,4,1,0,0,0,0,0,0,1,0,0,0,1,1
5026,shahrvandepare,7,1,1,0,0,0,1,0,1,1,0,0,1,1
5027,shahyad2000,6,1,0,0,0,1,0,0,0,1,0,1,1,1
5028,shahyar_jam,4,1,1,0,0,1,0,0,0,0,0,0,0,1
5029,shaian_hagh,2,1,1,0,0,0,0,0,0,0,0,0,0,0
5030,shaileknmd,5,1,0,0,0,1,0,0,0,0,1,0,1,1
5031,shalpetter,2,1,0,0,0,0,0,0,1,0,0,0,0,0
5032,shamiroo,6,1,0,0,0,0,0,0,1,1,0,1,1,1
5033,shangoliam,1,1,0,0,0,0,0,0,0,0,0,0,0,0
5034,shangoo00,1,0,1,0,0,0,0,0,0,0,0,0,0,0
5035,sharanginkamun,4,1,0,0,0,0,1,0,0,0,0,0,1,1
5036,shararehtalaeii,10,1,1,0,0,1,1,0,1,1,1,1,1,1
5037,shargh2500,9,1,0,0,0,1,1,1,1,1,1,1,1,0
5038,shari32521943,2,0,1,0,0,0,0,0,1,0,0,0,0,0
5039,shary20,4,1,0,0,0,1,0,0,1,0,1,0,0,0
5040,sharyamehr,1,1,0,0,0,0,0,0,0,0,0,0,0,0
5041,shaw_media,3,1,0,0,0,0,0,0,0,0,0,1,1,0
5042,sheila_farhang,1,1,0,0,0,0,0,0,0,0,0,0,0,0
5043,sheridheri,1,1,0,0,0,0,0,0,0,0,0,0,0,0
5044,sherry060730421,2,1,1,0,0,0,0,0,0,0,0,0,0,0
5045,sherry2474,4,0,1,0,0,1,0,0,0,1,1,0,0,0
5046,sherrygerami,9,1,1,0,0,1,0,1,1,1,0,1,1,1
5047,sheyda_sha7,3,1,0,0,0,0,1,0,0,0,0,0,0,1
5048,shima121474524,7,0,1,0,0,1,1,1,1,1,1,0,0,0
5049,shimalizadeh,2,1,1,0,0,0,0,0,0,0,0,0,0,0
5050,shiny_monarchy,5,0,1,0,0,0,1,1,1,1,0,0,0,0
5051,shinymoon2026,1,0,1,0,0,0,0,0,0,0,0,0,0,0
5052,shirbache38,3,1,0,0,0,0,0,0,0,1,0,0,0,1
5053,shirin9k,3,1,1,0,0,1,0,0,0,0,0,0,0,0
5054,shiro__khorshid,3,0,1,0,0,0,0,0,0,0,0,1,0,1
5055,shirpayam,6,1,0,0,0,1,1,0,0,1,0,0,1,1
5056,shivaa88,4,0,1,0,0,0,0,0,1,1,0,1,0,0
5057,shmssyd85,11,1,1,0,0,1,1,1,1,1,1,1,1,1
5058,shogherozegar,8,1,0,0,0,1,1,1,0,1,1,1,0,1
5059,shojadel3105,2,0,1,0,0,0,0,0,0,0,0,0,0,1
5060,shokoufee,3,1,0,0,0,0,0,0,0,0,0,1,1,0
5061,shomareh_hefdah,4,1,0,0,0,0,0,0,1,1,1,0,0,0
5062,shortfairy809,3,1,0,0,0,1,0,0,1,0,0,0,0,0
5063,shoukuntala,8,1,0,0,0,1,1,1,1,1,1,0,1,0
5064,shrshzde,2,0,1,0,0,0,1,0,0,0,0,0,0,0
5065,siaayrom,9,1,1,0,0,1,1,1,1,0,1,1,1,0
5066,siamakHabibi86,6,1,0,0,0,1,1,0,0,1,0,1,0,1
5067,siavash_mihan2,2,1,1,0,0,0,0,0,0,0,0,0,0,0
5068,sid_avesta,1,1,0,0,0,0,0,0,0,0,0,0,0,0
5069,siiiinfa,1,0,1,0,0,0,0,0,0,0,0,0,0,0
5070,silent_voice68,4,0,1,0,1,1,0,0,0,1,0,1,0,0
5071,sima_shabgard,7,1,0,0,0,1,1,0,0,1,1,1,0,1
5072,simonederayeh,6,1,0,0,0,1,0,0,1,0,1,1,1,0
5073,simpelwish,10,1,1,0,0,1,1,1,1,0,1,1,1,1
5074,sina7766,2,1,1,0,0,0,0,0,0,0,0,0,0,0
5075,sina_2212,1,0,1,0,0,0,0,0,0,0,0,0,0,0
5076,sina_delavari,8,1,0,0,0,1,0,0,1,1,1,1,1,1
5077,sinamusavian,6,1,1,0,0,0,0,0,1,1,0,0,1,1
5078,sirnemow,3,1,0,0,0,0,0,0,0,1,0,1,0,0
5079,sirous87,1,0,1,0,0,0,0,0,0,0,0,0,0,0
5080,sj6488,9,1,0,0,0,1,1,1,1,1,1,1,1,0
5081,sleepygal_03,3,1,1,0,0,1,0,0,0,0,0,0,0,0
5082,smartfox1989,1,1,0,0,0,0,0,0,0,0,0,0,0,0
5083,smith_kath69311,2,1,0,0,0,1,0,0,0,0,0,0,0,0
5084,sofasnchips,3,1,0,0,0,0,0,0,0,1,0,0,0,1
5085,sofiaaazrsz,1,0,1,0,0,0,0,0,0,0,0,0,0,0
5086,sog_m_y,0,0,0,1,0,0,0,0,0,0,0,0,0,0
5087,soheila28,8,1,1,0,0,1,1,1,1,0,1,0,1,0
5088,soheilazam45660,1,1,0,0,0,0,0,0,0,0,0,0,0,0
5089,soheili84,10,1,1,0,0,1,1,1,1,1,1,1,1,0
5090,soheycollins,8,1,1,0,0,1,0,1,1,1,0,1,0,1
5091,soksok543,1,1,0,0,0,0,0,0,0,0,0,0,0,0
5092,solat707,6,1,0,0,0,1,0,1,1,1,0,1,0,0
5093,solgoli237,4,1,1,0,0,1,0,0,0,1,0,0,0,0
5094,solhwaaramesh,1,1,0,0,0,0,0,0,0,0,0,0,0,0
5095,soli2170,2,0,1,0,0,1,0,0,0,0,0,0,0,0
5096,solmaz893352,1,0,1,0,0,0,0,0,0,0,0,0,0,0
5097,solmaz_sw,7,1,0,0,0,1,1,0,1,1,1,1,0,0
5098,solooak1,2,1,0,0,0,1,0,0,0,0,0,0,0,0
5099,soltanmehr,4,1,1,0,0,0,0,0,0,1,0,0,1,0
5100,sormeeii,4,1,0,0,0,0,0,0,1,1,1,0,0,0
5101,soror13421963,3,0,1,0,0,1,0,0,0,0,0,0,0,1
5102,sosamo8,3,0,1,0,0,0,0,0,0,1,0,1,0,0
5103,sotenatamo666,8,0,1,0,0,1,0,0,1,1,1,1,1,1
5104,soulism24,1,1,0,0,0,0,0,0,0,0,0,0,0,0
5105,soundmakerpath,2,1,0,0,0,0,0,0,0,1,0,0,0,0
5106, ,0,0,0,1,0,0,0,0,0,0,0,0,0,0
5107,sousan50290789,5,1,1,0,0,0,0,0,0,1,1,0,1,0
5108,soxrub,2,1,0,0,0,1,0,0,0,0,0,0,0,0
5109,spadonistrong,2,0,1,0,0,0,1,0,0,0,0,0,0,0
5110,sparrowbsi,10,1,1,0,0,1,1,1,1,1,0,1,1,1
5111,spoilers2nd,4,1,0,0,0,0,0,0,0,1,0,1,0,1
5112,ss_saba_ss,3,0,1,0,0,0,1,0,0,0,1,0,0,0
5113,ssaallaar,6,1,1,0,0,0,1,0,0,1,1,0,1,0
5114,sshowmustgoonn,7,1,1,0,0,1,0,1,1,0,1,1,0,0
5115,sslipknnott,5,1,0,0,0,1,0,0,0,1,1,0,0,1
5116,ssn06246041974,2,0,1,0,0,0,0,0,0,1,0,0,0,0
5117,st2022st,2,1,1,0,0,0,0,0,0,0,0,0,0,0
5118,stagemood,11,1,1,0,0,1,1,1,1,1,1,1,1,1
5119,stalkerone46707,9,1,1,0,0,0,0,1,1,1,1,1,1,1
5120,standingstill87,1,1,0,0,0,0,0,0,0,0,0,0,0,0
5121,stellanils,1,0,1,0,0,0,0,0,0,0,0,0,0,0
5122,stingytick,6,1,0,0,0,1,0,0,0,1,1,1,1,0
5123,stratoforteress,3,1,1,0,0,0,0,0,0,1,0,0,0,0
5124,street2584,2,0,1,0,0,0,0,0,0,0,0,1,0,0
5125,stswrong,6,1,1,0,0,0,0,1,0,0,0,1,1,1
5126,sttrraberry,1,1,0,0,0,0,0,0,0,0,0,0,0,0
5127,students00,6,1,1,0,0,0,0,0,1,1,0,1,1,0
5128,stuuurtf,1,1,0,0,0,0,0,0,0,0,0,0,0,0
5129,su2000_1,4,1,0,0,0,1,0,0,1,0,0,0,1,0
5130,sudo_help_2,5,1,0,0,0,0,1,1,1,0,0,0,0,1
5131,sukavusi,6,1,0,0,0,1,0,0,1,1,1,0,1,0
5132,sulgudman,8,1,1,0,0,1,0,1,0,0,1,1,1,1
5133,suma01197664932,1,1,0,0,0,0,0,0,0,0,0,0,0,0
5134,suminwinteriran,1,1,0,0,0,0,0,0,0,0,0,0,0,0
5135,sun135570,4,1,0,0,0,1,0,0,0,0,0,1,1,0
5136,sundischi,1,1,0,0,0,0,0,0,0,0,0,0,0,0
5137,sungirl2585,6,1,1,0,0,1,0,0,0,1,1,0,1,0
5138,sunshingod1,0,0,0,0,1,0,0,0,0,0,0,0,0,0
5139,supermom_3rd,9,1,1,0,0,1,0,0,1,1,1,1,1,1
5140,sushiant10,7,1,1,0,0,1,0,0,0,1,1,1,1,0
5141,suzanjoshan,1,1,0,0,0,0,0,0,0,0,0,0,0,0
5142,syawsh32428,7,0,1,0,0,1,1,0,1,0,0,1,1,1
5143,symmetrybody,4,1,0,0,0,0,1,0,0,0,1,0,1,0
5144,ta02055951,6,1,0,0,0,0,0,1,1,1,0,1,1,0
5145,tahlilgar1234,8,1,1,0,0,1,1,0,0,0,1,1,1,1
5146,tahmoores2546,1,1,0,0,0,0,0,0,0,0,0,0,0,0
5147,tahoorahashemi,4,1,1,0,0,1,0,0,1,0,0,0,0,0
5148,tajvatakhtt,1,1,0,0,0,0,0,0,0,0,0,0,0,0
5149,takebackmyIran,11,1,1,0,0,1,1,1,1,1,1,1,1,1
5150,taktamah,7,1,1,0,0,0,1,0,1,1,0,1,1,0
5151,talataltal,6,1,1,0,0,0,0,1,1,1,0,0,1,0
5152,talktobabuska,5,1,0,0,0,0,0,0,1,1,0,0,1,1
5153,taluonee,1,0,1,0,0,0,0,0,0,0,0,0,0,0
5154,tanasgolll,1,1,0,0,0,0,0,0,0,0,0,0,0,0
5155,tanha_vb,2,0,1,0,0,1,0,0,0,0,0,0,0,0
5156,tanhayektiger,8,1,1,0,0,1,0,0,1,1,1,0,1,1
5157,taniiss00,6,1,0,0,0,1,1,0,0,1,0,1,0,1
5158,tanjiro_luffy_2,3,1,1,0,0,0,0,0,0,1,0,0,0,0
5159,taraghea3,6,0,1,0,0,0,1,1,0,1,1,0,1,0
5160,taranehabadan,1,1,0,1,0,0,0,0,0,0,0,0,0,0
5161,tavakkol,1,1,0,0,0,0,0,0,0,0,0,0,0,0
5162,taze_maman,11,1,1,0,0,1,1,1,1,1,1,1,1,1
5163,tegiskkeold,5,1,1,0,0,1,1,0,1,0,0,0,0,0
5164,tehran94357027,5,1,0,0,0,0,0,0,1,1,1,0,0,1
5165,temmmmell,1,1,0,0,0,0,0,0,0,0,0,0,0,0
5166,tesla_planet,7,1,1,0,0,1,0,0,1,1,0,1,1,0
5167,textclip33,1,1,0,0,0,0,0,0,0,0,0,0,0,0
5168,thatmelikaagain,1,1,0,0,0,0,0,0,0,0,0,0,0,0
5169,theHirad,1,1,0,0,0,0,0,0,0,0,0,0,0,0
5170,thefallenwool,1,0,1,0,0,0,0,0,0,0,0,0,0,0
5171,thegafather,7,0,1,0,0,1,1,0,1,0,1,1,1,0
5172,theleah90,2,1,0,0,0,0,1,0,0,0,0,0,0,0
5173,theluckyluke1,5,0,1,0,0,0,0,0,1,0,1,0,1,1
5174,therebel6166,6,1,1,0,0,0,0,0,0,0,1,1,1,1
5175,thewalkingshitt,4,1,1,0,0,0,0,0,1,1,0,0,0,0
5176,thisisLiza23,8,1,1,0,0,1,1,1,0,1,0,1,0,1
5177,thisiskiannnn,1,1,0,0,0,0,0,0,0,0,0,0,0,0
5178,thisisme66691,5,0,1,0,0,1,1,0,0,1,0,1,0,0
5179,thom_hilla,4,1,1,0,0,1,1,0,0,0,0,0,0,0
5180,tinnyt1023418,2,1,0,0,0,0,0,0,0,0,0,0,1,0
5181,tioirani,1,1,0,0,0,0,0,0,0,0,0,0,0,0
5182,tiranbe,5,1,1,0,0,1,0,0,0,0,0,1,0,1
5183,titok1825,1,0,1,0,0,0,0,0,0,0,0,0,0,0
5184,tiya_karimi,1,1,0,0,0,0,0,0,0,0,0,0,0,0
5185,tony_stark_mrk5,1,1,0,0,0,0,0,0,0,0,0,0,0,0
5186,tooska98,2,1,1,0,0,0,0,0,0,0,0,0,0,0
5187,topolofmopolof,1,1,0,0,0,0,0,0,0,0,0,0,0,0
5188,toranjbahari,6,1,1,0,0,1,0,0,1,0,0,1,1,0
5189,toshizouMoanin,7,1,1,0,0,0,0,0,1,1,1,1,1,0
5190,totoroandlevi,10,1,1,0,0,1,0,1,1,1,1,1,1,1
5191,touka_1920,1,1,0,0,0,0,0,0,0,0,0,0,0,0
5192,,0,0,0,0,1,0,0,0,0,0,0,0,0,0
5193,truereflexn,5,1,0,0,0,1,0,0,0,0,0,1,1,1
5194,trust3421,3,1,0,0,0,0,0,0,0,1,0,0,1,0
5195,truthmighthurt7,1,1,0,0,0,0,0,0,0,0,0,0,0,0
5196,truthsuglycry,6,1,1,0,0,1,0,0,0,1,1,0,0,1
5197,tulakam,1,0,1,0,0,0,0,0,0,0,0,0,0,0
5198,tv1383042125549,2,1,0,0,0,0,0,0,0,1,0,0,0,0
5199,twittalisation,3,1,0,0,0,0,0,0,0,0,0,1,0,1
5200,typos_b,7,1,0,0,0,1,0,0,1,1,1,1,0,1
5201,tyzb310694,10,1,1,0,0,1,1,1,1,1,1,1,1,0
5202,tzalul_kayayin,4,0,1,0,0,0,1,0,1,1,0,0,0,0
5203,uhr18441882,9,1,1,0,0,1,1,0,1,1,1,1,1,0
5204,unBonhomme__,2,1,0,0,0,0,0,0,0,1,0,0,0,0
5205,un_world_org,8,1,0,0,0,1,1,1,0,1,0,1,1,1
5206,undeadtehraner,10,1,1,0,0,1,1,1,1,1,1,0,1,1
5207,uneskooo14,11,1,1,0,0,1,1,1,1,1,1,1,1,1
5208,unforgiven083,2,0,1,0,0,0,0,0,0,1,0,0,0,0
5209,unhappypersian,1,0,1,0,0,0,0,0,0,0,0,0,0,0
5210,unkn0wn336,1,1,0,0,0,0,0,0,0,0,0,0,0,0
5211,unknownever32,8,1,0,0,0,1,1,1,1,1,0,1,0,1
5212,unquiet_mind2,7,0,1,0,0,0,1,0,1,1,1,1,1,0
5213,unquiet_mind_1,9,1,1,0,0,1,1,0,1,1,1,1,1,0
5214,untalented0,6,1,1,1,0,1,1,0,1,0,0,0,0,1
5215,unwind_mymind,1,1,0,0,0,0,0,0,0,0,0,0,0,0
5216,usluxurycare,5,1,1,0,0,1,0,0,0,1,0,1,0,0
5217,va_madar,3,0,1,0,0,1,0,0,0,1,0,0,0,0
5218,vagheiii,4,1,1,0,0,0,0,0,1,0,1,0,0,0
5219,vahid_5,10,1,1,0,0,1,1,0,1,1,1,1,1,1
5220,vahid__bahman,5,1,1,0,0,1,0,0,0,1,0,1,0,0
5221,vahid_gholami_1,6,1,1,0,0,1,0,0,1,1,0,0,0,1
5222,vahidae_,11,1,1,0,0,1,1,1,1,1,1,1,1,1
5223,vahidlazio,2,1,0,0,0,1,0,0,0,0,0,0,0,0
5224,vahidsaben,6,0,1,0,0,1,0,0,1,1,1,1,0,0
5225,vali14276,5,1,1,0,0,0,0,0,0,0,1,0,1,1
5226,validaccount3,2,0,1,0,0,0,0,0,0,0,1,0,0,0
5227,vandeta88303623,4,1,1,0,0,0,0,0,1,1,0,0,0,0
5228,vanheram,4,1,0,0,0,1,0,0,0,1,0,0,1,0
5229,vataaaaaaaan,1,0,1,0,0,0,0,0,0,0,0,0,0,0
5230,vatan9473,2,0,1,0,0,0,0,0,0,0,0,0,1,0
5231,vatanamiraanam,8,1,1,0,0,1,1,0,1,1,0,1,0,1
5232,veiltrack,1,1,0,0,0,0,0,0,0,0,0,0,0,0
5233,velupo,1,1,0,0,0,0,0,0,0,0,0,0,0,0
5234,velvetgiggle,6,1,1,0,0,0,0,0,0,1,1,1,0,1
5235,venus243T,4,1,0,0,0,1,1,0,1,0,0,0,0,0
5236,venusps70,0,0,0,0,1,0,0,0,0,0,0,0,0,0
5237,veyselkripto,6,0,1,0,0,0,1,0,0,1,1,1,0,1
5238,vhd_vahid,6,1,0,0,0,1,1,0,0,1,0,1,1,0
5239,victorShad1,4,0,1,0,0,1,0,0,0,0,0,1,1,0
5240,vida_loves_iran,3,1,1,0,0,0,0,0,1,0,0,0,0,0
5241,vidasoltan23737,7,1,1,0,0,1,0,0,1,0,1,1,1,0
5242,villageonmoon,3,0,1,0,0,1,0,0,0,1,0,0,0,0
5243,violet_warbler,3,0,1,0,0,0,0,0,0,1,0,0,0,1
5244,violla343930,1,1,0,0,0,0,0,0,0,0,0,0,0,0
5245,vivairanviva,10,1,0,0,0,1,1,1,1,1,1,1,1,1
5246,viviiluvsenha,1,0,1,0,0,0,0,0,0,0,0,0,0,0
5247,vixen2020al,1,0,1,0,0,0,0,0,0,0,0,0,0,0
5248,vjmmms,1,1,0,0,0,0,0,0,0,0,0,0,0,0
5249,vue_js_p,6,0,1,0,0,0,0,0,1,1,1,1,1,0
5250,vuebwx,6,0,1,0,0,0,1,0,1,1,1,1,0,0
5251,vvhatisup,5,1,0,0,0,1,0,0,1,0,1,0,1,0
5252,wal15629552,5,0,1,0,0,1,0,0,1,0,1,0,0,1
5253,walarmorgolis,2,1,1,0,0,0,0,0,0,0,0,0,0,0
5254,walterwgite,5,0,1,0,0,1,0,0,0,1,1,0,0,1
5255,warriormikasaa,6,1,0,0,0,0,0,0,1,1,1,1,1,0
5256,wasswafree,1,1,0,0,0,0,0,0,0,0,0,0,0,0
5257,wataneman,6,1,0,0,0,1,1,0,1,0,1,0,1,0
5258,watchandthinks,1,1,0,0,0,0,0,0,0,0,0,0,0,0
5259,weareiran2026,1,0,1,0,0,0,0,0,0,0,0,0,0,0
5260,wensTI8gagId2KX,5,1,1,0,0,1,0,0,1,0,0,1,0,0
5261,wewillwinitsoon,3,1,0,0,0,1,0,0,0,1,0,0,0,0
5262,wewiltakeback,3,0,1,0,0,0,0,0,0,1,0,0,0,1
5263,wh1857361474970,3,1,0,0,0,0,0,0,0,1,0,0,0,1
5264,wh1tewind,5,1,1,0,0,1,1,0,0,0,0,1,0,0
5265,whoisshehh,3,0,1,0,0,1,0,0,1,0,0,0,0,0
5266,whomzi,3,0,1,0,0,0,0,0,1,0,0,1,0,0
5267,whynot121974,4,1,1,0,0,0,0,0,0,1,0,0,0,1
5268,wickereader,1,1,0,0,0,0,0,0,0,0,0,0,0,0
5269,wild_Roseiiii,2,1,1,0,0,0,0,0,0,0,0,0,0,0
5270,williamnol16657,1,0,1,0,0,0,0,0,0,0,0,0,0,0
5271,willy_fog2020,3,1,1,0,0,0,0,0,0,1,0,0,0,0
5272,wilson293364,2,1,1,0,0,0,0,0,0,0,0,0,0,0
5273,winds_of_chang3,5,1,0,0,0,1,0,0,0,1,0,0,1,1
5274,wlfriran,9,1,1,0,0,1,1,0,1,1,1,1,1,0
5275,wolandsa,2,0,1,0,0,0,0,0,0,1,0,0,0,0
5276,wolf3859,1,1,0,0,0,0,0,0,0,0,0,0,0,0
5277,xKAFkJG2M4pS2vH,10,1,1,0,0,1,1,0,1,1,1,1,1,1
5278,xodashahvatan,2,1,0,0,0,0,0,0,1,0,0,0,0,0
5279,xrx8x8,1,0,1,0,0,0,0,0,0,0,0,0,0,0
5280,xyzeree,1,1,0,0,0,0,0,0,0,0,0,0,0,0
5281,yYh8x5hC6nxh1Wd,5,0,0,0,1,1,1,0,0,1,0,1,1,0
5282,yalda1388,1,1,0,0,0,0,0,0,0,0,0,0,0,0
5283,yaldaspov,3,1,1,0,0,1,0,0,0,0,0,0,0,0
5284,yamani_homa,7,1,1,0,0,1,0,1,1,0,1,1,0,0
5285,yartulip,1,1,0,0,0,0,0,0,0,0,0,0,0,0
5286,yaskhaneh,6,1,1,0,0,0,1,0,1,1,1,0,0,0
5287,yasmin1443493,4,1,0,0,0,1,0,0,1,0,0,0,0,1
5288,yatok,10,1,1,0,0,1,1,1,1,1,1,1,0,1
5289,yawzzi,7,0,1,0,0,1,0,0,1,1,1,1,1,0
5290,yaya14kyy,8,1,1,0,0,1,0,0,1,1,0,1,1,1
5291,yazdangoodarz,1,0,1,0,0,0,0,0,0,0,0,0,0,0
5292,yazdani_shadi,2,1,0,0,0,0,0,0,1,0,0,0,0,0
5293,year2585,4,0,1,0,0,1,0,1,0,1,0,0,0,0
5294,yek0m,1,1,0,0,0,0,0,0,0,0,0,0,0,0
5295,yiremani,3,0,1,0,0,0,0,0,0,0,0,1,0,1
5296,ykiyw,8,1,1,0,0,1,0,1,0,1,1,0,1,1
5297,ylowcoffee,4,1,1,0,0,1,0,0,1,0,0,0,0,0
5298,yn_iv50351,7,1,1,0,0,1,1,0,0,1,1,0,1,0
5299,yooozooora,2,1,1,0,0,0,0,0,0,0,0,0,0,0
5300,yootab44,7,1,1,0,0,1,1,1,1,1,0,0,0,0
5301,yoramkelmer,2,1,0,0,0,0,0,1,0,0,0,0,0,0
5302,youn52689,3,1,1,0,0,0,1,0,0,0,0,0,0,0
5303,yourkshire,7,0,1,0,0,0,0,0,1,1,1,1,1,1
5304,yousefi47487,2,1,1,0,0,0,0,0,0,0,0,0,0,0
5305,youtab262,1,0,1,0,0,0,0,0,0,0,0,0,0,0
5306,youtube_te29292,1,1,0,0,0,0,0,0,0,0,0,0,0,0
5307,yr765hkhg3,9,1,1,0,0,1,1,0,1,1,1,1,0,1
5308,yrnym1519958,4,0,1,0,0,0,0,0,0,1,0,1,1,0
5309,yutab60,4,1,0,0,1,0,0,0,0,0,1,1,1,0
5310,yvdadmoj,7,1,1,0,0,0,0,0,0,1,1,1,1,1
5311,yxvzrf7ghz,2,1,1,0,0,0,0,0,0,0,0,0,0,0
5312,yys10808,2,1,1,1,0,0,0,0,0,0,0,0,0,0
5313,zagromi,4,1,0,0,0,1,0,0,0,1,1,0,0,0
5314,zahir1354,7,0,1,0,0,1,0,1,0,1,1,1,0,1
5315,zakhmi_etemad,2,1,1,0,0,0,0,0,0,0,0,0,0,0
5316,zammad_2,1,0,1,0,0,0,0,0,0,0,0,0,0,0
5317,zari_xdi,3,1,0,0,0,0,0,1,1,0,0,0,0,0
5318,zarifi_saeid,11,1,1,0,0,1,1,1,1,1,1,1,1,1
5319,zartosht_nik,8,1,1,0,0,0,1,1,0,1,1,1,0,1
5320,zdxzdxaaa,9,1,1,0,0,1,1,1,0,1,0,1,1,1
5321,zed_dez_zed,3,1,1,0,0,0,0,0,0,0,0,0,1,0
5322,zedde57,2,1,1,0,0,0,0,0,0,0,0,0,0,0
5323,zeinab28953986,1,0,1,0,0,0,0,0,0,0,0,0,0,0
5324,zero4444z,1,0,1,0,0,0,0,0,0,0,0,0,0,0
5325,zhincarol,5,1,1,0,0,0,0,0,1,0,0,1,1,0
5326,zhiyan_shah,4,1,1,0,0,1,0,0,1,0,0,0,0,0
5327,zhr__62,3,1,0,0,0,0,0,0,1,1,0,0,0,0
5328,zibanistaya,1,0,1,0,0,0,0,0,0,0,0,0,0,0
5329,zone7689,6,1,1,0,0,0,1,0,1,1,0,1,0,0
5330,zonkd,3,1,0,0,0,1,1,0,0,0,0,0,0,0
5331,zozo1121Aa,1,0,1,0,0,0,0,0,0,0,0,0,0,0
5332,zvxATAxvz,6,1,0,0,0,0,0,0,1,1,1,1,1,0
5333,zyt20449046,4,0,1,0,0,1,0,0,0,1,0,1,0,0
5334,zzigorat_,4,1,1,0,0,0,0,0,1,0,0,1,0,0
5335,Leila4790,4,1,1,0,0,0,0,0,1,1,0,0,0,0
5336,PersianZoroO,5,1,1,0,0,1,0,0,0,1,0,0,0,1
5337,RoyaBDream,11,1,1,0,0,1,1,1,1,1,1,1,1,1
5338,MEHDJB,1,1,0,0,0,0,0,0,0,0,0,0,0,0
5339,spiceyy_pumpkin,4,1,0,0,0,0,1,0,0,1,0,0,0,1
5340,Ariwow5,6,1,1,0,0,1,0,0,0,1,0,1,1,0
5341,GhadyaniZahra,2,1,1,0,0,0,0,0,0,0,0,0,0,0
5342,SiminTavangari,8,1,1,0,0,1,1,0,1,0,1,1,1,0
5343,abd_payam,4,1,1,0,0,1,1,0,0,0,0,0,0,0
5344,anahita_yekta,3,1,0,0,0,1,0,0,0,0,0,0,0,1
5345,en_enur,5,1,0,0,0,1,1,0,0,1,0,1,0,0
5346,LamJiGiTar,2,1,0,0,0,0,0,0,0,0,0,0,0,1
5347,susa32737562,3,1,0,0,0,1,0,0,1,0,0,0,0,0
5348,Artemis777shah,1,1,0,0,0,0,0,0,0,0,0,0,0,0
5349,homaubaf,11,1,1,0,0,1,1,1,1,1,1,1,1,1
5350,paa_rr,2,1,0,0,0,0,0,0,0,1,0,0,0,0
5351,firuzeijamegan2,10,1,1,0,0,1,1,1,1,1,1,1,1,0
5352,charmanghool,2,1,0,0,0,1,0,0,0,0,0,0,0,0
5353,MAbbasian,5,1,0,0,0,0,1,0,1,0,1,1,0,0
5354,godlessami,3,1,0,0,0,0,0,0,0,1,1,0,0,0
5355,Maddox98980,3,1,1,0,0,0,0,1,0,0,0,0,0,0
5356,Liayla9,1,1,0,0,0,0,0,0,0,0,0,0,0,0
5357,Amin71123425,9,1,1,0,0,1,1,1,1,0,1,1,1,0
5358,LoveIRAN88,1,1,0,0,0,0,0,0,0,0,0,0,0,0
5359,niko123niki,5,1,0,0,0,0,1,0,1,1,0,1,0,0
5360,Iranbashokoh,1,1,0,0,0,0,0,0,0,0,0,0,0,0
5361,FerFeri20262,3,1,1,0,0,0,0,0,0,1,0,0,0,0
5362,Sam04959,4,1,0,0,0,0,1,0,0,0,0,1,1,0
5363,LMrady62916,1,1,0,0,0,0,0,0,0,0,0,0,0,0
5364,MHGhassemikf,3,1,1,0,0,0,0,0,0,0,0,0,0,1
5365,rozirose_,4,1,0,0,0,0,0,0,0,1,0,1,0,1
5366,behiboy,3,1,0,0,0,1,0,0,0,0,1,0,0,0
5367,Narges78264480,4,1,0,0,0,0,0,0,1,1,0,0,0,1
5368,Parvin61076495,10,1,1,0,0,1,1,1,1,1,1,1,1,0
5369,Revolt4Iran,2,1,0,0,0,0,0,0,0,0,0,0,0,1
5370,yekkarbar,5,1,1,0,0,1,0,0,1,1,0,0,0,0
5371,FcbayernAli,7,1,1,0,0,1,0,0,1,1,0,1,0,1
5372,MohammadLevel0,11,1,1,0,0,1,1,1,1,1,1,1,1,1
5373,Phinex679657,5,1,1,0,0,0,0,0,0,0,0,1,1,1
5374,tar66438,1,1,0,0,0,0,0,0,0,0,0,0,0,0
5375,Pa_Ra_Ca,1,1,0,0,0,0,0,0,0,0,0,0,0,0
5376,sorena70675,3,1,0,0,0,0,0,0,0,0,0,1,0,1
5377,na_invari_na_on,3,1,1,0,0,1,0,0,0,0,0,0,0,0
5378,TwyytryQ95255,2,1,0,0,0,0,0,0,1,0,0,0,0,0
5379,Sooseh1980,4,1,1,0,0,0,0,0,1,0,0,0,0,1
5380,beangizeh,10,1,1,0,0,1,1,1,1,1,1,1,1,0
5381,marjanfaridi,8,1,1,0,0,1,0,0,0,1,1,1,1,1
5382,AssassinTheGood,2,1,0,0,0,0,0,0,0,0,0,0,1,0
5383,NilesRat,1,1,0,0,0,0,0,0,0,0,0,0,0,0
5384,Endpointshadow,7,1,1,0,0,1,1,1,0,1,1,0,0,0
5385,NanazNouri,5,1,0,0,0,1,1,1,0,0,0,0,0,1
5386,Saaahit,3,1,0,0,0,1,0,0,0,0,0,0,0,1
5387,miladzamannejad,2,1,1,0,0,0,0,0,0,0,0,0,0,0
5388,Kourosh119,2,1,1,0,0,0,0,0,0,0,0,0,0,0
5389,aramisM578194,4,1,1,0,0,0,0,0,0,1,0,0,0,1
5390,Antifobiatic,6,1,0,0,0,0,0,0,1,1,1,1,1,0
5391,R1349611123431,3,1,1,0,0,1,0,0,0,0,0,0,0,0
5392,mo_rouh,1,1,0,0,0,0,0,0,0,0,0,0,0,0
5393,ElahehAlizadeh7,7,1,1,0,0,1,1,0,1,0,0,1,0,1
5394,0x4E696D61,2,1,0,0,0,0,0,0,0,0,0,0,1,0
5395,edi_1khan,4,1,0,0,0,0,1,0,1,0,0,0,1,0
5396,secretservice35,10,1,1,0,0,1,0,1,1,1,1,1,1,1
5397,jesmenaghes,2,1,0,0,0,0,0,0,0,0,0,0,1,0
5398,Ram1080988,2,1,0,0,0,0,0,0,0,1,0,0,0,0
5399,arashkalu,1,1,0,0,0,0,0,0,0,0,0,0,0,0
5400,mostafaa2024,10,1,1,0,0,0,1,1,1,1,1,1,1,1
5401,khalafe_kezb,4,1,0,0,0,0,0,0,1,0,1,0,0,1
5402,Sahar080171,10,1,1,0,0,1,1,1,1,1,1,1,0,1
5403,wabimelody,1,1,0,0,0,0,0,0,0,0,0,0,0,0
5404,pahlavi_noor_7,6,1,0,0,0,0,0,0,1,1,1,1,1,0
5405,RezaKarvh,7,1,0,0,0,1,1,0,0,1,0,1,1,1
5406,SamNej1,8,1,1,0,0,1,0,0,1,1,0,1,1,1
5407,dariush_1365,1,1,0,0,0,0,0,0,0,0,0,0,0,0
5408,gholamreza57,2,1,0,0,0,1,0,0,0,0,0,0,0,0
5409,tellmjjj,3,1,0,0,0,0,0,0,1,1,0,0,0,0
5410,mehrnoosh525,6,1,1,0,0,1,1,0,0,0,0,0,1,1
5411,kendi67363415,1,1,0,0,0,0,0,0,0,0,0,0,0,0
5412,FSiahpoureh,3,1,0,0,0,0,0,0,1,0,0,0,1,0
5413,vanDijk_ir,10,1,1,0,0,1,1,1,1,1,1,1,1,0
5414,Gorbeh160596,5,1,1,0,0,0,0,0,1,1,0,1,0,0
5415,MortezaGod,9,1,1,0,0,0,1,1,0,1,1,1,1,1
5416,PatriPersia,1,1,0,0,0,0,0,0,0,0,0,0,0,0
5417,golighar1,2,1,0,0,0,1,0,0,0,0,0,0,0,0
5418,die_mohn,1,1,0,0,0,0,0,0,0,0,0,0,0,0
5419,UUberwinden,1,1,0,0,0,0,0,0,0,0,0,0,0,0
5420,lolivashhh,6,1,1,0,0,0,0,0,1,1,0,0,1,1
5421,HT4840,5,1,0,0,0,1,0,0,0,1,0,1,0,1
5422,leila66158716,2,1,0,0,0,0,0,0,0,1,0,0,0,0
5423,michi_white,4,1,1,0,0,1,0,0,0,0,0,0,0,1
5424,Morakabatchian3,11,1,1,0,0,1,1,1,1,1,1,1,1,1
5425,heval_berxudan,2,1,0,0,0,0,0,0,0,0,0,0,0,1
5426,farzydg,1,1,0,0,0,0,0,0,0,0,0,0,0,0
5427,Abbysje,1,1,0,0,0,0,0,0,0,0,0,0,0,0
5428,Chilhon2016Lap,1,1,0,0,0,0,0,0,0,0,0,0,0,0
5429,KarmaKicksNow,7,1,0,0,0,0,0,1,1,1,1,1,1,0
5430,Nilas4th,5,1,0,0,0,0,0,0,1,0,1,1,0,1
5431,arsimb22,4,1,0,0,0,1,1,0,0,1,0,0,0,0
5432,flower222245,4,1,0,0,0,1,0,0,0,0,1,0,0,1
5433,Mehran6510,5,1,0,0,0,0,0,1,1,0,0,1,1,0
5434,Alice_greenlan,3,1,0,0,0,0,0,0,0,1,0,1,0,0
5435,Azadeh1970,5,1,1,0,0,0,1,0,0,0,0,1,0,1
5436,nargesb86,1,1,0,0,0,0,0,0,0,0,0,0,0,0
5437,utilitiration,1,1,0,0,0,0,0,0,0,0,0,0,0,0
5438,malizahna,8,1,1,0,0,1,1,1,1,1,1,0,0,0
5439,Filosopher85,5,1,0,0,0,0,1,0,1,0,0,0,1,1
5440,Iran_M_Irani,3,1,0,0,0,1,0,0,0,0,0,0,0,1
5441,ShayestehYas,9,1,1,0,0,1,0,0,1,1,1,1,1,1
5442,guy198711,3,1,1,0,0,0,1,0,0,0,0,0,0,0
5443,Sherlock_H963,7,1,1,0,0,1,1,0,0,1,1,0,1,0
5444,PamQ1990,5,1,0,0,0,1,0,1,0,0,0,1,0,1
5445,Fredoomismine,2,1,0,0,0,0,0,0,1,0,0,0,0,0
5446,CdMe169193,8,1,1,0,0,0,1,0,1,1,1,0,1,1
5447,KasraMFighter,7,1,1,0,0,1,1,1,0,0,0,1,0,1
5448,Najiiiak,1,1,0,0,0,0,0,0,0,0,0,0,0,0
5449,kadohastam2,3,1,0,0,0,0,0,0,0,1,1,0,0,0
5450,Behrad_Majd,4,1,0,0,0,0,0,0,1,0,0,1,1,0
5451,darkangle4543,5,1,1,0,0,1,1,1,0,0,0,0,0,0
5452,rahimi_raa,2,1,1,0,0,0,0,0,0,0,0,0,0,0
5453,Anizh_irani,9,1,1,0,0,1,0,1,0,1,1,1,1,1
5454,Diaspora8888,7,1,0,0,0,1,1,1,0,1,0,1,0,1
5455,RePo538681,4,1,1,0,0,0,0,1,0,0,0,1,0,0
5456,BaharParsii,4,1,0,0,0,1,0,0,0,0,0,0,1,1
5457,centristcenter,11,1,1,0,0,1,1,1,1,1,1,1,1,1
5458,behnaz1562828,3,1,1,0,0,0,0,0,0,1,0,0,0,0
5459,rybn14261,2,1,0,0,0,0,0,0,0,0,0,0,1,0
5460,zartosht_10,8,1,0,0,0,1,1,1,0,1,1,1,1,0
5461,kit__katy,1,1,0,0,0,0,0,0,0,0,0,0,0,0
5462,Nayer1053964,4,1,0,0,0,1,0,0,0,1,0,0,0,1
5463,Shah_Pasand_,1,1,0,0,0,0,0,0,0,0,0,0,0,0
5464,LionandSunRev,3,1,0,0,0,0,0,1,1,0,0,0,0,0
5465,TLastbattl70910,2,1,0,0,0,0,0,0,0,0,0,0,0,1
5466,Rozvelti,3,1,1,0,0,0,1,0,0,0,0,0,0,0
5467,badsammas,5,1,0,0,0,1,0,0,1,1,1,0,0,0
5468,Mahbo0b70,6,1,1,0,0,1,1,0,1,1,0,0,0,0
5469,EbadiEbadi5,8,1,1,0,0,1,0,0,1,1,1,1,1,0
5470,Shared2022,9,1,1,0,0,1,0,0,1,1,1,1,1,1
5471,Queen79095776,2,1,0,0,0,0,0,0,1,0,0,0,0,0
5472,ARFmusik,7,1,1,0,0,1,0,0,1,1,0,1,0,1
5473,Hichkee1,8,1,1,0,0,1,0,0,0,1,1,1,1,1
5474,shirinmjavid,6,1,1,0,0,0,0,1,1,0,1,1,0,0
5475,leilooooon,5,1,1,0,0,1,0,0,0,0,0,1,1,0
5476,PishoolParang,7,1,1,0,0,1,1,1,0,0,0,0,1,1
5477,penfeather87,8,1,1,0,0,1,0,0,1,1,1,1,1,0
5478,mehnoshirani,1,1,0,0,0,0,0,0,0,0,0,0,0,0
5479,zahrahk1326,2,1,0,0,0,1,0,0,0,0,0,0,0,0
5480,MBayat67,4,1,0,0,0,1,1,0,0,0,0,0,1,0
5481,yazdanfaar,2,1,0,0,0,0,0,0,0,1,0,0,0,0
5482,SepidehPanah66,1,1,0,0,0,0,0,0,0,0,0,0,0,0
5483,Ariya88574381,6,1,1,0,0,1,0,0,1,1,1,0,0,0
5484,pershia22314145,2,1,0,0,0,0,0,0,0,1,0,0,0,0
5485,Symmetrybody_ir,11,1,1,0,0,1,1,1,1,1,1,1,1,1
5486,Marmarviolets,6,1,0,0,0,0,0,0,1,1,1,1,1,0
5487,1420Javad92696,3,1,0,0,0,1,0,0,0,0,0,0,0,1
5488,tahmin1838478,5,1,0,0,0,0,0,0,1,1,0,1,0,1
5489,Zarathushtra82,3,1,1,0,0,1,0,0,0,0,0,0,0,0
5490,PareParvaze2,2,1,1,0,0,0,0,0,0,0,0,0,0,0
5491,Atachool,1,1,0,0,0,0,0,0,0,0,0,0,0,0
5492,mysteryx0x0__,4,1,1,0,0,0,0,0,0,1,0,1,0,0
5493,Guity2500,3,1,1,0,0,0,0,0,0,0,0,1,0,0
5494,Cyrusdad,1,1,0,0,0,0,0,0,0,0,0,0,0,0
5495,gleichdeja,3,1,1,0,0,0,0,0,0,0,0,0,0,1
5496,NSh56221106,2,1,1,0,0,0,0,0,0,0,0,0,0,0
5497,ShBirnbaum,3,1,1,0,0,1,0,0,0,0,0,0,0,0
5498,LibconA,3,1,0,0,0,1,0,0,0,0,0,0,0,1
5499,darkangel0ubp,2,1,0,0,0,1,0,0,0,0,0,0,0,0
5500,perspolisi7152,4,1,1,0,0,1,1,0,0,0,0,0,0,0
5501,Rahazzf,2,1,0,0,0,0,0,0,0,1,0,0,0,0
5502,lucife01841674,6,1,0,0,0,1,0,0,0,1,1,1,1,0
5503,Meraj021,9,1,1,0,0,1,1,1,1,1,1,1,0,0
5504,ariamehr2580,4,1,1,0,0,1,0,0,0,1,0,0,0,0
5505,Itisme8me,10,1,1,0,0,1,0,1,1,1,1,1,1,1
5506,mahyaar17,11,1,1,0,0,1,1,1,1,1,1,1,1,1
5507,n_canada,4,1,0,0,0,1,0,0,0,0,1,0,1,0
5508,HTwites,2,1,1,0,0,0,0,0,0,0,0,0,0,0
5509,nsf012021,5,1,1,0,0,1,0,0,1,0,0,0,0,1
5510,M_No_Body_E,1,1,0,0,0,0,0,0,0,0,0,0,0,0
5511,maryaa_maryam,3,1,1,0,0,0,1,0,0,0,0,0,0,0
5512,SharifiMah74602,5,1,0,0,0,1,0,0,0,1,1,1,0,0
5513,persyla53,1,1,0,0,0,0,0,0,0,0,0,0,0,0
5514,sinajanati,2,1,1,0,0,0,0,0,0,0,0,0,0,0
5515,AntonyTorr32186,1,1,0,0,0,0,0,0,0,0,0,0,0,0
5516,artidiana2,5,1,0,0,0,0,1,0,1,0,0,1,1,0
5517,mongai12355,2,1,0,0,0,0,0,0,0,0,0,1,0,0
5518,WeWillSaveIran1,4,1,1,0,0,1,0,0,0,1,0,0,0,0
5519,Melody0pc,2,1,0,0,0,1,0,0,0,0,0,0,0,0
5520,Saba2025B,1,1,0,0,0,0,0,0,0,0,0,0,0,0
5521,sob97643,2,1,1,0,0,0,0,0,0,0,0,0,0,0
5522,PouyanVista,6,1,1,0,0,0,1,0,0,1,0,1,1,0
5523,MahfamZ,1,1,0,0,0,0,0,0,0,0,0,0,0,0
5524,Samira3719,1,1,0,0,0,0,0,0,0,0,0,0,0,0
5525,S9999095293436,3,1,0,0,0,0,0,0,1,1,0,0,0,0
5526,FarzanehHassa10,4,1,0,0,0,0,1,0,1,0,0,0,1,0
5527,ImpralStateIran,6,1,0,0,0,0,1,1,1,1,0,1,0,0
5528,Ellieiraniii,2,1,0,0,0,1,0,0,0,0,0,0,0,0
5529,AriAriyaei,2,1,1,0,0,0,0,0,0,0,0,0,0,0
5530,sattartaji,4,1,0,0,0,1,0,0,1,0,0,1,0,0
5531,MahmodHadi10,4,1,0,0,0,0,0,0,1,0,0,1,0,1
5532,Batzion2000,8,1,1,0,0,1,1,1,1,1,1,0,0,0
5533,javidshah7722,3,1,1,0,0,1,0,0,0,0,0,0,0,0
5534,polarisvault,3,1,1,0,0,0,1,0,0,0,0,0,0,0
5535,ATP68400769,3,1,1,0,0,0,1,0,0,0,0,0,0,0
5536,DonicJam,6,1,1,0,0,1,1,0,0,1,0,1,0,0
5537,EhsanSotoodeh,4,1,1,0,0,1,0,0,0,0,0,1,0,0
5538,johnjsuarez,1,1,0,0,0,0,0,0,0,0,0,0,0,0
5539,azifard17,10,1,1,0,0,1,1,1,1,1,1,1,1,0
5540,MatthewALPES,1,1,0,0,0,0,0,0,0,0,0,0,0,0
5541,Notincludedhere,7,1,0,0,0,1,0,0,1,0,1,1,1,1
5542,BaranWarsh7441,4,1,0,0,0,0,0,0,0,1,0,1,0,1
5543,mahr41821907,7,1,1,0,0,0,1,0,0,1,1,1,1,0
5544,Elliekal1,2,1,0,0,0,1,0,0,0,0,0,0,0,0
5545,aminaghaei2,3,1,0,0,0,0,1,0,0,0,0,0,0,1
5546,airi_yas,1,1,0,0,0,0,0,0,0,0,0,0,0,0
5547,HakhamanIRN,7,1,1,0,0,1,1,1,0,0,0,1,1,0
5548,NSabokbar72174,7,1,1,0,0,1,0,0,0,1,1,1,1,0
5549,Parmoun1,7,1,1,0,0,1,0,1,1,0,0,1,1,0
5550,Esfandyar_Kian,3,1,0,0,0,1,1,0,0,0,0,0,0,0
5551,Far_yaddd,1,1,0,0,0,0,0,0,0,0,0,0,0,0
5552,eddy_moheb,2,1,0,0,0,0,0,0,0,0,0,1,0,0
5553,EddieW11,1,1,0,0,0,0,0,0,0,0,0,0,0,0
5554,Irani240649,1,1,0,0,0,0,0,0,0,0,0,0,0,0
5555,jsm8htn86p,3,1,0,0,0,0,1,0,0,0,0,0,0,1
5556,HomaArtStudio,9,1,1,0,0,1,1,1,1,1,0,1,1,0
5557,beyaminjahandi,1,1,0,0,0,0,0,0,0,0,0,0,0,0
5558,Moon49028873,5,1,0,0,0,0,0,1,0,0,1,1,1,0
5559,0XSatoshiNkmto,7,1,1,0,0,0,1,0,1,1,0,0,1,1
5560,babaAAAAAB,1,1,0,0,0,0,0,0,0,0,0,0,0,0
5561,HirAn_irani,2,1,0,0,0,1,0,0,0,0,0,0,0,0
5562,Mihanparas3957,4,1,1,0,0,1,0,0,0,0,0,0,0,1
5563,greatcyrus158,6,1,1,0,0,0,1,0,1,1,0,1,0,0
5564,BagheryAhad,2,1,0,0,0,0,0,0,0,0,0,0,0,1
5565,xxxASHAxxx,4,1,0,0,0,1,0,0,0,0,0,0,1,1
5566,Sahar19936281,6,1,0,0,0,0,1,0,0,1,1,1,0,1
5567,ParmisVRM,3,1,0,0,0,0,0,0,0,1,0,1,0,0
5568,PahlaviahoraeeP,6,1,1,0,0,0,0,1,0,0,1,1,1,0
5569,IranDaughter55,3,1,1,0,0,1,0,0,0,0,0,0,0,0
5570,STAND_F0R_IRAN,1,1,0,0,0,0,0,0,0,0,0,0,0,0
5571,_NashenasMk_,3,1,0,0,0,0,0,0,1,0,0,0,1,0
5572,Emmarst1985,6,1,1,0,0,1,1,0,0,0,0,0,1,1
5573,JaramshahK58882,3,1,0,0,0,1,0,0,0,0,0,0,1,0
5574,bazyar2002,1,1,0,0,0,0,0,0,0,0,0,0,0,0
5575,tede1331,5,1,0,0,0,1,0,0,0,0,1,1,1,0
5576,NeedNoNameAtAll,2,1,0,0,0,0,0,0,1,0,0,0,0,0
5577,J_Bi_k,2,1,0,0,0,1,0,0,0,0,0,0,0,0
5578,nininilii,10,1,1,0,0,1,0,1,1,1,1,1,1,1
5579,Farfarfarawayg,10,1,1,0,0,1,1,0,1,1,1,1,1,1
5580,shahi561,5,1,1,0,0,1,0,0,0,1,0,0,0,1
5581,Johankatopit,5,1,1,0,0,1,0,0,0,1,0,1,0,0
5582,Iranaza13122969,1,1,0,0,0,0,0,0,0,0,0,0,0,0
5583,Alitavakol20853,2,1,0,0,0,1,0,0,0,0,0,0,0,0
5584,pdramdx,1,1,0,0,0,0,0,0,0,0,0,0,0,0
5585,IraniTaha,2,1,0,0,0,0,0,0,0,0,0,0,0,1
5586,Maryam52022248,1,1,0,0,0,0,0,0,0,0,0,0,0,0
5587,FarnazHem,4,1,0,0,0,1,0,0,1,0,0,1,0,0
5588,SaraBourquin_,5,1,0,0,0,1,0,1,0,1,1,0,0,0
5589,OT36326495,8,1,1,0,0,1,0,1,1,1,1,0,0,1
5590,hamed566676,1,1,0,0,0,0,0,0,0,0,0,0,0,0
5591,LeylaLeybabae,1,1,0,0,0,0,0,0,0,0,0,0,0,0
5592,Babak_Khorram_D,1,1,0,0,0,0,0,0,0,0,0,0,0,0
5593,Patriot8866,7,1,0,0,0,1,0,1,1,1,1,1,0,0
5594,sh_didandeh,2,1,0,0,0,0,0,0,0,0,0,0,0,1
5595,uzvahshi,7,1,0,0,0,0,1,1,1,1,0,0,1,1
5596,korosh136664,3,1,1,0,0,0,0,0,0,0,0,1,0,0
5597,masadsakura,5,1,1,0,0,1,0,0,0,1,0,1,0,0
5598,arya2024403,4,1,0,0,0,0,0,0,1,1,0,0,1,0
5599,ArmanVida42448,7,1,1,0,0,1,1,1,0,1,0,1,0,0
5600,heavenbenet,5,1,1,0,0,1,0,0,0,1,1,0,0,0
5601,shad04305365,1,1,0,0,0,0,0,0,0,0,0,0,0,0
5602,Arash_m97,1,1,0,0,0,0,0,0,0,0,0,0,0,0
5603,p8sha,3,1,1,0,0,1,0,0,0,0,0,0,0,0
5604,ShabnamShaalrz,1,1,0,0,0,0,0,0,0,0,0,0,0,0
5605,Kourosh85220046,5,1,1,0,0,1,0,0,0,1,0,0,0,1
5606,MoeTD3,2,1,0,0,0,0,0,0,0,0,0,0,1,0
5607,maziyarpahlavan,1,1,0,0,0,0,0,0,0,0,0,0,0,0
5608,Nasermalbakhteh,10,1,1,0,0,1,1,1,1,1,1,1,0,1
5609,jeyrunJ,3,1,0,0,0,0,0,0,0,0,0,1,0,1
5610,pacificoceanme,2,1,1,0,0,0,0,0,0,0,0,0,0,0
5611,fari_mehr,4,1,0,0,0,0,0,0,0,1,0,0,1,1
5612,mahsa1000000,2,1,0,0,0,1,0,0,0,0,0,0,0,0
5613,RezaShah_Iran,6,1,0,0,0,1,1,0,0,1,1,1,0,0
5614,samoel65995,5,1,0,0,0,0,1,0,1,0,1,1,0,0
5615,javidanpersia2,1,1,0,0,0,0,0,0,0,0,0,0,0,0
5616,CrownedBySun,3,1,0,0,0,1,1,0,0,0,0,0,0,0
5617,iran7kf,4,1,1,0,0,1,0,0,1,0,0,0,0,0
5618,ArtemisShiraz,5,1,1,0,0,0,1,0,0,1,1,0,0,0
5619,Fardayeros50799,4,1,0,0,0,0,0,0,0,1,0,0,1,1
5620,dam99819470,2,1,1,0,0,0,0,0,0,0,0,0,0,0
5621,__hadiiSs,6,1,0,0,0,0,1,0,1,1,1,0,1,0
5622,MarziyehZare,5,1,0,0,0,1,0,0,0,1,1,1,0,0
5623,bazkiyai,9,1,1,0,0,1,0,1,1,1,1,1,1,0
5624,HosseiniParvar,9,1,1,0,0,1,0,1,1,1,1,1,0,1
5625,Manibingo,5,1,1,0,0,1,0,0,0,0,0,1,0,1
5626,MbN2002Mbn,6,1,0,0,0,1,0,0,1,1,1,1,0,0
5627,MReisvand,10,1,0,0,0,1,1,1,1,1,1,1,1,1
5628,Zozo80809090,3,1,0,0,0,1,0,0,1,0,0,0,0,0
5629,Sign_1335,1,1,0,0,0,0,0,0,0,0,0,0,0,0
5630,Sawed289967__,5,1,1,0,0,1,0,0,1,0,0,0,0,1
5631,ExperiencerSami,8,1,1,0,0,1,0,0,1,1,1,1,1,0
5632,BiNamBiNam99,3,1,1,0,0,1,0,0,0,0,0,0,0,0
5633,SamaniZabihi,1,1,0,0,0,0,0,0,0,0,0,0,0,0
5634,LalaniSara44934,5,1,1,0,0,1,0,0,0,1,0,1,0,0
5635,ki_arash,2,1,0,0,0,0,1,0,0,0,0,0,0,0
5636,ZaaraJafari,8,1,1,0,0,1,1,1,0,0,1,1,0,1
5637,DeathlessLeaf,7,1,0,0,0,1,1,1,0,1,0,1,1,0
5638,AylarTahmasebi,2,1,0,0,0,0,0,0,0,1,0,0,0,0
5639,SaeidK863,2,1,0,0,0,0,0,0,0,0,1,0,0,0
5640,Farzin60886837,6,1,1,0,0,1,0,0,1,0,1,1,0,0
5641,Hooman_Iran10,6,1,0,0,0,1,0,1,0,0,1,1,0,1
5642,agargofti,2,1,1,0,0,0,0,0,0,0,0,0,0,0
5643,KooroshB1971,2,1,1,0,0,0,0,0,0,0,0,0,0,0
5644,Shideh85324469,3,1,1,0,0,1,0,0,0,0,0,0,0,0
5645,IraneAzadVaShad,10,1,1,0,0,1,1,0,1,1,1,1,1,1
5646,MHDUS23,4,1,0,0,0,0,0,0,1,1,0,1,0,0
5647,FormylandI13715,6,1,1,0,0,1,1,0,0,0,0,1,0,1
5648,Nvdgold,5,1,1,0,0,0,0,0,0,1,0,1,1,0
5649,Jimbo2700098,2,1,0,0,0,1,0,0,0,0,0,0,0,0
5650,Iranianwarriorr,2,1,0,0,0,1,0,0,0,0,0,0,0,0
5651,AriaRezaei1987,3,1,0,0,0,0,0,0,0,0,1,1,0,0
5652,Marianrad,5,1,1,0,0,1,0,0,0,1,0,1,0,0
5653,gargamell2562,2,1,0,0,0,1,0,0,0,0,0,0,0,0
5654,Pizza5512112362,3,1,0,0,0,1,0,0,1,0,0,0,0,0
5655,Ell6556,2,1,0,0,0,1,0,0,0,0,0,0,0,0
5656,Sara02393268672,1,1,0,0,0,0,0,0,0,0,0,0,0,0
5657,KeineLust00,9,1,0,0,0,1,1,1,0,1,1,1,1,1
5658,Moha160459,4,1,0,0,0,1,0,0,0,1,1,0,0,0
5659,Shahnamekhan,9,1,1,0,0,1,1,0,1,1,0,1,1,1
5660,mahjina,2,1,0,0,0,0,0,0,1,0,0,0,0,0
5661,FFuck57,4,1,0,0,0,0,1,0,0,1,0,1,0,0
5662,homeland1961,3,1,0,0,0,0,0,0,1,1,0,0,0,0
5663,binaamm_,6,1,1,0,0,1,0,0,0,1,0,1,0,1
5664,reddishtemper,2,1,1,0,0,0,0,0,0,0,0,0,0,0
5665,syncop_i,5,1,0,0,0,1,0,0,0,1,0,1,0,1
5666,GMOFKRPIRAN2585,3,1,0,0,0,0,0,0,0,0,1,1,0,0
5667,AlikhaniAshkan,6,1,1,0,0,1,0,0,1,1,0,1,0,0
5668,TehraniEly41808,10,1,1,0,0,1,1,1,0,1,1,1,1,1
5669,Sam0dar,8,1,1,0,0,1,0,1,1,1,1,1,0,0
5670,HamedHashe30289,2,1,0,0,0,0,0,0,0,1,0,0,0,0
5671,Shokran27746108,8,1,1,0,0,1,1,1,1,0,1,0,0,1
5672,AslamyFatah,4,1,0,0,0,0,0,0,1,1,1,0,0,0
5673,Babakgkj6,5,1,1,0,0,0,0,0,0,1,0,1,0,1
5674,negarni2026,2,1,0,0,0,1,0,0,0,0,0,0,0,0
5675,shab_zad,8,1,1,0,0,1,1,0,1,1,1,0,1,0
5676,Torontonian2015,7,1,1,0,0,1,0,0,1,1,1,0,1,0
5677,Mohsen_Stone,7,1,1,0,0,1,0,0,1,1,1,1,0,0
5678,Aalijaah62,11,1,1,0,0,1,1,1,1,1,1,1,1,1
5679,RoschanakV17832,4,1,1,0,0,0,0,1,0,1,0,0,0,0
5680,Luchiano_Tio,1,1,0,0,0,0,0,0,0,0,0,0,0,0
5681,ghadamnejad,1,1,0,0,0,0,0,0,0,0,0,0,0,0
5682,CasioHumer1981,1,1,0,0,0,0,0,0,0,0,0,0,0,0
5683,Alexandra4king,3,1,1,0,0,1,0,0,0,0,0,0,0,0
5684,SteinKyros,10,1,1,0,0,1,1,1,1,1,1,1,1,0
5685,MahyarIrandust,3,1,0,0,0,1,0,0,0,0,0,0,0,1
5686,shaahinaam,1,1,0,0,0,0,0,0,0,0,0,0,0,0
5687,SKayfabe,4,1,1,0,0,1,0,0,1,0,0,0,0,0
5688,assalrzz,6,1,0,0,0,1,0,0,1,0,0,1,1,1
5689,Sam3tse,10,1,1,0,0,1,1,1,0,1,1,1,1,1
5690,justKing2025,6,1,1,0,0,1,0,0,0,1,0,1,1,0
5691,hamidi_anahita,1,1,0,0,0,0,0,0,0,0,0,0,0,0
5692,alek1350,2,1,0,0,0,0,0,0,0,1,0,0,0,0
5693,Sahra10560792,6,1,1,0,0,1,1,0,0,1,0,1,0,0
5694,AnaTP1795,2,1,1,0,0,0,0,0,0,0,0,0,0,0
5695,DSawak40013,3,1,0,0,0,0,0,0,0,1,0,1,0,0
5696,AKeihani,2,1,0,0,0,0,0,0,0,0,0,0,0,1
5697,monisantini17,8,1,1,0,0,0,1,0,0,1,1,1,1,1
5698,Blossom3552,2,1,0,0,0,1,0,0,0,0,0,0,0,0
5699,PiroozIranshahr,1,1,0,0,0,0,0,0,0,0,0,0,0,0
5700,DaniM61020,8,1,1,0,0,0,0,0,1,1,1,1,1,1
5701,Frakhanha,7,1,1,0,0,1,1,1,1,0,0,1,0,0
5702,sead4711,5,1,1,0,0,1,1,1,0,0,0,0,0,0
5703,Goli68236,1,1,0,0,0,0,0,0,0,0,0,0,0,0
5704,mmartindan,4,1,0,0,0,0,0,0,1,1,0,0,1,0
5705,dreamypersian,5,1,1,0,0,1,1,0,0,1,0,0,0,0
5706,Moikkhh,3,1,0,0,0,0,0,0,0,0,0,1,0,1
5707,Minamir86,1,1,0,0,0,0,0,0,0,0,0,0,0,0
5708,Faribaesmaeili,1,1,0,0,0,0,0,0,0,0,0,0,0,0
5709,Sarisa1841151,1,1,0,0,0,0,0,0,0,0,0,0,0,0
5710,Ari1599791,5,1,0,0,0,1,1,0,0,1,0,1,0,0
5711,AlienAlien2026,7,1,1,0,0,1,1,0,1,0,1,0,0,1
5712,MarinaIran2026,7,1,0,0,0,1,0,0,1,1,1,1,1,0
5713,Leia202325,3,1,0,0,0,1,0,0,0,0,0,0,1,0
5714,zaneezibaa,1,1,0,0,0,0,0,0,0,0,0,0,0,0
5715,Lalehbmsi,6,1,1,0,0,1,0,0,1,0,0,0,1,1
5716,SarahJavxh,8,1,1,0,0,1,1,1,0,1,0,0,1,1
5717,JalilJalali91,2,1,1,0,0,0,0,0,0,0,0,0,0,0
5718,Salmonnnn8,3,1,0,0,0,0,0,0,1,1,0,0,0,0
5719,Atefeh2b,6,1,1,0,0,1,0,0,0,0,1,1,1,0
5720,mahali0105,9,1,1,0,0,1,1,0,1,1,0,1,1,1
5721,Riyafar,3,1,0,0,0,0,0,0,0,0,0,0,1,1
5722,moonimoon24,3,1,0,0,0,1,1,0,0,0,0,0,0,0
5723,meysicom,1,1,0,0,0,0,0,0,0,0,0,0,0,0
5724,doost_iran_,3,1,1,0,0,0,1,0,0,0,0,0,0,0
5725,Me74133472,1,1,0,0,0,0,0,0,0,0,0,0,0,0
5726,Jegar_khoon,6,1,1,0,0,1,1,0,1,1,0,0,0,0
5727,YektaaHoney,9,1,0,0,0,1,1,1,1,1,1,1,1,0
5728,KianHakhamanesh,3,1,1,0,0,1,0,0,0,0,0,0,0,0
5729,milimaller,5,1,0,0,0,1,0,0,0,1,0,1,0,1
5730,ShahAbb30281390,9,1,1,0,0,1,1,1,1,1,1,1,0,0
5731,IranInsight26,1,1,0,0,0,0,0,0,0,0,0,0,0,0
5732,sorenapersisch,1,1,0,0,0,0,0,0,0,0,0,0,0,0
5733,Bachhmann,1,1,0,0,0,0,0,0,0,0,0,0,0,0
5734,trbch549636,1,1,0,0,0,0,0,0,0,0,0,0,0,0
5735,piovanpure,1,1,0,0,0,0,0,0,0,0,0,0,0,0
5736,Khorshid99,1,1,0,0,0,0,0,0,0,0,0,0,0,0
5737,fanii6226,6,1,1,0,0,1,0,0,0,1,1,1,0,0
5738,AsadiNaeim,1,1,0,0,0,0,0,0,0,0,0,0,0,0
5739,Jsh_9454,11,1,1,0,0,1,1,1,1,1,1,1,1,1
5740,hamidreza882,5,1,0,0,0,1,0,0,0,0,1,1,1,0
5741,Lilipa2026,1,1,0,0,0,0,0,0,0,0,0,0,0,0
5742,A1137217,8,1,0,0,0,1,0,0,1,1,1,1,1,1
5743,Mahbanu437457,3,1,0,0,0,1,0,1,0,0,0,0,0,0
5744,V4vendettaaaaa,1,1,0,0,0,0,0,0,0,0,0,0,0,0
5745,JAVIDSHAH4EVER6,5,1,1,0,0,0,0,0,1,1,1,0,0,0
5746,karenfromIRAN,5,1,1,0,0,1,1,1,0,0,0,0,0,0
5747,Mojan85275989,1,1,0,0,0,0,0,0,0,0,0,0,0,0
5748,GT1397230,3,1,1,0,0,0,0,0,1,0,0,0,0,0
5749,Cyrus_Iran4ever,2,1,1,0,0,0,0,0,0,0,0,0,0,0
5750,Pahlavikhah1990,6,1,0,0,0,0,1,0,1,0,1,1,1,0
5751,FreierIran,9,1,1,0,0,1,1,1,1,1,1,1,0,0
5752,minoobanoo9,10,1,1,0,0,1,1,1,1,1,1,1,1,0
5753,laviedenikoo,1,1,0,0,0,0,0,0,0,0,0,0,0,0
5754,Mahroo44,6,1,1,0,0,1,0,0,1,1,1,0,0,0
5755,BJazooyeh3000,1,1,0,0,0,0,0,0,0,0,0,0,0,0
5756,No6aos,2,1,0,0,0,1,0,0,0,0,0,0,0,0
5757,who_sh_ang,7,1,1,0,0,0,1,1,1,1,0,0,1,0
5758,Aidaaa2xt,4,1,1,0,0,0,0,0,0,1,0,0,0,1
5759,Arezooblz,6,1,1,0,0,1,0,0,0,0,0,1,1,1
5760,bahar_pars42785,8,1,0,0,0,1,1,0,0,1,1,1,1,1
5761,Kikimiaoo,3,1,0,0,0,0,1,0,1,0,0,0,0,0
5762,AiDa_86h,6,1,1,0,0,1,0,0,0,1,0,1,1,0
5763,garfildd99,2,1,0,0,0,0,0,1,0,0,0,0,0,0
5764,DianaMa97219018,5,1,0,0,0,1,0,0,0,1,1,0,1,0
5765,luna3007it,8,1,1,0,0,0,1,0,1,1,1,0,1,1
5766,Prashant0sm,1,1,0,0,0,0,0,0,0,0,0,0,0,0
5767,SunLion2584,8,1,1,0,0,0,0,0,1,1,1,1,1,1
5768,parinazz_aa,5,1,1,0,0,1,0,0,0,1,0,0,1,0
5769,BenyaminPishdad,5,1,1,0,0,1,1,1,0,0,0,0,0,0
5770,MrDarkTor,5,1,0,0,0,1,0,0,0,1,0,1,1,0
5771,meshrage56504,6,1,1,0,0,1,0,0,1,1,0,0,1,0
5772,mohamma16781575,8,1,1,0,0,1,0,1,0,0,1,1,1,1
5773,Halaharkee,5,1,0,0,0,1,0,0,0,1,0,0,1,1
5774,Rezashahkabbier,3,1,0,0,0,1,0,0,0,0,0,1,0,0
5775,khabooshanism,2,1,0,0,0,1,0,0,0,0,0,0,0,0
5776,Va_Tan_Am,10,1,1,0,0,1,1,1,1,1,1,1,1,0
5777,ghodghodbimahal,5,1,1,0,0,1,0,1,0,1,0,0,0,0
5778,golbarg_teh,11,1,1,0,0,1,1,1,1,1,1,1,1,1
5779,ZahraTorino2001,2,1,1,0,0,0,0,0,0,0,0,0,0,0
5780,tommymorninstar,6,1,1,0,0,0,0,1,1,1,1,0,0,0
5781,PoursinaMohsen,7,1,1,0,0,1,0,0,0,1,1,0,1,1
5782,nooshinmeshkaty,7,1,1,0,0,1,1,1,1,1,0,0,0,0
5783,naghmehIran,2,1,0,0,0,1,0,0,0,0,0,0,0,0
5784,ojoobeha,4,1,0,0,0,1,0,0,1,0,0,1,0,0
5785,Parnia28462692,8,1,1,0,0,1,1,1,0,1,0,1,0,1
5786,lajoiemondiale,1,1,0,0,0,0,0,0,0,0,0,0,0,0
5787,kaftarbas,7,1,1,0,0,1,1,1,0,1,1,0,0,0
5788,azar87020677,10,1,1,0,0,1,1,1,0,1,1,1,1,1
5789,FaranakAzad1,9,1,1,0,0,1,1,0,1,1,1,1,1,0
5790,LucaSawaki,3,1,0,0,0,0,1,0,0,0,0,0,0,1
5791,IraniIrani26,3,1,0,0,0,1,0,0,0,0,0,0,0,1
5792,pahlavireturn26,5,1,1,0,0,1,0,0,1,0,1,0,0,0
5793,meowwbi,3,1,0,0,0,1,0,0,1,0,0,0,0,0
5794,Parsa1279694,1,1,0,0,0,0,0,0,0,0,0,0,0,0
5795,daryadar0,2,1,0,0,0,1,0,0,0,0,0,0,0,0
5796,Vida_Bidar,6,1,0,0,0,0,0,0,0,1,1,1,1,1
5797,mo98491,6,1,1,0,0,1,0,0,1,0,0,1,1,0
5798,minaKar2062,2,1,0,0,0,1,0,0,0,0,0,0,0,0
5799,TheMillHouse36,1,1,0,0,0,0,0,0,0,0,0,0,0,0
5800,iHeartONieU,9,1,0,0,0,1,1,0,1,1,1,1,1,1
5801,Tonychaghi,1,1,0,0,0,0,0,0,0,0,0,0,0,0
5802,SedighAmir86624,4,1,1,0,0,0,0,0,0,0,1,1,0,0
5803,Olaadjlm,8,1,1,0,0,1,0,0,0,1,1,1,1,1
5804,fuckfemenism137,1,1,0,0,0,0,0,0,0,0,0,0,0,0
5805,azami_sara,6,1,1,0,0,1,0,0,0,1,0,0,1,1
5806,atii9999,2,1,0,0,0,1,0,0,0,0,0,0,0,0
5807,Padegani2581,3,1,0,0,0,0,1,0,1,0,0,0,0,0
5808,Unimmigrantseul,9,1,1,0,0,1,0,0,1,1,1,1,1,1
5809,Mahyklnt,2,1,0,0,0,0,0,0,0,0,0,1,0,0
5810,PADENA21,7,1,1,0,0,0,0,1,0,0,1,1,1,1
5811,Ana311118216720,2,1,1,0,0,0,0,0,0,0,0,0,0,0
5812,nZMhZ5oBXXWX2xM,7,1,1,0,0,1,1,0,0,1,0,1,1,0
5813,mandie9675,2,1,0,0,0,1,0,0,0,0,0,0,0,0
5814,Amis29881319,5,1,0,0,0,1,0,1,0,0,1,1,0,0
5815,Parmis_parmis1,10,1,1,0,0,1,1,1,1,1,1,0,1,1
5816,Cyrus3009,9,1,0,0,0,1,1,1,1,1,1,1,1,0
5817,anooshehsoren,1,1,0,0,0,0,0,0,0,0,0,0,0,0
5818,ElhamNik87,6,1,1,0,0,1,1,1,1,0,0,0,0,0
5819,Salamanca2001,5,1,1,0,0,1,0,0,1,0,0,0,0,1
5820,Iranetanha61,5,1,1,0,0,1,0,0,1,0,0,1,0,0
5821,NazemManyjeh,8,1,0,0,0,1,1,1,1,1,0,1,0,1
5822,SinaOsivand,1,0,1,0,0,0,0,0,0,0,0,0,0,0
5823,golbinrad,4,0,1,0,0,1,0,0,0,1,0,0,1,0
5824,sohrab_siyavosh,7,0,1,0,0,1,0,0,1,1,1,1,1,0
5825,ShayanArya97,1,0,1,0,0,0,0,0,0,0,0,0,0,0
5826,sia_vash99,3,0,1,0,0,0,0,0,1,0,0,0,1,0
5827,mahso2812,7,0,1,0,0,1,1,0,1,1,0,1,1,0
5828,M_mhdys,5,0,1,0,0,1,1,0,0,0,0,0,1,1
5829,idontremind,1,0,1,0,0,0,0,0,0,0,0,0,0,0
5830,anzhelaaryaie,7,0,1,0,0,1,1,0,0,1,0,1,1,1
5831,MozhganNazari7,1,0,1,0,0,0,0,0,0,0,0,0,0,0
5832,alborz8908,9,0,1,0,0,1,1,0,1,1,1,1,1,1
5833,KoroshKor79778,1,0,1,0,0,0,0,0,0,0,0,0,0,0
5834,azad2561,3,0,1,0,0,0,0,0,1,1,0,0,0,0
5835,ana54357475,9,0,1,0,0,1,1,1,1,1,1,1,1,0
5836,rahairanshah,5,0,1,0,0,1,1,1,1,0,0,0,0,0
5837,viliamvallas,8,0,1,0,0,1,1,0,0,1,1,1,1,1
5838,AmirZare3920,1,0,1,0,0,0,0,0,0,0,0,0,0,0
5839,Azita002,9,0,1,0,0,1,1,0,1,1,1,1,1,1
5840,soheil7and,5,0,1,0,0,0,0,0,0,1,1,0,1,1
5841,AryaMesh,2,0,1,0,0,0,1,0,0,0,0,0,0,0
5842,darkobbozi,2,0,1,0,0,0,0,1,0,0,0,0,0,0
5843,GuitaSharifi,5,0,1,0,0,1,0,1,1,1,0,0,0,0
5844,monlovchel,1,0,1,0,0,0,0,0,0,0,0,0,0,0
5845,snrymy891191967,5,0,1,0,0,1,0,1,1,0,0,0,0,1
5846,Shaghayegh68l,2,0,1,0,0,1,0,0,0,0,0,0,0,0
5847,Iraniam_2584,4,0,1,0,0,0,0,0,1,0,1,1,0,0
5848,Mehrsha51736117,3,0,1,0,0,1,0,0,1,0,0,0,0,0
5849,James2880767508,1,0,1,0,0,0,0,0,0,0,0,0,0,0
5850,Nika20221005,2,0,1,0,0,0,0,0,0,0,0,0,1,0
5851,iran_adler,1,0,1,0,0,0,0,0,0,0,0,0,0,0
5852,Rami_2580,5,0,1,0,0,1,1,1,0,0,0,0,0,1
5853,AlexAzParis,1,0,1,0,0,0,0,0,0,0,0,0,0,0
5854,ashoob70340591,8,0,1,0,0,1,1,1,1,1,1,1,0,0
5855,hannahhassni,2,0,1,0,0,0,0,0,0,0,1,0,0,0
5856,Ahoorram,8,0,1,0,0,1,1,1,0,0,1,1,1,1
5857,Ghoghnuse_Iran,7,0,1,0,0,1,0,0,1,1,1,1,1,0
5858,IranBibi,3,0,1,0,0,1,1,0,0,0,0,0,0,0
5859,honrhep12,1,0,1,0,0,0,0,0,0,0,0,0,0,0
5860,Tabrizi285279,1,0,1,0,0,0,0,0,0,0,0,0,0,0
5861,pVS4Li851B3nb5B,2,0,1,0,0,1,0,0,0,0,0,0,0,0
5862,MahbobehIrani,1,0,1,0,0,0,0,0,0,0,0,0,0,0
5863,emwsaid,4,0,1,0,0,1,0,0,0,0,1,1,0,0
5864,ensan1985,2,0,1,0,0,1,0,0,0,0,0,0,0,0
5865,mario_rossi24,1,0,1,0,0,0,0,0,0,0,0,0,0,0
5866,Maahijourney,7,0,1,0,0,1,1,0,1,1,1,0,0,1
5867,xModsan,7,0,1,0,0,1,0,1,1,0,0,1,1,1
5868,iranbmollahs,3,0,1,0,0,1,0,0,1,0,0,0,0,0
5869,kiram2B8rahbari,1,0,1,0,0,0,0,0,0,0,0,0,0,0
5870,Marsha1am,1,0,1,0,0,0,0,0,0,0,0,0,0,0
5871,Edi_Maham,2,0,1,0,0,0,0,0,0,0,0,1,0,0
5872,Tonyzubair69,2,0,1,0,0,1,0,0,0,0,0,0,0,0
5873,mahoor_sh_zad,8,0,1,0,0,1,1,1,1,1,0,1,0,1
5874,jebran1001,2,0,1,0,0,0,0,0,0,0,0,0,0,1
5875,mave37220316,4,0,1,0,0,1,0,0,0,0,0,1,0,1
5876,bigggfudge69,3,0,1,0,0,1,0,0,0,0,0,0,1,0
5877,HeraSafir,5,0,1,0,0,0,0,0,1,1,0,0,1,1
5878,TRahimi1160,5,0,1,0,0,1,1,0,0,0,1,1,0,0
5879,yadegar91328,5,0,1,0,0,1,1,0,1,0,0,0,0,1
5880,bigdeli_ha21069,1,0,1,0,0,0,0,0,0,0,0,0,0,0
5881,MIGA_14Feb,1,0,1,0,0,0,0,0,0,0,0,0,0,0
5882,Shiilhak,4,0,1,0,0,1,0,0,1,1,0,0,0,0
5883,Raha25260616,1,0,1,0,0,0,0,0,0,0,0,0,0,0
5884,tahahormozan1,3,0,1,0,0,0,0,1,0,1,0,0,0,0
5885,mr7695,4,0,1,0,0,1,1,1,0,0,0,0,0,0
5886,AmirYou88,1,0,1,0,0,0,0,0,0,0,0,0,0,0
5887,JTheFourth4,1,0,1,0,0,0,0,0,0,0,0,0,0,0
5888,PAUASIANUM,2,0,1,0,0,1,0,0,0,0,0,0,0,0
5889,azarconcordia,1,0,1,0,0,0,0,0,0,0,0,0,0,0
5890,libengin,1,0,1,0,0,0,0,0,0,0,0,0,0,0
5891,sasa8644,1,0,1,0,0,0,0,0,0,0,0,0,0,0
5892,fake9thdoctor,7,0,1,0,0,1,0,0,1,1,1,1,1,0
5893,bJalnxxDxWGrFqo,4,0,1,0,0,1,0,0,0,1,0,0,1,0
5894,Khastekhanum,6,0,1,0,0,0,0,0,1,1,1,1,0,1
5895,QueeniieHarley,1,0,1,0,0,0,0,0,0,0,0,0,0,0
5896,IranDokhtt2015,1,0,1,0,0,0,0,0,0,0,0,0,0,0
5897,AlexIranazad,3,0,1,0,0,0,0,0,0,1,0,1,0,0
5898,Asa64138,1,0,1,0,0,0,0,0,0,0,0,0,0,0
5899,Farzandeir87222,5,0,1,0,0,0,0,0,1,1,1,0,1,0
5900,Elsa0k,1,0,1,0,0,0,0,0,0,0,0,0,0,0
5901,erfan20222022,6,0,1,0,0,0,0,0,1,1,1,0,1,1
5902,shaghayegh_rzae,6,0,1,0,0,1,0,0,1,1,0,1,0,1
5903,fereshtehjfari,1,0,1,0,0,0,0,0,0,0,0,0,0,0
5904,Sobhehroshan,8,0,1,0,0,1,1,0,1,1,0,1,1,1
5905,ghassemlouei,4,0,1,0,0,1,0,0,0,0,1,0,1,0
5906,Nasi6587,1,0,1,0,0,0,0,0,0,0,0,0,0,0
5907,Au_CN2,7,0,1,0,0,1,0,0,1,1,1,1,1,0
5908,bahariran2022,2,0,1,0,0,1,0,0,0,0,0,0,0,0
5909,Dr_am_O_O,1,0,1,0,0,0,0,0,0,0,0,0,0,0
5910,MalahatMor,2,0,1,0,0,0,1,0,0,0,0,0,0,0
5911,110Shams,2,0,1,0,0,0,0,0,0,0,0,1,0,0
5912,nafasjanam,2,0,1,0,0,0,0,0,0,0,0,0,0,1
5913,Bingo21906209,4,0,1,0,0,1,1,0,0,1,0,0,0,0
5914,GOllataherloo13,2,0,1,0,0,0,0,0,0,1,0,0,0,0
5915,sandali_miz,2,0,1,0,0,1,0,0,0,0,0,0,0,0
5916,sarajvnd,1,0,1,0,0,0,0,0,0,0,0,0,0,0
5917,FuckSalavati,5,0,1,0,0,1,1,1,0,1,0,0,0,0
5918,tooraj_yousefi,2,0,1,0,0,0,0,0,0,1,0,0,0,0
5919,cyrusdaughter_,3,0,1,0,0,1,0,0,0,1,0,0,0,0
5920,InkAndForm,3,0,1,0,0,1,1,0,0,0,0,0,0,0
5921,alittle__cloud,5,0,1,0,0,0,0,0,1,1,0,1,1,0
5922,Patriottttcxhgd,5,0,1,0,0,0,0,1,1,0,1,0,1,0
5923,Nedaqr9,7,0,1,0,0,1,1,0,1,1,1,1,0,0
5924,1etihwretlaw,1,0,1,0,0,0,0,0,0,0,0,0,0,0
5925,Bishamon569018,3,0,1,0,0,1,1,0,0,0,0,0,0,0
5926,iamIran2500,8,0,1,0,0,1,1,1,1,1,0,1,0,1
5927,mynyature,1,0,1,0,0,0,0,0,0,0,0,0,0,0
5928,HamidRoseHamidi,2,0,1,0,0,0,0,0,0,1,0,0,0,0
5929,simonsui1314,5,0,1,0,0,1,1,0,0,1,0,1,0,0
5930,FakharianMadjid,1,0,1,0,0,0,0,0,0,0,0,0,0,0
5931,SarkariShahram,2,0,1,0,0,1,0,0,0,0,0,0,0,0
5932,macyrn,1,0,1,0,0,0,0,0,0,0,0,0,0,0
5933,ferferakam,6,0,1,0,0,0,1,0,0,0,1,1,1,1
5934,Abdulah995865,4,0,1,0,0,0,0,0,0,1,0,1,0,1
5935,Cyrus__Germany,5,0,1,0,0,0,0,0,1,1,0,1,1,0
5936,ToorajM23586,1,0,1,0,0,0,0,0,0,0,0,0,0,0
5937,BaharIrani16,1,0,1,0,0,0,0,0,0,0,0,0,0,0
5938,Nasi1330658,1,0,1,0,0,0,0,0,0,0,0,0,0,0
5939,nabatlimoo,2,0,1,0,0,1,0,0,0,0,0,0,0,0
5940,jawyd_airan688,1,0,1,0,0,0,0,0,0,0,0,0,0,0
5941,Javidshah202620,7,0,1,0,0,1,1,1,1,0,1,1,0,0
5942,tourneh71267,2,0,1,0,0,1,0,0,0,0,0,0,0,0
5943,vandad54936547,3,0,1,0,0,0,0,0,0,1,1,0,0,0
5944,ZRShiraz,2,0,1,0,0,0,0,0,0,1,0,0,0,0
5945,Milidrug,2,0,1,0,0,0,0,1,0,0,0,0,0,0
5946,MohammadSa38524,2,0,1,0,0,0,0,0,0,0,0,1,0,0
5947,ark87666,1,0,1,0,0,0,0,0,0,0,0,0,0,0
5948,MarchDream9864,1,0,1,0,0,0,0,0,0,0,0,0,0,0
5949,JohnSmith1me,2,0,1,0,0,1,0,0,0,0,0,0,0,0
5950,Laleh95109086,1,0,1,0,0,0,0,0,0,0,0,0,0,0
5951,khaydalo,7,0,1,0,0,1,0,0,1,1,1,1,1,0
5952,ali_rezapersian,1,0,1,0,0,0,0,0,0,0,0,0,0,0
5953,Iamnobody_8,1,0,1,0,0,0,0,0,0,0,0,0,0,0
5954,coolparty__,2,0,1,0,0,0,0,0,0,0,0,1,0,0
5955,shahariamehr,2,0,1,0,0,0,0,0,0,1,0,0,0,0
5956,sophie_1sa,7,0,1,0,0,0,0,0,1,1,1,1,1,1
5957,Naghmeh_Azadii,6,0,1,0,0,1,0,1,0,0,0,1,1,1
5958,RezaShah123456,3,0,1,0,0,0,0,1,0,0,0,1,0,0
5959,saeedk1i,3,0,1,0,0,0,0,0,0,0,0,0,1,1
5960,rayat_parast,1,0,1,0,0,0,0,0,0,0,0,0,0,0
5961,antwoon111,3,0,1,0,0,0,0,0,0,0,0,1,0,1
5962,ambaran2,2,0,1,0,0,0,0,0,0,1,0,0,0,0
5963,This_is_Leila,1,0,1,0,0,0,0,0,0,0,0,0,0,0
5964,Mehrnaz98918758,6,0,1,0,0,1,1,0,0,0,1,1,0,1
5965,khaleghezi3242,3,0,1,0,0,0,0,0,0,0,0,1,0,1
5966,0xaidaa,2,0,1,0,0,0,0,0,0,1,0,0,0,0
5967,Alef121212,3,0,1,0,0,0,0,0,0,1,0,1,0,0
5968,az50626553,3,0,1,0,0,1,0,0,0,0,1,0,0,0
5969,Miiiikkkiii,7,0,1,0,0,1,0,0,0,1,1,1,1,1
5970,Navidzn1o,1,0,1,0,0,0,0,0,0,0,0,0,0,0
5971,NortexWelding,2,0,1,0,0,0,0,0,0,1,0,0,0,0
5972,JavidShah1ran,5,0,1,0,0,1,0,0,1,1,0,1,0,0
5973,mehrshad0222,4,0,1,0,0,1,0,0,1,1,0,0,0,0
5974,samtavis54,1,0,1,0,0,0,0,0,0,0,0,0,0,0
5975,SamNaader,5,0,1,0,0,1,0,0,1,1,0,1,0,0
5976,Irandoust99563,3,0,1,0,0,0,0,0,0,1,0,0,1,0
5977,mandelsonn,4,0,1,0,0,0,1,0,0,1,0,1,0,0
5978,nimaplle,10,0,1,0,0,1,1,1,1,1,1,1,1,1
5979,ghazalehjavadi,2,0,1,0,0,1,0,0,0,0,0,0,0,0
5980,VaziriElaheh,1,0,1,0,0,0,0,0,0,0,0,0,0,0
5981,holmes66222,1,0,1,0,0,0,0,0,0,0,0,0,0,0
5982,Ghanari_A,4,0,1,0,0,1,0,0,0,1,0,0,0,1
5983,VatanamIRANAM20,2,0,1,0,0,0,0,0,1,0,0,0,0,0
5984,Lyla512280,3,0,1,0,0,1,0,0,0,0,0,0,1,0
5985,Elham228143,2,0,1,0,0,1,0,0,0,0,0,0,0,0
5986,nela7sash,1,0,1,0,0,0,0,0,0,0,0,0,0,0
5987,Helen24525,2,0,1,0,0,1,0,0,0,0,0,0,0,0
5988,KhorshidO3665,4,0,1,0,0,1,0,0,0,0,1,0,1,0
5989,Farshid93488546,3,0,1,0,0,1,0,0,0,1,0,0,0,0
5990,Cxmswxr5k4Mitra,1,0,1,0,0,0,0,0,0,0,0,0,0,0
5991,K1soloman,3,0,1,0,0,0,0,0,0,0,0,1,0,1
5992,Sisi788387,2,0,1,0,0,1,0,0,0,0,0,0,0,0
5993,Azadii643,4,0,1,0,0,0,0,0,1,1,0,1,0,0
5994,PeggyDGM,3,0,1,0,0,0,0,0,1,0,0,0,1,0
5995,Arthur413133114,6,0,1,0,0,1,1,0,1,1,0,1,0,0
5996,Ester5938,8,0,1,0,0,1,1,1,0,1,1,1,1,0
5997,AmirAko25,3,0,1,0,0,0,0,0,0,0,0,1,1,0
5998,MassihaG,2,0,1,0,0,1,0,0,0,0,0,0,0,0
5999,ShafiniyaVahid,4,0,1,0,0,1,1,0,0,1,0,0,0,0
6000,IraneMan79075,9,0,1,0,0,1,1,0,1,1,1,1,1,1
6001,phlwy6244,1,0,1,0,0,0,0,0,0,0,0,0,0,0
6002,Baharsammi,1,0,1,0,0,0,0,0,0,0,0,0,0,0
6003,AmirTabari2030,1,0,1,0,0,0,0,0,0,0,0,0,0,0
6004,NJahanbani97364,8,0,1,0,0,1,0,0,1,1,1,1,1,1
6005,81Jobah,1,0,1,0,0,0,0,0,0,0,0,0,0,0
6006,Kellyisahero,7,0,1,0,0,0,1,1,1,1,1,0,1,0
6007,rm_oomid,4,0,1,0,0,0,0,0,1,1,0,0,0,1
6008,Fred112026,4,0,1,0,0,0,0,0,0,1,0,1,0,1
6009,mohamad77586936,3,0,1,0,0,1,0,0,0,0,0,0,0,1
6010,SalehiShima,1,0,1,0,0,0,0,0,0,0,0,0,0,0
6011,Elmira4nus,3,0,1,0,0,1,0,0,0,0,0,1,0,0
6012,Cedar315894,10,0,1,0,0,1,1,1,1,1,1,1,1,1
6013,MaryFereid,1,0,1,0,0,0,0,0,0,0,0,0,0,0
6014,shahin197979122,4,0,1,0,0,1,0,1,0,0,0,0,0,1
6015,Shekoo_radj,1,0,1,0,0,0,0,0,0,0,0,0,0,0
6016,ncm06121804,4,0,1,0,0,0,1,0,1,0,0,0,1,0
6017,elanelanel,2,0,1,0,0,1,0,0,0,0,0,0,0,0
6018,BaharNazy,4,0,1,0,0,1,0,0,0,0,0,0,1,1
6019,SaeedGh83111412,1,0,1,0,0,0,0,0,0,0,0,0,0,0
6020,SarahT6587,6,0,1,0,0,1,1,0,1,1,0,0,0,1
6021,SBYT81,3,0,1,0,0,1,0,0,0,0,0,0,0,1
6022,Mandana504,2,0,1,0,0,1,0,0,0,0,0,0,0,0
6023,ShahintajB,2,0,1,0,0,1,0,0,0,0,0,0,0,0
6024,SamFeryNL,2,0,1,0,0,0,0,0,0,0,0,0,1,0
6025,YarandiMaryam,1,0,1,0,0,0,0,0,0,0,0,0,0,0
6026,Farzaneh_rt,2,0,1,0,0,1,0,0,0,0,0,0,0,0
6027,nooroozroz,1,0,1,0,0,0,0,0,0,0,0,0,0,0
6028,majidabdolvand,1,0,1,0,0,0,0,0,0,0,0,0,0,0
6029,juli19811981,3,0,1,0,0,0,1,0,0,1,0,0,0,0
6030,Vittoria_2584,3,0,1,0,0,0,0,0,0,0,1,1,0,0
6031,ShahiArmita,2,0,1,0,0,0,0,0,0,0,0,0,0,1
6032,Afsaneh52,5,0,1,0,0,1,0,0,1,1,0,0,0,1
6033,Nilnilgun1,2,0,1,0,0,0,0,0,0,0,0,1,0,0
6034,Parisa273981,2,0,1,0,0,0,0,0,1,0,0,0,0,0
6035,ak8follow,3,0,1,0,0,1,0,0,0,0,0,1,0,0
6036,firifirzi,1,0,1,0,0,0,0,0,0,0,0,0,0,0
6037,eli2179,1,0,1,0,0,0,0,0,0,0,0,0,0,0
6038,AVA1966570,2,0,1,0,0,1,0,0,0,0,0,0,0,0
6039,MahramFarideh,2,0,1,0,0,0,0,0,0,1,0,0,0,0
6040,Mahdi19921372,2,0,1,0,0,0,0,0,0,1,0,0,0,0
6041,Mary1fji,1,0,1,0,0,0,0,0,0,0,0,0,0,0
6042,Iranking2585,4,0,1,0,0,0,0,0,1,1,0,1,0,0
6043,Jaghi1401,1,0,1,0,0,0,0,0,0,0,0,0,0,0
6044,ShakheNobat,1,0,1,0,0,0,0,0,0,0,0,0,0,0
6045,Omid6644930281,1,0,1,0,0,0,0,0,0,0,0,0,0,0
6046,NoorPiroozi19,2,0,1,0,0,0,1,0,0,0,0,0,0,0
6047,Hamirostampour,1,0,1,0,0,0,0,0,0,0,0,0,0,0
6048,Choobin4288,3,0,1,0,0,1,0,0,0,1,0,0,0,0
6049,for37054,1,0,1,0,0,0,0,0,0,0,0,0,0,0
6050,Tyche2019,3,0,1,0,0,0,1,0,0,0,0,1,0,0
6051,Gurdpahlavi,2,0,1,0,0,1,0,0,0,0,0,0,0,0
6052,zirimirak,1,0,1,0,0,0,0,0,0,0,0,0,0,0
6053,StrategicSuz,1,0,1,0,0,0,0,0,0,0,0,0,0,0
6054,shams_nazanin,3,0,1,0,0,1,0,0,0,0,0,1,0,0
6055,ImmortalPersian,1,0,1,0,0,0,0,0,0,0,0,0,0,0
6056,MaghsoudMehdi,1,0,1,0,0,0,0,0,0,0,0,0,0,0
6057,Navidshahi6702,9,0,1,0,0,1,1,0,1,1,1,1,1,1
6058,SavakiMrH,5,0,1,0,0,1,0,0,1,1,1,0,0,0
6059,Amandazlep,7,0,1,0,0,0,1,1,0,1,1,1,1,0
6060,Bashothegirl,2,0,1,0,0,1,0,0,0,0,0,0,0,0
6061,AkramGholi,1,0,1,0,0,0,0,0,0,0,0,0,0,0
6062,vivokingman,1,0,1,0,0,0,0,0,0,0,0,0,0,0
6063,Rebeka44225869,5,0,1,0,0,0,0,0,0,1,1,1,1,0
6064,sabaihomes,1,0,1,0,0,0,0,0,0,0,0,0,0,0
6065,horsemen77620,1,0,1,0,0,0,0,0,0,0,0,0,0,0
6066,Mafiazojqbx,6,0,1,0,0,1,1,1,0,0,0,0,1,1
6067,TAS1053679,1,0,1,0,0,0,0,0,0,0,0,0,0,0
6068,MehranAlba,1,0,1,0,0,0,0,0,0,0,0,0,0,0
6069,Atena8563,1,0,1,0,0,0,0,0,0,0,0,0,0,0
6070,sakurainqeubec,1,0,1,0,0,0,0,0,0,0,0,0,0,0
6071,hasti1287125,1,0,1,0,0,0,0,0,0,0,0,0,0,0
6072,Sahar320354,1,0,1,0,0,0,0,0,0,0,0,0,0,0
6073,iakogy,1,0,1,0,0,0,0,0,0,0,0,0,0,0
6074,ArezooRam35,1,0,1,0,0,0,0,0,0,0,0,0,0,0
6075,Alfredhatamx1,1,0,1,0,0,0,0,0,0,0,0,0,0,0
6076,Aryamehr1926,4,0,1,0,0,1,1,1,0,0,0,0,0,0
6077,Farhad31j,7,0,1,0,0,1,1,0,1,1,1,1,0,0
6078,HandymanShiraz,1,0,0,0,0,1,0,0,0,0,0,0,0,0
6079,gand0m_,2,0,0,0,0,1,1,0,0,0,0,0,0,0
6080,rhauck777,3,0,0,0,0,1,0,0,1,0,1,0,0,0
6081,StarM3hr,3,0,0,0,0,1,1,0,0,0,0,1,0,0
6082,Antireligion57,3,0,0,0,0,1,0,0,0,1,1,0,0,0
6083,Movas123,3,0,0,0,0,1,0,0,0,0,0,1,1,0
6084,lord_of_valinor,1,0,0,0,0,1,0,0,0,0,0,0,0,0
6085,MinaCh888,2,0,0,0,0,1,0,0,1,0,0,0,0,0
6086,Ir9826j,1,0,0,0,0,1,0,0,0,0,0,0,0,0
6087,ea_eiae,2,0,0,0,0,1,0,0,0,0,0,0,0,1
6088,SuzyVictory2026,1,0,0,0,0,1,0,0,0,0,0,0,0,0
6089,rahele16930965,1,0,0,0,0,1,0,0,0,0,0,0,0,0
6090,A_Y_D_A_1404,1,0,0,0,0,1,0,0,0,0,0,0,0,0
6091,LadanMigra,4,0,0,0,0,1,1,0,0,1,1,0,0,0
6092,abcdeathvf,1,0,0,0,0,1,0,0,0,0,0,0,0,0
6093,Msaau_2021nb,1,0,0,0,0,1,0,0,0,0,0,0,0,0
6094,Dariush96173036,1,0,0,0,0,1,0,0,0,0,0,0,0,0
6095,ahoujz5,2,0,0,0,0,1,0,0,0,0,0,0,1,0
6096,Jm13559241,1,0,0,0,0,1,0,0,0,0,0,0,0,0
6097,SepehrKaiser,2,0,0,0,0,1,0,0,0,0,0,1,0,0
6098,NagvaTav99k99o,3,0,0,0,0,1,0,0,0,1,0,1,0,0
6099,laleladan_2001,3,0,0,0,0,1,0,0,1,0,0,0,0,1
6100,yes_we_will_win,9,0,0,0,0,1,1,1,1,1,1,1,1,1
6101,Diba7182,2,0,0,0,0,1,0,0,0,1,0,0,0,0
6102,TomFuckShelby,4,0,0,0,0,1,0,0,0,0,1,1,0,1
6103,loviesooya,1,0,0,0,0,1,0,0,0,0,0,0,0,0
6104,drmz___,3,0,0,0,0,1,0,0,0,1,1,0,0,0
6105,PJ666432,1,0,0,0,0,1,0,0,0,0,0,0,0,0
6106,Bijee231409,1,0,0,0,0,1,0,0,0,0,0,0,0,0
6107,gezerses_2,1,0,0,0,0,1,0,0,0,0,0,0,0,0
6108,Johnny47301748,1,0,0,0,0,1,0,0,0,0,0,0,0,0
6109,Pahlavist2582,2,0,0,0,0,1,0,0,1,0,0,0,0,0
6110,shah99p,3,0,0,0,0,1,0,0,0,0,0,0,1,1
6111,pwr_aly,3,0,0,0,0,1,0,0,0,1,0,0,0,1
6112,CravingFreedomm,1,0,0,0,0,1,0,0,0,0,0,0,0,0
6113,Kheradtax1,1,0,0,0,0,1,0,0,0,0,0,0,0,0
6114,balooch_irani,3,0,0,0,0,1,0,0,0,0,0,0,1,1
6115,Irandokht1371,1,0,0,0,0,1,0,0,0,0,0,0,0,0
6116,taranehj_17,7,0,0,0,0,1,0,0,1,1,1,1,1,1
6117,Amirnia663,1,0,0,0,0,1,0,0,0,0,0,0,0,0
6118,MshiRkhoRshiD,1,0,0,0,0,1,0,0,0,0,0,0,0,0
6119,lailagallery,3,0,0,0,0,1,1,0,0,0,0,1,0,0
6120,Foroughino65,2,0,0,0,0,1,0,0,0,0,0,1,0,0
6121,Nazanin__1,1,0,0,0,0,1,0,0,0,0,0,0,0,0
6122,SPourghorb18330,3,0,0,0,0,1,0,0,0,0,1,1,0,0
6123,_mah33a_,1,0,0,0,0,1,0,0,0,0,0,0,0,0
6124,DrShariat,1,0,0,0,0,1,0,0,0,0,0,0,0,0
6125,asavaki05,3,0,0,0,0,1,0,0,1,0,1,0,0,0
6126,AsalMarkazi1,3,0,0,0,0,1,1,0,0,1,0,0,0,0
6127,SrbazA69372,3,0,0,0,0,1,0,0,0,1,1,0,0,0
6128,Ronak893741,3,0,0,0,0,1,0,0,0,0,1,1,0,0
6129,OfPersiaa,1,0,0,0,0,1,0,0,0,0,0,0,0,0
6130,Koktel6005,5,0,0,0,0,1,1,0,0,1,0,1,1,0
6131,SportDayana,1,0,0,0,0,1,0,0,0,0,0,0,0,0
6132,mashtyrion,1,0,0,0,0,1,0,0,0,0,0,0,0,0
6133,zore347,1,0,0,0,0,1,0,0,0,0,0,0,0,0
6134,rezaaghaei7,1,0,0,0,0,1,0,0,0,0,0,0,0,0
6135,BobSmith969797,4,0,0,0,0,1,0,0,0,1,0,1,0,1
6136,rBk72bZZGx5wuTR,1,0,0,0,0,1,0,0,0,0,0,0,0,0
6137,Tyrone22750844,4,0,0,0,0,1,1,0,1,1,0,0,0,0
6138,axedefendant,6,0,0,0,0,1,1,0,1,1,0,1,1,0
6139,sarsaaam,1,0,0,0,0,1,0,0,0,0,0,0,0,0
6140,TomiokaGiyukun,1,0,0,0,0,1,0,0,0,0,0,0,0,0
6141,sarakarimianIR,6,0,0,0,0,1,1,0,1,1,0,1,1,0
6142,remycamera,3,0,0,0,0,1,1,0,0,0,0,0,1,0
6143,SuSuman03795771,2,0,0,0,0,1,0,0,0,0,0,0,1,0
6144,eriana_almond,1,0,0,0,0,1,0,0,0,0,0,0,0,0
6145,am12741536,2,0,0,0,0,1,0,0,0,0,1,0,0,0
6146,rayatekaveh,1,0,0,0,0,1,0,0,0,0,0,0,0,0
6147,JessenKhadij,1,0,0,0,0,1,0,0,0,0,0,0,0,0
6148,EhsanShariati20,1,0,0,0,0,1,0,0,0,0,0,0,0,0
6149,llparvinll,1,0,0,0,0,1,0,0,0,0,0,0,0,0
6150,Schoenikowski,2,0,0,0,0,1,0,0,0,1,0,0,0,0
6151,C_O_D_E_Assoc,1,0,0,0,0,1,0,0,0,0,0,0,0,0
6152,shirkhorshiid,2,0,0,0,0,1,0,0,0,1,0,0,0,0
6153,Amanforharddays,3,0,0,0,0,1,0,1,0,0,0,0,1,0
6154,Farshad_Xan,1,0,0,0,0,1,0,0,0,0,0,0,0,0
6155,a_hazy_,2,0,0,0,0,1,0,1,0,0,0,0,0,0
6156,IronEsfandiar,4,0,0,0,0,1,1,0,0,1,0,1,0,0
6157,SaberBostani,3,0,0,0,0,1,0,0,0,0,1,0,0,1
6158,SanaOladi,1,0,0,0,0,1,0,0,0,0,0,0,0,0
6159,pezudas,5,0,0,0,0,1,0,0,0,1,1,1,0,1
6160,Kiyana_r,4,0,0,0,0,1,1,0,0,1,0,1,0,0
6161,Angel1r5y,1,0,0,0,0,1,0,0,0,0,0,0,0,0
6162,ShahriariBsr,1,0,0,0,0,1,0,0,0,0,0,0,0,0
6163,Sarahbnnrv,1,0,0,0,0,1,0,0,0,0,0,0,0,0
6164,iran2026help,1,0,0,0,0,1,0,0,0,0,0,0,0,0
6165,zdeheshti,3,0,0,0,0,1,1,1,0,0,0,0,0,0
6166,persiasphoenix,2,0,0,0,0,1,0,0,0,0,1,0,0,0
6167,BanditHFreedom,1,0,0,0,0,1,0,0,0,0,0,0,0,0
6168,MindCracky,2,0,0,0,0,1,0,0,0,0,0,1,0,0
6169,Lil__kori,2,0,0,0,0,1,0,0,0,0,1,0,0,0
6170,mikasa_nj,1,0,0,0,0,1,0,0,0,0,0,0,0,0
6171,QuietNimbus,2,0,0,0,0,1,0,0,0,0,0,1,0,0
6172,persaeid,5,0,0,0,0,1,0,0,0,1,1,1,1,0
6173,Tehranchi1135,3,0,0,0,0,1,0,0,0,1,1,0,0,0
6174,SunsetDreamsWV,1,0,0,0,0,1,0,0,0,0,0,0,0,0
6175,hesam51631,1,0,0,0,0,1,0,0,0,0,0,0,0,0
6176,EBABA126,1,0,0,0,0,1,0,0,0,0,0,0,0,0
6177,PSY_001,2,0,0,0,0,1,1,0,0,0,0,0,0,0
6178,Kate_Dehbashi,3,0,0,0,0,1,0,0,1,1,0,0,0,0
6179,AliAlen160440,3,0,0,0,0,1,0,0,1,0,0,0,1,0
6180,MohebbiShay,1,0,0,0,0,1,0,0,0,0,0,0,0,0
6181,ForoughVan,5,0,0,0,0,1,0,1,1,0,1,1,0,0
6182,iran66093263,1,0,0,0,0,1,0,0,0,0,0,0,0,0
6183,farshid2004S,1,0,0,0,0,1,0,0,0,0,0,0,0,0
6184,AshrafShahdokht,1,0,0,0,0,1,0,0,0,0,0,0,0,0
6185,Babak_Osh,1,0,0,0,0,1,0,0,0,0,0,0,0,0
6186,NailSadaf73669,2,0,0,0,0,1,0,0,0,0,0,0,1,0
6187,_mehrsima_,1,0,0,0,0,1,0,0,0,0,0,0,0,0
6188,mask17068301,4,0,0,0,0,1,0,0,1,1,1,0,0,0
6189,parasto0098,1,0,0,0,0,1,0,0,0,0,0,0,0,0
6190,Itisamanhere,1,0,0,0,0,1,0,0,0,0,0,0,0,0
6191,sarafarokhi,1,0,0,0,0,1,0,0,0,0,0,0,0,0
6192,BlueSsKky7,4,0,0,0,0,1,0,0,1,0,1,1,0,0
6193,Shaparak_2022,1,0,0,0,0,1,0,0,0,0,0,0,0,0
6194,SteelMindTara,1,0,0,0,0,1,0,0,0,0,0,0,0,0
6195,ara44681925,3,0,0,0,0,1,0,0,0,0,0,1,1,0
6196,Tectonos77,1,0,0,0,0,1,0,0,0,0,0,0,0,0
6197,iran_abad_bad,2,0,0,0,0,1,0,0,0,0,0,0,1,0
6198,Ayat__Action,2,0,0,0,0,1,0,0,1,0,0,0,0,0
6199,MehrAnzeigen100,1,0,0,0,0,1,0,0,0,0,0,0,0,0
6200,primecla,2,0,0,0,0,1,0,0,0,1,0,0,0,0
6201,SydMBarret,1,0,0,0,0,1,0,0,0,0,0,0,0,0
6202,v35_mymorph,3,0,0,0,0,1,0,0,1,1,0,0,0,0
6203,sonopersiana,1,0,0,0,0,1,0,0,0,0,0,0,0,0
6204,Arash719840,6,0,0,0,0,1,1,0,1,1,1,1,0,0
6205,MallayKey,2,0,0,0,0,1,0,0,1,0,0,0,0,0
6206,Melik_en,4,0,0,0,0,1,0,0,1,1,0,1,0,0
6207,HDA2024,1,0,0,0,0,1,0,0,0,0,0,0,0,0
6208,AliAli75868413,3,0,0,0,0,1,0,1,0,0,0,0,0,1
6209,amir_nasab,2,0,0,0,0,1,0,0,0,0,0,0,0,1
6210,Shiva9a,2,0,0,0,0,1,0,0,1,0,0,0,0,0
6211,Ehsanism,5,0,0,0,0,1,0,1,1,0,1,0,1,0
6212,faegheeeesh,3,0,0,0,0,1,0,0,0,0,0,1,0,1
6213,ItsTanin,1,0,0,0,0,1,0,0,0,0,0,0,0,0
6214,No_Islamic_Rep,2,0,0,0,0,1,0,0,0,1,0,0,0,0
6215,mlknaderi,4,0,0,0,0,1,0,0,1,0,1,0,1,0
6216,Sooteh_Del,7,0,0,0,0,1,1,1,1,1,1,0,0,1
6217,Emirhsaei,4,0,0,0,0,1,0,0,1,0,0,1,0,1
6218,KittrellChuck,1,0,0,0,0,1,0,0,0,0,0,0,0,0
6219,Prisoner0089,2,0,0,0,0,1,1,0,0,0,0,0,0,0
6220,Yasmin_MarieB,1,0,0,0,0,1,0,0,0,0,0,0,0,0
6221,bigintpy,1,0,0,0,0,1,0,0,0,0,0,0,0,0
6222,YasMaaniMh,1,0,0,0,0,1,0,0,0,0,0,0,0,0
6223,Ati07879233,1,0,0,0,0,1,0,0,0,0,0,0,0,0
6224,dnynader,3,0,0,0,0,1,0,0,0,0,1,1,0,0
6225,AmirAli70189330,2,0,0,0,0,1,0,0,0,1,0,0,0,0
6226,AilinZrft,3,0,0,0,0,1,0,0,0,0,0,1,1,0
6227,Jony7744,1,0,0,0,0,1,0,0,0,0,0,0,0,0
6228,SamNam26,2,0,0,0,0,1,0,0,0,0,1,0,0,0
6229,mowzun,4,0,0,0,0,1,1,0,1,1,0,0,0,0
6230,khone_siawash,3,0,0,0,0,1,0,0,0,1,1,0,0,0
6231,adam_hesabi,2,0,0,0,0,1,0,0,1,0,0,0,0,0
6232,khorshiiid99,7,0,0,0,0,1,0,1,1,1,1,0,1,1
6233,DrAviTabrizi,1,0,0,0,0,1,0,0,0,0,0,0,0,0
6234,ayra_vayra,1,0,0,0,0,1,0,0,0,0,0,0,0,0
6235,HOPEtotheJAY,4,0,0,0,0,1,0,0,1,1,1,0,0,0
6236,SuiK_UNE,1,0,0,0,0,1,0,0,0,0,0,0,0,0
6237,FonixCrown,3,0,0,0,0,1,0,0,0,1,1,0,0,0
6238,alltoootay,1,0,0,0,0,1,0,0,0,0,0,0,0,0
6239,PirooziNik68771,1,0,0,0,0,1,0,0,0,0,0,0,0,0
6240,PedramGhaderi2,1,0,0,0,0,1,0,0,0,0,0,0,0,0
6241,Sara94261661,1,0,0,0,0,1,0,0,0,0,0,0,0,0
6242,RezooHeydari,5,0,0,0,0,1,0,0,1,1,1,1,0,0
6243,ForoughAmini2,1,0,0,0,0,1,0,0,0,0,0,0,0,0
6244,keyhikouhki,1,0,0,0,0,1,0,0,0,0,0,0,0,0
6245,cryptograndpa65,2,0,0,0,0,1,1,0,0,0,0,0,0,0
6246,perspolissarvar,1,0,0,0,0,1,0,0,0,0,0,0,0,0
6247,ShayanBigdeli3,1,0,0,0,0,1,0,0,0,0,0,0,0,0
6248,1Dakros,1,0,0,0,0,1,0,0,0,0,0,0,0,0
6249,Siavash998,1,0,0,0,0,1,0,0,0,0,0,0,0,0
6250,Mahlatz,1,0,0,0,0,1,0,0,0,0,0,0,0,0
6251,Jj8277231210817,2,0,0,0,0,1,0,0,0,0,0,0,0,1
6252,Moji600,1,0,0,0,0,1,0,0,0,0,0,0,0,0
6253,vajname,1,0,0,0,0,1,0,0,0,0,0,0,0,0
6254,ShayanTafi,1,0,0,0,0,1,0,0,0,0,0,0,0,0
6255,jananpanah,1,0,0,0,0,1,0,0,0,0,0,0,0,0
6256,HRajebi,1,0,0,0,0,1,0,0,0,0,0,0,0,0
6257,Owrsiii,1,0,0,0,0,1,0,0,0,0,0,0,0,0
6258,aabibikaraan,1,0,0,0,0,1,0,0,0,0,0,0,0,0
6259,ahangar777,1,0,0,0,0,1,0,0,0,0,0,0,0,0
6260,froughrad132278,1,0,0,0,0,1,0,0,0,0,0,0,0,0
6261,Aussie_Persian,4,0,0,0,0,1,1,0,1,0,0,0,1,0
6262,Daayan_H,4,0,0,0,0,1,0,0,0,1,0,0,1,1
6263,BeridaAzra,2,0,0,0,0,1,0,0,0,1,0,0,0,0
6264,EddeRoger,2,0,0,0,0,1,1,0,0,0,0,0,0,0
6265,terme_1990,1,0,0,0,0,1,0,0,0,0,0,0,0,0
6266,themahsaarmy,4,0,0,0,0,1,1,0,1,0,0,0,1,0
6267,soveidahl,1,0,0,0,0,1,0,0,0,0,0,0,0,0
6268,_ARSHEH_,5,0,0,0,0,1,0,0,1,1,1,0,1,0
6269,sasmmAir,3,0,0,0,0,1,1,0,0,1,0,0,0,0
6270,Yas8d,1,0,0,0,0,1,0,0,0,0,0,0,0,0
6271,rueangchai5556,1,0,0,0,0,1,0,0,0,0,0,0,0,0
6272,AryMani021,3,0,0,0,0,1,0,0,0,1,0,1,0,0
6273,farihafari41596,1,0,0,0,0,1,0,0,0,0,0,0,0,0
6274,beotatpt13,1,0,0,0,0,1,0,0,0,0,0,0,0,0
6275,hormuz79,4,0,0,0,0,1,0,0,1,1,1,0,0,0
6276,FarFardu,1,0,0,0,0,1,0,0,0,0,0,0,0,0
6277,Parsifalpersien,1,0,0,0,0,1,0,0,0,0,0,0,0,0
6278,Yas2976,1,0,0,0,0,1,0,0,0,0,0,0,0,0
6279,DCCCIX_,3,0,0,0,0,1,0,0,1,0,0,0,1,0
6280,Henna258600,3,0,0,0,0,1,1,0,0,1,0,0,0,0
6281,MJamasbi,1,0,0,0,0,1,0,0,0,0,0,0,0,0
6282,persianpromise,1,0,0,0,0,1,0,0,0,0,0,0,0,0
6283,GodDiamond8420,1,0,0,0,0,1,0,0,0,0,0,0,0,0
6284,TRNZIRAN,4,0,0,0,0,1,0,0,0,0,1,1,0,1
6285,goldarei877,4,0,0,0,0,1,0,0,1,1,0,0,1,0
6286,thelostoneme,5,0,0,0,0,1,0,0,0,0,1,1,1,1
6287,Amortatt,1,0,0,0,0,1,0,0,0,0,0,0,0,0
6288,Aryammehr_2,3,0,0,0,0,1,1,0,0,0,0,0,1,0
6289,keivanphoto,2,0,0,0,0,1,0,0,0,0,0,1,0,0
6290,iraneazad777,6,0,0,0,0,1,1,1,1,1,0,0,0,1
6291,its_pink_death,3,0,0,0,0,1,0,0,1,1,0,0,0,0
6292,SilverHoney_N,1,0,0,0,0,1,0,0,0,0,0,0,0,0
6293,AhuraMazdalove,1,0,0,0,0,1,0,0,0,0,0,0,0,0
6294,Man932475546951,1,0,0,0,0,1,0,0,0,0,0,0,0,0
6295,nerdnstuff,1,0,0,0,0,1,0,0,0,0,0,0,0,0
6296,Marion5268421,2,0,0,0,0,1,0,0,0,0,1,0,0,0
6297,erfaniarash1,1,0,0,0,0,1,0,0,0,0,0,0,0,0
6298,AfibDr,1,0,0,0,0,1,0,0,0,0,0,0,0,0
6299,dariush1399,1,0,0,0,0,1,0,0,0,0,0,0,0,0
6300,eddieg17777,2,0,0,0,0,1,0,0,1,0,0,0,0,0
6301,Miladbiabani2,1,0,0,0,0,1,0,0,0,0,0,0,0,0
6302,Roxana_1354,1,0,0,0,0,1,0,0,0,0,0,0,0,0
6303,Dudesiyah,3,0,0,0,0,1,0,0,0,1,1,0,0,0
6304,Mahlaexol,5,0,0,0,0,1,0,1,0,1,1,1,0,0
6305,ticreat22,1,0,0,0,0,1,0,0,0,0,0,0,0,0
6306,MinooG80,2,0,0,0,0,1,0,0,0,0,0,0,0,1
6307,tipoosoltan,1,0,0,0,0,1,0,0,0,0,0,0,0,0
6308,ARYaghiiii,7,0,0,0,0,1,1,0,1,1,1,0,1,1
6309,glitchedintofaz,3,0,0,0,0,1,0,0,1,0,1,0,0,0
6310,Kazemf78,2,0,0,0,0,1,0,0,0,1,0,0,0,0
6311,iran33k,2,0,0,0,0,1,0,0,0,1,0,0,0,0
6312,qqnws8,2,0,0,0,0,1,0,0,1,0,0,0,0,0
6313,serrennarenji,6,0,0,0,0,1,0,0,1,1,1,0,1,1
6314,Faridneamati,2,0,0,0,0,1,0,0,0,1,0,0,0,0
6315,ZarkeshBab28502,1,0,0,0,0,1,0,0,0,0,0,0,0,0
6316,baharlikespring,1,0,0,0,0,1,0,0,0,0,0,0,0,0
6317,hirsa021,2,0,0,0,0,1,0,0,0,0,0,0,0,1
6318,IRAN0070,3,0,0,0,0,1,0,0,1,1,0,0,0,0
6319,podjyt,1,0,0,0,0,1,0,0,0,0,0,0,0,0
6320,cashcaratkhanum,2,0,0,0,0,1,0,0,0,0,0,0,0,1
6321,TaranehLu,3,0,0,0,0,1,0,0,0,1,0,0,1,0
6322,AshikAkbar1984,1,0,0,0,0,1,0,0,0,0,0,0,0,0
6323,freedomlov78215,3,0,0,0,0,1,0,0,1,0,0,1,0,0
6324,Anahita3137552,3,0,0,0,0,1,0,0,0,0,1,0,1,0
6325,MahRLAKA,1,0,0,0,0,1,0,0,0,0,0,0,0,0
6326,mask_61_,3,0,0,0,0,1,1,0,1,0,0,0,0,0
6327,sweetbrunet1,2,0,0,0,0,1,0,0,0,0,0,0,1,0
6328,kiandoom,6,0,0,0,0,1,1,0,1,1,0,1,1,0
6329,Mohamma71048741,4,0,0,0,0,1,0,0,0,1,0,0,1,1
6330,zan_shir58604,1,0,0,0,0,1,0,0,0,0,0,0,0,0
6331,Msm____Msm,2,0,0,0,0,1,1,0,0,0,0,0,0,0
6332,mohnga17,4,0,0,0,0,1,0,0,0,1,0,1,0,1
6333,akhtar1989,2,0,0,0,0,1,0,0,0,1,0,0,0,0
6334,pahlavism777,2,0,0,0,0,1,0,0,0,0,1,0,0,0
6335,Mohssenkhadivar,6,0,0,0,0,1,0,1,0,1,1,0,1,1
6336,MojiIRANI2026,6,0,0,0,0,1,1,1,0,1,1,1,0,0
6337,samuel_popeye,4,0,0,0,0,1,0,0,1,0,0,0,1,1
6338,EcoTrender,2,0,0,0,0,1,0,0,0,0,0,1,0,0
6339,omar_khayam231,2,0,0,0,0,1,0,0,0,1,0,0,0,0
6340,soOlolobo,2,0,0,0,0,1,0,0,0,0,0,1,0,0
6341,Jade2ion,1,0,0,0,0,1,0,0,0,0,0,0,0,0
6342,ko3nane3fased,1,0,0,0,0,1,0,0,0,0,0,0,0,0
6343,moha11453673,2,0,0,0,0,1,0,0,0,0,0,0,0,1
6344,irani53143183,2,0,0,0,0,1,0,0,0,0,0,0,1,0
6345,Iranmussk,4,0,0,0,0,1,0,0,1,0,1,0,1,0
6346,l4sT3ntr0py,1,0,0,0,0,1,0,0,0,0,0,0,0,0
6347,nimartp,4,0,0,0,0,1,1,1,0,0,0,0,1,0
6348,IPKParty,1,0,0,0,0,1,0,0,0,0,0,0,0,0
6349,IIIImmortallllI,5,0,0,0,0,1,1,1,0,1,0,1,0,0
6350,20cactuss,1,0,0,0,0,1,0,0,0,0,0,0,0,0
6351,unlimitedcell00,1,0,0,0,0,1,0,0,0,0,0,0,0,0
6352,bahadorimr,3,0,0,0,0,1,0,0,0,0,0,1,0,1
6353,Kourosh634,3,0,0,0,0,1,0,0,0,1,1,0,0,0
6354,sad19932046,2,0,0,0,0,1,0,0,0,0,0,0,0,1
6355,navaazadi89,1,0,0,0,0,1,0,0,0,0,0,0,0,0
6356,YPrimakov,3,0,0,0,0,1,0,1,0,1,0,0,0,0
6357,nari11172,1,0,0,0,0,1,0,0,0,0,0,0,0,0
6358,atourpadgan,5,0,0,0,0,1,0,0,1,1,0,0,1,1
6359,ShabSentinelHQ,3,0,0,0,0,1,0,1,1,0,0,0,0,0
6360,inventor_kevin,8,0,0,0,0,1,1,1,1,1,1,1,1,0
6361,shahimoni,6,0,0,0,0,1,1,1,0,1,0,0,1,1
6362,Saranglad4680,1,0,0,0,0,1,0,0,0,0,0,0,0,0
6363,SedieForIRAN,3,0,0,0,0,1,0,0,0,1,1,0,0,0
6364,Agapeh_House,3,0,0,0,0,1,0,0,0,1,1,0,0,0
6365,sam_saamaa,1,0,0,0,0,1,0,0,0,0,0,0,0,0
6366,SamiraF5941929,1,0,0,0,0,1,0,0,0,0,0,0,0,0
6367,MashreghiPesar,1,0,0,0,0,1,0,0,0,0,0,0,0,0
6368,MrMilan0,1,0,0,0,0,1,0,0,0,0,0,0,0,0
6369,alibali128,6,0,0,0,0,1,0,1,0,1,1,1,1,0
6370,ShayanX0,1,0,0,0,0,1,0,0,0,0,0,0,0,0
6371,saunintya,1,0,0,0,0,1,0,0,0,0,0,0,0,0
6372,FahimehGhaedi,2,0,0,0,0,1,1,0,0,0,0,0,0,0
6373,VTehranipoor,1,0,0,0,0,1,0,0,0,0,0,0,0,0
6374,davoodfarzam,1,0,0,0,0,1,0,0,0,0,0,0,0,0
6375,M5GHO,1,0,0,0,0,1,0,0,0,0,0,0,0,0
6376,BagheriSah4483,3,0,0,0,0,1,0,0,1,0,0,0,1,0
6377,Minamoon111,1,0,0,0,0,1,0,0,0,0,0,0,0,0
6378,eu_humanrights,1,0,0,0,0,1,0,0,0,0,0,0,0,0
6379,hami_official1,3,0,0,0,0,1,0,0,1,0,1,0,0,0
6380,RealMattAdrien,5,0,0,0,0,1,0,0,1,0,1,1,1,0
6381,mirzaeehsan3,4,0,0,0,0,1,0,0,1,0,1,0,1,0
6382,PRIDEVELO,1,0,0,0,0,1,0,0,0,0,0,0,0,0
6383,Abolfazl_m0098,2,0,0,0,0,1,0,0,1,0,0,0,0,0
6384,kouroshvazir,1,0,0,0,0,1,0,0,0,0,0,0,0,0
6385,BaMoj,2,0,0,0,0,1,0,0,0,0,1,0,0,0
6386,btssevenmylove,8,0,0,0,0,1,1,1,1,1,1,1,0,1
6387,SedghiShabnam,3,0,0,0,0,1,1,0,0,0,0,0,0,1
6388,Ashkan82272214,1,0,0,0,0,1,0,0,0,0,0,0,0,0
6389,payam_2545,8,0,0,0,0,1,1,0,1,1,1,1,1,1
6390,CAPITALISTIRAN,6,0,0,0,0,1,0,0,1,1,1,0,1,1
6391,MarkRobinsonk,1,0,0,0,0,1,0,0,0,0,0,0,0,0
6392,Meyssho,1,0,0,0,0,1,0,0,0,0,0,0,0,0
6393,Jesus4zwyd,1,0,0,0,0,1,0,0,0,0,0,0,0,0
6394,mohammad_m21,6,0,0,0,0,1,1,0,0,1,0,1,1,1
6395,LUPA888,1,0,0,0,0,1,0,0,0,0,0,0,0,0
6396,BeTheChang30442,2,0,0,0,0,1,0,0,0,1,0,0,0,0
6397,MehranBay,3,0,0,0,0,1,0,0,1,0,0,0,1,0
6398,DavoodR,6,0,0,0,0,1,0,1,1,1,1,0,1,0
6399,Mate_Maz,3,0,0,0,0,1,0,0,0,0,1,1,0,0
6400,ayidakate,1,0,0,0,0,1,0,0,0,0,0,0,0,0
6401,Mamasijt1,4,0,0,0,0,1,0,0,0,1,1,0,1,0
6402,joelgrambau,1,0,0,0,0,1,0,0,0,0,0,0,0,0
6403,MocAhmadvand,4,0,0,0,0,1,1,0,0,1,0,1,0,0
6404,mehran6L,1,0,0,0,0,1,0,0,0,0,0,0,0,0
6405,helsinngfors,1,0,0,0,0,1,0,0,0,0,0,0,0,0
6406,ninjabee92,2,0,0,0,0,1,0,0,0,1,0,0,0,0
6407,lovethshah22,4,0,0,0,0,1,0,0,0,1,0,1,0,1
6408,I_am_an_F,2,0,0,0,0,1,1,0,0,0,0,0,0,0
6409,Delbar97556671,1,0,0,0,0,1,0,0,0,0,0,0,0,0
6410,Shay19861364,2,0,0,0,0,1,0,0,0,0,0,1,0,0
6411,Shima58072464,2,0,0,0,0,1,0,0,0,0,0,0,1,0
6412,hosseind848,6,0,0,0,0,1,0,0,1,1,0,1,1,1
6413,Nima45849546,1,0,0,0,0,1,0,0,0,0,0,0,0,0
6414,Snowmari2,1,0,0,0,0,1,0,0,0,0,0,0,0,0
6415,SaraTheycallme,1,0,0,0,0,1,0,0,0,0,0,0,0,0
6416,Alfa211642561,2,0,0,0,0,1,0,0,0,1,0,0,0,0
6417,Sogand1918,1,0,0,0,0,1,0,0,0,0,0,0,0,0
6418,041marmoh,1,0,0,0,0,1,0,0,0,0,0,0,0,0
6419,khishtanekhish,3,0,0,0,0,1,0,0,0,1,0,0,0,1
6420,napf_eny,4,0,0,0,0,1,1,0,1,1,0,0,0,0
6421,ValioghliV,6,0,0,0,0,1,0,0,1,1,1,1,1,0
6422,Crypt0K1nggg,1,0,0,0,0,1,0,0,0,0,0,0,0,0
6423,MehrnazNeeka,1,0,0,0,0,1,0,0,0,0,0,0,0,0
6424,SadeghiBehrang,4,0,0,0,0,1,1,0,0,0,1,0,0,1
6425,llsh20291,1,0,0,0,0,1,0,0,0,0,0,0,0,0
6426,analyzermiss,1,0,0,0,0,1,0,0,0,0,0,0,0,0
6427,parpari_26,1,0,0,0,0,1,0,0,0,0,0,0,0,0
6428,hooshidarmah,2,0,0,0,0,1,0,0,0,0,0,0,1,0
6429,JavidShahjavid,4,0,0,0,0,1,1,0,0,0,1,0,1,0
6430,GanjiKami,3,0,0,0,0,1,1,0,0,1,0,0,0,0
6431,Resurrection81,5,0,0,0,0,1,0,0,1,0,1,0,1,1
6432,NiloofaTg,1,0,0,0,0,1,0,0,0,0,0,0,0,0
6433,BagheriMan55924,1,0,0,0,0,1,0,0,0,0,0,0,0,0
6434,Javidshahfhrux,1,0,0,0,0,1,0,0,0,0,0,0,0,0
6435,SarbazAriyayi,1,0,0,0,0,1,0,0,0,0,0,0,0,0
6436,BitaTaghiz,1,0,0,0,0,1,0,0,0,0,0,0,0,0
6437,nimagorji,1,0,0,0,0,1,0,0,0,0,0,0,0,0
6438,walkmanistan,1,0,0,0,0,1,0,0,0,0,0,0,0,0
6439,PedroPablo16277,3,0,0,0,0,1,1,0,0,0,0,0,0,1
6440,Quazal1978,3,0,0,0,0,1,0,0,0,1,0,0,1,0
6441,doriiss7,1,0,0,0,0,1,0,0,0,0,0,0,0,0
6442,dahri9,1,0,0,0,0,1,0,0,0,0,0,0,0,0
6443,zozo7024,6,0,0,0,0,1,1,1,1,0,0,1,0,1
6444,miga4726,4,0,0,0,0,1,0,0,1,0,1,0,1,0
6445,saamm631,4,0,0,0,0,1,0,0,0,0,1,1,1,0
6446,SamanehCh,4,0,0,0,0,1,1,1,1,0,0,0,0,0
6447,Iraneariyaii,3,0,0,0,0,1,1,0,1,0,0,0,0,0
6448,eshtovigo,2,0,0,0,0,1,0,0,0,0,1,0,0,0
6449,selenathegoddes,1,0,0,0,0,1,0,0,0,0,0,0,0,0
6450,ShahBaaNour,1,0,0,0,0,1,0,0,0,0,0,0,0,0
6451,RhgzrR,6,0,0,0,0,1,1,0,1,1,0,1,0,1
6452,HugoKingca,1,0,0,0,0,1,0,0,0,0,0,0,0,0
6453,nazaninbijani,4,0,0,0,0,1,0,0,0,1,0,1,1,0
6454,Arash4FreeIran,2,0,0,0,0,1,0,0,0,0,0,0,1,0
6455,FothingNancy,1,0,0,0,0,1,0,0,0,0,0,0,0,0
6456,CNaeibi11,1,0,0,0,0,1,0,0,0,0,0,0,0,0
6457,abel_bx,3,0,0,0,0,1,0,0,0,1,0,1,0,0
6458,Faribakhanom,1,0,0,0,0,1,0,0,0,0,0,0,0,0
6459,kantis,3,0,0,0,0,1,0,0,0,1,1,0,0,0
6460,rezaa_sh911,1,0,0,0,0,1,0,0,0,0,0,0,0,0
6461,MAGAFree88,3,0,0,0,0,1,1,0,0,0,0,0,1,0
6462,Naghool86,2,0,0,0,0,1,0,0,0,0,0,0,0,1
6463,poorang9,2,0,0,0,0,1,0,0,0,1,0,0,0,0
6464,DrolSecurity,1,0,0,0,0,1,0,0,0,0,0,0,0,0
6465,shah112233445,6,0,0,0,0,1,1,0,1,0,1,0,1,1
6466,Jaguar96666,2,0,0,0,0,1,1,0,0,0,0,0,0,0
6467,Mary10132333652,1,0,0,0,0,1,0,0,0,0,0,0,0,0
6468,Hmshokoo,2,0,0,0,0,1,0,0,1,0,0,0,0,0
6469,Arti80193318124,1,0,0,0,0,1,0,0,0,0,0,0,0,0
6470,Azi8n,1,0,0,0,0,1,0,0,0,0,0,0,0,0
6471,SobySadian,2,0,0,0,0,1,0,0,1,0,0,0,0,0
6472,Xersesjournal,1,0,0,0,0,1,0,0,0,0,0,0,0,0
6473,Bahareh51410235,1,0,0,0,0,1,0,0,0,0,0,0,0,0
6474,samfa2023,1,0,0,0,0,1,0,0,0,0,0,0,0,0
6475,Kaktoos56,2,0,0,0,0,1,0,0,0,1,0,0,0,0
6476,Shadi__Shadab,2,0,0,0,0,1,0,0,0,0,0,0,1,0
6477,Poseidonsdomain,1,0,0,0,0,1,0,0,0,0,0,0,0,0
6478,bardia_bardia,1,0,0,0,0,1,0,0,0,0,0,0,0,0
6479,purple8473,1,0,0,0,0,1,0,0,0,0,0,0,0,0
6480,AmiriBarry10778,2,0,0,0,0,1,0,0,1,0,0,0,0,0
6481,Vahidan777,3,0,0,0,0,1,0,0,0,1,0,0,1,0
6482,FarFromheavon,1,0,0,0,0,1,0,0,0,0,0,0,0,0
6483,KforTron,4,0,0,0,0,1,0,0,1,1,1,0,0,0
6484,Babak7753017,2,0,0,0,0,1,0,0,0,0,0,0,1,0
6485,karbareRoyalist,3,0,0,0,0,1,0,0,0,1,1,0,0,0
6486,ghf_zh,1,0,0,0,0,1,0,0,0,0,0,0,0,0
6487,yousef_kimiagar,6,0,0,0,0,1,0,0,0,1,1,1,1,1
6488,Nitkasz,1,0,0,0,0,1,0,0,0,0,0,0,0,0
6489,iran_protest_,2,0,0,0,0,1,0,0,1,0,0,0,0,0
6490,Egoods1,1,0,0,0,0,1,0,0,0,0,0,0,0,0
6491,iranlxwx,4,0,0,0,0,1,0,0,0,1,0,1,1,0
6492,FCanaani,1,0,0,0,0,1,0,0,0,0,0,0,0,0
6493,NabiHAZRAT11333,5,0,0,0,0,1,1,0,1,0,0,1,1,0
6494,sf_mahsa,1,0,0,0,0,1,0,0,0,0,0,0,0,0
6495,Jundark_afsun,9,0,0,0,0,1,1,1,1,1,1,1,1,1
6496,ShahlaRez,1,0,0,0,0,1,0,0,0,0,0,0,0,0
6497,kheradmantegh,1,0,0,0,0,1,0,0,0,0,0,0,0,0
6498,AriAi_2045,1,0,0,0,0,1,0,0,0,0,0,0,0,0
6499,Divone_khonee,2,0,0,0,0,1,0,0,0,1,0,0,0,0
6500,ehsa19960,8,0,0,0,0,1,1,1,1,1,0,1,1,1
6501,phenixussp,1,0,0,0,0,1,0,0,0,0,0,0,0,0
6502,pm73y,1,0,0,0,0,1,0,0,0,0,0,0,0,0
6503,Murphy04393769,2,0,0,0,0,1,0,0,0,0,0,1,0,0
6504,AhoraMazda01,6,0,0,0,0,1,1,1,1,1,1,0,0,0
6505,NSn43386568,1,0,0,0,0,1,0,0,0,0,0,0,0,0
6506,thewhitehabbe,2,0,0,0,0,1,0,0,0,0,0,0,0,1
6507,Gitaaarr132176,1,0,0,0,0,1,0,0,0,0,0,0,0,0
6508,About_roshan,1,0,0,0,0,1,0,0,0,0,0,0,0,0
6509,FalkensMaze95,1,0,0,0,0,1,0,0,0,0,0,0,0,0
6510,mbegloie,3,0,0,0,0,1,1,0,0,0,0,1,0,0
6511,ACT4iran,5,0,0,0,0,1,0,0,0,0,1,1,1,1
6512,mebeglory,2,0,0,0,0,1,1,0,0,0,0,0,0,0
6513,irankingdom3,1,0,0,0,0,1,0,0,0,0,0,0,0,0
6514,Jamesharden3585,1,0,0,0,0,1,0,0,0,0,0,0,0,0
6515,wayne102013,7,0,0,0,0,1,1,1,0,1,1,1,1,0
6516,Porseshgar_XDE,8,0,0,0,0,1,1,1,0,1,1,1,1,1
6517,Heila1234,1,0,0,0,0,1,0,0,0,0,0,0,0,0
6518,AzadiforIranam,4,0,0,0,0,1,0,0,0,0,1,1,1,0
6519,fafar366,4,0,0,0,0,1,0,0,0,1,1,1,0,0
6520,Avaiiiirani,3,0,0,0,0,1,0,0,1,0,1,0,0,0
6521,SanazMehregan,1,0,0,0,0,1,0,0,0,0,0,0,0,0
6522,andishha2020,2,0,0,0,0,1,0,0,0,0,0,0,0,1
6523,sh12942122,1,0,0,0,0,1,0,0,0,0,0,0,0,0
6524,e30_la,1,0,0,0,0,1,0,0,0,0,0,0,0,0
6525,shahrzaad0,1,0,0,0,0,1,0,0,0,0,0,0,0,0
6526,azadi4_iran,1,0,0,0,0,1,0,0,0,0,0,0,0,0
6527,HajizadehSanaz,2,0,0,0,0,1,0,0,0,0,0,0,0,1
6528,E_ll_e1995,2,0,0,0,0,1,0,0,0,1,0,0,0,0
6529,Merl308,1,0,0,0,0,1,0,0,0,0,0,0,0,0
6530,Nastarank68,3,0,0,0,0,1,0,0,0,1,0,0,1,0
6531,Homa78582272792,1,0,0,0,0,1,0,0,0,0,0,0,0,0
6532,AkhoondeMorde,1,0,0,0,0,1,0,0,0,0,0,0,0,0
6533,AmirNezameddin,2,0,0,0,0,1,1,0,0,0,0,0,0,0
6534,WSyedsab,3,0,0,0,0,1,0,1,0,1,0,0,0,0
6535,ME199595,3,0,0,0,0,1,0,0,0,1,0,0,0,1
6536,feri4Iran,1,0,0,0,0,1,0,0,0,0,0,0,0,0
6537,Lesan_Algaib,1,0,0,0,0,1,0,0,0,0,0,0,0,0
6538,jassyp101,1,0,0,0,0,1,0,0,0,0,0,0,0,0
6539,Vezzzzzze,1,0,0,0,0,1,0,0,0,0,0,0,0,0
6540,MahNoorDokht,1,0,0,0,0,1,0,0,0,0,0,0,0,0
6541,AshenaBaran,1,0,0,0,0,1,0,0,0,0,0,0,0,0
6542,IBazrgari,1,0,0,0,0,1,0,0,0,0,0,0,0,0
6543,RanaPahlavist,8,0,0,0,0,1,0,1,1,1,1,1,1,1
6544,farafathy,6,0,0,0,0,1,0,0,1,1,1,1,1,0
6545,danesh_mitra,4,0,0,0,0,1,0,0,1,1,0,0,1,0
6546,MatinNvbx4na,1,0,0,0,0,1,0,0,0,0,0,0,0,0
6547,Zizikhanum,1,0,0,0,0,1,0,0,0,0,0,0,0,0
6548,OpatanEP,1,0,0,0,0,1,0,0,0,0,0,0,0,0
6549,SharBgl,7,0,0,0,0,1,1,1,0,1,0,1,1,1
6550,ObserverofEvil,1,0,0,0,0,1,0,0,0,0,0,0,0,0
6551,Zahrahont,2,0,0,0,0,1,0,0,0,1,0,0,0,0
6552,hanif_doust,1,0,0,0,0,1,0,0,0,0,0,0,0,0
6553,Iraj25366467,3,0,0,0,0,1,0,0,1,0,1,0,0,0
6554,Rose_Liberty1,1,0,0,0,0,1,0,0,0,0,0,0,0,0
6555,nellynelly87,3,0,0,0,0,1,0,0,1,0,0,0,1,0
6556,jmrn_iran,5,0,0,0,0,1,0,0,1,0,0,1,1,1
6557,JudgeNZ1990,1,0,0,0,0,1,0,0,0,0,0,0,0,0
6558,MaryamMaka17163,3,0,0,0,0,1,1,0,0,0,1,0,0,0
6559,AzadiBename,2,0,0,0,0,1,0,0,0,0,0,0,1,0
6560,Parinazamnt,2,0,0,0,0,1,0,0,0,0,0,0,0,1
6561,Wasertein,2,0,0,0,0,1,0,0,0,0,0,0,1,0
6562,Ghoghnoos_Irn,1,0,0,0,0,1,0,0,0,0,0,0,0,0
6563,Ario1403,2,0,0,0,0,1,1,0,0,0,0,0,0,0
6564,SunnyBoyYlo,2,0,0,0,0,1,0,0,0,0,1,0,0,0
6565,mehranblood85,3,0,0,0,0,1,1,1,0,0,0,0,0,0
6566,nima293971,1,0,0,0,0,1,0,0,0,0,0,0,0,0
6567,Lente1986,1,0,0,0,0,1,0,0,0,0,0,0,0,0
6568,Fataneh61941986,3,0,0,0,0,1,0,0,1,0,0,1,0,0
6569,PersiaTheGreat,1,0,0,0,0,1,0,0,0,0,0,0,0,0
6570,NrzRosie,1,0,0,0,0,1,0,0,0,0,0,0,0,0
6571,Gandom19881512,7,0,0,0,0,1,1,0,1,1,1,1,1,0
6572,L0mpan,3,0,0,0,0,1,0,0,1,0,0,0,1,0
6573,Avaznafas,5,0,0,0,0,1,0,1,0,0,1,1,0,1
6574,MemarianAt29498,3,0,0,0,0,1,1,0,0,1,0,0,0,0
6575,MojdehZandieh,1,0,0,0,0,1,0,0,0,0,0,0,0,0
6576,j2okoch,1,0,0,0,0,1,0,0,0,0,0,0,0,0
6577,MTiyooo,1,0,0,0,0,1,0,0,0,0,0,0,0,0
6578,Iranempire2,2,0,0,0,0,1,0,0,0,0,1,0,0,0
6579,CatCatarxt,2,0,0,0,0,1,0,0,0,1,0,0,0,0
6580,ArefRahsepar,1,0,0,0,0,1,0,0,0,0,0,0,0,0
6581,MaedehShg5528,1,0,0,0,0,1,0,0,0,0,0,0,0,0
6582,AvmenLondon,1,0,0,0,0,1,0,0,0,0,0,0,0,0
6583,mashadi1988,2,0,0,0,0,1,0,0,0,0,0,0,1,0
6584,InvolveObserver,1,0,0,0,0,1,0,0,0,0,0,0,0,0
6585,Forough74551780,1,0,0,0,0,1,0,0,0,0,0,0,0,0
6586,atheistfreedet1,2,0,0,0,0,1,0,0,0,0,0,1,0,0
6587,Moji8665,1,0,0,0,0,1,0,0,0,0,0,0,0,0
6588,zazar61,4,0,0,0,0,1,0,0,1,0,0,0,1,1
6589,KarkardiHk,2,0,0,0,0,1,0,0,0,1,0,0,0,0
6590,hvieirap,1,0,0,0,0,1,0,0,0,0,0,0,0,0
6591,dkblumen,1,0,0,0,0,1,0,0,0,0,0,0,0,0
6592,mindy_march,2,0,0,0,0,1,0,0,0,1,0,0,0,0
6593,nssal3,1,0,0,0,0,1,0,0,0,0,0,0,0,0
6594,BonbastCactus,2,0,0,0,0,1,0,0,0,1,0,0,0,0
6595,judyhopps89,3,0,0,0,0,1,1,1,0,0,0,0,0,0
6596,VoiceofFr33dom2,1,0,0,0,0,1,0,0,0,0,0,0,0,0
6597,Iloveirannn,1,0,0,0,0,1,0,0,0,0,0,0,0,0
6598,meh80207,7,0,0,0,0,1,1,0,1,0,1,1,1,1
6599,MehdiGoudarzi80,4,0,0,0,0,1,0,1,1,0,0,0,1,0
6600,Sarkob3,1,0,0,0,0,1,0,0,0,0,0,0,0,0
6601,MayraYazdari,6,0,0,0,0,1,1,0,1,1,1,0,1,0
6602,JavadSamanzadeh,4,0,0,0,0,1,0,1,0,1,0,0,1,0
6603,Irissight82,1,0,0,0,0,1,0,0,0,0,0,0,0,0
6604,siamak121,1,0,0,0,0,1,0,0,0,0,0,0,0,0
6605,HTehad,9,0,0,0,0,1,1,1,1,1,1,1,1,1
6606,bunnysaidsushi,3,0,0,0,0,1,0,0,1,0,0,0,1,0
6607,H4M3D9,7,0,0,0,0,1,0,1,1,1,1,1,0,1
6608,smkacmaz,2,0,0,0,0,1,0,0,0,0,0,1,0,0
6609,BiaBaba380372,3,0,0,0,0,1,0,1,0,1,0,0,0,0
6610,SusanKolivand,3,0,0,0,0,1,0,0,0,1,0,0,1,0
6611,Leila_Arya,2,0,0,0,0,1,0,0,0,1,0,0,0,0
6612,Melody559312178,1,0,0,0,0,1,0,0,0,0,0,0,0,0
6613,poonehshseyed,6,0,0,0,0,1,1,1,1,1,1,0,0,0
6614,_Sanne_38,1,0,0,0,0,1,0,0,0,0,0,0,0,0
6615,HamiMardom,5,0,0,0,0,1,0,0,0,1,0,1,1,1
6616,IranMonarchists,1,0,0,0,0,1,0,0,0,0,0,0,0,0
6617,57RA35ggISXz4I4,7,0,0,0,0,1,1,1,1,1,1,0,1,0
6618,Sara64624209,2,0,0,0,0,1,0,0,0,0,0,0,1,0
6619,P02031251,3,0,0,0,0,1,0,0,1,1,0,0,0,0
6620,Bhnamrazm,1,0,0,0,0,1,0,0,0,0,0,0,0,0
6621,Azadeh83273573,1,0,0,0,0,1,0,0,0,0,0,0,0,0
6622,universe_total,1,0,0,0,0,1,0,0,0,0,0,0,0,0
6623,arash29201881,2,0,0,0,0,1,1,0,0,0,0,0,0,0
6624,irandokhtaroo,1,0,0,0,0,1,0,0,0,0,0,0,0,0
6625,zardeshomali666,1,0,0,0,0,1,0,0,0,0,0,0,0,0
6626,RainerWinklerH6,3,0,0,0,0,1,0,0,0,1,0,1,0,0
6627,ADadpay,3,0,0,0,0,1,0,0,0,1,0,0,0,1
6628,layla4freeiran,3,0,0,0,0,1,0,0,0,1,0,0,1,0
6629,AshesOfTyranny1,2,0,0,0,0,1,0,0,0,1,0,0,0,0
6630,lightlikecloud,1,0,0,0,0,1,0,0,0,0,0,0,0,0
6631,Shidf1frs,1,0,0,0,0,1,0,0,0,0,0,0,0,0
6632,hdy_2874,4,0,0,0,0,1,1,0,1,1,0,0,0,0
6633,aidaofmoon,2,0,0,0,0,1,0,1,0,0,0,0,0,0
6634,BtrFly2026,1,0,0,0,0,1,0,0,0,0,0,0,0,0
6635,TermehChr9,2,0,0,0,0,1,0,0,0,1,0,0,0,0
6636,sara__adk,1,0,0,0,0,1,0,0,0,0,0,0,0,0
6637,hnadeye,1,0,0,0,0,1,0,0,0,0,0,0,0,0
6638,smartKathy2012,1,0,0,0,0,1,0,0,0,0,0,0,0,0
6639,BaharehFarsi,1,0,0,0,0,1,0,0,0,0,0,0,0,0
6640,4freedooom,2,0,0,0,0,1,0,0,0,0,0,0,1,0
6641,ahur14108,1,0,0,0,0,1,0,0,0,0,0,0,0,0
6642,Fotouhia,2,0,0,0,0,1,0,0,1,0,0,0,0,0
6643,Deeril1976,2,0,0,0,0,1,0,0,0,0,0,1,0,0
6644,Hamidy31008461,1,0,0,0,0,1,0,0,0,0,0,0,0,0
6645,Afshinafshin26,6,0,0,0,0,1,0,0,0,1,1,1,1,1
6646,seperalizavhva,8,0,0,0,0,1,1,1,1,1,1,1,0,1
6647,bacheye_shahin,2,0,0,0,0,1,0,0,0,0,0,0,0,1
6648,Forough1988,6,0,0,0,0,1,0,0,1,1,0,1,1,1
6649,ghablanesmbud,4,0,0,0,0,1,0,0,1,1,0,1,0,0
6650,GladiatorOfShah,4,0,0,0,0,1,0,0,0,0,1,1,0,1
6651,dontgiveup2556,2,0,0,0,0,1,0,0,1,0,0,0,0,0
6652,Elpash6,1,0,0,0,0,1,0,0,0,0,0,0,0,0
6653,LongLiveSHAH2,1,0,0,0,0,1,0,0,0,0,0,0,0,0
6654,_ni100,1,0,0,0,0,1,0,0,0,0,0,0,0,0
6655,Epicurstarts1,3,0,0,0,0,1,0,0,0,0,1,1,0,0
6656,Tsuroerusu,2,0,0,0,0,1,0,0,0,1,0,0,0,0
6657,yasamaei,2,0,0,0,0,1,1,0,0,0,0,0,0,0
6658,Shlmwo,1,0,0,0,0,1,0,0,0,0,0,0,0,0
6659,Memaroddole,6,0,0,0,0,1,0,0,1,0,1,1,1,1
6660,ZakariaIDF,1,0,0,0,0,1,0,0,0,0,0,0,0,0
6661,sirkalak,1,0,0,0,0,1,0,0,0,0,0,0,0,0
6662,bella_s369,1,0,0,0,0,1,0,0,0,0,0,0,0,0
6663,NassiriNaghmeh,1,0,0,0,0,1,0,0,0,0,0,0,0,0
6664,Utab49,1,0,0,0,0,1,0,0,0,0,0,0,0,0
6665,Irandokht128901,1,0,0,0,0,1,0,0,0,0,0,0,0,0
6666,_arash_amiri_,2,0,0,0,0,1,0,0,0,1,0,0,0,0
6667,EnsaaanBaashim,1,0,0,0,0,1,0,0,0,0,0,0,0,0
6668,MJ9nuiz,1,0,0,0,0,1,0,0,0,0,0,0,0,0
6669,Solivara2585,4,0,0,0,0,1,0,0,0,0,1,1,1,0
6670,adelre2000,1,0,0,0,0,1,0,0,0,0,0,0,0,0
6671,PersianRider_,6,0,0,0,0,1,0,0,0,1,1,1,1,1
6672,Rozhin1323524,6,0,0,0,0,1,0,0,1,1,1,1,1,0
6673,ghodrateman,3,0,0,0,0,1,0,0,0,0,0,0,1,1
6674,BRougeB,2,0,0,0,0,1,0,0,1,0,0,0,0,0
6675,mmch3IranTehran,2,0,0,0,0,1,0,0,0,1,0,0,0,0
6676,ImReza,1,0,0,0,0,1,0,0,0,0,0,0,0,0
6677,Me_Unstoppable2,1,0,0,0,0,1,0,0,0,0,0,0,0,0
6678,MoK_1891,2,0,0,0,0,1,0,1,0,0,0,0,0,0
6679,Sali783986161,5,0,0,0,0,1,1,0,0,0,1,1,0,1
6680,Ladinvuz,1,0,0,0,0,1,0,0,0,0,0,0,0,0
6681,ParisHakimm,1,0,0,0,0,1,0,0,0,0,0,0,0,0
6682,somy26332865,2,0,0,0,0,1,0,0,1,0,0,0,0,0
6683,ElinAlayee38467,1,0,0,0,0,1,0,0,0,0,0,0,0,0
6684,pdr_pesar,6,0,0,0,0,1,1,1,1,0,0,1,0,1
6685,mehrsha68353352,1,0,0,0,0,1,0,0,0,0,0,0,0,0
6686,slippinjimms,4,0,0,0,0,1,0,1,1,0,1,0,0,0
6687,GoliIrani20,2,0,0,0,0,1,0,0,1,0,0,0,0,0
6688,pariisssssssss,1,0,0,0,0,1,0,0,0,0,0,0,0,0
6689,AliBakh79179163,2,0,0,0,0,1,0,0,0,0,0,1,0,0
6690,mikey16481931,7,0,0,0,0,1,1,1,1,0,1,1,0,1
6691,mowj113,1,0,0,0,0,1,0,0,0,0,0,0,0,0
6692,Muhammadb584475,2,0,0,0,0,1,0,0,0,1,0,0,0,0
6693,iranneverdie,3,0,0,0,0,1,0,0,0,1,0,1,0,0
6694,shaaaghayeeegh,7,0,0,0,0,1,1,1,0,0,1,1,1,1
6695,Rezasameni3,2,0,0,0,0,1,0,0,0,1,0,0,0,0
6696,behrouzina,3,0,0,0,0,1,0,0,1,1,0,0,0,0
6697,dangOfang,5,0,0,0,0,1,0,0,1,1,1,1,0,0
6698,qalandar22,1,0,0,0,0,1,0,0,0,0,0,0,0,0
6699,Cameron_1365,1,0,0,0,0,1,0,0,0,0,0,0,0,0
6700,elnazheydari805,1,0,0,0,0,1,0,0,0,0,0,0,0,0
6701,ma_flower1,2,0,0,0,0,1,1,0,0,0,0,0,0,0
6702,MK71168,2,0,0,0,0,1,0,0,0,0,0,1,0,0
6703,ChrisKarlKnecht,1,0,0,0,0,1,0,0,0,0,0,0,0,0
6704,Meryem277136,1,0,0,0,0,1,0,0,0,0,0,0,0,0
6705,TradingCat021,2,0,0,0,0,1,0,0,0,1,0,0,0,0
6706,lima31104344,5,0,0,0,0,1,0,0,1,1,1,1,0,0
6707,AnnaD3748,3,0,0,0,0,1,0,0,0,0,1,0,1,0
6708,Farhoud_Far,3,0,0,0,0,1,0,0,0,1,0,0,1,0
6709,khosrosassani,5,0,0,0,0,1,0,0,0,1,1,1,0,1
6710,tinto_2,1,0,0,0,0,1,0,0,0,0,0,0,0,0
6711,tabrizman,5,0,0,0,0,1,1,1,0,1,0,1,0,0
6712,Consequence404,1,0,0,0,0,1,0,0,0,0,0,0,0,0
6713,adzartworks,1,0,0,0,0,1,0,0,0,0,0,0,0,0
6714,Hamuon4,1,0,0,0,0,1,0,0,0,0,0,0,0,0
6715,tonddarr,6,0,0,0,0,1,1,0,0,1,0,1,1,1
6716,Lionsuniranian,3,0,0,0,0,1,0,0,1,1,0,0,0,0
6717,PierrotAmani,1,0,0,0,0,1,0,0,0,0,0,0,0,0
6718,ShapoorS61351,1,0,0,0,0,1,0,0,0,0,0,0,0,0
6719,HallMJ2,2,0,0,0,0,1,1,0,0,0,0,0,0,0
6720,TabrizIrani,3,0,0,0,0,1,1,0,0,0,0,0,1,0
6721,PNasij59861,2,0,0,0,0,1,0,0,0,1,0,0,0,0
6722,Reza62726313,5,0,0,0,0,1,0,0,1,0,1,1,1,0
6723,BehzadJama27916,1,0,0,0,0,1,0,0,0,0,0,0,0,0
6724,Javeed_Shah2026,1,0,0,0,0,1,0,0,0,0,0,0,0,0
6725,ShahiLeila,2,0,0,0,0,1,0,0,0,0,0,1,0,0
6726,Poorifeshfeshoo,1,0,0,0,0,1,0,0,0,0,0,0,0,0
6727,Potter67Impala,1,0,0,0,0,1,0,0,0,0,0,0,0,0
6728,nft_kaya,1,0,0,0,0,1,0,0,0,0,0,0,0,0
6729,manindarknight1,2,0,0,0,0,1,0,0,0,0,1,0,0,0
6730,OmidO7091,2,0,0,0,0,1,1,0,0,0,0,0,0,0
6731,18_19Day,3,0,0,0,0,1,0,0,0,0,0,0,1,1
6732,save_as_iran,5,0,0,0,0,1,0,1,0,1,1,0,1,0
6733,AskarMari,1,0,0,0,0,1,0,0,0,0,0,0,0,0
6734,Yasi21ja,1,0,0,0,0,1,0,0,0,0,0,0,0,0
6735,Amino0r,1,0,0,0,0,1,0,0,0,0,0,0,0,0
6736,JewelPir83734,3,0,0,0,0,1,0,0,1,0,0,0,1,0
6737,DelavariH,2,0,0,0,0,1,0,0,0,1,0,0,0,0
6738,ben_ashouri,4,0,0,0,0,1,0,0,1,1,0,1,0,0
6739,RouraLand,2,0,0,0,0,1,0,0,0,0,0,1,0,0
6740,ronikoosh,2,0,0,0,0,1,0,0,0,1,0,0,0,0
6741,KarimianGolnaz,4,0,0,0,0,1,0,0,0,1,0,1,0,1
6742,mahsa72m,6,0,0,0,0,1,0,0,1,1,1,0,1,1
6743,phoenix_ir32388,2,0,0,0,0,1,0,0,0,0,0,0,1,0
6744,Provcefl,5,0,0,0,0,1,0,0,1,1,1,0,1,0
6745,SGSAMII,2,0,0,0,0,1,0,0,1,0,0,0,0,0
6746,MotherlandRobot,1,0,0,0,0,1,0,0,0,0,0,0,0,0
6747,AmirShams96,3,0,0,0,0,1,0,0,0,0,0,1,1,0
6748,CassandaneCyrus,1,0,0,0,0,1,0,0,0,0,0,0,0,0
6749,Melika75606828,6,0,0,0,0,1,1,0,0,1,1,1,1,0
6750,Sahar364324,1,0,0,0,0,1,0,0,0,0,0,0,0,0
6751,darkmoon_78,2,0,0,0,0,1,1,0,0,0,0,0,0,0
6752,ARanjbarnia,2,0,0,0,0,1,0,0,0,0,0,1,0,0
6753,Deepoceanlion,2,0,0,0,0,1,0,0,0,0,0,1,0,0
6754,Hamrahnz,1,0,0,0,0,1,0,0,0,0,0,0,0,0
6755,ZS2681130349267,2,0,0,0,0,1,0,1,0,0,0,0,0,0
6756,Laleh_Avaz,1,0,0,0,0,1,0,0,0,0,0,0,0,0
6757,Davoodealfered,3,0,0,0,0,1,0,1,0,1,0,0,0,0
6758,ashghalsandis,3,0,0,0,0,1,0,0,1,0,0,0,0,1
6759,3msaint4,1,0,0,0,0,1,0,0,0,0,0,0,0,0
6760,masoud34046656,5,0,0,0,0,1,1,0,1,0,1,0,1,0
6761,Masuod28689066,2,0,0,0,0,1,0,0,1,0,0,0,0,0
6762,trokingpers,1,0,0,0,0,1,0,0,0,0,0,0,0,0
6763,kotletparty,1,0,0,0,0,1,0,0,0,0,0,0,0,0
6764,Lyuze_isnow,3,0,0,0,0,1,0,0,0,1,1,0,0,0
6765,heliosh015,3,0,0,0,0,1,0,0,0,0,1,1,0,0
6766,hafez_iran_,7,0,0,0,0,1,1,0,0,1,1,1,1,1
6767,AteaBay,1,0,0,0,0,1,0,0,0,0,0,0,0,0
6768,persianbobbyboy,2,0,0,0,0,1,0,0,0,0,1,0,0,0
6769,meisam19664670,2,0,0,0,0,1,0,0,0,1,0,0,0,0
6770,RegretfulSam,2,0,0,0,0,1,0,0,0,0,0,0,0,1
6771,Elham8967_23,2,0,0,0,0,1,0,0,0,0,0,1,0,0
6772,EllieYsf,1,0,0,0,0,1,0,0,0,0,0,0,0,0
6773,Rosemariaaa87,1,0,0,0,0,1,0,0,0,0,0,0,0,0
6774,lionfromIran,1,0,0,0,0,1,0,0,0,0,0,0,0,0
6775,Samiravash,1,0,0,0,0,1,0,0,0,0,0,0,0,0
6776,janfada23,3,0,0,0,0,1,0,0,0,1,0,1,0,0
6777,Esaantii,2,0,0,0,0,1,0,0,0,1,0,0,0,0
6778,ProfX952056,1,0,0,0,0,1,0,0,0,0,0,0,0,0
6779,ladyloki_moon,4,0,0,0,0,1,0,0,1,1,1,0,0,0
6780,HomaTajsharghi,1,0,0,0,0,1,0,0,0,0,0,0,0,0
6781,sirvaaaaaan,4,0,0,0,0,1,1,0,1,1,0,0,0,0
6782,hamid_brum,1,0,0,0,0,1,0,0,0,0,0,0,0,0
6783,sillymickel,1,0,0,0,0,1,0,0,0,0,0,0,0,0
6784,iraniangrumpy,6,0,0,0,0,1,1,0,0,1,1,1,1,0
6785,BahariBarbod,2,0,0,0,0,1,0,0,0,0,0,0,0,1
6786,lonlyowl_Iran,1,0,0,0,0,1,0,0,0,0,0,0,0,0
6787,Arezaeiiiiiii,2,0,0,0,0,1,0,0,0,0,0,0,0,1
6788,AreebaHassan889,1,0,0,0,0,1,0,0,0,0,0,0,0,0
6789,ManaZare7,1,0,0,0,0,1,0,0,0,0,0,0,0,0
6790,khanzadeh65320,7,0,0,0,0,1,1,1,1,1,0,1,1,0
6791,sarbedaran99,4,0,0,0,0,1,0,1,1,1,0,0,0,0
6792,maryam_adeli,2,0,0,0,0,1,1,0,0,0,0,0,0,0
6793,Aanimaniii,4,0,0,0,0,1,0,0,1,1,0,0,1,0
6794,Royaajang,2,0,0,0,0,1,0,0,0,1,0,0,0,0
6795,om7104094,1,0,0,0,0,1,0,0,0,0,0,0,0,0
6796,MRahmanizadeh,1,0,0,0,0,1,0,0,0,0,0,0,0,0
6797,farfalla_neraa,2,0,0,0,0,1,0,0,0,0,0,1,0,0
6798,Ariyabrdana,2,0,0,0,0,1,0,0,0,0,0,1,0,0
6799,UjelousArab,1,0,0,0,0,1,0,0,0,0,0,0,0,0
6800,Annashid_d,1,0,0,0,0,1,0,0,0,0,0,0,0,0
6801,TravelerNarges,1,0,0,0,0,1,0,0,0,0,0,0,0,0
6802,TuskBlk,1,0,0,0,0,1,0,0,0,0,0,0,0,0
6803,ASarv,1,0,0,0,0,1,0,0,0,0,0,0,0,0
6804,Sgsmp10,1,0,0,0,0,1,0,0,0,0,0,0,0,0
6805,dukipok,1,0,0,0,0,1,0,0,0,0,0,0,0,0
6806,mahsa3844,3,0,0,0,0,1,0,0,0,0,0,1,0,1
6807,Paparmhp,3,0,0,0,0,1,1,0,0,0,0,1,0,0
6808,Sara37297281,4,0,0,0,0,1,1,0,0,1,0,1,0,0
6809,SpreeChoo,1,0,0,0,0,1,0,0,0,0,0,0,0,0
6810,bahmane_m,1,0,0,0,0,1,0,0,0,0,0,0,0,0
6811,forevercool11,1,0,0,0,0,1,0,0,0,0,0,0,0,0
6812,SaeednanooS,4,0,0,0,0,1,0,0,0,1,0,1,0,1
6813,MostafaHaj98618,1,0,0,0,0,1,0,0,0,0,0,0,0,0
6814,Sarbazevatan56,2,0,0,0,0,1,0,0,0,0,0,0,0,1
6815,MastanehSaleh,4,0,0,0,0,1,1,0,0,0,0,1,1,0
6816,DrNFT01,1,0,0,0,0,1,0,0,0,0,0,0,0,0
6817,didarbeqiamat,1,0,0,0,0,1,0,0,0,0,0,0,0,0
6818,HamadPrp,2,0,0,0,0,1,0,0,0,0,0,0,1,0
6819,Anaaherself,2,0,0,0,0,1,0,0,0,1,0,0,0,0
6820,itsme_raha,3,0,0,0,0,1,0,0,1,1,0,0,0,0
6821,Azad33897601,1,0,0,0,0,1,0,0,0,0,0,0,0,0
6822,KaprosR16425,6,0,0,0,0,1,1,1,0,1,0,1,1,0
6823,MilioniMey59718,1,0,0,0,0,1,0,0,0,0,0,0,0,0
6824,kotletyan79001,8,0,0,0,0,1,1,1,1,1,1,1,0,1
6825,Arash1512026,9,0,0,0,0,1,1,1,1,1,1,1,1,1
6826,SepehrKhp77w,1,0,0,0,0,1,0,0,0,0,0,0,0,0
6827,Mmadeton,2,0,0,0,0,1,0,1,0,0,0,0,0,0
6828,1Da3n3rys1,5,0,0,0,0,1,1,0,0,1,0,0,1,1
6829,koko960246,3,0,0,0,0,1,0,0,0,1,0,1,0,0
6830,GodsGrace813406,1,0,0,0,0,1,0,0,0,0,0,0,0,0
6831,AlissaMorrelo,1,0,0,0,0,1,0,0,0,0,0,0,0,0
6832,IranAwakes,1,0,0,0,0,1,0,0,0,0,0,0,0,0
6833,mashrootehnovin,2,0,0,0,0,1,0,0,0,0,1,0,0,0
6834,Bardia_Mo8,1,0,0,0,0,1,0,0,0,0,0,0,0,0
6835,MaHiMiHaN1,3,0,0,0,0,1,0,0,1,0,0,1,0,0
6836,MehrnooshF55743,5,0,0,0,0,1,0,0,1,0,1,1,0,1
6837,polar_beachh,4,0,0,0,0,1,0,0,0,0,1,0,1,1
6838,gsyewu6383vdhs,2,0,0,0,0,1,0,0,0,1,0,0,0,0
6839,HNafarie,1,0,0,0,0,1,0,0,0,0,0,0,0,0
6840,mneyest,4,0,0,0,0,1,0,0,1,1,1,0,0,0
6841,Farzaned8,1,0,0,0,0,1,0,0,0,0,0,0,0,0
6842,Iran9d5q,1,0,0,0,0,1,0,0,0,0,0,0,0,0
6843,Marjan144557111,1,0,0,0,0,1,0,0,0,0,0,0,0,0
6844,hau_didier,4,0,0,0,0,1,1,0,0,0,1,1,0,0
6845,567Elahe27803,3,0,0,0,0,1,1,0,0,1,0,0,0,0
6846,khoshnevisnaser,1,0,0,0,0,1,0,0,0,0,0,0,0,0
6847,SasaIran30438,1,0,0,0,0,1,0,0,0,0,0,0,0,0
6848,Mehrang15,5,0,0,0,0,1,0,0,0,1,1,0,1,1
6849,Zmeunited,2,0,0,0,0,1,0,0,1,0,0,0,0,0
6850,KhaniMojgan,1,0,0,0,0,1,0,0,0,0,0,0,0,0
6851,ali_hazeri7,1,0,0,0,0,1,0,0,0,0,0,0,0,0
6852,Kianush1403,1,0,0,0,0,1,0,0,0,0,0,0,0,0
6853,dellabella91,3,0,0,0,0,1,0,0,0,1,0,0,1,0
6854,parsi1414,1,0,0,0,0,1,0,0,0,0,0,0,0,0
6855,persianside,5,0,0,0,0,1,0,0,1,1,1,1,0,0
6856,Tara55713799,3,0,0,0,0,1,1,0,0,1,0,0,0,0
6857,Aldarani,2,0,0,0,0,1,0,0,0,0,0,1,0,0
6858,OffredofIran,1,0,0,0,0,1,0,0,0,0,0,0,0,0
6859,NirvanaOpinions,2,0,0,0,0,1,0,0,0,1,0,0,0,0
6860,NasiriNatasha,1,0,0,0,0,1,0,0,0,0,0,0,0,0
6861,Spartan69H,2,0,0,0,0,1,0,0,1,0,0,0,0,0
6862,MoojanAzar,1,0,0,0,0,1,0,0,0,0,0,0,0,0
6863,Aboo_Sofyan,1,0,0,0,0,1,0,0,0,0,0,0,0,0
6864,samir121a,3,0,0,0,0,1,0,0,0,0,0,1,0,1
6865,ShinLikeaSun,2,0,0,0,0,1,0,0,0,1,0,0,0,0
6866,NMLUNA8977,3,0,0,0,0,1,0,0,0,1,0,1,0,0
6867,zorroFromHmdn,2,0,0,0,0,1,0,0,0,0,0,0,1,0
6868,binaam83879306,1,0,0,0,0,1,0,0,0,0,0,0,0,0
6869,ParvazeArezooha,1,0,0,0,0,1,0,0,0,0,0,0,0,0
6870,Pahlavi1404,6,0,0,0,0,1,1,0,1,1,0,1,1,0
6871,ellieManage,1,0,0,0,0,1,0,0,0,0,0,0,0,0
6872,Behzadreval,2,0,0,0,0,1,0,0,0,1,0,0,0,0
6873,HappyFreeIran2,3,0,0,0,0,1,0,0,0,1,0,1,0,0
6874,AlexHan43057140,1,0,0,0,0,1,0,0,0,0,0,0,0,0
6875,flight26037,1,0,0,0,0,1,0,0,0,0,0,0,0,0
6876,gsabz_,1,0,0,0,0,1,0,0,0,0,0,0,0,0
6877,mahan42,1,0,0,0,0,1,0,0,0,0,0,0,0,0
6878,nikarahaaa,2,0,0,0,0,1,0,0,1,0,0,0,0,0
6879,Shah1944s,3,0,0,0,0,1,0,0,1,1,0,0,0,0
6880,goodniyt,3,0,0,0,0,1,0,0,1,1,0,0,0,0
6881,Iraniiii4,1,0,0,0,0,1,0,0,0,0,0,0,0,0
6882,hcoin20211101,1,0,0,0,0,1,0,0,0,0,0,0,0,0
6883,MamaneYumi,1,0,0,0,0,1,0,0,0,0,0,0,0,0
6884,soozi2244,1,0,0,0,0,1,0,0,0,0,0,0,0,0
6885,IRANMEHR2584,3,0,0,0,0,1,1,0,1,0,0,0,0,0
6886,bache5588,1,0,0,0,0,1,0,0,0,0,0,0,0,0
6887,TAtabaky,1,0,0,0,0,1,0,0,0,0,0,0,0,0
6888,bearsavak,1,0,0,0,0,1,0,0,0,0,0,0,0,0
6889,Tara7lto,4,0,0,0,0,1,0,0,1,1,0,0,1,0
6890,SunandLion77,1,0,0,0,0,1,0,0,0,0,0,0,0,0
6891,javiddrqz,3,0,0,0,0,1,0,0,0,1,0,0,0,1
6892,AramBafeghi,3,0,0,0,0,1,0,0,1,0,0,0,0,1
6893,BlueSalmonAlone,1,0,0,0,0,1,0,0,0,0,0,0,0,0
6894,Ali34413843,1,0,0,0,0,1,0,0,0,0,0,0,0,0
6895,king_bash1373,3,0,0,0,0,1,0,0,0,1,0,0,0,1
6896,neginghshi,1,0,0,0,0,1,0,0,0,0,0,0,0,0
6897,Signallldesk,2,0,0,0,0,1,0,0,0,0,0,0,0,1
6898,fufuli55,1,0,0,0,0,1,0,0,0,0,0,0,0,0
6899,MinooMi30195,5,0,0,0,0,1,0,0,1,1,0,1,1,0
6900,nvee3,1,0,0,0,0,1,0,0,0,0,0,0,0,0
6901,GhebleyeA6851,5,0,0,0,0,1,0,1,0,1,0,1,1,0
6902,sarah22143,7,0,0,0,0,1,1,0,1,1,1,1,1,0
6903,PeaceHappyJoy,4,0,0,0,0,1,0,0,0,1,1,1,0,0
6904,DJFarahnaz,1,0,0,0,0,1,0,0,0,0,0,0,0,0
6905,arash2026s,1,0,0,0,0,1,0,0,0,0,0,0,0,0
6906,M0midvar,1,0,0,0,0,1,0,0,0,0,0,0,0,0
6907,a_mirtab,2,0,0,0,0,1,0,0,0,1,0,0,0,0
6908,lee_dapo,1,0,0,0,0,1,0,0,0,0,0,0,0,0
6909,Voi_it,1,0,0,0,0,1,0,0,0,0,0,0,0,0
6910,Nikolastes13158,5,0,0,0,0,1,1,1,0,0,1,1,0,0
6911,AryShahram,1,0,0,0,0,1,0,0,0,0,0,0,0,0
6912,FreeLionessIran,3,0,0,0,0,1,0,0,1,0,1,0,0,0
6913,DrSsstrangee,1,0,0,0,0,1,0,0,0,0,0,0,0,0
6914,PPourahmadi,1,0,0,0,0,1,0,0,0,0,0,0,0,0
6915,Bita2018,6,0,0,0,0,1,1,0,1,1,1,1,0,0
6916,salitehhh,6,0,0,0,0,1,0,0,1,1,1,0,1,1
6917,VelvetGust,1,0,0,0,0,1,0,0,0,0,0,0,0,0
6918,Freedomfi8er,4,0,0,0,0,1,0,0,1,1,1,0,0,0
6919,birdhumming26,3,0,0,0,0,1,0,0,1,1,0,0,0,0
6920,Mahsa977187,4,0,0,0,0,1,1,0,0,1,0,1,0,0
6921,Romeo110100110,1,0,0,0,0,1,0,0,0,0,0,0,0,0
6922,Mina145589,1,0,0,0,0,1,0,0,0,0,0,0,0,0
6923,iran_bisouygara,1,0,0,0,0,1,0,0,0,0,0,0,0,0
6924,ShirinPura,1,0,0,0,0,1,0,0,0,0,0,0,0,0
6925,vatanparasttt,1,0,0,0,0,1,0,0,0,0,0,0,0,0
6926,Manij60702093,1,0,0,0,0,1,0,0,0,0,0,0,0,0
6927,baghestani28671,9,0,0,0,0,1,1,1,1,1,1,1,1,1
6928,Helena1998_,1,0,0,0,0,1,0,0,0,0,0,0,0,0
6929,volcano_876,2,0,0,0,0,1,0,0,0,0,0,0,0,1
6930,MikeNa2024,2,0,0,0,0,1,0,0,0,0,1,0,0,0
6931,IranIran0098,1,0,0,0,0,1,0,0,0,0,0,0,0,0
6932,h4xe24,1,0,0,0,0,1,0,0,0,0,0,0,0,0
6933,Gandalf_Fornost,6,0,0,0,0,1,0,0,1,1,1,1,1,0
6934,ti57442,2,0,0,0,0,1,0,0,0,1,0,0,0,0
6935,RandBozorg,4,0,0,0,0,1,0,0,1,0,1,1,0,0
6936,elshakeri6506,2,0,0,0,0,1,0,0,0,0,0,0,1,0
6937,Zariki2b,6,0,0,0,0,1,1,1,1,1,1,0,0,0
6938,Chrishartradio,1,0,0,0,0,1,0,0,0,0,0,0,0,0
6939,Neda21646102,1,0,0,0,0,1,0,0,0,0,0,0,0,0
6940,OJYcrrFgyi3jUcK,2,0,0,0,0,1,0,0,1,0,0,0,0,0
6941,IRAN_Revol2581,4,0,0,0,0,1,0,0,0,0,1,0,1,1
6942,hfnoone82,1,0,0,0,0,1,0,0,0,0,0,0,0,0
6943,savvy_np99511,1,0,0,0,0,1,0,0,0,0,0,0,0,0
6944,PADLDOUSTI,2,0,0,0,0,1,1,0,0,0,0,0,0,0
6945,Graphican0,1,0,0,0,0,1,0,0,0,0,0,0,0,0
6946,Sydney77io,4,0,0,0,0,1,0,0,1,1,0,0,1,0
6947,GreyWol08482159,6,0,0,0,0,1,0,0,1,1,1,0,1,1
6948,BabakBarak8846,7,0,0,0,0,1,1,1,1,0,0,1,1,1
6949,_sarbazeirani,3,0,0,0,0,1,0,0,0,1,0,1,0,0
6950,MayHadd2026,1,0,0,0,0,1,0,0,0,0,0,0,0,0
6951,IPahlavi57480,2,0,0,0,0,1,0,0,0,1,0,0,0,0
6952,Sadafyb,5,0,0,0,0,1,0,0,1,0,1,1,1,0
6953,nasimesf0,1,0,0,0,0,1,0,0,0,0,0,0,0,0
6954,AhmadrezaM16642,3,0,0,0,0,1,0,0,0,0,1,1,0,0
6955,estiven2531,6,0,0,0,0,1,1,0,1,0,1,1,1,0
6956,a3113752476163,1,0,0,0,0,1,0,0,0,0,0,0,0,0
6957,Light_of_iran,3,0,0,0,0,1,0,0,1,1,0,0,0,0
6958,iran76054534010,5,0,0,0,0,1,1,0,0,1,1,1,0,0
6959,NoValence1,2,0,0,0,0,1,0,0,0,0,1,0,0,0
6960,loveJJKKTHslove,4,0,0,0,0,1,0,0,1,0,1,0,0,1
6961,ashkanhtehrani,1,0,0,0,0,1,0,0,0,0,0,0,0,0
6962,DyHsn55942,4,0,0,0,0,1,1,0,0,1,0,0,1,0
6963,SORENA57,2,0,0,0,0,1,0,0,0,1,0,0,0,0
6964,Noor36532457,1,0,0,0,0,1,0,0,0,0,0,0,0,0
6965,azad_mardii,1,0,0,0,0,1,0,0,0,0,0,0,0,0
6966,KheradAzadi,1,0,0,0,0,1,0,0,0,0,0,0,0,0
6967,AtousaE,1,0,0,0,0,1,0,0,0,0,0,0,0,0
6968,freedomPhoenixm,1,0,0,0,0,1,0,0,0,0,0,0,0,0
6969,Damavand_Iran,3,0,0,0,0,1,1,0,0,0,0,0,1,0
6970,koroshkabirj,2,0,0,0,0,1,0,0,0,0,0,1,0,0
6971,SyYazdani,1,0,0,0,0,1,0,0,0,0,0,0,0,0
6972,Nanakyeh,1,0,0,0,0,1,0,0,0,0,0,0,0,0
6973,RaufSpeak67801,5,0,0,0,0,1,1,0,1,1,1,0,0,0
6974,BaharRezaDesign,2,0,0,0,0,1,0,0,1,0,0,0,0,0
6975,KhoMa2026,2,0,0,0,0,1,0,0,0,0,0,1,0,0
6976,DegiComs,2,0,0,0,0,1,0,0,0,1,0,0,0,0
6977,RyanPenning2000,1,0,0,0,0,1,0,0,0,0,0,0,0,0
6978,TakinHamzeloo,1,0,0,0,0,1,0,0,0,0,0,0,0,0
6979,voja9511,1,0,0,0,0,1,0,0,0,0,0,0,0,0
6980,Surush4176034,1,0,0,0,0,1,0,0,0,0,0,0,0,0
6981,DotOfUniverse,2,0,0,0,0,1,0,1,0,0,0,0,0,0
6982,AghaeiKimiya,2,0,0,0,0,1,0,0,0,1,0,0,0,0
6983,iraneman112,2,0,0,0,0,1,0,1,0,0,0,0,0,0
6984,olivertwist1363,3,0,0,0,0,1,0,0,0,1,0,0,0,1
6985,Ay_coop14,1,0,0,0,0,1,0,0,0,0,0,0,0,0
6986,h_rezaei,9,0,0,0,0,1,1,1,1,1,1,1,1,1
6987,Elizekh,2,0,0,0,0,1,0,0,0,0,0,0,0,1
6988,Afsaneh16871271,1,0,0,0,0,1,0,0,0,0,0,0,0,0
6989,majid5163635851,5,0,0,0,0,1,0,1,1,1,1,0,0,0
6990,faribayega53374,1,0,0,0,0,1,0,0,0,0,0,0,0,0
6991,diyako2424,1,0,0,0,0,1,0,0,0,0,0,0,0,0
6992,aban1370,1,0,0,0,0,1,0,0,0,0,0,0,0,0
6993,AckermanD_,1,0,0,0,0,1,0,0,0,0,0,0,0,0
6994,schmechel83,2,0,0,0,0,1,0,0,0,1,0,0,0,0
6995,Rostam98767537,1,0,0,0,0,1,0,0,0,0,0,0,0,0
6996,Fpouya23,6,0,0,0,0,1,1,1,1,1,0,0,1,0
6997,VafaAlishahi,2,0,0,0,0,1,0,0,0,0,1,0,0,0
6998,2yvqv,2,0,0,0,0,1,0,0,0,1,0,0,0,0
6999,FeriforIRAN,3,0,0,0,0,1,0,0,1,0,0,0,1,0
7000,Enekase1360,1,0,0,0,0,1,0,0,0,0,0,0,0,0
7001,Abas5sb,1,0,0,0,0,1,0,0,0,0,0,0,0,0
7002,SHAHIAVID,6,0,0,0,0,1,1,1,0,1,0,1,0,1
7003,Agrinagrin1234,7,0,0,0,0,1,0,1,0,1,1,1,1,1
7004,LiberalMagus,4,0,0,0,0,1,0,0,0,0,1,0,1,1
7005,azolie4,1,0,0,0,0,1,0,0,0,0,0,0,0,0
7006,sayanyyhing,2,0,0,0,0,1,0,1,0,0,0,0,0,0
7007,AnnaMahak,1,0,0,0,0,1,0,0,0,0,0,0,0,0
7008,ahampay,2,0,0,0,0,1,0,1,0,0,0,0,0,0
7009,elham_habi1352,1,0,0,0,0,1,0,0,0,0,0,0,0,0
7010,Max_Musterjunge,2,0,0,0,0,1,0,0,0,1,0,0,0,0
7011,sepidrud,1,0,0,0,0,1,0,0,0,0,0,0,0,0
7012,TaraRezapour3,4,0,0,0,0,1,0,1,0,1,1,0,0,0
7013,parisa47563683,4,0,0,0,0,1,0,0,0,1,0,0,1,1
7014,mamadogex,2,0,0,0,0,1,0,0,0,1,0,0,0,0
7015,Negin1712486,1,0,0,0,0,1,0,0,0,0,0,0,0,0
7016,MDariush16,1,0,0,0,0,1,0,0,0,0,0,0,0,0
7017,RezaKam02134080,5,0,0,0,0,1,0,0,1,1,1,0,0,1
7018,PersianElf_,1,0,0,0,0,1,0,0,0,0,0,0,0,0
7019,fariba_afzali,2,0,0,0,0,1,0,0,0,0,0,1,0,0
7020,Jenabi63,1,0,0,0,0,1,0,0,0,0,0,0,0,0
7021,jimbo__san,2,0,0,0,0,1,0,0,0,0,0,0,0,1
7022,Thanoss_1990,1,0,0,0,0,1,0,0,0,0,0,0,0,0
7023,PayamAbrishami,1,0,0,0,0,1,0,0,0,0,0,0,0,0
7024,963Noghreh,1,0,0,0,0,1,0,0,0,0,0,0,0,0
7025,Nedasecular,1,0,0,0,0,1,0,0,0,0,0,0,0,0
7026,shabnamine,2,0,0,0,0,1,0,0,1,0,0,0,0,0
7027,reyhane_sh,3,0,0,0,0,1,0,0,0,0,0,1,0,1
7028,Porseshgar_x,5,0,0,0,0,1,0,0,0,1,1,1,1,0
7029,Uprizingznkz,2,0,0,0,0,1,1,0,0,0,0,0,0,0
7030,mahdi87864921,1,0,0,0,0,1,0,0,0,0,0,0,0,0
7031,suppresion402,3,0,0,0,0,1,0,0,1,0,1,0,0,0
7032,RoyalZanganeh,1,0,0,0,0,1,0,0,0,0,0,0,0,0
7033,Iranaryan2579,1,0,0,0,0,1,0,0,0,0,0,0,0,0
7034,pwspictures,1,0,0,0,0,1,0,0,0,0,0,0,0,0
7035,Arin0_01999,3,0,0,0,0,1,0,0,0,0,1,0,1,0
7036,RisingLioness,3,0,0,0,0,1,1,0,1,0,0,0,0,0
7037,SHADI2582,1,0,0,0,0,1,0,0,0,0,0,0,0,0
7038,LeoGrantideas,1,0,0,0,0,1,0,0,0,0,0,0,0,0
7039,MooyyyHoma,4,0,0,0,0,1,1,0,0,0,1,0,1,0
7040,Mobinaiz2,3,0,0,0,0,1,0,0,1,0,0,0,1,0
7041,masoud_khademi,1,0,0,0,0,1,0,0,0,0,0,0,0,0
7042,erkan_yj,6,0,0,0,0,1,0,1,1,1,1,0,0,1
7043,sepi_days,2,0,0,0,0,1,0,0,0,0,1,0,0,0
7044,Kasra83995689,1,0,0,0,0,1,0,0,0,0,0,0,0,0
7045,susanlouie57,2,0,0,0,0,1,0,0,0,1,0,0,0,0
7046,Saparok2,9,0,0,0,0,1,1,1,1,1,1,1,1,1
7047,yousezadeh80727,1,0,0,0,0,1,0,0,0,0,0,0,0,0
7048,martinlove236,2,0,0,0,0,1,0,0,0,0,0,1,0,0
7049,LionSun41984,1,0,0,0,0,1,0,0,0,0,0,0,0,0
7050,KingdomForIRAN,5,0,0,0,0,1,0,0,1,0,1,0,1,1
7051,Golbarg17,2,0,0,0,0,1,0,0,0,1,0,0,0,0
7052,wiliam486993,2,0,0,0,0,1,0,1,0,0,0,0,0,0
7053,Javad893,1,0,0,0,0,1,0,0,0,0,0,0,0,0
7054,Rosegold_Knight,1,0,0,0,0,1,0,0,0,0,0,0,0,0
7055,kotletdoost,2,0,0,0,0,1,0,0,0,0,0,0,0,1
7056,Ares_fucki,1,0,0,0,0,1,0,0,0,0,0,0,0,0
7057,EgoEgonn,2,0,0,0,0,1,0,1,0,0,0,0,0,0
7058,jagaharfordig1,1,0,0,0,0,1,0,0,0,0,0,0,0,0
7059,Shahanshah79,1,0,0,0,0,1,0,0,0,0,0,0,0,0
7060,noushmz,4,0,0,0,0,1,0,0,0,1,0,0,1,1
7061,Stwiegriffing,1,0,0,0,0,1,0,0,0,0,0,0,0,0
7062,R1chardShidel,6,0,0,0,0,1,0,0,1,1,1,1,1,0
7063,etinoma,2,0,0,0,0,1,0,0,0,0,1,0,0,0
7064,Sogand_shn,1,0,0,0,0,1,0,0,0,0,0,0,0,0
7065,eliiranabad,5,0,0,0,0,1,1,0,1,1,0,1,0,0
7066,e_moonligh37846,1,0,0,0,0,1,0,0,0,0,0,0,0,0
7067,MDRAGONM88,3,0,0,0,0,1,0,0,0,1,0,0,1,0
7068,ShahJaviid24917,3,0,0,0,0,1,0,0,0,0,0,1,0,1
7069,shishbio,1,0,0,0,0,1,0,0,0,0,0,0,0,0
7070,MrymN82502,2,0,0,0,0,1,1,0,0,0,0,0,0,0
7071,ParvanehA63758,3,0,0,0,0,1,1,0,1,0,0,0,0,0
7072,Siahe_porrang,3,0,0,0,0,1,0,0,0,1,0,0,1,0
7073,SaharRajaya,2,0,0,0,0,1,0,0,0,0,0,0,0,1
7074,ManizheK9075,2,0,0,0,0,1,0,0,0,1,0,0,0,0
7075,GirlFromZagros,4,0,0,0,0,1,0,1,1,0,1,0,0,0
7076,SetarehHaji,7,0,0,0,0,1,1,1,1,0,1,1,1,0
7077,MojganGhad45248,1,0,0,0,0,1,0,0,0,0,0,0,0,0
7078,Daryoush_Aryani,5,0,0,0,0,1,0,0,1,0,1,1,0,1
7079,mrgisbi,4,0,0,0,0,1,1,0,0,0,0,0,1,1
7080,SeyediFarshad,5,0,0,0,0,1,0,0,0,1,1,1,0,1
7081,Naser3brat,1,0,0,0,0,1,0,0,0,0,0,0,0,0
7082,frd2557,6,0,0,0,0,1,0,0,1,1,0,1,1,1
7083,ClareIN_CALI,3,0,0,0,0,1,0,0,1,0,1,0,0,0
7084,theatripfg000,1,0,0,0,0,1,0,0,0,0,0,0,0,0
7085,BobRoberts95719,1,0,0,0,0,1,0,0,0,0,0,0,0,0
7086,fchoupani1,2,0,0,0,0,1,0,0,0,0,0,1,0,0
7087,Siperisk,1,0,0,0,0,1,0,0,0,0,0,0,0,0
7088,alikynnShaw,3,0,0,0,0,1,0,0,1,0,1,0,0,0
7089,chiefnavid,6,0,0,0,0,1,1,1,0,1,1,1,0,0
7090,Leyla65276343,1,0,0,0,0,1,0,0,0,0,0,0,0,0
7091,Masoorimasan,2,0,0,0,0,1,0,0,0,1,0,0,0,0
7092,eshaghi_as4192,1,0,0,0,0,1,0,0,0,0,0,0,0,0
7093,motheroffoolad,7,0,0,0,0,1,1,0,1,1,0,1,1,1
7094,havayekhub,6,0,0,0,0,1,1,0,0,1,1,1,1,0
7095,RezaMT1982,5,0,0,0,0,1,1,0,1,1,1,0,0,0
7096,Matt79112222,3,0,0,0,0,1,0,0,0,0,0,1,0,1
7097,nowbarofworld,1,0,0,0,0,1,0,0,0,0,0,0,0,0
7098,soheilRF,1,0,0,0,0,1,0,0,0,0,0,0,0,0
7099,HlxmP5G0DvFtHfG,4,0,0,0,0,1,0,0,1,1,1,0,0,0
7100,Mahfar0205,2,0,0,0,0,1,0,0,0,0,0,1,0,0
7101,DeutscheRebel2,1,0,0,0,0,1,0,0,0,0,0,0,0,0
7102,fnakisa116825,1,0,0,0,0,1,0,0,0,0,0,0,0,0
7103,Shiloh197022,3,0,0,0,0,1,0,0,0,1,0,1,0,0
7104,Fififarjoon,6,0,0,0,0,1,0,0,1,1,0,1,1,1
7105,WanderlustTrav6,1,0,0,0,0,1,0,0,0,0,0,0,0,0
7106,Korush_iran98,4,0,0,0,0,1,0,0,1,1,0,0,1,0
7107,Patriot1949204,2,0,0,0,0,1,0,0,0,1,0,0,0,0
7108,Amin_Mojiri,1,0,0,0,0,1,0,0,0,0,0,0,0,0
7109,KiaNikravesh,1,0,0,0,0,1,0,0,0,0,0,0,0,0
7110,Sanazii95,3,0,0,0,0,1,0,0,0,1,0,1,0,0
7111,0xwexort,2,0,0,0,0,1,1,0,0,0,0,0,0,0
7112,piruzakhta31327,2,0,0,0,0,1,0,0,0,1,0,0,0,0
7113,MehdiVakili20,1,0,0,0,0,1,0,0,0,0,0,0,0,0
7114,Maryam4azadi,1,0,0,0,0,1,0,0,0,0,0,0,0,0
7115,SanchezSimin,6,0,0,0,0,1,1,1,0,1,0,1,1,0
7116,Doctor_Cortex,2,0,0,0,0,1,0,0,0,0,0,0,1,0
7117,Mtyouue,4,0,0,0,0,1,0,0,0,0,0,1,1,1
7118,Fabo4IPP,4,0,0,0,0,1,0,0,1,1,0,0,0,1
7119,Serenaazadi,7,0,0,0,0,1,1,0,1,0,1,1,1,1
7120,amyrovic,1,0,0,0,0,1,0,0,0,0,0,0,0,0
7121,jigolosho,3,0,0,0,0,1,0,0,0,1,1,0,0,0
7122,khani_saba,1,0,0,0,0,1,0,0,0,0,0,0,0,0
7123,SKarlinius,1,0,0,0,0,1,0,0,0,0,0,0,0,0
7124,AfterNight1980,2,0,0,0,0,1,0,0,0,1,0,0,0,0
7125,siminmah,4,0,0,0,0,1,0,0,0,1,0,1,0,1
7126,Soniainspired,1,0,0,0,0,1,0,0,0,0,0,0,0,0
7127,SE0279246848523,5,0,0,0,0,1,0,0,1,0,0,1,1,1
7128,GhodratG85726,2,0,0,0,0,1,0,0,0,1,0,0,0,0
7129,SalvadorAli84,1,0,0,0,0,1,0,0,0,0,0,0,0,0
7130,Gigi_8787,1,0,0,0,0,1,0,0,0,0,0,0,0,0
7131,pegasusvancity,1,0,0,0,0,1,0,0,0,0,0,0,0,0
7132,braxise08,1,0,0,0,0,1,0,0,0,0,0,0,0,0
7133,MA347968,5,0,0,0,0,1,0,0,1,1,0,1,1,0
7134,zhizhek_,2,0,0,0,0,1,0,0,0,0,0,0,1,0
7135,kimiaziyagil,1,0,0,0,0,1,0,0,0,0,0,0,0,0
7136,thatyoterbro,2,0,0,0,0,1,1,0,0,0,0,0,0,0
7137,hichmapich,2,0,0,0,0,1,0,0,0,1,0,0,0,0
7138,Gary1999999,1,0,0,0,0,1,0,0,0,0,0,0,0,0
7139,PersianAusi,1,0,0,0,0,1,0,0,0,0,0,0,0,0
7140,Shahin06655468,1,0,0,0,0,1,0,0,0,0,0,0,0,0
7141,Mahanxomidi,2,0,0,0,0,1,0,0,0,1,0,0,0,0
7142,AshArmand39689,1,0,0,0,0,1,0,0,0,0,0,0,0,0
7143,RimaMHB,1,0,0,0,0,1,0,0,0,0,0,0,0,0
7144,Sohraab_Saam,1,0,0,0,0,1,0,0,0,0,0,0,0,0
7145,MIGAwithSHAH,2,0,0,0,0,1,1,0,0,0,0,0,0,0
7146,3030liii,1,0,0,0,0,1,0,0,0,0,0,0,0,0
7147,NaarSheed,1,0,0,0,0,1,0,0,0,0,0,0,0,0
7148,mariaka__,4,0,0,0,0,1,0,0,0,1,1,1,0,0
7149,ytl9e,1,0,0,0,0,1,0,0,0,0,0,0,0,0
7150,persianmazda,1,0,0,0,0,1,0,0,0,0,0,0,0,0
7151,AlirezaKeramat3,3,0,0,0,0,1,0,0,0,1,0,0,1,0
7152,IraniShaman,1,0,0,0,0,1,0,0,0,0,0,0,0,0
7153,JoojehKhashmgin,1,0,0,0,0,1,0,0,0,0,0,0,0,0
7154,pani_hos,1,0,0,0,0,1,0,0,0,0,0,0,0,0
7155,AzadiVoice2026,1,0,0,0,0,1,0,0,0,0,0,0,0,0
7156,ArianMutter,3,0,0,0,0,1,0,0,0,1,0,1,0,0
7157,IRAN5538,4,0,0,0,0,1,1,0,0,0,1,0,1,0
7158,SaeedAghajan2,3,0,0,0,0,1,0,0,0,0,0,0,1,1
7159,Sadi52332927266,7,0,0,0,0,1,1,0,1,1,1,1,1,0
7160,niac_anti,2,0,0,0,0,1,0,0,0,0,0,1,0,0
7161,55Honeybuckets,1,0,0,0,0,1,0,0,0,0,0,0,0,0
7162,alvand_blue,1,0,0,0,0,1,0,0,0,0,0,0,0,0
7163,DavidBazargani,2,0,0,0,0,1,0,0,1,0,0,0,0,0
7164,primen2550,3,0,0,0,0,1,1,0,0,0,0,0,0,1
7165,PersianKrawatt,3,0,0,0,0,1,0,0,1,0,1,0,0,0
7166,Samanpxf4,2,0,0,0,0,1,0,0,0,0,0,1,0,0
7167,afshinazizj4da,2,0,0,0,0,1,0,0,0,0,0,0,1,0
7168,Pjfortrump,3,0,0,0,0,1,0,0,1,0,0,1,0,0
7169,ArdekSamson,1,0,0,0,0,1,0,0,0,0,0,0,0,0
7170,skippidydopp,1,0,0,0,0,1,0,0,0,0,0,0,0,0
7171,AdamlooMina,4,0,0,0,0,1,0,0,1,1,0,0,1,0
7172,Shadi_Aryafar,6,0,0,0,0,1,0,0,1,1,0,1,1,1
7173,FereidoonGhafa1,1,0,0,0,0,1,0,0,0,0,0,0,0,0
7174,Farzanluv,1,0,0,0,0,1,0,0,0,0,0,0,0,0
7175,mahkouman,2,0,0,0,0,1,0,0,0,1,0,0,0,0
7176,mojganrezaief,1,0,0,0,0,1,0,0,0,0,0,0,0,0
7177,Substantial46,4,0,0,0,0,1,0,0,0,1,0,1,1,0
7178,Noor1893414,3,0,0,0,0,1,1,0,1,0,0,0,0,0
7179,Lilibahari90,7,0,0,0,0,1,0,0,1,1,1,1,1,1
7180,ArashBehgoo,2,0,0,0,0,1,0,0,1,0,0,0,0,0
7181,amir250075,2,0,0,0,0,1,0,0,1,0,0,0,0,0
7182,MrsYellow2025,1,0,0,0,0,1,0,0,0,0,0,0,0,0
7183,NNooshdaroo,3,0,0,0,0,1,1,1,0,0,0,0,0,0
7184,Fusil198,2,0,0,0,0,1,0,0,1,0,0,0,0,0
7185,Setareh2263,2,0,0,0,0,1,0,0,0,1,0,0,0,0
7186,IVSORO24,1,0,0,0,0,1,0,0,0,0,0,0,0,0
7187,TazehRamin,6,0,0,0,0,1,1,0,0,1,0,1,1,1
7188,MalakOlamaie,1,0,0,0,0,1,0,0,0,0,0,0,0,0
7189,Davidlari441,1,0,0,0,0,1,0,0,0,0,0,0,0,0
7190,Vatanamk,2,0,0,0,0,1,0,0,0,0,0,1,0,0
7191,46_yazdan,6,0,0,0,0,1,0,0,1,1,0,1,1,1
7192,BabaKhanShreds,1,0,0,0,0,1,0,0,0,0,0,0,0,0
7193,maryshiry1,2,0,0,0,0,1,0,0,1,0,0,0,0,0
7194,ahoora_ario,2,0,0,0,0,1,0,0,0,1,0,0,0,0
7195,NBTweet_,1,0,0,0,0,1,0,0,0,0,0,0,0,0
7196,NazaninJavan315,1,0,0,0,0,1,0,0,0,0,0,0,0,0
7197,javdan_iran2025,1,0,0,0,0,1,0,0,0,0,0,0,0,0
7198,ArashBanian,2,0,0,0,0,1,0,1,0,0,0,0,0,0
7199,parsa_new,9,0,0,0,0,1,1,1,1,1,1,1,1,1
7200,MaryAbtArt,3,0,0,0,0,1,0,1,0,0,0,0,1,0
7201,Mike4Nader,3,0,0,0,0,1,0,0,0,1,0,0,0,1
7202,Piano960429,2,0,0,0,0,1,0,0,1,0,0,0,0,0
7203,JusticeforIra10,1,0,0,0,0,1,0,0,0,0,0,0,0,0
7204,lester85031741,5,0,0,0,0,1,0,0,1,0,0,1,1,1
7205,Samirani1712,3,0,0,0,0,1,0,0,0,0,1,0,0,1
7206,I1MiHaN,3,0,0,0,0,1,0,1,0,1,0,0,0,0
7207,CyrusB30765,1,0,0,0,0,1,0,0,0,0,0,0,0,0
7208,IntermobilesC,1,0,0,0,0,1,0,0,0,0,0,0,0,0
7209,MoazzamLeh,3,0,0,0,0,1,0,0,0,0,0,0,1,1
7210,RajabzadehArash,2,0,0,0,0,1,0,0,0,1,0,0,0,0
7211,picheetah,1,0,0,0,0,1,0,0,0,0,0,0,0,0
7212,rockstorm__,3,0,0,0,0,1,0,0,1,1,0,0,0,0
7213,Reyreyrey1822,2,0,0,0,0,1,0,0,0,1,0,0,0,0
7214,BaharianManu,1,0,0,0,0,1,0,0,0,0,0,0,0,0
7215,Nilllzzz92,1,0,0,0,0,1,0,0,0,0,0,0,0,0
7216,SaulGoo68115950,8,0,0,0,0,1,1,1,1,1,1,1,1,0
7217,somayehpanahi,1,0,0,0,0,1,0,0,0,0,0,0,0,0
7218,lordaryameer,1,0,0,0,0,1,0,0,0,0,0,0,0,0
7219,Sandra417424513,2,0,0,0,0,1,0,0,1,0,0,0,0,0
7220,SamAlam816330,1,0,0,0,0,1,0,0,0,0,0,0,0,0
7221,IranAzadw,1,0,0,0,0,1,0,0,0,0,0,0,0,0
7222,MasoudRzMN,8,0,0,0,0,1,1,1,1,1,0,1,1,1
7223,MehradKabir,8,0,0,0,0,1,1,1,1,1,1,1,0,1
7224,Persian_Roar,1,0,0,0,0,1,0,0,0,0,0,0,0,0
7225,farazaminist,1,0,0,0,0,1,0,0,0,0,0,0,0,0
7226,TalebiElmi72930,2,0,0,0,0,1,0,0,0,0,0,0,0,1
7227,simagoone,1,0,0,0,0,1,0,0,0,0,0,0,0,0
7228,Arimm1998,1,0,0,0,0,1,0,0,0,0,0,0,0,0
7229,ArmanTheBrave,2,0,0,0,0,1,0,0,0,0,0,1,0,0
7230,NPashaei20293,2,0,0,0,0,1,0,0,0,0,0,1,0,0
7231,MrMamalpej,2,0,0,0,0,1,0,1,0,0,0,0,0,0
7232,rona6661072439,1,0,0,0,0,1,0,0,0,0,0,0,0,0
7233,Amoozandeh2020,1,0,0,0,0,1,0,0,0,0,0,0,0,0
7234,NazeninA,1,0,0,0,0,1,0,0,0,0,0,0,0,0
7235,jigh33_z,1,0,0,0,0,1,0,0,0,0,0,0,0,0
7236,ISharifat,5,0,0,0,0,1,1,1,0,0,0,1,0,1
7237,kiarash_parsi,4,0,0,0,0,1,0,0,1,0,0,1,1,0
7238,iran_Rev_26,1,0,0,0,0,1,0,0,0,0,0,0,0,0
7239,Cyrus_2600_USA,1,0,0,0,0,1,0,0,0,0,0,0,0,0
7240,aim54awg9,1,0,0,0,0,1,0,0,0,0,0,0,0,0
7241,FredAmzadi,1,0,0,0,0,1,0,0,0,0,0,0,0,0
7242,zizi2022pink,1,0,0,0,0,1,0,0,0,0,0,0,0,0
7243,HomeiraBakhtia1,1,0,0,0,0,1,0,0,0,0,0,0,0,0
7244,Bateman_Miga,1,0,0,0,0,1,0,0,0,0,0,0,0,0
7245,ShidRokh87,1,0,0,0,0,1,0,0,0,0,0,0,0,0
7246,ZZA2023,1,0,0,0,0,1,0,0,0,0,0,0,0,0
7247,Kian_from_Iran,3,0,0,0,0,1,0,0,1,1,0,0,0,0
7248,eiS550,5,0,0,0,0,1,0,0,1,1,0,1,0,1
7249,rarum1417,1,0,0,0,0,1,0,0,0,0,0,0,0,0
7250,Yas19791979,3,0,0,0,0,1,1,0,0,1,0,0,0,0
7251,ela24023251,1,0,0,0,0,1,0,0,0,0,0,0,0,0
7252,BSdr166,3,0,0,0,0,1,0,0,0,1,0,1,0,0
7253,Nasiiim88,3,0,0,0,0,1,1,1,0,0,0,0,0,0
7254,MitraGh56,1,0,0,0,0,1,0,0,0,0,0,0,0,0
7255,FridaInan2500,1,0,0,0,0,1,0,0,0,0,0,0,0,0
7256,Q_Saf_,1,0,0,0,0,1,0,0,0,0,0,0,0,0
7257,BlueAngle1979,4,0,0,0,0,1,1,0,1,0,0,1,0,0
7258,RALionheart,1,0,0,0,0,1,0,0,0,0,0,0,0,0
7259,KevinJ78942,1,0,0,0,0,1,0,0,0,0,0,0,0,0
7260,MoeRoustaei,1,0,0,0,0,1,0,0,0,0,0,0,0,0
7261,I_Rock_Bells,2,0,0,0,0,1,0,0,0,0,0,0,1,0
7262,tapayejan0,3,0,0,0,0,1,0,1,0,0,1,0,0,0
7263,danoo_2nd,5,0,0,0,0,1,1,0,0,0,1,1,1,0
7264,Asghar1090764,3,0,0,0,0,1,1,0,1,0,0,0,0,0
7265,Melina10541426,1,0,0,0,0,1,0,0,0,0,0,0,0,0
7266,LionSun17,3,0,0,0,0,1,0,0,1,1,0,0,0,0
7267,NadershaheAf202,2,0,0,0,0,1,0,0,1,0,0,0,0,0
7268,Malouchak2,2,0,0,0,0,1,0,0,0,0,0,1,0,0
7269,Ti_Ka_Ad,2,0,0,0,0,1,0,0,1,0,0,0,0,0
7270,lotos80f,3,0,0,0,0,1,0,0,0,1,1,0,0,0
7271,TONY_SOPRANO_20,7,0,0,0,0,0,1,0,1,1,1,1,1,1
7272,dplp202358201,1,0,0,0,0,0,1,0,0,0,0,0,0,0
7273,scharlinn,3,0,0,0,0,0,1,0,1,0,1,0,0,0
7274,MohammadJa90,1,0,0,0,0,0,1,0,0,0,0,0,0,0
7275,cyrus2583,7,0,0,0,0,0,1,1,1,1,1,1,0,1
7276,proxxxhz78,1,0,0,0,0,0,1,0,0,0,0,0,0,0
7277,navid021berlin,1,0,0,0,0,0,1,0,0,0,0,0,0,0
7278,MiguelF09443843,1,0,0,0,0,0,1,0,0,0,0,0,0,0
7279,ParisCIran,1,0,0,0,0,0,1,0,0,0,0,0,0,0
7280,gorbeyeTanhayeS,2,0,0,0,0,0,1,0,1,0,0,0,0,0
7281,BelyadMary,2,0,0,0,0,0,1,0,1,0,0,0,0,0
7282,sarbazgard,1,0,0,0,0,0,1,0,0,0,0,0,0,0
7283,AmirDashti61458,8,0,0,0,0,0,1,1,1,1,1,1,1,1
7284,starSat13467,7,0,0,0,0,0,1,0,1,1,1,1,1,1
7285,Holly_ACL,1,0,0,0,0,0,1,0,0,0,0,0,0,0
7286,Agent008here,2,0,0,0,0,0,1,0,1,0,0,0,0,0
7287,rezazia,4,0,0,0,0,0,1,0,1,1,1,0,0,0
7288,kuhestan11780,4,0,0,0,0,0,1,0,1,0,0,1,1,0
7289,faetwee,5,0,0,0,0,0,1,0,1,1,1,1,0,0
7290,tokibashii,4,0,0,0,0,0,1,0,0,1,1,1,0,0
7291,fereshtehgilaki,3,0,0,0,0,0,1,1,0,1,0,0,0,0
7292,taramahnaz,7,0,0,0,0,0,1,0,1,1,1,1,1,1
7293,maxi_mimalianos,1,0,0,0,0,0,1,0,0,0,0,0,0,0
7294,brabham98133,1,0,0,0,0,0,1,0,0,0,0,0,0,0
7295,HalehRaf,1,0,0,0,0,0,1,0,0,0,0,0,0,0
7296,CatherineChan98,2,0,0,0,0,0,1,0,1,0,0,0,0,0
7297,maxcamont,2,0,0,0,0,0,1,1,0,0,0,0,0,0
7298,eternaalari,4,0,0,0,0,0,1,0,0,1,1,1,0,0
7299,FiliFoli55741,6,0,0,0,0,0,1,0,1,1,1,1,0,1
7300,Mohamma41040658,3,0,0,0,0,0,1,0,0,1,0,0,0,1
7301,7_peyman,3,0,0,0,0,0,1,0,0,0,1,1,0,0
7302,Symmetrybody_il,1,0,0,0,0,0,1,0,0,0,0,0,0,0
7303,ElaheMirkarimi,1,0,0,0,0,0,1,0,0,0,0,0,0,0
7304,Ahoora79cv,1,0,0,0,0,0,1,0,0,0,0,0,0,0
7305,Nahid1517661,1,0,0,0,0,0,1,0,0,0,0,0,0,0
7306,vali03893960,5,0,0,0,0,0,1,0,0,1,1,1,0,1
7307,pourhakhamanesh,1,0,0,0,0,0,1,0,0,0,0,0,0,0
7308,Nazaninhosain,1,0,0,0,0,0,1,0,0,0,0,0,0,0
7309,Morteza3697,1,0,0,0,0,0,1,0,0,0,0,0,0,0
7310,JavidanIranema,1,0,0,0,0,0,1,0,0,0,0,0,0,0
7311,Rastakhiz2026,5,0,0,0,0,0,1,0,1,1,1,1,0,0
7312,mhrzmomeni_fa,3,0,0,0,0,0,1,0,0,1,0,1,0,0
7313,Sanl2021,1,0,0,0,0,0,1,0,0,0,0,0,0,0
7314,harikaboy2020,1,0,0,0,0,0,1,0,0,0,0,0,0,0
7315,its_kowser,1,0,0,0,0,0,1,0,0,0,0,0,0,0
7316,roobahkhanoom,3,0,0,0,0,0,1,0,0,1,0,1,0,0
7317,ArcherNightfall,2,0,0,0,0,0,1,0,0,0,0,0,1,0
7318,Fereshteharghan,1,0,0,0,0,0,1,0,0,0,0,0,0,0
7319,So89306299,7,0,0,0,0,0,1,0,1,1,1,1,1,1
7320,Behnaz28,3,0,0,0,0,0,1,0,0,1,0,0,0,1
7321,anti57y,2,0,0,0,0,0,1,0,1,0,0,0,0,0
7322,AmyKosari,1,0,0,0,0,0,1,0,0,0,0,0,0,0
7323,121parvaz,1,0,0,0,0,0,1,0,0,0,0,0,0,0
7324,irankingrise,5,0,0,0,0,0,1,0,0,0,1,1,1,1
7325,MAryayy97153,1,0,0,0,0,0,1,0,0,0,0,0,0,0
7326,username123free,1,0,0,0,0,0,1,0,0,0,0,0,0,0
7327,holakoolooloo,1,0,0,0,0,0,1,0,0,0,0,0,0,0
7328,jizzle_bright,1,0,0,0,0,0,1,0,0,0,0,0,0,0
7329,hoveyda77,1,0,0,0,0,0,1,0,0,0,0,0,0,0
7330,Tiamshir,6,0,0,0,0,0,1,0,1,1,1,1,0,1
7331,Shahanshah4ever,1,0,0,0,0,0,1,0,0,0,0,0,0,0
7332,thewitchbites,6,0,0,0,0,0,1,0,1,1,0,1,1,1
7333,Sara01796375167,1,0,0,0,0,0,1,0,0,0,0,0,0,0
7334,Ferdosidoost,4,0,0,0,0,0,1,0,1,0,1,0,0,1
7335,RlSira,1,0,0,0,0,0,1,0,0,0,0,0,0,0
7336,ryn817321626112,1,0,0,0,0,0,1,0,0,0,0,0,0,0
7337,MochiMamaDove,2,0,0,0,0,0,1,0,0,0,0,0,1,0
7338,Shishi_ir,6,0,0,0,0,0,1,1,1,1,0,0,1,1
7339,AtenaLotfi4,1,0,0,0,0,0,1,0,0,0,0,0,0,0
7340,AliBagheri48087,2,0,0,0,0,0,1,0,1,0,0,0,0,0
7341,Heli_b90,1,0,0,0,0,0,1,0,0,0,0,0,0,0
7342,a_eslammanesh,4,0,0,0,0,0,1,0,0,1,0,1,1,0
7343,sorena41370,3,0,0,0,0,0,1,0,1,1,0,0,0,0
7344,The_parham_,4,0,0,0,0,0,1,1,1,0,1,0,0,0
7345,NeuroDevNet,1,0,0,0,0,0,1,0,0,0,0,0,0,0
7346,babakbardiya,6,0,0,0,0,0,1,0,1,1,0,1,1,1
7347,Patriotism16630,2,0,0,0,0,0,1,0,0,0,0,0,0,1
7348,f_i_i_p_,1,0,0,0,0,0,1,0,0,0,0,0,0,0
7349,Mina_589,1,0,0,0,0,0,1,0,0,0,0,0,0,0
7350,Behnam_AD,4,0,0,0,0,0,1,0,0,1,0,1,0,1
7351,mgtabassi,3,0,0,0,0,0,1,0,0,0,0,1,1,0
7352,FiSamin25,1,0,0,0,0,0,1,0,0,0,0,0,0,0
7353,danial_aryamehr,1,0,0,0,0,0,1,0,0,0,0,0,0,0
7354,Vintage_Ramsay,2,0,0,0,0,0,1,0,0,0,0,1,0,0
7355,R0y4y1,1,0,0,0,0,0,1,0,0,0,0,0,0,0
7356,tara20581513400,1,0,0,0,0,0,1,0,0,0,0,0,0,0
7357,Pac777434617,1,0,0,0,0,0,1,0,0,0,0,0,0,0
7358,devil__unicorn,1,0,0,0,0,0,1,0,0,0,0,0,0,0
7359,N05494813,2,0,0,0,0,0,1,0,0,0,0,0,1,0
7360,genorista,3,0,0,0,0,0,1,0,0,0,0,1,0,1
7361,bublusw,1,0,0,0,0,0,1,0,0,0,0,0,0,0
7362,Janethaghighat,1,0,0,0,0,0,1,0,0,0,0,0,0,0
7363,kangaroos991,4,0,0,0,0,0,1,1,1,1,0,0,0,0
7364,Nazina81,1,0,0,0,0,0,1,0,0,0,0,0,0,0
7365,dwwd96011440,1,0,0,0,0,0,1,0,0,0,0,0,0,0
7366,ThomasY388,6,0,0,0,0,0,1,0,1,1,1,1,1,0
7367,king_rp2500,1,0,0,0,0,0,1,0,0,0,0,0,0,0
7368,tootfaranghi,1,0,0,0,0,0,1,0,0,0,0,0,0,0
7369,ghasedak189,3,0,0,0,0,0,1,0,0,1,0,0,0,1
7370,arash8361,3,0,0,0,0,0,1,0,1,0,0,0,1,0
7371,Em_iranian,1,0,0,0,0,0,1,0,0,0,0,0,0,0
7372,3Farrokhzad,1,0,0,0,0,0,1,0,0,0,0,0,0,0
7373,mehr_xo,1,0,0,0,0,0,1,0,0,0,0,0,0,0
7374,RayRezaRay,1,0,0,0,0,0,1,0,0,0,0,0,0,0
7375,perquestus,6,0,0,0,0,0,1,0,1,0,1,1,1,1
7376,Meri_Doe,1,0,0,0,0,0,1,0,0,0,0,0,0,0
7377,kh_milad46,6,0,0,0,0,0,1,0,1,1,0,1,1,1
7378,yara91274715961,2,0,0,0,0,0,1,0,0,1,0,0,0,0
7379,FarzanehChoopa1,1,0,0,0,0,0,1,0,0,0,0,0,0,0
7380,_masoumehh_3456,1,0,0,0,0,0,1,0,0,0,0,0,0,0
7381,MMoradi51879,1,0,0,0,0,0,1,0,0,0,0,0,0,0
7382,goddesofhope,4,0,0,0,0,0,1,0,1,1,0,0,1,0
7383,verasat1,1,0,0,0,0,0,1,0,0,0,0,0,0,0
7384,salvador1394,3,0,0,0,0,0,1,0,1,1,0,0,0,0
7385,fardaad1359,3,0,0,0,0,0,1,0,0,1,0,1,0,0
7386,Hameowmeme,2,0,0,0,0,0,1,0,0,0,1,0,0,0
7387,Mehmh7373,1,0,0,0,0,0,1,0,0,0,0,0,0,0
7388,AryanpourArash,1,0,0,0,0,0,1,0,0,0,0,0,0,0
7389,true_warriorr,1,0,0,0,0,0,1,0,0,0,0,0,0,0
7390,Partigianooooo,2,0,0,0,0,0,1,0,0,0,1,0,0,0
7391,dolceprincipe,1,0,0,0,0,0,1,0,0,0,0,0,0,0
7392,FarhadRasouli9,7,0,0,0,0,0,1,0,1,1,1,1,1,1
7393,senobar_arzhang,3,0,0,0,0,0,1,0,0,1,0,0,1,0
7394,alborz222,1,0,0,0,0,0,1,0,0,0,0,0,0,0
7395,pahlavikhah43t,2,0,0,0,0,0,1,1,0,0,0,0,0,0
7396,rahnamania,3,0,0,0,0,0,1,0,1,1,0,0,0,0
7397,MajidAshrafi6,2,0,0,0,0,0,1,0,1,0,0,0,0,0
7398,j4zynt0,1,0,0,0,0,0,1,0,0,0,0,0,0,0
7399,RAmoo1355453,1,0,0,0,0,0,1,0,0,0,0,0,0,0
7400,soli1061,5,0,0,0,0,0,1,1,1,0,0,1,1,0
7401,dictatoretanha,1,0,0,0,0,0,1,0,0,0,0,0,0,0
7402,Seasidesheila3R,2,0,0,0,0,0,1,1,0,0,0,0,0,0
7403,Anahidsnk,1,0,0,0,0,0,1,0,0,0,0,0,0,0
7404,AIT6677,1,0,0,0,0,0,1,0,0,0,0,0,0,0
7405,dokht_shahin,7,0,0,0,0,0,1,0,1,1,1,1,1,1
7406,guy_chill64977,1,0,0,0,0,0,1,0,0,0,0,0,0,0
7407,Sargord_gordoon,2,0,0,0,0,0,1,0,1,0,0,0,0,0
7408,benhoorx,5,0,0,0,0,0,1,0,1,1,0,1,1,0
7409,ShaadShaad31320,2,0,0,0,0,0,1,0,0,1,0,0,0,0
7410,shosho291458,2,0,0,0,0,0,1,0,0,1,0,0,0,0
7411,eren_im,3,0,0,0,0,0,1,0,0,1,0,0,1,0
7412,Winbackstory,2,0,0,0,0,0,1,1,0,0,0,0,0,0
7413,Mia_Summer1883,1,0,0,0,0,0,1,0,0,0,0,0,0,0
7414,Dariush879007,1,0,0,0,0,0,1,0,0,0,0,0,0,0
7415,akram_de,2,0,0,0,0,0,1,0,1,0,0,0,0,0
7416,1954_denzel,4,0,0,0,0,0,1,0,1,1,0,0,0,1
7417,t2jvYyIf9Z91935,2,0,0,0,0,0,1,0,0,0,0,0,0,1
7418,PersianFoEve,1,0,0,0,0,0,1,0,0,0,0,0,0,0
7419,shabe_mahtaab,3,0,0,0,0,0,1,0,0,0,0,1,1,0
7420,Casablanca_tg_,2,0,0,0,0,0,1,0,0,1,0,0,0,0
7421,LillyTiger121,3,0,0,0,0,0,1,0,0,1,0,1,0,0
7422,XashayarSHAH,3,0,0,0,0,0,1,1,0,0,0,0,0,1
7423,MahiWestern,1,0,0,0,0,0,1,0,0,0,0,0,0,0
7424,WWareste,4,0,0,0,0,0,1,0,1,1,0,0,1,0
7425,FarzandeIRAN123,4,0,0,0,0,0,1,0,1,0,0,1,0,1
7426,Arataj178909,5,0,0,0,0,0,1,0,1,1,0,1,1,0
7427,kasra52565,1,0,0,0,0,0,1,0,0,0,0,0,0,0
7428,roaringIran,1,0,0,0,0,0,1,0,0,0,0,0,0,0
7429,AssoHoma,3,0,0,0,0,0,1,0,0,0,1,1,0,0
7430,SemaliEbi,8,0,0,0,0,0,1,1,1,1,1,1,1,1
7431,Unknown3970221,3,0,0,0,0,0,1,0,1,0,0,1,0,0
7432,davidsaadat68,1,0,0,0,0,0,1,0,0,0,0,0,0,0
7433,AliSheini,1,0,0,0,0,0,1,0,0,0,0,0,0,0
7434,SardaarHamilton,2,0,0,0,0,0,1,0,0,1,0,0,0,0
7435,Nora1134017,6,0,0,0,0,0,1,0,1,1,1,0,1,1
7436,Amohareeeb,1,0,0,0,0,0,1,0,0,0,0,0,0,0
7437,Gtohb47,1,0,0,0,0,0,1,0,0,0,0,0,0,0
7438,Jason6235495487,2,0,0,0,0,0,1,0,0,0,1,0,0,0
7439,Alirezahsj7395,1,0,0,0,0,0,1,0,0,0,0,0,0,0
7440,onsrax,1,0,0,0,0,0,1,0,0,0,0,0,0,0
7441,AlirezaAstan123,7,0,0,0,0,0,1,1,1,1,1,0,1,1
7442,fari_bibak,1,0,0,0,0,0,1,0,0,0,0,0,0,0
7443,vistalevy,2,0,0,0,0,0,1,0,0,0,0,0,1,0
7444,SunAndLion2584,4,0,0,0,0,0,1,1,1,0,0,1,0,0
7445,ATA_2500,4,0,0,0,0,0,1,0,1,0,0,1,0,1
7446,Nahbaat,1,0,0,0,0,0,1,0,0,0,0,0,0,0
7447,adipoeseskueken,1,0,0,0,0,0,1,0,0,0,0,0,0,0
7448,ChNooshin2069,1,0,0,0,0,0,1,0,0,0,0,0,0,0
7449,anti_arzeshii,4,0,0,0,0,0,1,0,0,1,0,1,1,0
7450,kavehardalanUSA,7,0,0,0,0,0,1,1,0,1,1,1,1,1
7451,shikh_shoride,1,0,0,0,0,0,1,0,0,0,0,0,0,0
7452,Asghar_Agha007,1,0,0,0,0,0,1,0,0,0,0,0,0,0
7453,Light_2026,2,0,0,0,0,0,1,0,0,0,0,0,0,1
7454,pirasteh_saied,3,0,0,0,0,0,1,0,1,0,0,1,0,0
7455,IDokht6550,2,0,0,0,0,0,1,0,1,0,0,0,0,0
7456,Ghoghnoos126081,4,0,0,0,0,0,1,0,0,1,0,1,1,0
7457,Rachelgrn053,4,0,0,0,0,0,1,0,0,0,1,0,1,1
7458,Oscar8206763177,8,0,0,0,0,0,1,1,1,1,1,1,1,1
7459,MDJMRT,1,0,0,0,0,0,1,0,0,0,0,0,0,0
7460,xswtohl,1,0,0,0,0,0,1,0,0,0,0,0,0,0
7461,Sohrab_89_Z,1,0,0,0,0,0,1,0,0,0,0,0,0,0
7462,Kyros_II_,1,0,0,0,0,0,1,0,0,0,0,0,0,0
7463,Celestialsoul94,4,0,0,0,0,0,1,0,0,1,1,1,0,0
7464,MiladNasiri15,4,0,0,0,0,0,1,0,1,1,0,1,0,0
7465,Nel07S,4,0,0,0,0,0,1,0,1,1,1,0,0,0
7466,DRbqyg,1,0,0,0,0,0,1,0,0,0,0,0,0,0
7467,apolloonjupiter,1,0,0,0,0,0,1,0,0,0,0,0,0,0
7468,kwrwsh_kby43106,5,0,0,0,0,0,1,0,1,1,1,0,1,0
7469,HomaRashti,2,0,0,0,0,0,1,0,0,1,0,0,0,0
7470,ONTIK180,1,0,0,0,0,0,1,0,0,0,0,0,0,0
7471,TNitrT,2,0,0,0,0,0,1,0,0,1,0,0,0,0
7472,Az7707Azadeh,2,0,0,0,0,0,1,0,0,0,0,0,1,0
7473,MAHSA_2022,1,0,0,0,0,0,1,0,0,0,0,0,0,0
7474,DWlgrd173113,4,0,0,0,0,0,1,0,0,0,1,1,0,1
7475,ShahabTalksAlot,4,0,0,0,0,0,1,0,1,0,1,0,1,0
7476,MaryAmiri18,7,0,0,0,0,0,1,1,1,1,1,1,1,0
7477,iraj_naamdar,4,0,0,0,0,0,1,0,0,1,0,1,1,0
7478,Mahdaadd,1,0,0,0,0,0,1,0,0,0,0,0,0,0
7479,for_our_iran,3,0,0,0,0,0,1,0,1,1,0,0,0,0
7480,Marshmaloulou,1,0,0,0,0,0,1,0,0,0,0,0,0,0
7481,keshvari1010,7,0,0,0,0,0,1,1,1,1,1,1,1,0
7482,MahdiyehNezam,4,0,0,0,0,0,1,0,0,1,1,0,1,0
7483,Panahfree,3,0,0,0,0,0,1,0,1,0,0,0,1,0
7484,HawaVampir5621,4,0,0,0,0,0,1,0,1,0,1,0,1,0
7485,marz2026,3,0,0,0,0,0,1,0,0,1,0,1,0,0
7486,Riftium,3,0,0,0,0,0,1,0,1,0,0,0,1,0
7487,el_mi_raa,3,0,0,0,0,0,1,0,1,0,0,0,1,0
7488,Daugther0fIran,2,0,0,0,0,0,1,0,0,1,0,0,0,0
7489,araschem,6,0,0,0,0,0,1,1,1,1,0,0,1,1
7490,cyrex55,5,0,0,0,0,0,1,0,1,1,1,1,0,0
7491,khaankholeh,4,0,0,0,0,0,1,0,1,1,1,0,0,0
7492,panaaaah__,1,0,0,0,0,0,1,0,0,0,0,0,0,0
7493,JanaSiavash,1,0,0,0,0,0,1,0,0,0,0,0,0,0
7494,gisou1385,6,0,0,0,0,0,1,0,1,1,1,0,1,1
7495,Yummy578076,2,0,0,0,0,0,1,0,0,1,0,0,0,0
7496,haghasemzadeh,1,0,0,0,0,0,1,0,0,0,0,0,0,0
7497,9aban2519,4,0,0,0,0,0,1,0,0,1,0,0,1,1
7498,ArmanJohan2024,1,0,0,0,0,0,1,0,0,0,0,0,0,0
7499,boofi_koor,1,0,0,0,0,0,1,0,0,0,0,0,0,0
7500,sonia4892730637,2,0,0,0,0,0,1,0,0,0,0,0,1,0
7501,OstadNajar,5,0,0,0,0,0,1,0,1,0,1,1,1,0
7502,AbolfazlB68724,2,0,0,0,0,0,1,0,0,1,0,0,0,0
7503,gogdarag,5,0,0,0,0,0,1,1,0,1,1,1,0,0
7504,MimAlef90549241,3,0,0,0,0,0,1,0,0,0,0,0,1,1
7505,reystadt,1,0,0,0,0,0,1,0,0,0,0,0,0,0
7506,JamesWebbsc,1,0,0,0,0,0,1,0,0,0,0,0,0,0
7507,Ghost37899901,1,0,0,0,0,0,1,0,0,0,0,0,0,0
7508,mitrav70,1,0,0,0,0,0,1,0,0,0,0,0,0,0
7509,Morezzzzzzzz,3,0,0,0,0,0,1,0,0,1,0,1,0,0
7510,LiionAndSun,6,0,0,0,0,0,1,0,1,1,0,1,1,1
7511,Mariaaaaa_R,3,0,0,0,0,0,1,0,0,1,0,1,0,0
7512,cercaderipa,4,0,0,0,0,0,1,0,0,1,0,1,1,0
7513,apt0607,2,0,0,0,0,0,1,0,0,0,0,1,0,0
7514,SbastyanDa48978,1,0,0,0,0,0,1,0,0,0,0,0,0,0
7515,BahaiShirin,4,0,0,0,0,0,1,0,0,0,1,0,1,1
7516,freedomiranrev,2,0,0,0,0,0,1,0,0,0,0,0,0,1
7517,ilovepahlavi1,3,0,0,0,0,0,1,0,0,0,1,1,0,0
7518,beti_rayan,1,0,0,0,0,0,1,0,0,0,0,0,0,0
7519,Iam_HalfBlood_P,2,0,0,0,0,0,1,1,0,0,0,0,0,0
7520,Buds2nd,2,0,0,0,0,0,1,0,1,0,0,0,0,0
7521,Acme_finder,3,0,0,0,0,0,1,1,0,1,0,0,0,0
7522,iran22851566,1,0,0,0,0,0,1,0,0,0,0,0,0,0
7523,jafar_kashi,2,0,0,0,0,0,1,0,0,1,0,0,0,0
7524,nonameiran00000,1,0,0,0,0,0,1,0,0,0,0,0,0,0
7525,TaraJV,5,0,0,0,0,0,1,1,1,1,1,0,0,0
7526,fatemah_heidari,4,0,0,0,0,0,1,1,1,0,0,0,1,0
7527,AzaNour9340,2,0,0,0,0,0,1,0,1,0,0,0,0,0
7528,iamrastgar,7,0,0,0,0,0,1,0,1,1,1,1,1,1
7529,AlisaSamadinia,1,0,0,0,0,0,1,0,0,0,0,0,0,0
7530,varesteh76,2,0,0,0,0,0,1,0,0,0,0,0,1,0
7531,ZMnhrf,3,0,0,0,0,0,1,0,0,1,0,1,0,0
7532,niikiihere,2,0,0,0,0,0,1,0,0,0,1,0,0,0
7533,FireWallUp,5,0,0,0,0,0,1,0,1,0,0,1,1,1
7534,shaltuk,1,0,0,0,0,0,1,0,0,0,0,0,0,0
7535,yldamdi,5,0,0,0,0,0,1,0,1,1,1,0,1,0
7536,nnahidkhosrava2,1,0,0,0,0,0,1,0,0,0,0,0,0,0
7537,Asi1282166,2,0,0,0,0,0,1,0,1,0,0,0,0,0
7538,RichEscherich,5,0,0,0,0,0,1,0,1,0,1,1,1,0
7539,MinoAbrishami,2,0,0,0,0,0,1,0,0,0,0,0,0,1
7540,t78890y,1,0,0,0,0,0,1,0,0,0,0,0,0,0
7541,Drstrange1368,5,0,0,0,0,0,1,1,1,0,1,0,1,0
7542,AlexMofrad77,1,0,0,0,0,0,1,0,0,0,0,0,0,0
7543,Yfdehbozorgi,1,0,0,0,0,0,1,0,0,0,0,0,0,0
7544,AnyoneJack,1,0,0,0,0,0,1,0,0,0,0,0,0,0
7545,princepersia70,1,0,0,0,0,0,1,0,0,0,0,0,0,0
7546,Irans_Mel,5,0,0,0,0,0,1,0,0,1,1,1,1,0
7547,keivan_e,1,0,0,0,0,0,1,0,0,0,0,0,0,0
7548,Hamedrostami14,1,0,0,0,0,0,1,0,0,0,0,0,0,0
7549,ElaBamm,1,0,0,0,0,0,1,0,0,0,0,0,0,0
7550,GardJavidan8,4,0,0,0,0,0,1,0,1,0,1,0,1,0
7551,Poyandiva,1,0,0,0,0,0,1,0,0,0,0,0,0,0
7552,mikehastamaziz,5,0,0,0,0,0,1,0,1,1,1,1,0,0
7553,Rezahashemi1919,4,0,0,0,0,0,1,1,0,0,0,0,1,1
7554,reza21923060,1,0,0,0,0,0,1,0,0,0,0,0,0,0
7555,ItsShaOnX,1,0,0,0,0,0,1,0,0,0,0,0,0,0
7556,pisddadian7000,2,0,0,0,0,0,1,0,0,1,0,0,0,0
7557,Sanaz49898677,1,0,0,0,0,0,1,0,0,0,0,0,0,0
7558,FreeBirdAzadi,3,0,0,0,0,0,1,0,1,0,1,0,0,0
7559,shayannaderi81,3,0,0,0,0,0,1,0,0,1,0,1,0,0
7560,GonarRad50381,2,0,0,0,0,0,1,0,0,0,0,0,0,1
7561,RanoPisi,7,0,0,0,0,0,1,0,1,1,1,1,1,1
7562,MejdarMohammad,1,0,0,0,0,0,1,0,0,0,0,0,0,0
7563,KhanMor2,1,0,0,0,0,0,1,0,0,0,0,0,0,0
7564,M_Today2,6,0,0,0,0,0,1,1,1,1,0,0,1,1
7565,cyofallcy,1,0,0,0,0,0,1,0,0,0,0,0,0,0
7566,ahooziba22,5,0,0,0,0,0,1,0,1,1,0,1,1,0
7567,kinporaeme,2,0,0,0,0,0,1,0,0,1,0,0,0,0
7568,VoiceForIran,1,0,0,0,0,0,1,0,0,0,0,0,0,0
7569,AyranQhrman,1,0,0,0,0,0,1,0,0,0,0,0,0,0
7570,khosrocr77,4,0,0,0,0,0,1,0,1,0,1,0,1,0
7571,FreeIran_mina,1,0,0,0,0,0,1,0,0,0,0,0,0,0
7572,EnciK96702,3,0,0,0,0,0,1,0,0,0,0,0,1,1
7573,ManaJoon3,4,0,0,0,0,0,1,0,1,0,1,1,0,0
7574,FockYel,3,0,0,0,0,0,1,0,1,1,0,0,0,0
7575,DrHenrypah,2,0,0,0,0,0,1,0,0,0,0,1,0,0
7576,mewmewmewmewsss,7,0,0,0,0,0,1,0,1,1,1,1,1,1
7577,ataadish,1,0,0,0,0,0,1,0,0,0,0,0,0,0
7578,SamZaall,4,0,0,0,0,0,1,1,0,1,1,0,0,0
7579,nazaridabghi,1,0,0,0,0,0,1,0,0,0,0,0,0,0
7580,adam_khoobe,1,0,0,0,0,0,1,0,0,0,0,0,0,0
7581,padi2186,1,0,0,0,0,0,1,0,0,0,0,0,0,0
7582,parsi99441,7,0,0,0,0,0,1,1,1,1,1,1,0,1
7583,rezatorkamand,1,0,0,0,0,0,1,0,0,0,0,0,0,0
7584,surgeryseeker,1,0,0,0,0,0,1,0,0,0,0,0,0,0
7585,Ahora1033578,1,0,0,0,0,0,1,0,0,0,0,0,0,0
7586,pedrooo_pe,6,0,0,0,0,0,1,0,1,1,1,1,0,1
7587,aryazarey2007,3,0,0,0,0,0,1,0,0,0,0,1,1,0
7588,DaysofSodom120,5,0,0,0,0,0,1,0,1,1,1,0,1,0
7589,gholamhasan1278,1,0,0,0,0,0,1,0,0,0,0,0,0,0
7590,tisfoon,1,0,0,0,0,0,1,0,0,0,0,0,0,0
7591,Ir21Pink24,1,0,0,0,0,0,1,0,0,0,0,0,0,0
7592,SaeedSd1358571,2,0,0,0,0,0,1,0,0,0,0,0,0,1
7593,Trueman206141,2,0,0,0,0,0,1,1,0,0,0,0,0,0
7594,Tigaro2001,1,0,0,0,0,0,1,0,0,0,0,0,0,0
7595,kaammyarr,1,0,0,0,0,0,1,0,0,0,0,0,0,0
7596,mokhtar_kazemi,3,0,0,0,0,0,1,0,0,1,0,0,1,0
7597,Lilymalenaa,2,0,0,0,0,0,1,0,0,0,1,0,0,0
7598,Sogiuy,2,0,0,0,0,0,1,1,0,0,0,0,0,0
7599,zizimarchelos,4,0,0,0,0,0,1,0,1,1,0,0,1,0
7600,rousham_,1,0,0,0,0,0,1,0,0,0,0,0,0,0
7601,MithraPersian,1,0,0,0,0,0,1,0,0,0,0,0,0,0
7602,avgorou,1,0,0,0,0,0,1,0,0,0,0,0,0,0
7603,mtorpir,2,0,0,0,0,0,1,0,1,0,0,0,0,0
7604,Farzad9630,7,0,0,0,0,0,1,1,1,1,1,0,1,1
7605,8Shaaki,6,0,0,0,0,0,1,1,1,1,1,1,0,0
7606,zooitjeNL2026,1,0,0,0,0,0,1,0,0,0,0,0,0,0
7607,StandinStorm,2,0,0,0,0,0,1,0,0,0,0,0,0,1
7608,rezayyyyy,4,0,0,0,0,0,1,0,1,0,0,1,0,1
7609,TruthSiren2858,2,0,0,0,0,0,1,1,0,0,0,0,0,0
7610,rebelpesar,4,0,0,0,0,0,1,1,1,0,0,1,0,0
7611,Mhdwrr,8,0,0,0,0,0,1,1,1,1,1,1,1,1
7612,Alithegeek,1,0,0,0,0,0,1,0,0,0,0,0,0,0
7613,RojKam97,3,0,0,0,0,0,1,1,0,1,0,0,0,0
7614,NAVID1131141,1,0,0,0,0,0,1,0,0,0,0,0,0,0
7615,pak_ravan,2,0,0,0,0,0,1,0,0,1,0,0,0,0
7616,Shahparast20,1,0,0,0,0,0,1,0,0,0,0,0,0,0
7617,_CullenBohannan,3,0,0,0,0,0,1,0,0,0,1,0,1,0
7618,pishoooly,1,0,0,0,0,0,1,0,0,0,0,0,0,0
7619,ipourism_,1,0,0,0,0,0,1,0,0,0,0,0,0,0
7620,NirajMeedin,1,0,0,0,0,0,1,0,0,0,0,0,0,0
7621,CrazyPatriotIR,1,0,0,0,0,0,1,0,0,0,0,0,0,0
7622,www27sepehrcom,5,0,0,0,0,0,1,1,0,0,1,1,0,1
7623,BobbyBo90679010,3,0,0,0,0,0,1,0,0,0,1,1,0,0
7624,HorstWurst92707,4,0,0,0,0,0,1,0,1,1,1,0,0,0
7625,bluesky20188,1,0,0,0,0,0,1,0,0,0,0,0,0,0
7626,Arthesis50,7,0,0,0,0,0,1,1,1,1,1,1,1,0
7627,na_rkb,4,0,0,0,0,0,1,0,1,0,1,0,1,0
7628,ChildOfParse,3,0,0,0,0,0,1,0,0,1,0,0,1,0
7629,BiDinBiKhoda,1,0,0,0,0,0,1,0,0,0,0,0,0,0
7630,shirsun20,3,0,0,0,0,0,1,0,0,0,1,0,0,1
7631,FarokhrooA,4,0,0,0,0,0,0,1,0,1,0,0,1,1
7632,Mirjani_Amina,2,0,0,0,0,0,0,1,0,0,1,0,0,0
7633,maniadream_X,6,0,0,0,0,0,0,1,1,1,1,1,0,1
7634,Gnankn,2,0,0,0,0,0,0,1,1,0,0,0,0,0
7635,MarryGold0,1,0,0,0,0,0,0,1,0,0,0,0,0,0
7636,BehiGity,1,0,0,0,0,0,0,1,0,0,0,0,0,0
7637,Mt2ub40,1,0,0,0,0,0,0,1,0,0,0,0,0,0
7638,zhapn75982,2,0,0,0,0,0,0,1,0,1,0,0,0,0
7639,Ali11109408,1,0,0,0,0,0,0,1,0,0,0,0,0,0
7640,ARandomSoulll,1,0,0,0,0,0,0,1,0,0,0,0,0,0
7641,PAHLAVIGUARDIAN,1,0,0,0,0,0,0,1,0,0,0,0,0,0
7642,ShahrzadAlbert9,6,0,0,0,0,0,0,1,1,1,1,1,1,0
7643,RRRRRRRRRRRRASH,4,0,0,0,0,0,0,1,0,0,1,1,1,0
7644,ghazal334455,3,0,0,0,0,0,0,1,0,0,1,1,0,0
7645,samsamfar,1,0,0,0,0,0,0,1,0,0,0,0,0,0
7646,Azadoraha777,4,0,0,0,0,0,0,1,0,1,1,1,0,0
7647,akv_co,3,0,0,0,0,0,0,1,0,1,0,1,0,0
7648,freddymercury_r,3,0,0,0,0,0,0,1,0,1,0,1,0,0
7649,FreeIRA93847038,1,0,0,0,0,0,0,1,0,0,0,0,0,0
7650,Paradise6890,2,0,0,0,0,0,0,1,0,0,0,0,0,1
7651,RiahiSh,2,0,0,0,0,0,0,1,0,1,0,0,0,0
7652,RoshanFard88,2,0,0,0,0,0,0,1,1,0,0,0,0,0
7653,Sadrolkoffar,7,0,0,0,0,0,0,1,1,1,1,1,1,1
7654,SamCrowReapers,1,0,0,0,0,0,0,1,0,0,0,0,0,0
7655,lionsun888,1,0,0,0,0,0,0,1,0,0,0,0,0,0
7656,ariyello,2,0,0,0,0,0,0,1,0,1,0,0,0,0
7657,KirToIslam2,7,0,0,0,0,0,0,1,1,1,1,1,1,1
7658,Shir_0_Khorshid,2,0,0,0,0,0,0,1,0,0,1,0,0,0
7659,maral_jan_,1,0,0,0,0,0,0,1,0,0,0,0,0,0
7660,ItsTheKourosh,6,0,0,0,0,0,0,1,1,1,1,1,1,0
7661,Nici0483,1,0,0,0,0,0,0,1,0,0,0,0,0,0
7662,BrianGator86,1,0,0,0,0,0,0,1,0,0,0,0,0,0
7663,bicenDawg,2,0,0,0,0,0,0,1,0,0,0,0,0,1
7664,thelorone,1,0,0,0,0,0,0,1,0,0,0,0,0,0
7665,VERSOISM,4,0,0,0,0,0,0,1,1,0,0,1,0,1
7666,Taylr_Durden,1,0,0,0,0,0,0,1,0,0,0,0,0,0
7667,MrHiddenName,1,0,0,0,0,0,0,1,0,0,0,0,0,0
7668,Akhunde2Zari,2,0,0,0,0,0,0,1,0,1,0,0,0,0
7669,Moongoddesss74,1,0,0,0,0,0,0,1,0,0,0,0,0,0
7670,tina_elizeh,1,0,0,0,0,0,0,1,0,0,0,0,0,0
7671,MasterRaven8,4,0,0,0,0,0,0,1,1,1,0,0,1,0
7672,Siavashekhali,1,0,0,0,0,0,0,1,0,0,0,0,0,0
7673,JackDaniel11879,2,0,0,0,0,0,0,1,0,0,0,0,1,0
7674,KtEK9cTR0ITZvjg,2,0,0,0,0,0,0,1,0,0,1,0,0,0
7675,MosiRanji,3,0,0,0,0,0,0,1,1,1,0,0,0,0
7676,MGheysels,4,0,0,0,0,0,0,1,1,1,1,0,0,0
7677,claviah,2,0,0,0,0,0,0,1,0,0,0,0,0,1
7678,samanhastam3,2,0,0,0,0,0,0,1,0,0,0,0,1,0
7679,youtab1788817,1,0,0,0,0,0,0,1,0,0,0,0,0,0
7680,Kourosh99980520,1,0,0,0,0,0,0,1,0,0,0,0,0,0
7681,Patriot4MIGA,1,0,0,0,0,0,0,1,0,0,0,0,0,0
7682,DunderThunders,3,0,0,0,0,0,0,1,1,1,0,0,0,0
7683,Hamidrezasavar3,4,0,0,0,0,0,0,1,1,1,1,0,0,0
7684,Lajbaz57,1,0,0,0,0,0,0,1,0,0,0,0,0,0
7685,Dmoeut,1,0,0,0,0,0,0,1,0,0,0,0,0,0
7686,imanshpour,1,0,0,0,0,0,0,1,0,0,0,0,0,0
7687,Bamdad_sorkh,2,0,0,0,0,0,0,1,0,0,0,0,1,0
7688,RockyRevealer,7,0,0,0,0,0,0,1,1,1,1,1,1,1
7689,HVdoust,2,0,0,0,0,0,0,1,0,0,0,1,0,0
7690,YvlYpQVUVXUQfxJ,7,0,0,0,0,0,0,1,1,1,1,1,1,1
7691,kaspy71379674,1,0,0,0,0,0,0,1,0,0,0,0,0,0
7692,mrp42227,5,0,0,0,0,0,0,1,0,1,1,0,1,1
7693,laleforIran,7,0,0,0,0,0,0,1,1,1,1,1,1,1
7694,Kammondevq,2,0,0,0,0,0,0,1,0,1,0,0,0,0
7695,Adelartemis,2,0,0,0,0,0,0,1,0,1,0,0,0,0
7696,parparak_hastam,5,0,0,0,0,0,0,1,0,0,1,1,1,1
7697,haab__in,6,0,0,0,0,0,0,1,1,1,1,0,1,1
7698,DerckGool28386,2,0,0,0,0,0,0,1,0,1,0,0,0,0
7699,hamidrezayouse9,2,0,0,0,0,0,0,1,0,1,0,0,0,0
7700,MIIran20194,7,0,0,0,0,0,0,1,1,1,1,1,1,1
7701,Mha796612d,1,0,0,0,0,0,0,1,0,0,0,0,0,0
7702,artoosham2000,1,0,0,0,0,0,0,1,0,0,0,0,0,0
7703,Madambani2b,3,0,0,0,0,0,0,1,0,1,0,0,1,0
7704,GabrielawilliO,1,0,0,0,0,0,0,1,0,0,0,0,0,0
7705,SamanRmz7,1,0,0,0,0,0,0,1,0,0,0,0,0,0
7706,SaMoh85100493,5,0,0,0,0,0,0,1,0,1,0,1,1,1
7707,lionandsunca,1,0,0,0,0,0,0,1,0,0,0,0,0,0
7708,Gimmick1221,1,0,0,0,0,0,0,1,0,0,0,0,0,0
7709,Peroz401939762,2,0,0,0,0,0,0,1,0,1,0,0,0,0
7710,SanMotlagh,1,0,0,0,0,0,0,1,0,0,0,0,0,0
7711,NomadicRunner45,1,0,0,0,0,0,0,1,0,0,0,0,0,0
7712,MaryamKhal46918,1,0,0,0,0,0,0,1,0,0,0,0,0,0
7713,Meysammoafi,2,0,0,0,0,0,0,1,0,0,0,0,1,0
7714,Taghooti_,1,0,0,0,0,0,0,1,0,0,0,0,0,0
7715,azadeh48,4,0,0,0,0,0,0,1,1,1,0,0,0,1
7716,javadbakhshi,2,0,0,0,0,0,0,1,0,1,0,0,0,0
7717,lastsurvier7,1,0,0,0,0,0,0,1,0,0,0,0,0,0
7718,Zoorba_yoonani,1,0,0,0,0,0,0,1,0,0,0,0,0,0
7719,arinobala,2,0,0,0,0,0,0,1,1,0,0,0,0,0
7720,AngelNova2026,2,0,0,0,0,0,0,1,1,0,0,0,0,0
7721,MehrganFreeIran,4,0,0,0,0,0,0,1,0,1,1,1,0,0
7722,salvadorcayu,1,0,0,0,0,0,0,1,0,0,0,0,0,0
7723,MMoradi47354,1,0,0,0,0,0,0,1,0,0,0,0,0,0
7724,saman4455882241,1,0,0,0,0,0,0,1,0,0,0,0,0,0
7725,PasargadMitra,2,0,0,0,0,0,0,1,0,0,0,1,0,0
7726,fuckayatolah,4,0,0,0,0,0,0,1,0,0,1,1,1,0
7727,Kd0861075311822,3,0,0,0,0,0,0,1,0,0,0,1,1,0
7728,Khiarmajlesi10,3,0,0,0,0,0,0,1,0,1,0,0,0,1
7729,Shahriar3690,2,0,0,0,0,0,0,1,0,1,0,0,0,0
7730,Bar1355,2,0,0,0,0,0,0,1,0,1,0,0,0,0
7731,golpar22298123,1,0,0,0,0,0,0,1,0,0,0,0,0,0
7732,PersianMichael,2,0,0,0,0,0,0,1,0,1,0,0,0,0
7733,phoenix5h,1,0,0,0,0,0,0,1,0,0,0,0,0,0
7734,poory,2,0,0,0,0,0,0,1,0,0,0,0,0,1
7735,globalpartners,1,0,0,0,0,0,0,1,0,0,0,0,0,0
7736,azad41849632421,4,0,0,0,0,0,0,1,0,1,1,0,0,1
7737,sarbaaaazekhaak,1,0,0,0,0,0,0,1,0,0,0,0,0,0
7738,atashhhhhhhhh,3,0,0,0,0,0,0,1,0,1,1,0,0,0
7739,kasirlou_marjan,2,0,0,0,0,0,0,1,0,0,1,0,0,0
7740,IRANDOKHT_SR,1,0,0,0,0,0,0,1,0,0,0,0,0,0
7741,jpouriya,2,0,0,0,0,0,0,1,0,0,0,0,0,1
7742,FareShahi,4,0,0,0,0,0,0,1,1,1,0,0,0,1
7743,BEnayat24600,1,0,0,0,0,0,0,1,0,0,0,0,0,0
7744,zaneirani71,4,0,0,0,0,0,0,1,1,1,1,0,0,0
7745,iliad27H,2,0,0,0,0,0,0,1,0,0,0,1,0,0
7746,Arashiyaan1980,2,0,0,0,0,0,0,1,0,0,0,0,1,0
7747,SB13437351,2,0,0,0,0,0,0,1,0,0,0,0,1,0
7748,emiusha,1,0,0,0,0,0,0,1,0,0,0,0,0,0
7749,Dan1el_de_BLN,1,0,0,0,0,0,0,1,0,0,0,0,0,0
7750,Hells_kitchener,2,0,0,0,0,0,0,1,0,0,1,0,0,0
7751,PrimoLevi174517,2,0,0,0,0,0,0,1,0,1,0,0,0,0
7752,MajidZaeem99736,2,0,0,0,0,0,0,0,1,0,0,1,0,0
7753,emeritusgilmore,1,0,0,0,0,0,0,0,1,0,0,0,0,0
7754,MamaBearan83637,2,0,0,0,0,0,0,0,1,0,0,0,0,1
7755,Dr1813Dr,1,0,0,0,0,0,0,0,1,0,0,0,0,0
7756,DsimaoGoogle,1,0,0,0,0,0,0,0,1,0,0,0,0,0
7757,8bis961143,1,0,0,0,0,0,0,0,1,0,0,0,0,0
7758,iran_rebirth,2,0,0,0,0,0,0,0,1,0,1,0,0,0
7759,Nima255727,2,0,0,0,0,0,0,0,1,0,0,0,0,1
7760,Susuwatari4Shi,2,0,0,0,0,0,0,0,1,0,0,0,1,0
7761,Mohamma0607,2,0,0,0,0,0,0,0,1,0,1,0,0,0
7762,ArtaOfPersia,2,0,0,0,0,0,0,0,1,0,1,0,0,0
7763,Mahbod2547,1,0,0,0,0,0,0,0,1,0,0,0,0,0
7764,ArezuXaqani1,2,0,0,0,0,0,0,0,1,0,1,0,0,0
7765,sorenaaa00,3,0,0,0,0,0,0,0,1,0,1,1,0,0
7766,Suzkapoke,1,0,0,0,0,0,0,0,1,0,0,0,0,0
7767,KingReasonable,3,0,0,0,0,0,0,0,1,1,0,0,1,0
7768,Miad3731,3,0,0,0,0,0,0,0,1,0,1,0,1,0
7769,IamLLawlietL,4,0,0,0,0,0,0,0,1,1,1,0,1,0
7770,KamiSaye81333,3,0,0,0,0,0,0,0,1,1,0,0,1,0
7771,MiriamRios87977,2,0,0,0,0,0,0,0,1,1,0,0,0,0
7772,lith_7777,1,0,0,0,0,0,0,0,1,0,0,0,0,0
7773,mosii_Ek,2,0,0,0,0,0,0,0,1,1,0,0,0,0
7774,Nazliglp,1,0,0,0,0,0,0,0,1,0,0,0,0,0
7775,_majidsaberi_,3,0,0,0,0,0,0,0,1,1,1,0,0,0
7776,far_a_nak,1,0,0,0,0,0,0,0,1,0,0,0,0,0
7777,Lucy1523cln,1,0,0,0,0,0,0,0,1,0,0,0,0,0
7778,Mohammad_Daeii,2,0,0,0,0,0,0,0,1,1,0,0,0,0
7779,alkar1899342,1,0,0,0,0,0,0,0,1,0,0,0,0,0
7780,sasanOtarod,1,0,0,0,0,0,0,0,1,0,0,0,0,0
7781,sorena_mehr,1,0,0,0,0,0,0,0,1,0,0,0,0,0
7782,IBlumink93875,1,0,0,0,0,0,0,0,1,0,0,0,0,0
7783,AhmadNadali,2,0,0,0,0,0,0,0,1,0,0,0,1,0
7784,felani007,1,0,0,0,0,0,0,0,1,0,0,0,0,0
7785,samjalaen,1,0,0,0,0,0,0,0,1,0,0,0,0,0
7786,Mahtavallai,4,0,0,0,0,0,0,0,1,1,1,1,0,0
7787,Sarathechick,1,0,0,0,0,0,0,0,1,0,0,0,0,0
7788,SarbazeShah2026,3,0,0,0,0,0,0,0,1,1,1,0,0,0
7789,barbod241557,3,0,0,0,0,0,0,0,1,1,1,0,0,0
7790,sabrinasa1091,1,0,0,0,0,0,0,0,1,0,0,0,0,0
7791,TIIINAANIIIT,1,0,0,0,0,0,0,0,1,0,0,0,0,0
7792,Shazdehkhan0om,2,0,0,0,0,0,0,0,1,1,0,0,0,0
7793,sa_raah09,3,0,0,0,0,0,0,0,1,0,1,0,1,0
7794,JS5102,1,0,0,0,0,0,0,0,1,0,0,0,0,0
7795,MosMkh,1,0,0,0,0,0,0,0,1,0,0,0,0,0
7796,Zahra_Ghasemi88,1,0,0,0,0,0,0,0,1,0,0,0,0,0
7797,irandokhttttt,5,0,0,0,0,0,0,0,1,1,1,1,1,0
7798,BaumgartTh1990,4,0,0,0,0,0,0,0,1,0,1,1,1,0
7799,leila_tvkl,4,0,0,0,0,0,0,0,1,1,1,1,0,0
7800,Ami2551,4,0,0,0,0,0,0,0,1,1,1,1,0,0
7801,mad92hatter,6,0,0,0,0,0,0,0,1,1,1,1,1,1
7802,Parisssss88,3,0,0,0,0,0,0,0,1,0,1,0,1,0
7803,ARASHHLM1977,2,0,0,0,0,0,0,0,1,1,0,0,0,0
7804,Martin31109013,3,0,0,0,0,0,0,0,1,1,0,0,1,0
7805,Ahora_Irani_,2,0,0,0,0,0,0,0,1,0,1,0,0,0
7806,TechDethMetal,2,0,0,0,0,0,0,0,1,1,0,0,0,0
7807,Diode800,3,0,0,0,0,0,0,0,1,1,0,1,0,0
7808,NiceBytes2001,1,0,0,0,0,0,0,0,1,0,0,0,0,0
7809,Ariya2500shahi,2,0,0,0,0,0,0,0,1,0,0,1,0,0
7810,radman766197,2,0,0,0,0,0,0,0,1,1,0,0,0,0
7811,Yisax22,1,0,0,0,0,0,0,0,1,0,0,0,0,0
7812,avashayan1,4,0,0,0,0,0,0,0,1,1,0,1,1,0
7813,AzadehOfIran,1,0,0,0,0,0,0,0,1,0,0,0,0,0
7814,_nkaxa_,1,0,0,0,0,0,0,0,1,0,0,0,0,0
7815,mihandoost2584,1,0,0,0,0,0,0,0,1,0,0,0,0,0
7816,iamirp,1,0,0,0,0,0,0,0,1,0,0,0,0,0
7817,LATrumpeter,1,0,0,0,0,0,0,0,1,0,0,0,0,0
7818,Manfred_Schmid_,2,0,0,0,0,0,0,0,1,0,0,0,0,1
7819,N_Afshordi,3,0,0,0,0,0,0,0,1,1,1,0,0,0
7820,fundedtraderx23,1,0,0,0,0,0,0,0,1,0,0,0,0,0
7821,Sepehrr55,2,0,0,0,0,0,0,0,1,0,0,0,1,0
7822,kakomaki,4,0,0,0,0,0,0,0,1,1,1,1,0,0
7823,agha_xavier2,4,0,0,0,0,0,0,0,1,0,1,1,0,1
7824,Delbahaar,5,0,0,0,0,0,0,0,1,1,1,1,1,0
7825,Mamanina_m,3,0,0,0,0,0,0,0,1,1,0,1,0,0
7826,ShokohParsi,1,0,0,0,0,0,0,0,1,0,0,0,0,0
7827,Hamid8412105,1,0,0,0,0,0,0,0,1,0,0,0,0,0
7828,Sam62321832,1,0,0,0,0,0,0,0,1,0,0,0,0,0
7829,MisterXon74,1,0,0,0,0,0,0,0,1,0,0,0,0,0
7830,Reihivfd,3,0,0,0,0,0,0,0,1,1,0,1,0,0
7831,TAATAAKAE,1,0,0,0,0,0,0,0,1,0,0,0,0,0
7832,LeoPersian,4,0,0,0,0,0,0,0,1,1,1,0,1,0
7833,Faryar14,1,0,0,0,0,0,0,0,1,0,0,0,0,0
7834,Samira9Rouhani,1,0,0,0,0,0,0,0,1,0,0,0,0,0
7835,fb16ahora64,5,0,0,0,0,0,0,0,1,1,1,1,0,1
7836,TheMiddleFar,1,0,0,0,0,0,0,0,1,0,0,0,0,0
7837,TheSun_00,3,0,0,0,0,0,0,0,1,1,0,0,1,0
7838,AtousaArya16180,1,0,0,0,0,0,0,0,1,0,0,0,0,0
7839,aidakrzh,5,0,0,0,0,0,0,0,1,1,0,1,1,1
7840,MaziarZafari,1,0,0,0,0,0,0,0,1,0,0,0,0,0
7841,SepideySobh,3,0,0,0,0,0,0,0,1,1,1,0,0,0
7842,SMirzababaei,1,0,0,0,0,0,0,0,1,0,0,0,0,0
7843,PiroozSasani,3,0,0,0,0,0,0,0,1,0,0,0,1,1
7844,hitlerkhanh1,3,0,0,0,0,0,0,0,1,1,0,0,1,0
7845,nickmorton730,1,0,0,0,0,0,0,0,1,0,0,0,0,0
7846,Paniz_kermani,1,0,0,0,0,0,0,0,1,0,0,0,0,0
7847,KoocheZiba,4,0,0,0,0,0,0,0,1,1,0,1,1,0
7848,letstalk_asec,1,0,0,0,0,0,0,0,1,0,0,0,0,0
7849,Miss_Maropelle,4,0,0,0,0,0,0,0,1,1,1,0,1,0
7850,ComesIran61364,1,0,0,0,0,0,0,0,1,0,0,0,0,0
7851,SoniDavison,1,0,0,0,0,0,0,0,1,0,0,0,0,0
7852,Artemis_de_Iran,2,0,0,0,0,0,0,0,1,1,0,0,0,0
7853,captainsaraei,1,0,0,0,0,0,0,0,1,0,0,0,0,0
7854,blackswan_13_,4,0,0,0,0,0,0,0,1,1,0,0,1,1
7855,NRvn712,1,0,0,0,0,0,0,0,1,0,0,0,0,0
7856,EspandiyarIran,2,0,0,0,0,0,0,0,1,0,0,1,0,0
7857,antipeople25,2,0,0,0,0,0,0,0,1,1,0,0,0,0
7858,N0vember_Man,1,0,0,0,0,0,0,0,1,0,0,0,0,0
7859,MehrzadAry51364,4,0,0,0,0,0,0,0,1,1,1,1,0,0
7860,Bahram2541,5,0,0,0,0,0,0,0,1,1,1,0,1,1
7861,master724247,5,0,0,0,0,0,0,0,1,1,1,1,1,0
7862,Zanboorphantom,1,0,0,0,0,0,0,0,1,0,0,0,0,0
7863,GandalfTheBlue7,2,0,0,0,0,0,0,0,1,1,0,0,0,0
7864,Loocoomootive,4,0,0,0,0,0,0,0,1,1,0,1,1,0
7865,ShabnamNikoo,2,0,0,0,0,0,0,0,1,0,1,0,0,0
7866,Gazicheh,3,0,0,0,0,0,0,0,1,0,0,1,1,0
7867,_4dele__,3,0,0,0,0,0,0,0,1,0,1,0,1,0
7868,PS199003,1,0,0,0,0,0,0,0,1,0,0,0,0,0
7869,Charandnegar,2,0,0,0,0,0,0,0,1,0,0,1,0,0
7870,teeray121,1,0,0,0,0,0,0,0,1,0,0,0,0,0
7871,Moonlight_nmi,1,0,0,0,0,0,0,0,1,0,0,0,0,0
7872,Eliz_7755,3,0,0,0,0,0,0,0,1,0,0,0,1,1
7873,Hamedthesecond,4,0,0,0,0,0,0,0,1,0,1,1,1,0
7874,sarir409,2,0,0,0,0,0,0,0,1,1,0,0,0,0
7875,Pasikarvanen,2,0,0,0,0,0,0,0,1,0,1,0,0,0
7876,ababil0757,2,0,0,0,0,0,0,0,1,0,0,0,1,0
7877,FMirakhorli,1,0,0,0,0,0,0,0,1,0,0,0,0,0
7878,PourmehrO,4,0,0,0,0,0,0,0,1,0,0,1,1,1
7879,Petro77515833,2,0,0,0,0,0,0,0,1,1,0,0,0,0
7880,poshtmoo,1,0,0,0,0,0,0,0,1,0,0,0,0,0
7881,viiidaw,4,0,0,0,0,0,0,0,1,1,1,1,0,0
7882,jrl_texas,1,0,0,0,0,0,0,0,1,0,0,0,0,0
7883,Saulbdman,1,0,0,0,0,0,0,0,1,0,0,0,0,0
7884,AHORAPAHLAVI,5,0,0,0,0,0,0,0,1,1,1,1,0,1
7885,hominia,2,0,0,0,0,0,0,0,1,0,0,0,0,1
7886,RiyazatMohamad,6,0,0,0,0,0,0,0,1,1,1,1,1,1
7887,LadyoftheLakefr,1,0,0,0,0,0,0,0,1,0,0,0,0,0
7888,Avissa_IR,5,0,0,0,0,0,0,0,1,1,0,1,1,1
7889,Benjeff70491777,1,0,0,0,0,0,0,0,1,0,0,0,0,0
7890,Azadi1951,1,0,0,0,0,0,0,0,1,0,0,0,0,0
7891,jeremy239265242,1,0,0,0,0,0,0,0,1,0,0,0,0,0
7892,Anne73447231035,1,0,0,0,0,0,0,0,1,0,0,0,0,0
7893,Narges32750076,5,0,0,0,0,0,0,0,1,1,1,1,1,0
7894,Soshiant369,1,0,0,0,0,0,0,0,1,0,0,0,0,0
7895,nina_shaf,1,0,0,0,0,0,0,0,1,0,0,0,0,0
7896,panda_Jujitsu,1,0,0,0,0,0,0,0,1,0,0,0,0,0
7897,fettis1977,1,0,0,0,0,0,0,0,1,0,0,0,0,0
7898,AE69109456,3,0,0,0,0,0,0,0,1,0,1,0,1,0
7899,FrdayR,3,0,0,0,0,0,0,0,1,0,0,0,1,1
7900,Agneesscloset,1,0,0,0,0,0,0,0,1,0,0,0,0,0
7901,Gilfoyl9,3,0,0,0,0,0,0,0,1,1,0,0,1,0
7902,Samkou18,1,0,0,0,0,0,0,0,1,0,0,0,0,0
7903,Politicfarzad,2,0,0,0,0,0,0,0,1,0,0,0,1,0
7904,CaptainButcher2,1,0,0,0,0,0,0,0,1,0,0,0,0,0
7905,slwm67912063,2,0,0,0,0,0,0,0,1,0,1,0,0,0
7906,NavajoNature,1,0,0,0,0,0,0,0,1,0,0,0,0,0
7907,AskAfsh,2,0,0,0,0,0,0,0,1,1,0,0,0,0
7908,lionandsundc,1,0,0,0,0,0,0,0,1,0,0,0,0,0
7909,Mohamma53357708,5,0,0,0,0,0,0,0,1,1,1,1,1,0
7910,mtnjpc,1,0,0,0,0,0,0,0,1,0,0,0,0,0
7911,Margaritaisacat,1,0,0,0,0,0,0,0,1,0,0,0,0,0
7912,FarhadAssa1960,2,0,0,0,0,0,0,0,1,0,0,0,1,0
7913,Bettic5ns,1,0,0,0,0,0,0,0,1,0,0,0,0,0
7914,javadi_s,1,0,0,0,0,0,0,0,1,0,0,0,0,0
7915,Naz17225178,1,0,0,0,0,0,0,0,1,0,0,0,0,0
7916,AfiAfshi16793,1,0,0,0,0,0,0,0,1,0,0,0,0,0
7917,_huinang,5,0,0,0,0,0,0,0,1,0,1,1,1,1
7918,Mehrdadblack,1,0,0,0,0,0,0,0,1,0,0,0,0,0
7919,MChehrehara,1,0,0,0,0,0,0,0,1,0,0,0,0,0
7920,khodaye_7darya,3,0,0,0,0,0,0,0,1,1,0,0,1,0
7921,RFDKe7,3,0,0,0,0,0,0,0,1,0,0,1,1,0
7922,Motriot,2,0,0,0,0,0,0,0,1,0,0,1,0,0
7923,Sara8a2s,2,0,0,0,0,0,0,0,1,0,0,1,0,0
7924,Fb16ahora46,4,0,0,0,0,0,0,0,1,1,0,0,1,1
7925,adam_hesabi2,1,0,0,0,0,0,0,0,1,0,0,0,0,0
7926,mgh2958,4,0,0,0,0,0,0,0,1,1,0,1,1,0
7927,SaeidiradNima,1,0,0,0,0,0,0,0,1,0,0,0,0,0
7928,Newrzeve,2,0,0,0,0,0,0,0,1,1,0,0,0,0
7929,Amordad_a,1,0,0,0,0,0,0,0,1,0,0,0,0,0
7930,RevolutionsMage,3,0,0,0,0,0,0,0,1,0,1,0,1,0
7931,Natethe77,1,0,0,0,0,0,0,0,1,0,0,0,0,0
7932,aria7q,2,0,0,0,0,0,0,0,1,0,0,1,0,0
7933,kaveh74565028,1,0,0,0,0,0,0,0,1,0,0,0,0,0
7934,Goldoonye,2,0,0,0,0,0,0,0,1,1,0,0,0,0
7935,7pesare_asal,3,0,0,0,0,0,0,0,1,0,1,1,0,0
7936,MinhaH179,1,0,0,0,0,0,0,0,1,0,0,0,0,0
7937,Amid_Mostafaie,2,0,0,0,0,0,0,0,1,1,0,0,0,0
7938,minimnimim,1,0,0,0,0,0,0,0,1,0,0,0,0,0
7939,_HumanUnknown_,5,0,0,0,0,0,0,0,1,1,1,1,1,0
7940,maahtaabam,2,0,0,0,0,0,0,0,1,1,0,0,0,0
7941,lordjimpt_TRUE,2,0,0,0,0,0,0,0,1,0,0,0,0,1
7942,NorthLionIRN,1,0,0,0,0,0,0,0,1,0,0,0,0,0
7943,Golssaa,1,0,0,0,0,0,0,0,1,0,0,0,0,0
7944,matarsaak,2,0,0,0,0,0,0,0,1,1,0,0,0,0
7945,callme_watan,1,0,0,0,0,0,0,0,1,0,0,0,0,0
7946,RADOCLUB,1,0,0,0,0,0,0,0,1,0,0,0,0,0
7947,khosroooooooooo,4,0,0,0,0,0,0,0,1,1,1,0,1,0
7948,TraciThompson70,4,0,0,0,0,0,0,0,1,0,1,1,0,1
7949,bahramtxp,1,0,0,0,0,0,0,0,1,0,0,0,0,0
7950,bahram_vip,2,0,0,0,0,0,0,0,1,0,1,0,0,0
7951,Setare20001,1,0,0,0,0,0,0,0,1,0,0,0,0,0
7952,Dariusthe1th,2,0,0,0,0,0,0,0,1,1,0,0,0,0
7953,omid_asgari1981,3,0,0,0,0,0,0,0,1,1,1,0,0,0
7954,SrSpeciall,1,0,0,0,0,0,0,0,1,0,0,0,0,0
7955,MayaMemar,2,0,0,0,0,0,0,0,1,1,0,0,0,0
7956,alef__ye,2,0,0,0,0,0,0,0,1,1,0,0,0,0
7957,IranianRosi,3,0,0,0,0,0,0,0,1,1,0,1,0,0
7958,nila3z4wu,1,0,0,0,0,0,0,0,1,0,0,0,0,0
7959,Wolland61,2,0,0,0,0,0,0,0,1,0,0,0,0,1
7960,alexanderg62179,1,0,0,0,0,0,0,0,1,0,0,0,0,0
7961,iranmahdetamado,4,0,0,0,0,0,0,0,1,0,1,0,1,1
7962,RiZewx021,3,0,0,0,0,0,0,0,1,0,1,1,0,0
7963,kahrer_payam,1,0,0,0,0,0,0,0,1,0,0,0,0,0
7964,SaraWinchestr,1,0,0,0,0,0,0,0,1,0,0,0,0,0
7965,Athenacyyz,1,0,0,0,0,0,0,0,1,0,0,0,0,0
7966,EdvinFarhadG,3,0,0,0,0,0,0,0,1,0,1,0,1,0
7967,Callmewtvr1234,4,0,0,0,0,0,0,0,1,1,0,0,1,1
7968,Rezabs33,1,0,0,0,0,0,0,0,1,0,0,0,0,0
7969,SinaWorldWide,2,0,0,0,0,0,0,0,1,0,1,0,0,0
7970,shilshilfish14,1,0,0,0,0,0,0,0,1,0,0,0,0,0
7971,archive_gem,2,0,0,0,0,0,0,0,1,1,0,0,0,0
7972,Precious_Bull,1,0,0,0,0,0,0,0,1,0,0,0,0,0
7973,majid_hatamian,1,0,0,0,0,0,0,0,1,0,0,0,0,0
7974,HmayShrfy30117,1,0,0,0,0,0,0,0,1,0,0,0,0,0
7975,p_olitburo,2,0,0,0,0,0,0,0,1,0,0,0,1,0
7976,SinaTaghva,1,0,0,0,0,0,0,0,1,0,0,0,0,0
7977,madare1gorbe,1,0,0,0,0,0,0,0,1,0,0,0,0,0
7978,Mahnazi__,4,0,0,0,0,0,0,0,1,0,1,0,1,1
7979,esun_ahmadi,2,0,0,0,0,0,0,0,1,0,1,0,0,0
7980,Irani37888585,2,0,0,0,0,0,0,0,1,1,0,0,0,0
7981,kazhalm198581,5,0,0,0,0,0,0,0,1,1,1,1,0,1
7982,Letsdoit1048999,3,0,0,0,0,0,0,0,1,0,0,1,1,0
7983,ChakavakMan,2,0,0,0,0,0,0,0,1,0,0,1,0,0
7984,Blek5_,1,0,0,0,0,0,0,0,1,0,0,0,0,0
7985,armita_BJ,2,0,0,0,0,0,0,0,1,1,0,0,0,0
7986,z1914ZZ,1,0,0,0,0,0,0,0,1,0,0,0,0,0
7987,TK_Holms,1,0,0,0,0,0,0,0,1,0,0,0,0,0
7988,hakhahakha2,2,0,0,0,0,0,0,0,1,1,0,0,0,0
7989,haruwsakura,3,0,0,0,0,0,0,0,1,1,1,0,0,0
7990,khakpaz,4,0,0,0,0,0,0,0,1,1,1,0,1,0
7991,R_Khorshidian,2,0,0,0,0,0,0,0,1,0,0,1,0,0
7992,payam_sb1991,3,0,0,0,0,0,0,0,1,1,1,0,0,0
7993,Lourdesbambina,1,0,0,0,0,0,0,0,1,0,0,0,0,0
7994,ArezoMahmoodi,2,0,0,0,0,0,0,0,1,1,0,0,0,0
7995,Iranboy60109885,1,0,0,0,0,0,0,0,1,0,0,0,0,0
7996,AshesStillWarm,1,0,0,0,0,0,0,0,1,0,0,0,0,0
7997,rezagr_74,2,0,0,0,0,0,0,0,1,0,1,0,0,0
7998,myd29607373,3,0,0,0,0,0,0,0,1,1,1,0,0,0
7999,GaisbauerSabine,1,0,0,0,0,0,0,0,1,0,0,0,0,0
8000,jokershahdostt,4,0,0,0,0,0,0,0,1,0,1,1,1,0
8001,avinavina,6,0,0,0,0,0,0,0,1,1,1,1,1,1
8002,karbarbeyond,2,0,0,0,0,0,0,0,1,1,0,0,0,0
8003,Zarzarkoohi,1,0,0,0,0,0,0,0,1,0,0,0,0,0
8004,fatemeh467,2,0,0,0,0,0,0,0,1,0,0,0,1,0
8005,Mehrdad88427351,4,0,0,0,0,0,0,0,1,1,1,1,0,0
8006,pouyavatan,2,0,0,0,0,0,0,0,1,1,0,0,0,0
8007,ParhamPooyandeh,1,0,0,0,0,0,0,0,1,0,0,0,0,0
8008,najarpour_70935,3,0,0,0,0,0,0,0,1,0,1,1,0,0
8009,think__on__it,1,0,0,0,0,0,0,0,1,0,0,0,0,0
8010,faryaddarsokout,2,0,0,0,0,0,0,0,1,0,1,0,0,0
8011,Tiaaraa444,1,0,0,0,0,0,0,0,1,0,0,0,0,0
8012,Nil_Nel_,2,0,0,0,0,0,0,0,1,0,1,0,0,0
8013,meti_mir,4,0,0,0,0,0,0,0,1,1,0,0,1,1
8014,thedelwar,1,0,0,0,0,0,0,0,1,0,0,0,0,0
8015,Arshan2582,4,0,0,0,0,0,0,0,1,1,0,0,1,1
8016,sophieparisot73,2,0,0,0,0,0,0,0,1,1,0,0,0,0
8017,chi2talk,1,0,0,0,0,0,0,0,1,0,0,0,0,0
8018,Silvernolliebug,1,0,0,0,0,0,0,0,1,0,0,0,0,0
8019,AA2100934270390,4,0,0,0,0,0,0,0,1,1,1,0,1,0
8020,Danf70005x,1,0,0,0,0,0,0,0,1,0,0,0,0,0
8021,Weneedking,4,0,0,0,0,0,0,0,1,0,1,1,1,0
8022,Heywaycomplain,1,0,0,0,0,0,0,0,1,0,0,0,0,0
8023,asmin98670497,4,0,0,0,0,0,0,0,1,1,0,0,1,1
8024,javiddd_shah,2,0,0,0,0,0,0,0,1,1,0,0,0,0
8025,namhraban,1,0,0,0,0,0,0,0,1,0,0,0,0,0
8026,leoedica,2,0,0,0,0,0,0,0,1,1,0,0,0,0
8027,nanacoren,5,0,0,0,0,0,0,0,1,1,1,1,0,1
8028,RadfarMohs30879,3,0,0,0,0,0,0,0,1,0,1,0,1,0
8029,BahmanParsy,1,0,0,0,0,0,0,0,1,0,0,0,0,0
8030,Miryousef175190,4,0,0,0,0,0,0,0,1,1,1,1,0,0
8031,iamhurad,1,0,0,0,0,0,0,0,1,0,0,0,0,0
8032,AbadMihan76080,1,0,0,0,0,0,0,0,1,0,0,0,0,0
8033,Pragmalogue,6,0,0,0,0,0,0,0,1,1,1,1,1,1
8034,padeshahi_khah,1,0,0,0,0,0,0,0,1,0,0,0,0,0
8035,Dartagnanvn,3,0,0,0,0,0,0,0,1,0,0,0,1,1
8036,edwin_iranvij,2,0,0,0,0,0,0,0,1,0,1,0,0,0
8037,iranidaturan,1,0,0,0,0,0,0,0,1,0,0,0,0,0
8038,empire_kharesh,2,0,0,0,0,0,0,0,1,0,0,1,0,0
8039,mohamady2231,3,0,0,0,0,0,0,0,1,0,0,1,0,1
8040,she86021950,1,0,0,0,0,0,0,0,1,0,0,0,0,0
8041,thisisawarefox,1,0,0,0,0,0,0,0,1,0,0,0,0,0
8042,Shahin10531,2,0,0,0,0,0,0,0,1,1,0,0,0,0
8043,KamranBrijany,1,0,0,0,0,0,0,0,1,0,0,0,0,0
8044,amir_shirr,2,0,0,0,0,0,0,0,1,0,0,1,0,0
8045,se17766,2,0,0,0,0,0,0,0,1,0,0,1,0,0
8046,heynaghi,1,0,0,0,0,0,0,0,1,0,0,0,0,0
8047,hazratemoosh,2,0,0,0,0,0,0,0,1,1,0,0,0,0
8048,BruceDanayee,2,0,0,0,0,0,0,0,1,1,0,0,0,0
8049,persianposeidon,6,0,0,0,0,0,0,0,1,1,1,1,1,1
8050,HONEY_HEART05,1,0,0,0,0,0,0,0,1,0,0,0,0,0
8051,blisss_bunny,1,0,0,0,0,0,0,0,1,0,0,0,0,0
8052,Ms_sheenj,1,0,0,0,0,0,0,0,1,0,0,0,0,0
8053,AmbitiousMitra,1,0,0,0,0,0,0,0,1,0,0,0,0,0
8054,sedayeaban98,1,0,0,0,0,0,0,0,1,0,0,0,0,0
8055,NozariSusan,1,0,0,0,0,0,0,0,1,0,0,0,0,0
8056,Shivakphp,1,0,0,0,0,0,0,0,1,0,0,0,0,0
8057,stevekalantar,1,0,0,0,0,0,0,0,1,0,0,0,0,0
8058,nima87827,2,0,0,0,0,0,0,0,1,0,0,0,0,1
8059,itsparsa1904,3,0,0,0,0,0,0,0,1,1,0,0,1,0
8060,angrybirdtheone,2,0,0,0,0,0,0,0,1,1,0,0,0,0
8061,EddieMoradi,1,0,0,0,0,0,0,0,1,0,0,0,0,0
8062,KharazmiGroup,3,0,0,0,0,0,0,0,1,0,1,0,1,0
8063,Sudyrepp,1,0,0,0,0,0,0,0,1,0,0,0,0,0
8064,PHHodi,2,0,0,0,0,0,0,0,1,0,0,0,0,1
8065,Kayvanotto,6,0,0,0,0,0,0,0,1,1,1,1,1,1
8066,IranBanu401,1,0,0,0,0,0,0,0,1,0,0,0,0,0
8067,AzadehLiravian,1,0,0,0,0,0,0,0,1,0,0,0,0,0
8068,Gordaafariid,1,0,0,0,0,0,0,0,1,0,0,0,0,0
8069,azadiiranbashah,3,0,0,0,0,0,0,0,1,1,0,0,0,1
8070,Leo760221,2,0,0,0,0,0,0,0,1,1,0,0,0,0
8071,rs_12321,1,0,0,0,0,0,0,0,1,0,0,0,0,0
8072,ashk_yekom,2,0,0,0,0,0,0,0,1,0,0,0,0,1
8073,amiroochi,1,0,0,0,0,0,0,0,1,0,0,0,0,0
8074,luckyluckzhina,4,0,0,0,0,0,0,0,1,1,1,1,0,0
8075,IraneAryaei,1,0,0,0,0,0,0,0,1,0,0,0,0,0
8076,patriot_Iran8,1,0,0,0,0,0,0,0,1,0,0,0,0,0
8077,SimbaMIGA,3,0,0,0,0,0,0,0,1,1,1,0,0,0
8078,Hanistrophic,2,0,0,0,0,0,0,0,1,1,0,0,0,0
8079,Peace24539709,3,0,0,0,0,0,0,0,1,0,0,1,0,1
8080,GRonin7,3,0,0,0,0,0,0,0,1,1,0,0,1,0
8081,whiteonlight,1,0,0,0,0,0,0,0,1,0,0,0,0,0
8082,encountercode,1,0,0,0,0,0,0,0,1,0,0,0,0,0
8083,sonnyboy8011,1,0,0,0,0,0,0,0,1,0,0,0,0,0
8084,BenySalehpour,1,0,0,0,0,0,0,0,1,0,0,0,0,0
8085,litereycher,1,0,0,0,0,0,0,0,1,0,0,0,0,0
8086,vanheda97,2,0,0,0,0,0,0,0,1,1,0,0,0,0
8087,Dumaan__,1,0,0,0,0,0,0,0,1,0,0,0,0,0
8088,Amin_Moradiii,2,0,0,0,0,0,0,0,1,0,1,0,0,0
8089,Lumizkeu,1,0,0,0,0,0,0,0,1,0,0,0,0,0
8090,CrusoeOfDeDip,1,0,0,0,0,0,0,0,1,0,0,0,0,0
8091,hope_f_F,3,0,0,0,0,0,0,0,1,1,0,1,0,0
8092,ghazallv,1,0,0,0,0,0,0,0,1,0,0,0,0,0
8093,mehdimirfender3,2,0,0,0,0,0,0,0,1,0,1,0,0,0
8094,elhamm_sh,3,0,0,0,0,0,0,0,1,1,0,0,1,0
8095,MsSlymy37067,1,0,0,0,0,0,0,0,1,0,0,0,0,0
8096,Farhoudkhf,2,0,0,0,0,0,0,0,1,0,0,1,0,0
8097,taghilulu1336,1,0,0,0,0,0,0,0,1,0,0,0,0,0
8098,cryptofarsi2016,3,0,0,0,0,0,0,0,1,0,0,0,1,1
8099,pa7777az,3,0,0,0,0,0,0,0,1,0,1,0,1,0
8100,MichielHaanstra,4,0,0,0,0,0,0,0,1,0,1,1,1,0
8101,Ghazaalmg,1,0,0,0,0,0,0,0,1,0,0,0,0,0
8102,GulfAtlanticInd,1,0,0,0,0,0,0,0,1,0,0,0,0,0
8103,borghannn,1,0,0,0,0,0,0,0,1,0,0,0,0,0
8104,AshkanBanaee,1,0,0,0,0,0,0,0,1,0,0,0,0,0
8105,knoxeknoxe,1,0,0,0,0,0,0,0,1,0,0,0,0,0
8106,FatemAG21,3,0,0,0,0,0,0,0,1,1,0,0,1,0
8107,Compact2448,1,0,0,0,0,0,0,0,1,0,0,0,0,0
8108,Artemisia_Viva,1,0,0,0,0,0,0,0,1,0,0,0,0,0
8109,Jamshidengine,3,0,0,0,0,0,0,0,1,1,0,0,1,0
8110,RajeevPillai3,6,0,0,0,0,0,0,0,1,1,1,1,1,1
8111,ArashMahmoudi7,1,0,0,0,0,0,0,0,1,0,0,0,0,0
8112,ContraDictaIR,2,0,0,0,0,0,0,0,1,0,0,0,0,1
8113,Iran1st,2,0,0,0,0,0,0,0,1,1,0,0,0,0
8114,ImmortalBanoo,1,0,0,0,0,0,0,0,1,0,0,0,0,0
8115,7878sh78,2,0,0,0,0,0,0,0,1,1,0,0,0,0
8116,BreakFree2585,2,0,0,0,0,0,0,0,1,0,1,0,0,0
8117,GFakhari,1,0,0,0,0,0,0,0,1,0,0,0,0,0
8118,ha_so26,1,0,0,0,0,0,0,0,1,0,0,0,0,0
8119,mortenguddal,2,0,0,0,0,0,0,0,1,0,1,0,0,0
8120,Rabin31957077,2,0,0,0,0,0,0,0,1,0,0,0,0,1
8121,Aloneleftover,1,0,0,0,0,0,0,0,1,0,0,0,0,0
8122,phobiatrapped,1,0,0,0,0,0,0,0,1,0,0,0,0,0
8123,qdzbwe,1,0,0,0,0,0,0,0,1,0,0,0,0,0
8124,hollyanddivine,1,0,0,0,0,0,0,0,1,0,0,0,0,0
8125,amiiir_h_aras,1,0,0,0,0,0,0,0,1,0,0,0,0,0
8126,gaussian_theory,2,0,0,0,0,0,0,0,1,0,0,0,1,0
8127,Nothing_Sacred1,2,0,0,0,0,0,0,0,1,1,0,0,0,0
8128,SammyDanesh,1,0,0,0,0,0,0,0,1,0,0,0,0,0
8129,_peymaneh,1,0,0,0,0,0,0,0,1,0,0,0,0,0
8130,atheistChild789,5,0,0,0,0,0,0,0,1,1,1,1,0,1
8131,BanafshehKhodd1,2,0,0,0,0,0,0,0,1,1,0,0,0,0
8132,Diryakzodiak,3,0,0,0,0,0,0,0,1,1,0,0,1,0
8133,alireza08468752,4,0,0,0,0,0,0,0,1,0,1,1,0,1
8134,saeid_sedighi,1,0,0,0,0,0,0,0,1,0,0,0,0,0
8135,FaezeZare2,2,0,0,0,0,0,0,0,1,1,0,0,0,0
8136,Sadegh_Antares,4,0,0,0,0,0,0,0,1,1,1,0,1,0
8137,MesiBaah,2,0,0,0,0,0,0,0,1,1,0,0,0,0
8138,Ace9615,3,0,0,0,0,0,0,0,1,0,0,0,1,1
8139,ShimaGh91,2,0,0,0,0,0,0,0,1,0,0,1,0,0
8140,Pirozir,1,0,0,0,0,0,0,0,1,0,0,0,0,0
8141,leilie_mohseni,1,0,0,0,0,0,0,0,1,0,0,0,0,0
8142,HozyJim,2,0,0,0,0,0,0,0,1,1,0,0,0,0
8143,Baran5755,3,0,0,0,0,0,0,0,1,0,1,1,0,0
8144,Mahrokh_msv,1,0,0,0,0,0,0,0,1,0,0,0,0,0
8145,KolaGhermezie,2,0,0,0,0,0,0,0,1,0,1,0,0,0
8146,Sara15826123,2,0,0,0,0,0,0,0,1,0,1,0,0,0
8147,Apple_123___,1,0,0,0,0,0,0,0,1,0,0,0,0,0
8148,bable_finger,1,0,0,0,0,0,0,0,1,0,0,0,0,0
8149,letitriplip,1,0,0,0,0,0,0,0,1,0,0,0,0,0
8150,iranisalive404,1,0,0,0,0,0,0,0,1,0,0,0,0,0
8151,irankhanoom1384,2,0,0,0,0,0,0,0,1,1,0,0,0,0
8152,ArashZahedi4,5,0,0,0,0,0,0,0,1,1,1,1,1,0
8153,dariush_hope,2,0,0,0,0,0,0,0,1,1,0,0,0,0
8154,thomasentre,2,0,0,0,0,0,0,0,1,0,0,0,0,1
8155,da_ra1999,1,0,0,0,0,0,0,0,1,0,0,0,0,0
8156,PersiaPaydar,1,0,0,0,0,0,0,0,1,0,0,0,0,0
8157,StarEXE701,1,0,0,0,0,0,0,0,1,0,0,0,0,0
8158,Ethan_dl24,2,0,0,0,0,0,0,0,1,1,0,0,0,0
8159,FakeTommy_Sh,3,0,0,0,0,0,0,0,1,1,0,1,0,0
8160,pesarebad_iran,2,0,0,0,0,0,0,0,1,1,0,0,0,0
8161,hamidreza_nikan,4,0,0,0,0,0,0,0,1,1,1,0,0,1
8162,farhadiyasamn,1,0,0,0,0,0,0,0,1,0,0,0,0,0
8163,Mediundco,1,0,0,0,0,0,0,0,1,0,0,0,0,0
8164,mehran9002,2,0,0,0,0,0,0,0,1,0,1,0,0,0
8165,CahrliChaplin,3,0,0,0,0,0,0,0,1,1,0,0,1,0
8166,VictoryPersia,1,0,0,0,0,0,0,0,1,0,0,0,0,0
8167,SebastianVtl5,6,0,0,0,0,0,0,0,1,1,1,1,1,1
8168,Yasamin520,1,0,0,0,0,0,0,0,1,0,0,0,0,0
8169,P13588865,3,0,0,0,0,0,0,0,1,1,0,1,0,0
8170,imaginerrrr,2,0,0,0,0,0,0,0,1,0,0,0,1,0
8171,_Farshad,1,0,0,0,0,0,0,0,1,0,0,0,0,0
8172,arashaztabriz,2,0,0,0,0,0,0,0,1,0,0,1,0,0
8173,CrimsonEliott,1,0,0,0,0,0,0,0,1,0,0,0,0,0
8174,EmmaPeel_Knight,1,0,0,0,0,0,0,0,1,0,0,0,0,0
8175,Raz91h,2,0,0,0,0,0,0,0,1,0,0,0,0,1
8176,ardalan_manutd,1,0,0,0,0,0,0,0,1,0,0,0,0,0
8177,MinaMayrhofer,1,0,0,0,0,0,0,0,1,0,0,0,0,0
8178,John07715858852,3,0,0,0,0,0,0,0,1,1,0,1,0,0
8179,mehrvatan2new1,1,0,0,0,0,0,0,0,1,0,0,0,0,0
8180,Sep_BudWise,1,0,0,0,0,0,0,0,1,0,0,0,0,0
8181,mtltoshz,2,0,0,0,0,0,0,0,1,1,0,0,0,0
8182,Rahiiii14,1,0,0,0,0,0,0,0,1,0,0,0,0,0
8183,rmin62,2,0,0,0,0,0,0,0,1,1,0,0,0,0
8184,Emedinmi,1,0,0,0,0,0,0,0,1,0,0,0,0,0
8185,AnaFromIran,1,0,0,0,0,0,0,0,1,0,0,0,0,0
8186,0441pars2039616,4,0,0,0,0,0,0,0,1,1,0,1,0,1
8187,TedJones6257,4,0,0,0,0,0,0,0,1,1,1,0,0,1
8188,KayhanLife,1,0,0,0,0,0,0,0,1,0,0,0,0,0
8189,azade13581404,1,0,0,0,0,0,0,0,1,0,0,0,0,0
8190,KavehFardad,1,0,0,0,0,0,0,0,1,0,0,0,0,0
8191,Farahmandkalaye,1,0,0,0,0,0,0,0,1,0,0,0,0,0
8192,Abouzar_Ghasemi,1,0,0,0,0,0,0,0,1,0,0,0,0,0
8193,No_Body2024,3,0,0,0,0,0,0,0,1,1,0,0,0,1
8194,reza298855,4,0,0,0,0,0,0,0,1,1,0,0,1,1
8195,Irandokht16419,2,0,0,0,0,0,0,0,1,0,1,0,0,0
8196,PetiMedAI,1,0,0,0,0,0,0,0,1,0,0,0,0,0
8197,HKhoyi,3,0,0,0,0,0,0,0,1,1,0,0,0,1
8198,mahdifallah,5,0,0,0,0,0,0,0,1,1,0,1,1,1
8199,SmH333776624498,1,0,0,0,0,0,0,0,1,0,0,0,0,0
8200,ArinehMesropian,1,0,0,0,0,0,0,0,1,0,0,0,0,0
8201,furiouskoala7,2,0,0,0,0,0,0,0,1,0,0,0,0,1
8202,thankgodokpala,2,0,0,0,0,0,0,0,1,0,0,0,1,0
8203,arsa491737,5,0,0,0,0,0,0,0,1,1,1,1,1,0
8204,Persia_2026,2,0,0,0,0,0,0,0,1,1,0,0,0,0
8205,ahs_1967,5,0,0,0,0,0,0,0,1,1,1,1,1,0
8206,Moonlike2022,3,0,0,0,0,0,0,0,1,0,0,1,1,0
8207,shbgrd7,1,0,0,0,0,0,0,0,1,0,0,0,0,0
8208,ramsar39,3,0,0,0,0,0,0,0,1,1,0,1,0,0
8209,ReGloryIran,2,0,0,0,0,0,0,0,1,0,1,0,0,0
8210,judy_hopps67,1,0,0,0,0,0,0,0,1,0,0,0,0,0
8211,Rouzbeh9292,1,0,0,0,0,0,0,0,1,0,0,0,0,0
8212,freeiran8181,2,0,0,0,0,0,0,0,1,0,1,0,0,0
8213,parwin1347,1,0,0,0,0,0,0,0,1,0,0,0,0,0
8214,mesa43032,1,0,0,0,0,0,0,0,1,0,0,0,0,0
8215,mitrajaaan,1,0,0,0,0,0,0,0,1,0,0,0,0,0
8216,central466153,4,0,0,0,0,0,0,0,1,1,1,1,0,0
8217,Mike59624018,4,0,0,0,0,0,0,0,1,1,1,1,0,0
8218,BSelahvarz1642,1,0,0,0,0,0,0,0,1,0,0,0,0,0
8219,BoysHappy93334,6,0,0,0,0,0,0,0,1,1,1,1,1,1
8220,JusticePul19764,1,0,0,0,0,0,0,0,1,0,0,0,0,0
8221,Amiruk01,6,0,0,0,0,0,0,0,1,1,1,1,1,1
8222,denaRahmaniy,4,0,0,0,0,0,0,0,1,1,0,1,0,1
8223,Hamedinst,6,0,0,0,0,0,0,0,1,1,1,1,1,1
8224,P88260,5,0,0,0,0,0,0,0,1,1,1,1,0,1
8225,IVatanam1819,1,0,0,0,0,0,0,0,1,0,0,0,0,0
8226,Talxoon,5,0,0,0,0,0,0,0,1,1,1,1,1,0
8227,ToorajAmaj,5,0,0,0,0,0,0,0,1,0,1,1,1,1
8228,Bahram1978NL,2,0,0,0,0,0,0,0,1,0,1,0,0,0
8229,ElhamGhasemzad1,2,0,0,0,0,0,0,0,1,1,0,0,0,0
8230,Alious_4404,3,0,0,0,0,0,0,0,1,1,0,1,0,0
8231,BuriedWhatWas,2,0,0,0,0,0,0,0,1,0,0,1,0,0
8232,Roz_2500,2,0,0,0,0,0,0,0,1,0,1,0,0,0
8233,Elena51913,1,0,0,0,0,0,0,0,1,0,0,0,0,0
8234,GolestanParsa,2,0,0,0,0,0,0,0,1,0,0,0,1,0
8235,M731Fu,2,0,0,0,0,0,0,0,1,0,0,1,0,0
8236,DrShababP,4,0,0,0,0,0,0,0,1,1,0,0,1,1
8237,mmzad22101979,2,0,0,0,0,0,0,0,1,1,0,0,0,0
8238,ploufhix,1,0,0,0,0,0,0,0,1,0,0,0,0,0
8239,siibiilkoloft,3,0,0,0,0,0,0,0,1,1,0,0,1,0
8240,An_Iranian_Guy,4,0,0,0,0,0,0,0,1,1,0,0,1,1
8241,A2077ki,1,0,0,0,0,0,0,0,1,0,0,0,0,0
8242,Raybod67,3,0,0,0,0,0,0,0,1,0,0,1,0,1
8243,Samsamgh93,2,0,0,0,0,0,0,0,1,1,0,0,0,0
8244,Znzndgyzdy22,1,0,0,0,0,0,0,0,1,0,0,0,0,0
8245,Pikatzschu,1,0,0,0,0,0,0,0,1,0,0,0,0,0
8246,ehtemali_,3,0,0,0,0,0,0,0,1,1,0,0,1,0
8247,Makan1551251,2,0,0,0,0,0,0,0,1,1,0,0,0,0
8248,The_A_R_H,1,0,0,0,0,0,0,0,1,0,0,0,0,0
8249,MauraK68698,1,0,0,0,0,0,0,0,1,0,0,0,0,0
8250,Equalizer4321,1,0,0,0,0,0,0,0,1,0,0,0,0,0
8251,kiansadeeghi,2,0,0,0,0,0,0,0,1,0,1,0,0,0
8252,s3m1993,2,0,0,0,0,0,0,0,1,0,1,0,0,0
8253,Babak_Kasravi,5,0,0,0,0,0,0,0,1,1,1,0,1,1
8254,Reza_datja,1,0,0,0,0,0,0,0,1,0,0,0,0,0
8255,alirezalipo,1,0,0,0,0,0,0,0,1,0,0,0,0,0
8256,behirondelle,5,0,0,0,0,0,0,0,1,1,1,1,1,0
8257,Sannie91364261,1,0,0,0,0,0,0,0,1,0,0,0,0,0
8258,SweetTrqi,3,0,0,0,0,0,0,0,1,1,0,0,1,0
8259,VSalehieh,5,0,0,0,0,0,0,0,1,1,1,1,1,0
8260,MRahnama35572,2,0,0,0,0,0,0,0,1,1,0,0,0,0
8261,RealHooshidar,1,0,0,0,0,0,0,0,1,0,0,0,0,0
8262,marin63001,2,0,0,0,0,0,0,0,1,0,1,0,0,0
8263,Alireza_N9277,1,0,0,0,0,0,0,0,1,0,0,0,0,0
8264,sina_2544,3,0,0,0,0,0,0,0,1,1,0,0,1,0
8265,kouche_mahtab,2,0,0,0,0,0,0,0,1,1,0,0,0,0
8266,EamonShau9,1,0,0,0,0,0,0,0,1,0,0,0,0,0
8267,theothersoull,2,0,0,0,0,0,0,0,1,1,0,0,0,0
8268,Masiha948767833,2,0,0,0,0,0,0,0,1,1,0,0,0,0
8269,faryadbisedaaa,2,0,0,0,0,0,0,0,1,0,0,1,0,0
8270,Neda2584,1,0,0,0,0,0,0,0,1,0,0,0,0,0
8271,soltex83,2,0,0,0,0,0,0,0,1,1,0,0,0,0
8272,asirejoqrafia,2,0,0,0,0,0,0,0,1,1,0,0,0,0
8273,Pooyan_de,1,0,0,0,0,0,0,0,1,0,0,0,0,0
8274,afsoon136,2,0,0,0,0,0,0,0,1,0,1,0,0,0
8275,kurasa2500,1,0,0,0,0,0,0,0,1,0,0,0,0,0
8276,omitah74,2,0,0,0,0,0,0,0,1,0,0,0,0,1
8277,ZahraFatem42600,3,0,0,0,0,0,0,0,1,0,0,1,0,1
8278,paraa_dd,4,0,0,0,0,0,0,0,1,1,1,0,1,0
8279,mjohn55,2,0,0,0,0,0,0,0,1,0,0,0,1,0
8280,R_Lamiaceae,1,0,0,0,0,0,0,0,1,0,0,0,0,0
8281,TimeToKnow5,2,0,0,0,0,0,0,0,1,0,0,0,1,0
8282,G0leKhandan,2,0,0,0,0,0,0,0,1,0,0,0,1,0
8283,Hallelhalleli,2,0,0,0,0,0,0,0,1,0,0,0,1,0
8284,IRANalwaysIRAN,6,0,0,0,0,0,0,0,1,1,1,1,1,1
8285,Psi658620867275,2,0,0,0,0,0,0,0,1,0,0,1,0,0
8286,noshbjnqe,1,0,0,0,0,0,0,0,1,0,0,0,0,0
8287,baumgartelvane1,2,0,0,0,0,0,0,0,1,0,0,0,0,1
8288,azadii77,1,0,0,0,0,0,0,0,1,0,0,0,0,0
8289,Mashhoudsso1360,1,0,0,0,0,0,0,0,1,0,0,0,0,0
8290,mhs_keep_calm,2,0,0,0,0,0,0,0,1,1,0,0,0,0
8291,Behnam152,1,0,0,0,0,0,0,0,1,0,0,0,0,0
8292,taranomsa,3,0,0,0,0,0,0,0,1,0,0,1,1,0
8293,MidaIsbega,2,0,0,0,0,0,0,0,1,1,0,0,0,0
8294,NZMR1984,2,0,0,0,0,0,0,0,1,1,0,0,0,0
8295,JTiphonnet,1,0,0,0,0,0,0,0,1,0,0,0,0,0
8296,1400kiyasha1400,5,0,0,0,0,0,0,0,1,1,1,0,1,1
8297,Rodis678258,1,0,0,0,0,0,0,0,1,0,0,0,0,0
8298,amirhaji1962,1,0,0,0,0,0,0,0,1,0,0,0,0,0
8299,RL36877045,1,0,0,0,0,0,0,0,1,0,0,0,0,0
8300,Danny485590,2,0,0,0,0,0,0,0,1,0,0,0,1,0
8301,1youngcrazy,2,0,0,0,0,0,0,0,1,0,0,0,1,0
8302,ChshmSwm,3,0,0,0,0,0,0,0,1,1,1,0,0,0
8303,arnabnsg,1,0,0,0,0,0,0,0,1,0,0,0,0,0
8304,Beelbobo,2,0,0,0,0,0,0,0,1,0,0,1,0,0
8305,GlbrgTnh,1,0,0,0,0,0,0,0,1,0,0,0,0,0
8306,RNejat68577,3,0,0,0,0,0,0,0,1,0,1,0,0,1
8307,aidadavoudi,1,0,0,0,0,0,0,0,1,0,0,0,0,0
8308,tanhadarbaraan,2,0,0,0,0,0,0,0,1,0,0,0,1,0
8309,AydaSharif62469,1,0,0,0,0,0,0,0,1,0,0,0,0,0
8310,FarinazDerakhs2,1,0,0,0,0,0,0,0,1,0,0,0,0,0
8311,roza1654,3,0,0,0,0,0,0,0,1,1,0,1,0,0
8312,Leilan4w,3,0,0,0,0,0,0,0,1,0,0,1,0,1
8313,mananett,1,0,0,0,0,0,0,0,1,0,0,0,0,0
8314,LionSunOfIran,4,0,0,0,0,0,0,0,1,1,1,1,0,0
8315,Mario99295438,1,0,0,0,0,0,0,0,1,0,0,0,0,0
8316,afarehdokh59805,1,0,0,0,0,0,0,0,1,0,0,0,0,0
8317,Himmel88b,1,0,0,0,0,0,0,0,1,0,0,0,0,0
8318,rostami2b,1,0,0,0,0,0,0,0,1,0,0,0,0,0
8319,roxypoxy16,1,0,0,0,0,0,0,0,1,0,0,0,0,0
8320,hightesla,1,0,0,0,0,0,0,0,1,0,0,0,0,0
8321,ieszeki,1,0,0,0,0,0,0,0,1,0,0,0,0,0
8322,RozieZ220184,1,0,0,0,0,0,0,0,1,0,0,0,0,0
8323,babakk23w,3,0,0,0,0,0,0,0,1,1,1,0,0,0
8324,Maryeesss,2,0,0,0,0,0,0,0,1,1,0,0,0,0
8325,fuzakeruna16,2,0,0,0,0,0,0,0,1,0,0,0,1,0
8326,partiza81698078,1,0,0,0,0,0,0,0,1,0,0,0,0,0
8327,TimotheeCh95482,3,0,0,0,0,0,0,0,1,1,0,0,1,0
8328,Zar_Banou,4,0,0,0,0,0,0,0,1,0,1,1,1,0
8329,ZKarimpour,1,0,0,0,0,0,0,0,1,0,0,0,0,0
8330,Yaraha368302,1,0,0,0,0,0,0,0,1,0,0,0,0,0
8331,Omid1893747,3,0,0,0,0,0,0,0,1,0,0,1,1,0
8332,NarinIrKi,3,0,0,0,0,0,0,0,1,1,0,0,1,0
8333,Tara_khanem,1,0,0,0,0,0,0,0,1,0,0,0,0,0
8334,Mooj4581,1,0,0,0,0,0,0,0,1,0,0,0,0,0
8335,LagharMordani,2,0,0,0,0,0,0,0,1,1,0,0,0,0
8336,SaraBud22,1,0,0,0,0,0,0,0,1,0,0,0,0,0
8337,ClaireDunphhy,1,0,0,0,0,0,0,0,1,0,0,0,0,0
8338,MarienkaferJ,4,0,0,0,0,0,0,0,1,1,0,1,0,1
8339,nasiim1388,1,0,0,0,0,0,0,0,1,0,0,0,0,0
8340,freeiran2026xh,1,0,0,0,0,0,0,0,1,0,0,0,0,0
8341,hadikabi15,2,0,0,0,0,0,0,0,1,1,0,0,0,0
8342,Dubreuc53522783,1,0,0,0,0,0,0,0,1,0,0,0,0,0
8343,MshMehr,1,0,0,0,0,0,0,0,1,0,0,0,0,0
8344,afsoon66000,2,0,0,0,0,0,0,0,1,1,0,0,0,0
8345,SarvAniita,1,0,0,0,0,0,0,0,1,0,0,0,0,0
8346,peyman_swed,1,0,0,0,0,0,0,0,1,0,0,0,0,0
8347,Behzad70664576,1,0,0,0,0,0,0,0,1,0,0,0,0,0
8348,Hamideh33135232,1,0,0,0,0,0,0,0,1,0,0,0,0,0
8349,abba_gunner2,1,0,0,0,0,0,0,0,1,0,0,0,0,0
8350,MyhnMam35458,2,0,0,0,0,0,0,0,1,1,0,0,0,0
8351,Positivistique,1,0,0,0,0,0,0,0,1,0,0,0,0,0
8352,SaidSavaki,2,0,0,0,0,0,0,0,1,0,0,0,1,0
8353,aahoo01138770,2,0,0,0,0,0,0,0,1,0,1,0,0,0
8354,par877,2,0,0,0,0,0,0,0,1,0,0,0,0,1
8355,khorrami_z,1,0,0,0,0,0,0,0,1,0,0,0,0,0
8356,Barghekh,1,0,0,0,0,0,0,0,1,0,0,0,0,0
8357,Misha116993,3,0,0,0,0,0,0,0,1,0,1,0,1,0
8358,hehe18559,2,0,0,0,0,0,0,0,1,0,0,0,1,0
8359,SriSatbir,2,0,0,0,0,0,0,0,1,0,1,0,0,0
8360,Darvin_Dehghani,1,0,0,0,0,0,0,0,1,0,0,0,0,0
8361,ZOKAI,1,0,0,0,0,0,0,0,1,0,0,0,0,0
8362,reza_jangi,2,0,0,0,0,0,0,0,1,0,1,0,0,0
8363,Oliverjordan178,1,0,0,0,0,0,0,0,1,0,0,0,0,0
8364,farhadraza81,3,0,0,0,0,0,0,0,1,0,1,1,0,0
8365,KingRezaPahlave,2,0,0,0,0,0,0,0,1,0,0,1,0,0
8366,sisi71734956,1,0,0,0,0,0,0,0,1,0,0,0,0,0
8367,IRANfyvv,2,0,0,0,0,0,0,0,1,1,0,0,0,0
8368,sheklak19,1,0,0,0,0,0,0,0,1,0,0,0,0,0
8369,KLARCKGABLE,4,0,0,0,0,0,0,0,1,1,1,0,1,0
8370,TheSilentOne02,3,0,0,0,0,0,0,0,1,0,0,0,1,1
8371,qiiezhqieezh,3,0,0,0,0,0,0,0,1,0,0,0,1,1
8372,PerlaNera_7,1,0,0,0,0,0,0,0,1,0,0,0,0,0
8373,SamanehOlfati,3,0,0,0,0,0,0,0,1,0,0,0,1,1
8374,jmpeterson33,1,0,0,0,0,0,0,0,1,0,0,0,0,0
8375,MMdiMatB,3,0,0,0,0,0,0,0,1,1,0,0,1,0
8376,Roual2391,1,0,0,0,0,0,0,0,1,0,0,0,0,0
8377,carnkief,2,0,0,0,0,0,0,0,1,0,0,1,0,0
8378,no_quest10n,6,0,0,0,0,0,0,0,1,1,1,1,1,1
8379,Ravak_s2,1,0,0,0,0,0,0,0,1,0,0,0,0,0
8380,NiaZarin,2,0,0,0,0,0,0,0,1,1,0,0,0,0
8381,rosa78412868,2,0,0,0,0,0,0,0,1,1,0,0,0,0
8382,Tarifesh,2,0,0,0,0,0,0,0,1,0,0,1,0,0
8383,ItsSissi,1,0,0,0,0,0,0,0,1,0,0,0,0,0
8384,Rozan198,2,0,0,0,0,0,0,0,1,1,0,0,0,0
8385,parippp290604,1,0,0,0,0,0,0,0,1,0,0,0,0,0
8386,iamvatanparast,1,0,0,0,0,0,0,0,1,0,0,0,0,0
8387,NargesDarg,1,0,0,0,0,0,0,0,1,0,0,0,0,0
8388,pahlavitimes,1,0,0,0,0,0,0,0,1,0,0,0,0,0
8389,arasayd_nalp,4,0,0,0,0,0,0,0,1,1,0,0,1,1
8390,PahlaviMonarchy,4,0,0,0,0,0,0,0,1,1,1,1,0,0
8391,MazPahlavi,1,0,0,0,0,0,0,0,1,0,0,0,0,0
8392,mjm71582789,1,0,0,0,0,0,0,0,1,0,0,0,0,0
8393,lbgp_sm1,4,0,0,0,0,0,0,0,1,1,1,1,0,0
8394,Soheilx,1,0,0,0,0,0,0,0,1,0,0,0,0,0
8395,Freedom20231403,4,0,0,0,0,0,0,0,1,1,1,0,1,0
8396,Leahgbzs,2,0,0,0,0,0,0,0,1,0,1,0,0,0
8397,navidili,4,0,0,0,0,0,0,0,1,1,0,1,1,0
8398,amoo_careroo,1,0,0,0,0,0,0,0,1,0,0,0,0,0
8399,fuckoff201212,1,0,0,0,0,0,0,0,1,0,0,0,0,0
8400,kaminarino_kami,1,0,0,0,0,0,0,0,1,0,0,0,0,0
8401,AShaykh_Morteza,2,0,0,0,0,0,0,0,1,1,0,0,0,0
8402,Irani8000,1,0,0,0,0,0,0,0,1,0,0,0,0,0
8403,DadashKaiko64,1,0,0,0,0,0,0,0,1,0,0,0,0,0
8404,Liliumogan,1,0,0,0,0,0,0,0,1,0,0,0,0,0
8405,sos4Iran_MIGA,1,0,0,0,0,0,0,0,1,0,0,0,0,0
8406,david_soltani4,1,0,0,0,0,0,0,0,1,0,0,0,0,0
8407,porscheboy13,1,0,0,0,0,0,0,0,1,0,0,0,0,0
8408,KhaleghiNilofar,1,0,0,0,0,0,0,0,1,0,0,0,0,0
8409,azin_nab,2,0,0,0,0,0,0,0,1,0,0,0,0,1
8410,ConfusedBaboon,1,0,0,0,0,0,0,0,1,0,0,0,0,0
8411,pay2ur,2,0,0,0,0,0,0,0,1,1,0,0,0,0
8412,Farshidgh2537,3,0,0,0,0,0,0,0,1,0,1,1,0,0
8413,Babaferzi,3,0,0,0,0,0,0,0,1,0,0,0,1,1
8414,Nikkhanoom,1,0,0,0,0,0,0,0,1,0,0,0,0,0
8415,shahrbanoo1985,1,0,0,0,0,0,0,0,1,0,0,0,0,0
8416,Kooroshai3,1,0,0,0,0,0,0,0,1,0,0,0,0,0
8417,iransavalan13,1,0,0,0,0,0,0,0,1,0,0,0,0,0
8418,dokhymokhy,5,0,0,0,0,0,0,0,1,1,1,0,1,1
8419,Sabadrangi,2,0,0,0,0,0,0,0,1,0,0,0,0,1
8420,ArioBarzanIran7,2,0,0,0,0,0,0,0,1,1,0,0,0,0
8421,eguaje2010,1,0,0,0,0,0,0,0,1,0,0,0,0,0
8422,leillinga,1,0,0,0,0,0,0,0,1,0,0,0,0,0
8423,Parthenon1,1,0,0,0,0,0,0,0,1,0,0,0,0,0
8424,royaasghari138,2,0,0,0,0,0,0,0,1,0,0,1,0,0
8425,Arman92Ma,1,0,0,0,0,0,0,0,1,0,0,0,0,0
8426,mamacat1989,3,0,0,0,0,0,0,0,1,0,1,1,0,0
8427,Hayberd_Avedian,1,0,0,0,0,0,0,0,1,0,0,0,0,0
8428,JohnPrice316895,2,0,0,0,0,0,0,0,1,1,0,0,0,0
8429,hiiran98,1,0,0,0,0,0,0,0,1,0,0,0,0,0
8430,MohsenRocklin,2,0,0,0,0,0,0,0,1,1,0,0,0,0
8431,Bijan358,2,0,0,0,0,0,0,0,1,1,0,0,0,0
8432,fathi_shirin,4,0,0,0,0,0,0,0,1,1,1,0,1,0
8433,NeuroBigBang,2,0,0,0,0,0,0,0,1,1,0,0,0,0
8434,RoseAmanii,2,0,0,0,0,0,0,0,1,1,0,0,0,0
8435,VnSanam,1,0,0,0,0,0,0,0,1,0,0,0,0,0
8436,Cre8iveWDDM,2,0,0,0,0,0,0,0,1,0,1,0,0,0
8437,bahman1758,2,0,0,0,0,0,0,0,1,1,0,0,0,0
8438,MonarchyPersia,1,0,0,0,0,0,0,0,1,0,0,0,0,0
8439,Balrotsa,2,0,0,0,0,0,0,0,1,1,0,0,0,0
8440,BahramVazirnez1,2,0,0,0,0,0,0,0,1,0,1,0,0,0
8441,IranTenha30443,2,0,0,0,0,0,0,0,1,1,0,0,0,0
8442,shokoheira,2,0,0,0,0,0,0,0,1,0,1,0,0,0
8443,sedaye_iran,1,0,0,0,0,0,0,0,1,0,0,0,0,0
8444,rezajafarijam,1,0,0,0,0,0,0,0,1,0,0,0,0,0
8445,Pesare_Shahhh,1,0,0,0,0,0,0,0,1,0,0,0,0,0
8446,Rohaam18,2,0,0,0,0,0,0,0,1,1,0,0,0,0
8447,nastaran8888,1,0,0,0,0,0,0,0,1,0,0,0,0,0
8448,JervaJerry,1,0,0,0,0,0,0,0,1,0,0,0,0,0
8449,DRosh23,1,0,0,0,0,0,0,0,1,0,0,0,0,0
8450,Maddy85AR,1,0,0,0,0,0,0,0,1,0,0,0,0,0
8451,IranRevolufn,1,0,0,0,0,0,0,0,1,0,0,0,0,0
8452,passagard,1,0,0,0,0,0,0,0,1,0,0,0,0,0
8453,NOoR0ao760,5,0,0,0,0,0,0,0,1,1,1,1,1,0
8454,shahabg88,1,0,0,0,0,0,0,0,1,0,0,0,0,0
8455,mussi84,1,0,0,0,0,0,0,0,1,0,0,0,0,0
8456,NightFighter84,1,0,0,0,0,0,0,0,1,0,0,0,0,0
8457,larrythkw,3,0,0,0,0,0,0,0,1,1,0,0,1,0
8458,Roohianr,3,0,0,0,0,0,0,0,1,0,1,0,1,0
8459,RyanNgstn,2,0,0,0,0,0,0,0,1,0,0,0,0,1
8460,ElliiiT,3,0,0,0,0,0,0,0,1,0,1,0,1,0
8461,ehs8027,1,0,0,0,0,0,0,0,1,0,0,0,0,0
8462,Blue_with_Berry,1,0,0,0,0,0,0,0,1,0,0,0,0,0
8463,ashkansami007,2,0,0,0,0,0,0,0,1,0,0,1,0,0
8464,Hooshooki,2,0,0,0,0,0,0,0,1,1,0,0,0,0
8465,sh1rokhorshid,1,0,0,0,0,0,0,0,1,0,0,0,0,0
8466,sherrysh12,2,0,0,0,0,0,0,0,1,0,0,0,1,0
8467,ErusseEstelinya,2,0,0,0,0,0,0,0,1,0,0,0,1,0
8468,ali4bit,4,0,0,0,0,0,0,0,1,1,1,0,0,1
8469,zohreirani1990,1,0,0,0,0,0,0,0,1,0,0,0,0,0
8470,arezoubehrang_,1,0,0,0,0,0,0,0,1,0,0,0,0,0
8471,AshtariSaid,5,0,0,0,0,0,0,0,1,1,1,1,1,0
8472,Aseman202420,2,0,0,0,0,0,0,0,1,1,0,0,0,0
8473,majidreza83,2,0,0,0,0,0,0,0,1,0,1,0,0,0
8474,mehrnazmalekii,2,0,0,0,0,0,0,0,1,0,1,0,0,0
8475,riritingar,5,0,0,0,0,0,0,0,1,1,1,1,1,0
8476,arsalannaamdar,1,0,0,0,0,0,0,0,1,0,0,0,0,0
8477,AghaBrando,4,0,0,0,0,0,0,0,1,1,1,0,0,1
8478,KenRodrige,3,0,0,0,0,0,0,0,1,0,0,1,0,1
8479,Jneilsman,2,0,0,0,0,0,0,0,1,1,0,0,0,0
8480,___Sepid___,2,0,0,0,0,0,0,0,1,1,0,0,0,0
8481,FardinLotfi,4,0,0,0,0,0,0,0,1,0,0,1,1,1
8482,Keyvankeyv92781,4,0,0,0,0,0,0,0,1,1,1,0,1,0
8483,reddish1984,2,0,0,0,0,0,0,0,1,0,0,0,1,0
8484,Marcus_Le_Grand,2,0,0,0,0,0,0,0,1,1,0,0,0,0
8485,Freedom70396456,3,0,0,0,0,0,0,0,1,1,0,0,0,1
8486,Fred_Parvaneh,1,0,0,0,0,0,0,0,1,0,0,0,0,0
8487,samiranzamin,1,0,0,0,0,0,0,0,1,0,0,0,0,0
8488,SkMdxznh,1,0,0,0,0,0,0,0,1,0,0,0,0,0
8489,ArminPCM,2,0,0,0,0,0,0,0,1,0,0,0,1,0
8490,ParsaHosseinpo3,1,0,0,0,0,0,0,0,1,0,0,0,0,0
8491,ShayanUnique,1,0,0,0,0,0,0,0,1,0,0,0,0,0
8492,James_B__007,1,0,0,0,0,0,0,0,1,0,0,0,0,0
8493,somoo1975,3,0,0,0,0,0,0,0,1,1,0,0,0,1
8494,PatriotsPower1,3,0,0,0,0,0,0,0,1,1,1,0,0,0
8495,HarfamoBezanam,1,0,0,0,0,0,0,0,1,0,0,0,0,0
8496,MSakiBijan,2,0,0,0,0,0,0,0,1,0,0,0,1,0
8497,aydawaldron,1,0,0,0,0,0,0,0,1,0,0,0,0,0
8498,AshkOfIran,1,0,0,0,0,0,0,0,0,1,0,0,0,0
8499,NaderforIran,1,0,0,0,0,0,0,0,0,1,0,0,0,0
8500,Mahsa440852482,1,0,0,0,0,0,0,0,0,1,0,0,0,0
8501,Laca1354,1,0,0,0,0,0,0,0,0,1,0,0,0,0
8502,arvin2984,2,0,0,0,0,0,0,0,0,1,0,1,0,0
8503,dbakhshia82,1,0,0,0,0,0,0,0,0,1,0,0,0,0
8504,tajjekabir,1,0,0,0,0,0,0,0,0,1,0,0,0,0
8505,Schade4M,2,0,0,0,0,0,0,0,0,1,0,0,1,0
8506,AAdamloo,1,0,0,0,0,0,0,0,0,1,0,0,0,0
8507,prwanh510641,1,0,0,0,0,0,0,0,0,1,0,0,0,0
8508,smjm1972,1,0,0,0,0,0,0,0,0,1,0,0,0,0
8509,sepi62259010,1,0,0,0,0,0,0,0,0,1,0,0,0,0
8510,NChanmina36247,1,0,0,0,0,0,0,0,0,1,0,0,0,0
8511,behrooz_aa,1,0,0,0,0,0,0,0,0,1,0,0,0,0
8512,Sayeh_smm,2,0,0,0,0,0,0,0,0,1,0,0,1,0
8513,gapinibas,1,0,0,0,0,0,0,0,0,1,0,0,0,0
8514,AnisMirzae96756,1,0,0,0,0,0,0,0,0,1,0,0,0,0
8515,pershiranX,1,0,0,0,0,0,0,0,0,1,0,0,0,0
8516,KavehDadgostar,1,0,0,0,0,0,0,0,0,1,0,0,0,0
8517,shabgahi,1,0,0,0,0,0,0,0,0,1,0,0,0,0
8518,mehrdad_bashad,3,0,0,0,0,0,0,0,0,1,0,1,0,1
8519,VaHiD749,2,0,0,0,0,0,0,0,0,1,1,0,0,0
8520,Hana20001112,1,0,0,0,0,0,0,0,0,1,0,0,0,0
8521,iezaree,2,0,0,0,0,0,0,0,0,1,0,1,0,0
8522,ghaa3dak,1,0,0,0,0,0,0,0,0,1,0,0,0,0
8523,Yasin758066,2,0,0,0,0,0,0,0,0,1,0,1,0,0
8524,SaharSc1,2,0,0,0,0,0,0,0,0,1,0,0,0,1
8525,echo_free_iran,1,0,0,0,0,0,0,0,0,1,0,0,0,0
8526,Mfayzak,2,0,0,0,0,0,0,0,0,1,1,0,0,0
8527,itsamach,2,0,0,0,0,0,0,0,0,1,1,0,0,0
8528,Aragonjohn5,1,0,0,0,0,0,0,0,0,1,0,0,0,0
8529,S_karamouz,2,0,0,0,0,0,0,0,0,1,0,1,0,0
8530,b1ue_ightning,3,0,0,0,0,0,0,0,0,1,0,1,1,0
8531,sohrabnourbakh1,2,0,0,0,0,0,0,0,0,1,0,1,0,0
8532,RamtinRadman,1,0,0,0,0,0,0,0,0,1,0,0,0,0
8533,KianPirFaluxkj,1,0,0,0,0,0,0,0,0,1,0,0,0,0
8534,ebbiejoonsk,2,0,0,0,0,0,0,0,0,1,0,1,0,0
8535,Nafas000000,2,0,0,0,0,0,0,0,0,1,0,0,1,0
8536,arashmirza54060,1,0,0,0,0,0,0,0,0,1,0,0,0,0
8537,arezi_mehrdad,3,0,0,0,0,0,0,0,0,1,1,0,1,0
8538,samgiga2,1,0,0,0,0,0,0,0,0,1,0,0,0,0
8539,mohamaaaaadR,2,0,0,0,0,0,0,0,0,1,0,0,0,1
8540,mrnobody2582,1,0,0,0,0,0,0,0,0,1,0,0,0,0
8541,micalziynkalrom,2,0,0,0,0,0,0,0,0,1,1,0,0,0
8542,khosrowa99,1,0,0,0,0,0,0,0,0,1,0,0,0,0
8543,emamloading,1,0,0,0,0,0,0,0,0,1,0,0,0,0
8544,miles_wakeford,2,0,0,0,0,0,0,0,0,1,0,0,1,0
8545,jikob315359,2,0,0,0,0,0,0,0,0,1,0,1,0,0
8546,DalilZand,1,0,0,0,0,0,0,0,0,1,0,0,0,0
8547,boips_58,1,0,0,0,0,0,0,0,0,1,0,0,0,0
8548,Maryam52506885,1,0,0,0,0,0,0,0,0,1,0,0,0,0
8549,RotInPlague,1,0,0,0,0,0,0,0,0,1,0,0,0,0
8550,77AJP,3,0,0,0,0,0,0,0,0,1,1,0,1,0
8551,PejMoza,1,0,0,0,0,0,0,0,0,1,0,0,0,0
8552,HGharraie,4,0,0,0,0,0,0,0,0,1,1,1,1,0
8553,wtfdearlord,1,0,0,0,0,0,0,0,0,1,0,0,0,0
8554,Hadipakdaman19,2,0,0,0,0,0,0,0,0,1,0,1,0,0
8555,CAnonymous30,2,0,0,0,0,0,0,0,0,1,0,1,0,0
8556,SaeedNik4,3,0,0,0,0,0,0,0,0,1,1,0,1,0
8557,azadi14042026,1,0,0,0,0,0,0,0,0,1,0,0,0,0
8558,3Wishes_Simorgh,2,0,0,0,0,0,0,0,0,1,0,0,0,1
8559,Matt247797,4,0,0,0,0,0,0,0,0,1,0,1,1,1
8560,datcom64,2,0,0,0,0,0,0,0,0,1,0,1,0,0
8561,dudism666,3,0,0,0,0,0,0,0,0,1,1,1,0,0
8562,Tanies159623,1,0,0,0,0,0,0,0,0,1,0,0,0,0
8563,prs_darwin,1,0,0,0,0,0,0,0,0,1,0,0,0,0
8564,soroushi_1,1,0,0,0,0,0,0,0,0,1,0,0,0,0
8565,HassanpourSaeed,2,0,0,0,0,0,0,0,0,1,1,0,0,0
8566,realBenjaminOrs,1,0,0,0,0,0,0,0,0,1,0,0,0,0
8567,MaryRe765,1,0,0,0,0,0,0,0,0,1,0,0,0,0
8568,hex41434,3,0,0,0,0,0,0,0,0,1,0,0,1,1
8569,LayDRLR,1,0,0,0,0,0,0,0,0,1,0,0,0,0
8570,jammedadi,1,0,0,0,0,0,0,0,0,1,0,0,0,0
8571,SoldierOfKaqnj,3,0,0,0,0,0,0,0,0,1,1,0,1,0
8572,7nsHmMn9qC9ascx,1,0,0,0,0,0,0,0,0,1,0,0,0,0
8573,rostamfarr90722,2,0,0,0,0,0,0,0,0,1,1,0,0,0
8574,ntjk55,3,0,0,0,0,0,0,0,0,1,1,1,0,0
8575,yoohana2025,1,0,0,0,0,0,0,0,0,1,0,0,0,0
8576,Soniabyhg,1,0,0,0,0,0,0,0,0,1,0,0,0,0
8577,NavidMost,1,0,0,0,0,0,0,0,0,1,0,0,0,0
8578,goohar1992,3,0,0,0,0,0,0,0,0,1,1,0,0,1
8579,Pooria_sh2022,1,0,0,0,0,0,0,0,0,1,0,0,0,0
8580,M4M3sh,1,0,0,0,0,0,0,0,0,1,0,0,0,0
8581,Daena_Mazda,2,0,0,0,0,0,0,0,0,1,0,0,1,0
8582,Parsian2500,3,0,0,0,0,0,0,0,0,1,1,0,1,0
8583,LiliybirdM,2,0,0,0,0,0,0,0,0,1,0,1,0,0
8584,aryamehr2025,1,0,0,0,0,0,0,0,0,1,0,0,0,0
8585,Sarfaraz_400,1,0,0,0,0,0,0,0,0,1,0,0,0,0
8586,iraniiii86,1,0,0,0,0,0,0,0,0,1,0,0,0,0
8587,makhmaltala,3,0,0,0,0,0,0,0,0,1,1,1,0,0
8588,mahmoodarzanii,1,0,0,0,0,0,0,0,0,1,0,0,0,0
8589,aaraar2535,3,0,0,0,0,0,0,0,0,1,1,0,1,0
8590,Mojgan305444105,2,0,0,0,0,0,0,0,0,1,0,1,0,0
8591,Kavian_shah,3,0,0,0,0,0,0,0,0,1,1,1,0,0
8592,ghamarolmolock,2,0,0,0,0,0,0,0,0,1,0,1,0,0
8593,Hasti0906,1,0,0,0,0,0,0,0,0,1,0,0,0,0
8594,forough44320245,1,0,0,0,0,0,0,0,0,1,0,0,0,0
8595,High_Priest0001,1,0,0,0,0,0,0,0,0,1,0,0,0,0
8596,HorizontalHasan,2,0,0,0,0,0,0,0,0,1,0,0,1,0
8597,alpach994,1,0,0,0,0,0,0,0,0,1,0,0,0,0
8598,Yashar_Iranii,1,0,0,0,0,0,0,0,0,1,0,0,0,0
8599,gamer2026_1,1,0,0,0,0,0,0,0,0,1,0,0,0,0
8600,yganh15886,2,0,0,0,0,0,0,0,0,1,0,1,0,0
8601,jiomosho,1,0,0,0,0,0,0,0,0,1,0,0,0,0
8602,GO8Q4J6pc9VpFk2,1,0,0,0,0,0,0,0,0,1,0,0,0,0
8603,Riraqitu,2,0,0,0,0,0,0,0,0,1,0,0,0,1
8604,JavidNamjou,1,0,0,0,0,0,0,0,0,1,0,0,0,0
8605,SHaHaN80K,1,0,0,0,0,0,0,0,0,1,0,0,0,0
8606,Mohsen_B_Yar,1,0,0,0,0,0,0,0,0,1,0,0,0,0
8607,behzzzad,2,0,0,0,0,0,0,0,0,1,0,0,0,1
8608,ZiMa1494715,3,0,0,0,0,0,0,0,0,1,1,1,0,0
8609,kamanggir,1,0,0,0,0,0,0,0,0,1,0,0,0,0
8610,DanielArri6,1,0,0,0,0,0,0,0,0,1,0,0,0,0
8611,ZAKAN33,2,0,0,0,0,0,0,0,0,1,1,0,0,0
8612,Ariz010101,1,0,0,0,0,0,0,0,0,1,0,0,0,0
8613,Mana12138630,2,0,0,0,0,0,0,0,0,1,0,0,0,1
8614,jonoonpastili,1,0,0,0,0,0,0,0,0,1,0,0,0,0
8615,omid_g_z,2,0,0,0,0,0,0,0,0,1,0,1,0,0
8616,k_zarnegin,2,0,0,0,0,0,0,0,0,1,0,0,0,1
8617,yahouzadeh,1,0,0,0,0,0,0,0,0,1,0,0,0,0
8618,bikhabam,1,0,0,0,0,0,0,0,0,1,0,0,0,0
8619,Maral_zeinal,1,0,0,0,0,0,0,0,0,1,0,0,0,0
8620,Tinairannejad,2,0,0,0,0,0,0,0,0,1,0,1,0,0
8621,Hela5k,1,0,0,0,0,0,0,0,0,1,0,0,0,0
8622,Kavoshos,2,0,0,0,0,0,0,0,0,1,0,1,0,0
8623,SB8199120483475,1,0,0,0,0,0,0,0,0,1,0,0,0,0
8624,Padideh_Iran,1,0,0,0,0,0,0,0,0,1,0,0,0,0
8625,CharliePeber,1,0,0,0,0,0,0,0,0,1,0,0,0,0
8626,wwasalww,1,0,0,0,0,0,0,0,0,1,0,0,0,0
8627,Artemismufin,1,0,0,0,0,0,0,0,0,1,0,0,0,0
8628,JavidShahansha,2,0,0,0,0,0,0,0,0,1,1,0,0,0
8629,EchoNova86,1,0,0,0,0,0,0,0,0,1,0,0,0,0
8630,Azzi2013,3,0,0,0,0,0,0,0,0,1,0,1,0,1
8631,amir_atp,2,0,0,0,0,0,0,0,0,1,0,1,0,0
8632,elmiraamir,1,0,0,0,0,0,0,0,0,1,0,0,0,0
8633,purandokht61767,1,0,0,0,0,0,0,0,0,1,0,0,0,0
8634,Rajegger,1,0,0,0,0,0,0,0,0,1,0,0,0,0
8635,NedtzoArt,2,0,0,0,0,0,0,0,0,1,0,0,1,0
8636,Hoda_barlou,2,0,0,0,0,0,0,0,0,1,0,1,0,0
8637,Michael27567823,1,0,0,0,0,0,0,0,0,1,0,0,0,0
8638,betterlowwer,1,0,0,0,0,0,0,0,0,1,0,0,0,0
8639,Lostinheaven7,2,0,0,0,0,0,0,0,0,1,0,0,1,0
8640,ghadiri_farhad,1,0,0,0,0,0,0,0,0,1,0,0,0,0
8641,ArashAmirMahani,1,0,0,0,0,0,0,0,0,1,0,0,0,0
8642,GhiNiId,1,0,0,0,0,0,0,0,0,1,0,0,0,0
8643,soldier_of_mr,1,0,0,0,0,0,0,0,0,1,0,0,0,0
8644,TheBalach,1,0,0,0,0,0,0,0,0,1,0,0,0,0
8645,anahit54555657,3,0,0,0,0,0,0,0,0,1,1,0,1,0
8646,Persian_Phoneix,3,0,0,0,0,0,0,0,0,1,1,1,0,0
8647,amirkabir_97,2,0,0,0,0,0,0,0,0,1,0,0,1,0
8648,butterflySefid,1,0,0,0,0,0,0,0,0,1,0,0,0,0
8649,mb_ghailbaf,1,0,0,0,0,0,0,0,0,1,0,0,0,0
8650,MiladAzizi1992,1,0,0,0,0,0,0,0,0,1,0,0,0,0
8651,Maryaam_GH,1,0,0,0,0,0,0,0,0,1,0,0,0,0
8652,sharinhd53,1,0,0,0,0,0,0,0,0,1,0,0,0,0
8653,RaKhi136,1,0,0,0,0,0,0,0,0,1,0,0,0,0
8654,AminK1882170,1,0,0,0,0,0,0,0,0,1,0,0,0,0
8655,Ghali_bagherbaf,1,0,0,0,0,0,0,0,0,1,0,0,0,0
8656,imanshekoohi,1,0,0,0,0,0,0,0,0,1,0,0,0,0
8657,Adel_Aban98,1,0,0,0,0,0,0,0,0,1,0,0,0,0
8658,hamy_76,1,0,0,0,0,0,0,0,0,1,0,0,0,0
8659,P31415927,1,0,0,0,0,0,0,0,0,1,0,0,0,0
8660,mamsiiiiis,2,0,0,0,0,0,0,0,0,1,0,1,0,0
8661,AAfagh_99,2,0,0,0,0,0,0,0,0,1,0,1,0,0
8662,fadaviardestani,1,0,0,0,0,0,0,0,0,1,0,0,0,0
8663,Mulan_2023,1,0,0,0,0,0,0,0,0,1,0,0,0,0
8664,mohiiaam,1,0,0,0,0,0,0,0,0,1,0,0,0,0
8665,Roshanak_zri,1,0,0,0,0,0,0,0,0,1,0,0,0,0
8666,maryamabedi38,1,0,0,0,0,0,0,0,0,1,0,0,0,0
8667,Nik_Andisheh,1,0,0,0,0,0,0,0,0,1,0,0,0,0
8668,Farah46183421,1,0,0,0,0,0,0,0,0,1,0,0,0,0
8669,shirokhorshidha,2,0,0,0,0,0,0,0,0,1,1,0,0,0
8670,Sahra72059693,3,0,0,0,0,0,0,0,0,1,1,1,0,0
8671,saqayeq,1,0,0,0,0,0,0,0,0,1,0,0,0,0
8672,mahhttab,1,0,0,0,0,0,0,0,0,1,0,0,0,0
8673,azoun88,1,0,0,0,0,0,0,0,0,1,0,0,0,0
8674,Rectomlogist,1,0,0,0,0,0,0,0,0,1,0,0,0,0
8675,Faezeh_HKH,1,0,0,0,0,0,0,0,0,1,0,0,0,0
8676,Apocalypse_2024,1,0,0,0,0,0,0,0,0,1,0,0,0,0
8677,StarRamezi,1,0,0,0,0,0,0,0,0,1,0,0,0,0
8678,saeed1029,1,0,0,0,0,0,0,0,0,1,0,0,0,0
8679,Asgharkimiaei89,1,0,0,0,0,0,0,0,0,1,0,0,0,0
8680,Rosianizh,1,0,0,0,0,0,0,0,0,1,0,0,0,0
8681,petmoller,2,0,0,0,0,0,0,0,0,1,0,0,1,0
8682,Kiki197352,1,0,0,0,0,0,0,0,0,1,0,0,0,0
8683,charliw72,3,0,0,0,0,0,0,0,0,1,0,1,0,1
8684,DanielFotros7,1,0,0,0,0,0,0,0,0,1,0,0,0,0
8685,niswiq,1,0,0,0,0,0,0,0,0,1,0,0,0,0
8686,AGuyyyyJust,1,0,0,0,0,0,0,0,0,1,0,0,0,0
8687,Illidanghq,1,0,0,0,0,0,0,0,0,1,0,0,0,0
8688,ardavan_no,2,0,0,0,0,0,0,0,0,1,0,0,1,0
8689,banoo_sunny,1,0,0,0,0,0,0,0,0,1,0,0,0,0
8690,HamidShiviari,1,0,0,0,0,0,0,0,0,1,0,0,0,0
8691,Gard_Melli,1,0,0,0,0,0,0,0,0,1,0,0,0,0
8692,Amirkhezri87,1,0,0,0,0,0,0,0,0,1,0,0,0,0
8693,civilmonkey,1,0,0,0,0,0,0,0,0,1,0,0,0,0
8694,Soheilkakani,2,0,0,0,0,0,0,0,0,1,1,0,0,0
8695,MahlaKhoram,3,0,0,0,0,0,0,0,0,1,0,1,1,0
8696,ariamehr_x,1,0,0,0,0,0,0,0,0,1,0,0,0,0
8697,navidraaa,1,0,0,0,0,0,0,0,0,1,0,0,0,0
8698,Maysafng,1,0,0,0,0,0,0,0,0,1,0,0,0,0
8699,Kawiany,2,0,0,0,0,0,0,0,0,1,0,0,0,1
8700,AmirRostam8990,4,0,0,0,0,0,0,0,0,1,1,0,1,1
8701,TGhandhari,1,0,0,0,0,0,0,0,0,1,0,0,0,0
8702,This_is_Sammm,4,0,0,0,0,0,0,0,0,1,0,1,1,1
8703,Avestagv,1,0,0,0,0,0,0,0,0,1,0,0,0,0
8704,litfuture,1,0,0,0,0,0,0,0,0,1,0,0,0,0
8705,PinarM8890,1,0,0,0,0,0,0,0,0,1,0,0,0,0
8706,Johny00755703,1,0,0,0,0,0,0,0,0,1,0,0,0,0
8707,iran_palace,1,0,0,0,0,0,0,0,0,1,0,0,0,0
8708,irajkhan40,2,0,0,0,0,0,0,0,0,1,0,1,0,0
8709,Azadibishart1,1,0,0,0,0,0,0,0,0,1,0,0,0,0
8710,Alexandra198081,4,0,0,0,0,0,0,0,0,1,0,1,1,1
8711,lefthook1401,2,0,0,0,0,0,0,0,0,1,1,0,0,0
8712,LEissakhanian,1,0,0,0,0,0,0,0,0,1,0,0,0,0
8713,EGolkhandan,2,0,0,0,0,0,0,0,0,1,0,0,0,1
8714,mem0ol,1,0,0,0,0,0,0,0,0,1,0,0,0,0
8715,Reza2Agahi,4,0,0,0,0,0,0,0,0,1,1,1,1,0
8716,hichkasbaba,1,0,0,0,0,0,0,0,0,1,0,0,0,0
8717,MaryamFathi,3,0,0,0,0,0,0,0,0,1,1,0,0,1
8718,hakuca21,1,0,0,0,0,0,0,0,0,1,0,0,0,0
8719,Lilyaz2017,1,0,0,0,0,0,0,0,0,1,0,0,0,0
8720,OutisFerguson,2,0,0,0,0,0,0,0,0,1,0,0,1,0
8721,Mobarez63702772,1,0,0,0,0,0,0,0,0,1,0,0,0,0
8722,RoarL5ln,1,0,0,0,0,0,0,0,0,1,0,0,0,0
8723,PsyAysan,1,0,0,0,0,0,0,0,0,1,0,0,0,0
8724,ARASh1223,1,0,0,0,0,0,0,0,0,1,0,0,0,0
8725,Ferospkt,2,0,0,0,0,0,0,0,0,1,0,1,0,0
8726,JimKooshki25571,2,0,0,0,0,0,0,0,0,1,0,1,0,0
8727,LotfipourAqq,2,0,0,0,0,0,0,0,0,1,0,1,0,0
8728,NewAgeForIran,1,0,0,0,0,0,0,0,0,1,0,0,0,0
8729,joaquinmf02,1,0,0,0,0,0,0,0,0,1,0,0,0,0
8730,ZirZebar,1,0,0,0,0,0,0,0,0,1,0,0,0,0
8731,PoplarAlba54,3,0,0,0,0,0,0,0,0,1,0,1,1,0
8732,Juxtapose_KM,1,0,0,0,0,0,0,0,0,1,0,0,0,0
8733,shahnavard,1,0,0,0,0,0,0,0,0,1,0,0,0,0
8734,Azadi1797104,1,0,0,0,0,0,0,0,0,1,0,0,0,0
8735,Northman46,1,0,0,0,0,0,0,0,0,1,0,0,0,0
8736,GolnushHeilig,1,0,0,0,0,0,0,0,0,1,0,0,0,0
8737,Perivjmg,1,0,0,0,0,0,0,0,0,1,0,0,0,0
8738,SGolshanrad,1,0,0,0,0,0,0,0,0,1,0,0,0,0
8739,LabibSohrab,1,0,0,0,0,0,0,0,0,1,0,0,0,0
8740,shydashhorny,2,0,0,0,0,0,0,0,0,1,0,0,0,1
8741,p3ym4n,2,0,0,0,0,0,0,0,0,1,0,1,0,0
8742,Hormuz57,5,0,0,0,0,0,0,0,0,1,1,1,1,1
8743,monicagellerMM,1,0,0,0,0,0,0,0,0,1,0,0,0,0
8744,sia0mo,1,0,0,0,0,0,0,0,0,1,0,0,0,0
8745,Metiia9vl,2,0,0,0,0,0,0,0,0,1,0,1,0,0
8746,Azitasann,2,0,0,0,0,0,0,0,0,1,0,0,1,0
8747,iran21161,1,0,0,0,0,0,0,0,0,1,0,0,0,0
8748,redatlantis17,1,0,0,0,0,0,0,0,0,1,0,0,0,0
8749,Sardarkhanyusaf,1,0,0,0,0,0,0,0,0,1,0,0,0,0
8750,Mahsa1709,2,0,0,0,0,0,0,0,0,1,0,0,1,0
8751,farzi_iran,1,0,0,0,0,0,0,0,0,1,0,0,0,0
8752,nazari_naz99319,1,0,0,0,0,0,0,0,0,1,0,0,0,0
8753,ShahSrbaz,1,0,0,0,0,0,0,0,0,1,0,0,0,0
8754,MRezvani99880,1,0,0,0,0,0,0,0,0,1,0,0,0,0
8755,frz83411,1,0,0,0,0,0,0,0,0,1,0,0,0,0
8756,tamacti_jun_1,2,0,0,0,0,0,0,0,0,1,1,0,0,0
8757,HaMeD77989738,1,0,0,0,0,0,0,0,0,1,0,0,0,0
8758,saharivfd,1,0,0,0,0,0,0,0,0,1,0,0,0,0
8759,RoyalistCat2024,1,0,0,0,0,0,0,0,0,1,0,0,0,0
8760,Prophecies297,1,0,0,0,0,0,0,0,0,1,0,0,0,0
8761,samiInus,4,0,0,0,0,0,0,0,0,1,1,1,1,0
8762,1360Evin,1,0,0,0,0,0,0,0,0,1,0,0,0,0
8763,NoMollasForIran,3,0,0,0,0,0,0,0,0,1,1,1,0,0
8764,leilym55,1,0,0,0,0,0,0,0,0,1,0,0,0,0
8765,RaziehShin,1,0,0,0,0,0,0,0,0,1,0,0,0,0
8766,hioha4030,1,0,0,0,0,0,0,0,0,1,0,0,0,0
8767,KuroshJadidi,2,0,0,0,0,0,0,0,0,1,0,0,0,1
8768,fiatkhaste,1,0,0,0,0,0,0,0,0,1,0,0,0,0
8769,hamed_ece,1,0,0,0,0,0,0,0,0,1,0,0,0,0
8770,rayannnn5555,2,0,0,0,0,0,0,0,0,1,0,1,0,0
8771,seifi_adele,1,0,0,0,0,0,0,0,0,1,0,0,0,0
8772,Idagro_LionSun,1,0,0,0,0,0,0,0,0,1,0,0,0,0
8773,Rissa3030,1,0,0,0,0,0,0,0,0,1,0,0,0,0
8774,amizolfaghari,1,0,0,0,0,0,0,0,0,1,0,0,0,0
8775,bash_adam17583,1,0,0,0,0,0,0,0,0,1,0,0,0,0
8776,my_codiran,1,0,0,0,0,0,0,0,0,1,0,0,0,0
8777,_FirstIran,3,0,0,0,0,0,0,0,0,1,0,0,1,1
8778,narcissdhn,1,0,0,0,0,0,0,0,0,1,0,0,0,0
8779,saba_zsm,2,0,0,0,0,0,0,0,0,1,0,0,1,0
8780,SarbazeMelli88M,1,0,0,0,0,0,0,0,0,1,0,0,0,0
8781,Avapersiana,1,0,0,0,0,0,0,0,0,1,0,0,0,0
8782,Janfaday_Iran,1,0,0,0,0,0,0,0,0,1,0,0,0,0
8783,Saeed152246,3,0,0,0,0,0,0,0,0,1,0,1,0,1
8784,MaryamF23105,3,0,0,0,0,0,0,0,0,1,1,0,1,0
8785,Shah_mihan_2500,3,0,0,0,0,0,0,0,0,1,0,1,0,1
8786,ashkan23530131,2,0,0,0,0,0,0,0,0,1,0,1,0,0
8787,Milad_etemadi_,1,0,0,0,0,0,0,0,0,1,0,0,0,0
8788,kasra5001,1,0,0,0,0,0,0,0,0,1,0,0,0,0
8789,iceinwhiskey,1,0,0,0,0,0,0,0,0,1,0,0,0,0
8790,Gordafarid179,1,0,0,0,0,0,0,0,0,1,0,0,0,0
8791,abbasi_pouria,2,0,0,0,0,0,0,0,0,1,0,0,0,1
8792,Alborz1433,1,0,0,0,0,0,0,0,0,1,0,0,0,0
8793,Vivid454545,1,0,0,0,0,0,0,0,0,1,0,0,0,0
8794,ArwnShhab,2,0,0,0,0,0,0,0,0,1,0,0,0,1
8795,Najii47,1,0,0,0,0,0,0,0,0,1,0,0,0,0
8796,andrew615066,2,0,0,0,0,0,0,0,0,1,0,0,1,0
8797,Alexmomoa9619,2,0,0,0,0,0,0,0,0,1,0,1,0,0
8798,ChironEye,2,0,0,0,0,0,0,0,0,1,1,0,0,0
8799,1fE0H6Rofed6H0P,1,0,0,0,0,0,0,0,0,1,0,0,0,0
8800,GhazalMex,1,0,0,0,0,0,0,0,0,1,0,0,0,0
8801,Mina47798542,1,0,0,0,0,0,0,0,0,1,0,0,0,0
8802,Alirezaheir,1,0,0,0,0,0,0,0,0,1,0,0,0,0
8803,NoghteyeTaslim,1,0,0,0,0,0,0,0,0,1,0,0,0,0
8804,Iraaan_Iran,1,0,0,0,0,0,0,0,0,1,0,0,0,0
8805,Max_Younesi,1,0,0,0,0,0,0,0,0,1,0,0,0,0
8806,Azadehgood,1,0,0,0,0,0,0,0,0,1,0,0,0,0
8807,bigdeli_soheila,2,0,0,0,0,0,0,0,0,1,0,1,0,0
8808,mehrnooshsalimi,1,0,0,0,0,0,0,0,0,1,0,0,0,0
8809,Hadiiii98391447,2,0,0,0,0,0,0,0,0,1,0,0,0,1
8810,MArshitekt,1,0,0,0,0,0,0,0,0,1,0,0,0,0
8811,BeDalayeli,2,0,0,0,0,0,0,0,0,1,1,0,0,0
8812,HDovom40924,1,0,0,0,0,0,0,0,0,1,0,0,0,0
8813,SfrFery,1,0,0,0,0,0,0,0,0,1,0,0,0,0
8814,Maral202323,1,0,0,0,0,0,0,0,0,1,0,0,0,0
8815,why_fairy,1,0,0,0,0,0,0,0,0,1,0,0,0,0
8816,laleh_sorkhin,1,0,0,0,0,0,0,0,0,1,0,0,0,0
8817,501Age,1,0,0,0,0,0,0,0,0,1,0,0,0,0
8818,elyas_irani,1,0,0,0,0,0,0,0,0,1,0,0,0,0
8819,Pink27117,1,0,0,0,0,0,0,0,0,1,0,0,0,0
8820,AdliMassi96556,1,0,0,0,0,0,0,0,0,1,0,0,0,0
8821,Anna1477989,4,0,0,0,0,0,0,0,0,1,1,1,1,0
8822,sadaf_y88,2,0,0,0,0,0,0,0,0,1,0,0,0,1
8823,DinaSadr,1,0,0,0,0,0,0,0,0,1,0,0,0,0
8824,sam2tik,1,0,0,0,0,0,0,0,0,1,0,0,0,0
8825,Saeidasroma10,1,0,0,0,0,0,0,0,0,1,0,0,0,0
8826,Baharaane1,1,0,0,0,0,0,0,0,0,1,0,0,0,0
8827,Mobina878787,1,0,0,0,0,0,0,0,0,1,0,0,0,0
8828,patrick_jane77,1,0,0,0,0,0,0,0,0,1,0,0,0,0
8829,Agha_jooon,2,0,0,0,0,0,0,0,0,1,1,0,0,0
8830,bahar_narenj57,3,0,0,0,0,0,0,0,0,1,0,0,1,1
8831,maah_par40,1,0,0,0,0,0,0,0,0,1,0,0,0,0
8832,RezaAhmadi_Lion,1,0,0,0,0,0,0,0,0,1,0,0,0,0
8833,mina05162582,2,0,0,0,0,0,0,0,0,1,0,0,1,0
8834,zzoooreee,2,0,0,0,0,0,0,0,0,1,0,0,1,0
8835,IranianMrFox,3,0,0,0,0,0,0,0,0,1,0,1,1,0
8836,pmntav,1,0,0,0,0,0,0,0,0,1,0,0,0,0
8837,lula520121,2,0,0,0,0,0,0,0,0,1,0,0,1,0
8838,softsparkle2,1,0,0,0,0,0,0,0,0,1,0,0,0,0
8839,MahsaJinAmini,1,0,0,0,0,0,0,0,0,1,0,0,0,0
8840,MBsecretgirl,1,0,0,0,0,0,0,0,0,1,0,0,0,0
8841,Narges62885,3,0,0,0,0,0,0,0,0,1,0,0,1,1
8842,sa8096624275839,1,0,0,0,0,0,0,0,0,1,0,0,0,0
8843,Piroozbaba,1,0,0,0,0,0,0,0,0,1,0,0,0,0
8844,Hossein_68_38,1,0,0,0,0,0,0,0,0,1,0,0,0,0
8845,Thoth3100BC,1,0,0,0,0,0,0,0,0,1,0,0,0,0
8846,ArianeRabel,1,0,0,0,0,0,0,0,0,1,0,0,0,0
8847,maya_rsl,2,0,0,0,0,0,0,0,0,1,0,0,1,0
8848,TehrangelesUSA,1,0,0,0,0,0,0,0,0,1,0,0,0,0
8849,mahdi83010,1,0,0,0,0,0,0,0,0,1,0,0,0,0
8850,Farzand_mihan10,1,0,0,0,0,0,0,0,0,1,0,0,0,0
8851,ArtinShemrooni8,2,0,0,0,0,0,0,0,0,1,0,1,0,0
8852,Zodi65,1,0,0,0,0,0,0,0,0,1,0,0,0,0
8853,Missmary1366,1,0,0,0,0,0,0,0,0,1,0,0,0,0
8854,Persia325,1,0,0,0,0,0,0,0,0,1,0,0,0,0
8855,ahooramazdair,1,0,0,0,0,0,0,0,0,1,0,0,0,0
8856,mohammadjd2002,1,0,0,0,0,0,0,0,0,1,0,0,0,0
8857,Nima8773,2,0,0,0,0,0,0,0,0,1,1,0,0,0
8858,ribelle2022,2,0,0,0,0,0,0,0,0,1,1,0,0,0
8859,iman186422552,1,0,0,0,0,0,0,0,0,1,0,0,0,0
8860,aida5264,2,0,0,0,0,0,0,0,0,1,0,0,1,0
8861,mahnazmrd2,1,0,0,0,0,0,0,0,0,1,0,0,0,0
8862,Remi1042040,1,0,0,0,0,0,0,0,0,1,0,0,0,0
8863,Badbadi111,1,0,0,0,0,0,0,0,0,1,0,0,0,0
8864,Atista_2023,2,0,0,0,0,0,0,0,0,1,0,1,0,0
8865,monagh19,2,0,0,0,0,0,0,0,0,1,0,0,1,0
8866,angle_nu999,2,0,0,0,0,0,0,0,0,1,0,0,0,1
8867,Kaji1064292,1,0,0,0,0,0,0,0,0,1,0,0,0,0
8868,NemesisShayan,1,0,0,0,0,0,0,0,0,1,0,0,0,0
8869,NewYorkerinLACA,1,0,0,0,0,0,0,0,0,1,0,0,0,0
8870,FMyhn59277,1,0,0,0,0,0,0,0,0,1,0,0,0,0
8871,Wolfgang7766,1,0,0,0,0,0,0,0,0,1,0,0,0,0
8872,bokonemadarein,1,0,0,0,0,0,0,0,0,1,0,0,0,0
8873,cheeiizz,2,0,0,0,0,0,0,0,0,1,0,0,1,0
8874,SalsitaWLF,1,0,0,0,0,0,0,0,0,1,0,0,0,0
8875,Reza63471253,2,0,0,0,0,0,0,0,0,1,0,1,0,0
8876,2500shahanshahi,3,0,0,0,0,0,0,0,0,1,0,1,0,1
8877,Ace__Pik,2,0,0,0,0,0,0,0,0,1,0,1,0,0
8878,Arash8mow,2,0,0,0,0,0,0,0,0,1,0,0,0,1
8879,dozdroozroshan,2,0,0,0,0,0,0,0,0,1,0,1,0,0
8880,HasiMasii,2,0,0,0,0,0,0,0,0,1,0,0,1,0
8881,Kuroshkhosrawi,1,0,0,0,0,0,0,0,0,1,0,0,0,0
8882,Reza78467200,1,0,0,0,0,0,0,0,0,1,0,0,0,0
8883,dariushima60400,1,0,0,0,0,0,0,0,0,1,0,0,0,0
8884,agapeh19822,1,0,0,0,0,0,0,0,0,1,0,0,0,0
8885,Nahid45432657,2,0,0,0,0,0,0,0,0,1,0,1,0,0
8886,EnergizerR123,1,0,0,0,0,0,0,0,0,1,0,0,0,0
8887,barbod_pur,3,0,0,0,0,0,0,0,0,1,1,1,0,0
8888,Lunny8393,1,0,0,0,0,0,0,0,0,1,0,0,0,0
8889,Pooyazepam,1,0,0,0,0,0,0,0,0,1,0,0,0,0
8890,parizp,1,0,0,0,0,0,0,0,0,1,0,0,0,0
8891,untitled2029,2,0,0,0,0,0,0,0,0,1,1,0,0,0
8892,pesaregomnam,1,0,0,0,0,0,0,0,0,1,0,0,0,0
8893,Nikkikzm2,1,0,0,0,0,0,0,0,0,1,0,0,0,0
8894,shivs2026,1,0,0,0,0,0,0,0,0,1,0,0,0,0
8895,NightOwl__,1,0,0,0,0,0,0,0,0,1,0,0,0,0
8896,jimzikabaHanzo,1,0,0,0,0,0,0,0,0,1,0,0,0,0
8897,ariankalantar,1,0,0,0,0,0,0,0,0,1,0,0,0,0
8898,Mohamad11843688,1,0,0,0,0,0,0,0,0,1,0,0,0,0
8899,saba_mehran,1,0,0,0,0,0,0,0,0,1,0,0,0,0
8900,Mehdi_joon_001,1,0,0,0,0,0,0,0,0,1,0,0,0,0
8901,JamesTCrawford,1,0,0,0,0,0,0,0,0,1,0,0,0,0
8902,Darya00018177,1,0,0,0,0,0,0,0,0,1,0,0,0,0
8903,nilimlim,3,0,0,0,0,0,0,0,0,1,1,1,0,0
8904,Amin34755886,2,0,0,0,0,0,0,0,0,1,1,0,0,0
8905,hassani_da73378,1,0,0,0,0,0,0,0,0,1,0,0,0,0
8906,Sayade_mochgir,1,0,0,0,0,0,0,0,0,1,0,0,0,0
8907,iran_mahzoni,1,0,0,0,0,0,0,0,0,1,0,0,0,0
8908,MohandesFerFeri,1,0,0,0,0,0,0,0,0,1,0,0,0,0
8909,5alva2r5ilin5a,1,0,0,0,0,0,0,0,0,1,0,0,0,0
8910,Diba_vatan,2,0,0,0,0,0,0,0,0,1,1,0,0,0
8911,LoveOverHate___,1,0,0,0,0,0,0,0,0,1,0,0,0,0
8912,Cookie2390621,1,0,0,0,0,0,0,0,0,1,0,0,0,0
8913,Joseph58816968,1,0,0,0,0,0,0,0,0,1,0,0,0,0
8914,JamBinAgnt,2,0,0,0,0,0,0,0,0,1,0,1,0,0
8915,Karmajeda,1,0,0,0,0,0,0,0,0,1,0,0,0,0
8916,Narvan227,1,0,0,0,0,0,0,0,0,1,0,0,0,0
8917,ZedrooJoanna,3,0,0,0,0,0,0,0,0,1,0,1,1,0
8918,ramthegreat_ir,1,0,0,0,0,0,0,0,0,1,0,0,0,0
8919,Amirh2500,1,0,0,0,0,0,0,0,0,1,0,0,0,0
8920,yetatc,1,0,0,0,0,0,0,0,0,1,0,0,0,0
8921,raha31979,1,0,0,0,0,0,0,0,0,1,0,0,0,0
8922,rabinhoood5,1,0,0,0,0,0,0,0,0,1,0,0,0,0
8923,Adel69974834,1,0,0,0,0,0,0,0,0,1,0,0,0,0
8924,khhp55,1,0,0,0,0,0,0,0,0,1,0,0,0,0
8925,EllMir56,1,0,0,0,0,0,0,0,0,1,0,0,0,0
8926,JavidShahmdqn,3,0,0,0,0,0,0,0,0,1,0,1,1,0
8927,Irany2022,3,0,0,0,0,0,0,0,0,1,1,0,1,0
8928,saman_350,1,0,0,0,0,0,0,0,0,1,0,0,0,0
8929,AzarHassanii,1,0,0,0,0,0,0,0,0,1,0,0,0,0
8930,blueshadowrez,2,0,0,0,0,0,0,0,0,1,0,1,0,0
8931,PShja82683,1,0,0,0,0,0,0,0,0,1,0,0,0,0
8932,GoneWithWinter,1,0,0,0,0,0,0,0,0,1,0,0,0,0
8933,benamzed,1,0,0,0,0,0,0,0,0,1,0,0,0,0
8934,unicorniamornia,1,0,0,0,0,0,0,0,0,1,0,0,0,0
8935,Theban_Prophet,1,0,0,0,0,0,0,0,0,1,0,0,0,0
8936,fredrik6698,1,0,0,0,0,0,0,0,0,1,0,0,0,0
8937,Ariyasmusic,2,0,0,0,0,0,0,0,0,1,0,1,0,0
8938,Aylinsoll,2,0,0,0,0,0,0,0,0,1,1,0,0,0
8939,harpakkk,1,0,0,0,0,0,0,0,0,1,0,0,0,0
8940,Tanoff5,1,0,0,0,0,0,0,0,0,1,0,0,0,0
8941,Hamzehsafareh,1,0,0,0,0,0,0,0,0,1,0,0,0,0
8942,Rodi7459,1,0,0,0,0,0,0,0,0,1,0,0,0,0
8943,Navylilablue,1,0,0,0,0,0,0,0,0,1,0,0,0,0
8944,Shahe_Parioon,2,0,0,0,0,0,0,0,0,1,0,0,1,0
8945,SteveSmith53177,2,0,0,0,0,0,0,0,0,1,0,0,0,1
8946,freddie_nobody,2,0,0,0,0,0,0,0,0,1,0,0,0,1
8947,taimazzh,1,0,0,0,0,0,0,0,0,1,0,0,0,0
8948,Joe278590170041,1,0,0,0,0,0,0,0,0,1,0,0,0,0
8949,Ftmh_zhra_jnde,2,0,0,0,0,0,0,0,0,1,1,0,0,0
8950,ItsEliiiir,1,0,0,0,0,0,0,0,0,1,0,0,0,0
8951,NDAVUDN,1,0,0,0,0,0,0,0,0,1,0,0,0,0
8952,EInspiration26,1,0,0,0,0,0,0,0,0,1,0,0,0,0
8953,como_te_lllamas,3,0,0,0,0,0,0,0,0,1,0,1,1,0
8954,ABpahlavi,3,0,0,0,0,0,0,0,0,1,1,1,0,0
8955,FM27574,1,0,0,0,0,0,0,0,0,1,0,0,0,0
8956,For_Iran_26,3,0,0,0,0,0,0,0,0,1,1,0,0,1
8957,ATafreshian,2,0,0,0,0,0,0,0,0,1,1,0,0,0
8958,mrym77616899,1,0,0,0,0,0,0,0,0,1,0,0,0,0
8959,Parham960661402,1,0,0,0,0,0,0,0,0,1,0,0,0,0
8960,MHeydarbozorg,1,0,0,0,0,0,0,0,0,1,0,0,0,0
8961,Mmoustache91,1,0,0,0,0,0,0,0,0,1,0,0,0,0
8962,homemadecarrot,1,0,0,0,0,0,0,0,0,1,0,0,0,0
8963,Sepi_sm9,1,0,0,0,0,0,0,0,0,1,0,0,0,0
8964,_piadero_,1,0,0,0,0,0,0,0,0,1,0,0,0,0
8965,Betti2535,1,0,0,0,0,0,0,0,0,1,0,0,0,0
8966,Benyaminism,1,0,0,0,0,0,0,0,0,1,0,0,0,0
8967,ff_Angella,1,0,0,0,0,0,0,0,0,1,0,0,0,0
8968,hosssnaaa,1,0,0,0,0,0,0,0,0,1,0,0,0,0
8969,MahdiSid1352,1,0,0,0,0,0,0,0,0,1,0,0,0,0
8970,gandolfOoooo,1,0,0,0,0,0,0,0,0,1,0,0,0,0
8971,ARVINN_GH,1,0,0,0,0,0,0,0,0,1,0,0,0,0
8972,sara_naardokht,1,0,0,0,0,0,0,0,0,1,0,0,0,0
8973,UnrealArian,1,0,0,0,0,0,0,0,0,1,0,0,0,0
8974,PooriaFereidoon,1,0,0,0,0,0,0,0,0,1,0,0,0,0
8975,llaannggrroouud,1,0,0,0,0,0,0,0,0,1,0,0,0,0
8976,MahradTahery,1,0,0,0,0,0,0,0,0,1,0,0,0,0
8977,Ellenjordan1234,2,0,0,0,0,0,0,0,0,1,0,0,0,1
8978,newpasteur,3,0,0,0,0,0,0,0,0,1,1,0,1,0
8979,Pkian2,1,0,0,0,0,0,0,0,0,1,0,0,0,0
8980,Cassandann,1,0,0,0,0,0,0,0,0,1,0,0,0,0
8981,Ehsansadat21,1,0,0,0,0,0,0,0,0,1,0,0,0,0
8982,Arsanna23,2,0,0,0,0,0,0,0,0,1,0,0,1,0
8983,AzarAzar239425,1,0,0,0,0,0,0,0,0,1,0,0,0,0
8984,FarahRaiThought,1,0,0,0,0,0,0,0,0,1,0,0,0,0
8985,Tooshishun,2,0,0,0,0,0,0,0,0,1,0,0,0,1
8986,NP46933795,1,0,0,0,0,0,0,0,0,1,0,0,0,0
8987,MyVoiceChanges,1,0,0,0,0,0,0,0,0,1,0,0,0,0
8988,Pahlavikhah69,2,0,0,0,0,0,0,0,0,1,0,1,0,0
8989,angrybird731,1,0,0,0,0,0,0,0,0,1,0,0,0,0
8990,Hanna06695848,1,0,0,0,0,0,0,0,0,1,0,0,0,0
8991,mazokhizsm,2,0,0,0,0,0,0,0,0,1,1,0,0,0
8992,OMGyyyyyyyyyx8,2,0,0,0,0,0,0,0,0,1,0,1,0,0
8993,hiradhiradi1,2,0,0,0,0,0,0,0,0,1,0,0,0,1
8994,RyanKian8,1,0,0,0,0,0,0,0,0,1,0,0,0,0
8995,Jadidi_Mr,1,0,0,0,0,0,0,0,0,1,0,0,0,0
8996,Omid_john3_16,1,0,0,0,0,0,0,0,0,1,0,0,0,0
8997,HaghpanahM6659,1,0,0,0,0,0,0,0,0,1,0,0,0,0
8998,Semi_Infinite,1,0,0,0,0,0,0,0,0,1,0,0,0,0
8999,Reza25091357,1,0,0,0,0,0,0,0,0,1,0,0,0,0
9000,Yasi_1515,1,0,0,0,0,0,0,0,0,1,0,0,0,0
9001,makhmaliii,2,0,0,0,0,0,0,0,0,1,1,0,0,0
9002,sa3p3nd,1,0,0,0,0,0,0,0,0,1,0,0,0,0
9003,imperialiran_,1,0,0,0,0,0,0,0,0,1,0,0,0,0
9004,Mah55K,2,0,0,0,0,0,0,0,0,1,1,0,0,0
9005,shahrokhRahim12,2,0,0,0,0,0,0,0,0,1,0,1,0,0
9006,3Hormoz,1,0,0,0,0,0,0,0,0,1,0,0,0,0
9007,Mona_Nez,1,0,0,0,0,0,0,0,0,1,0,0,0,0
9008,BardyaBorna,1,0,0,0,0,0,0,0,0,1,0,0,0,0
9009,Erfan_arshiyan,1,0,0,0,0,0,0,0,0,1,0,0,0,0
9010,NaderAsad12,1,0,0,0,0,0,0,0,0,1,0,0,0,0
9011,Irandoost64,1,0,0,0,0,0,0,0,0,1,0,0,0,0
9012,Hami32a,1,0,0,0,0,0,0,0,0,1,0,0,0,0
9013,duende_z,1,0,0,0,0,0,0,0,0,1,0,0,0,0
9014,ghoghnous_Iran,1,0,0,0,0,0,0,0,0,1,0,0,0,0
9015,gin_gin_go,3,0,0,0,0,0,0,0,0,1,0,0,1,1
9016,Mavli2025,1,0,0,0,0,0,0,0,0,1,0,0,0,0
9017,gDEfqabH9yNHJQA,3,0,0,0,0,0,0,0,0,1,1,1,0,0
9018,AfsaRoshanGh,1,0,0,0,0,0,0,0,0,1,0,0,0,0
9019,pari_niki,1,0,0,0,0,0,0,0,0,1,0,0,0,0
9020,AlirezawatsonAw,1,0,0,0,0,0,0,0,0,1,0,0,0,0
9021,Diba76373407,1,0,0,0,0,0,0,0,0,1,0,0,0,0
9022,MehdiIFarahani,1,0,0,0,0,0,0,0,0,1,0,0,0,0
9023,savak981762,1,0,0,0,0,0,0,0,0,1,0,0,0,0
9024,ElmiraSemi01,1,0,0,0,0,0,0,0,0,1,0,0,0,0
9025,Overthinker2426,1,0,0,0,0,0,0,0,0,1,0,0,0,0
9026,Oblivexis,1,0,0,0,0,0,0,0,0,1,0,0,0,0
9027,Hosisp,1,0,0,0,0,0,0,0,0,1,0,0,0,0
9028,Roy156379765562,1,0,0,0,0,0,0,0,0,1,0,0,0,0
9029,SergeantAmin,1,0,0,0,0,0,0,0,0,1,0,0,0,0
9030,avannik00,3,0,0,0,0,0,0,0,0,1,0,0,1,1
9031,Armin_mac,1,0,0,0,0,0,0,0,0,1,0,0,0,0
9032,PlayTheGame62,3,0,0,0,0,0,0,0,0,1,0,1,0,1
9033,kiavash23599123,3,0,0,0,0,0,0,0,0,1,1,1,0,0
9034,mahshid_fa,1,0,0,0,0,0,0,0,0,1,0,0,0,0
9035,Sohrab773588,1,0,0,0,0,0,0,0,0,1,0,0,0,0
9036,Ahourramazda,2,0,0,0,0,0,0,0,0,1,0,0,0,1
9037,hiradbakhtiar,3,0,0,0,0,0,0,0,0,1,0,1,0,1
9038,SOCIETYWATCHERR,1,0,0,0,0,0,0,0,0,1,0,0,0,0
9039,EdgeOfDeCliff2,1,0,0,0,0,0,0,0,0,1,0,0,0,0
9040,MischaelW29286,2,0,0,0,0,0,0,0,0,1,1,0,0,0
9041,I_am_Anti_islam,1,0,0,0,0,0,0,0,0,1,0,0,0,0
9042,IRANIAZAD140,1,0,0,0,0,0,0,0,0,1,0,0,0,0
9043,Pishimishiman,1,0,0,0,0,0,0,0,0,1,0,0,0,0
9044,AmirEdaby15152,1,0,0,0,0,0,0,0,0,1,0,0,0,0
9045,Fightinnight,2,0,0,0,0,0,0,0,0,1,0,1,0,0
9046,avin123450,1,0,0,0,0,0,0,0,0,1,0,0,0,0
9047,Shahi2019,3,0,0,0,0,0,0,0,0,1,1,1,0,0
9048,HoneyHoneyygh96,1,0,0,0,0,0,0,0,0,1,0,0,0,0
9049,ArtemisParsi,1,0,0,0,0,0,0,0,0,1,0,0,0,0
9050,unbreakable9098,2,0,0,0,0,0,0,0,0,1,0,0,0,1
9051,bachepaeenshahr,1,0,0,0,0,0,0,0,0,1,0,0,0,0
9052,Niamhmng9,1,0,0,0,0,0,0,0,0,1,0,0,0,0
9053,iranneagle,1,0,0,0,0,0,0,0,0,1,0,0,0,0
9054,sinkiyasonki,1,0,0,0,0,0,0,0,0,1,0,0,0,0
9055,FathaliMaral,1,0,0,0,0,0,0,0,0,1,0,0,0,0
9056,contemp_Job,1,0,0,0,0,0,0,0,0,1,0,0,0,0
9057,HAMIDHST,1,0,0,0,0,0,0,0,0,1,0,0,0,0
9058,shahin_freeiran,1,0,0,0,0,0,0,0,0,1,0,0,0,0
9059,helen757175,1,0,0,0,0,0,0,0,0,1,0,0,0,0
9060,parsamusician,1,0,0,0,0,0,0,0,0,1,0,0,0,0
9061,Rouzbahanivah,1,0,0,0,0,0,0,0,0,1,0,0,0,0
9062,many_moons_,1,0,0,0,0,0,0,0,0,1,0,0,0,0
9063,trustpahlavi,4,0,0,0,0,0,0,0,0,1,0,1,1,1
9064,Amirham01788932,1,0,0,0,0,0,0,0,0,1,0,0,0,0
9065,alidev95,1,0,0,0,0,0,0,0,0,1,0,0,0,0
9066,Samrzkex,1,0,0,0,0,0,0,0,0,1,0,0,0,0
9067,John_Dutton_7,1,0,0,0,0,0,0,0,0,1,0,0,0,0
9068,MineCanary204,1,0,0,0,0,0,0,0,0,1,0,0,0,0
9069,yadolah123,1,0,0,0,0,0,0,0,0,1,0,0,0,0
9070,HRoish19124,1,0,0,0,0,0,0,0,0,1,0,0,0,0
9071,moeinpoi,1,0,0,0,0,0,0,0,0,1,0,0,0,0
9072,shahinthere,1,0,0,0,0,0,0,0,0,1,0,0,0,0
9073,Greenlife200,1,0,0,0,0,0,0,0,0,1,0,0,0,0
9074,miga_louding,1,0,0,0,0,0,0,0,0,1,0,0,0,0
9075,dktrzdy3,1,0,0,0,0,0,0,0,0,1,0,0,0,0
9076,PersiaNadir,3,0,0,0,0,0,0,0,0,1,0,1,1,0
9077,parysatis_banoo,2,0,0,0,0,0,0,0,0,1,0,1,0,0
9078,NaimKh1,1,0,0,0,0,0,0,0,0,1,0,0,0,0
9079,Gomnam20006,1,0,0,0,0,0,0,0,0,1,0,0,0,0
9080,faraneh_8110,1,0,0,0,0,0,0,0,0,1,0,0,0,0
9081,mmohamadrezaa,2,0,0,0,0,0,0,0,0,1,1,0,0,0
9082,ghoghnoosreturn,1,0,0,0,0,0,0,0,0,1,0,0,0,0
9083,Misslord_1994,1,0,0,0,0,0,0,0,0,1,0,0,0,0
9084,peyxer,1,0,0,0,0,0,0,0,0,1,0,0,0,0
9085,Sara72099579,1,0,0,0,0,0,0,0,0,1,0,0,0,0
9086,banafcheh,1,0,0,0,0,0,0,0,0,1,0,0,0,0
9087,MahsaAmiinii22,1,0,0,0,0,0,0,0,0,1,0,0,0,0
9088,Sarita_is_here,1,0,0,0,0,0,0,0,0,1,0,0,0,0
9089,Persian25700,1,0,0,0,0,0,0,0,0,1,0,0,0,0
9090,ghaderi_azadeh,1,0,0,0,0,0,0,0,0,1,0,0,0,0
9091,pesare_rashtii,1,0,0,0,0,0,0,0,0,1,0,0,0,0
9092,LeilaPersa,1,0,0,0,0,0,0,0,0,1,0,0,0,0
9093,tamizi_ali,1,0,0,0,0,0,0,0,0,1,0,0,0,0
9094,neginbanoo777,1,0,0,0,0,0,0,0,0,1,0,0,0,0
9095,luffino_m,2,0,0,0,0,0,0,0,0,1,0,1,0,0
9096,farida_gh4504,1,0,0,0,0,0,0,0,0,1,0,0,0,0
9097,FNeslund72269,1,0,0,0,0,0,0,0,0,1,0,0,0,0
9098,MinisterPrimer,3,0,0,0,0,0,0,0,0,1,0,1,1,0
9099,PdHyn60300,2,0,0,0,0,0,0,0,0,1,0,0,0,1
9100,Goddessasssa,2,0,0,0,0,0,0,0,0,1,0,0,0,1
9101,Vrrr1234,3,0,0,0,0,0,0,0,0,1,1,0,1,0
9102,Ash1526715,1,0,0,0,0,0,0,0,0,1,0,0,0,0
9103,aliSama33088537,2,0,0,0,0,0,0,0,0,1,0,0,1,0
9104,jimi_hendrix20,1,0,0,0,0,0,0,0,0,1,0,0,0,0
9105,Shayan64816,2,0,0,0,0,0,0,0,0,1,0,0,0,1
9106,MalmirNarges,1,0,0,0,0,0,0,0,0,1,0,0,0,0
9107,RobertXLM,1,0,0,0,0,0,0,0,0,1,0,0,0,0
9108,MahPan40,1,0,0,0,0,0,0,0,0,1,0,0,0,0
9109,bachehtehrooon,1,0,0,0,0,0,0,0,0,1,0,0,0,0
9110,BShadowwww,2,0,0,0,0,0,0,0,0,1,1,0,0,0
9111,irooooonii,1,0,0,0,0,0,0,0,0,1,0,0,0,0
9112,_kingfan,3,0,0,0,0,0,0,0,0,1,1,1,0,0
9113,kianavidi,1,0,0,0,0,0,0,0,0,1,0,0,0,0
9114,Angus238,1,0,0,0,0,0,0,0,0,1,0,0,0,0
9115,MarziehVeisyt,1,0,0,0,0,0,0,0,0,1,0,0,0,0
9116,TotalTech57,1,0,0,0,0,0,0,0,0,1,0,0,0,0
9117,Tishezaan,2,0,0,0,0,0,0,0,0,1,0,0,1,0
9118,Pb24Aida54020,1,0,0,0,0,0,0,0,0,1,0,0,0,0
9119,Arianamusical_,1,0,0,0,0,0,0,0,0,1,0,0,0,0
9120,Payam46502006,4,0,0,0,0,0,0,0,0,1,1,1,1,0
9121,Eliiiiiiii_IRAN,2,0,0,0,0,0,0,0,0,1,0,0,1,0
9122,Rozhavehzand,1,0,0,0,0,0,0,0,0,1,0,0,0,0
9123,mirpanjveresk,1,0,0,0,0,0,0,0,0,1,0,0,0,0
9124,koshtamesh,1,0,0,0,0,0,0,0,0,1,0,0,0,0
9125,Max76728,1,0,0,0,0,0,0,0,0,1,0,0,0,0
9126,Binaam80,2,0,0,0,0,0,0,0,0,1,0,1,0,0
9127,AmirMonemian,1,0,0,0,0,0,0,0,0,1,0,0,0,0
9128,SaeedSoltani2,3,0,0,0,0,0,0,0,0,1,0,0,1,1
9129,movaghatie,1,0,0,0,0,0,0,0,0,1,0,0,0,0
9130,motkhassess,1,0,0,0,0,0,0,0,0,1,0,0,0,0
9131,shamilandme,3,0,0,0,0,0,0,0,0,1,1,0,1,0
9132,FreeBlueSky2000,4,0,0,0,0,0,0,0,0,1,0,1,1,1
9133,deeply_maj,3,0,0,0,0,0,0,0,0,1,0,0,1,1
9134,panbeh0,2,0,0,0,0,0,0,0,0,1,0,1,0,0
9135,adeljimjim,2,0,0,0,0,0,0,0,0,1,0,0,1,0
9136,yosef56596086,1,0,0,0,0,0,0,0,0,1,0,0,0,0
9137,Elahe_Inanli,1,0,0,0,0,0,0,0,0,1,0,0,0,0
9138,Kaveh_2500,1,0,0,0,0,0,0,0,0,1,0,0,0,0
9139,Zee63128118,1,0,0,0,0,0,0,0,0,1,0,0,0,0
9140,PersianRise2026,1,0,0,0,0,0,0,0,0,1,0,0,0,0
9141,Saranasnas,1,0,0,0,0,0,0,0,0,1,0,0,0,0
9142,maryam38825265,2,0,0,0,0,0,0,0,0,1,0,1,0,0
9143,SedayeZanane,1,0,0,0,0,0,0,0,0,1,0,0,0,0
9144,Marygold202,1,0,0,0,0,0,0,0,0,1,0,0,0,0
9145,h_o_ss_ei_n,2,0,0,0,0,0,0,0,0,1,0,0,0,1
9146,enteghamgar,2,0,0,0,0,0,0,0,0,1,0,1,0,0
9147,Alexinschains,1,0,0,0,0,0,0,0,0,1,0,0,0,0
9148,MiadshaA,1,0,0,0,0,0,0,0,0,1,0,0,0,0
9149,EbSahar72549,2,0,0,0,0,0,0,0,0,1,0,0,1,0
9150,BamdadRayka,1,0,0,0,0,0,0,0,0,1,0,0,0,0
9151,babakz007,1,0,0,0,0,0,0,0,0,1,0,0,0,0
9152,Arashk6o9,1,0,0,0,0,0,0,0,0,1,0,0,0,0
9153,Tombstone_gid,1,0,0,0,0,0,0,0,0,1,0,0,0,0
9154,saaatvaa,1,0,0,0,0,0,0,0,0,1,0,0,0,0
9155,BIBIBOBABIB,1,0,0,0,0,0,0,0,0,1,0,0,0,0
9156,HM202220222022,1,0,0,0,0,0,0,0,0,1,0,0,0,0
9157,MVafaie69660,2,0,0,0,0,0,0,0,0,1,0,0,1,0
9158,IR5ni,2,0,0,0,0,0,0,0,0,1,0,0,0,1
9159,meysamtwist,1,0,0,0,0,0,0,0,0,1,0,0,0,0
9160,iran14181429,3,0,0,0,0,0,0,0,0,1,1,1,0,0
9161,13th_emam,2,0,0,0,0,0,0,0,0,1,0,0,0,1
9162,sabakhoban,1,0,0,0,0,0,0,0,0,1,0,0,0,0
9163,SHashemi37819,1,0,0,0,0,0,0,0,0,1,0,0,0,0
9164,iraneh,3,0,0,0,0,0,0,0,0,1,0,0,1,1
9165,farzamkarbasi,1,0,0,0,0,0,0,0,0,1,0,0,0,0
9166,KevinsWorld64,4,0,0,0,0,0,0,0,0,1,1,1,1,0
9167,sirmirzaei,1,0,0,0,0,0,0,0,0,1,0,0,0,0
9168,2glilot8200,3,0,0,0,0,0,0,0,0,1,0,1,0,1
9169,RealVenomX,2,0,0,0,0,0,0,0,0,1,0,1,0,0
9170,Truthfullpersia,1,0,0,0,0,0,0,0,0,1,0,0,0,0
9171,FightrButterfly,2,0,0,0,0,0,0,0,0,1,0,0,0,1
9172,itmohadece,2,0,0,0,0,0,0,0,0,1,1,0,0,0
9173,Parvaz150,1,0,0,0,0,0,0,0,0,1,0,0,0,0
9174,SepidehZarin,2,0,0,0,0,0,0,0,0,1,1,0,0,0
9175,00Octopusesss,1,0,0,0,0,0,0,0,0,1,0,0,0,0
9176,rexb1982,1,0,0,0,0,0,0,0,0,1,0,0,0,0
9177,AlimohamadiG,1,0,0,0,0,0,0,0,0,1,0,0,0,0
9178,Noktebin1,1,0,0,0,0,0,0,0,0,1,0,0,0,0
9179,BadAngel66636,2,0,0,0,0,0,0,0,0,1,1,0,0,0
9180,Aragornzola,5,0,0,0,0,0,0,0,0,1,1,1,1,1
9181,Babak_the_great,1,0,0,0,0,0,0,0,0,1,0,0,0,0
9182,Lumier54732288,2,0,0,0,0,0,0,0,0,1,0,0,1,0
9183,Mzendgii,1,0,0,0,0,0,0,0,0,1,0,0,0,0
9184,Shahram76393178,1,0,0,0,0,0,0,0,0,1,0,0,0,0
9185,Galaxyrockss,1,0,0,0,0,0,0,0,0,1,0,0,0,0
9186,Na9042,1,0,0,0,0,0,0,0,0,1,0,0,0,0
9187,Minooli2162,1,0,0,0,0,0,0,0,0,1,0,0,0,0
9188,Javiiiidshaaaah,2,0,0,0,0,0,0,0,0,1,0,0,0,1
9189,arusedaryai,2,0,0,0,0,0,0,0,0,1,0,0,0,1
9190,immigratedofhe1,1,0,0,0,0,0,0,0,0,1,0,0,0,0
9191,Delpeyero,1,0,0,0,0,0,0,0,0,1,0,0,0,0
9192,Shohreh_V,1,0,0,0,0,0,0,0,0,1,0,0,0,0
9193,bahar_x10,1,0,0,0,0,0,0,0,0,1,0,0,0,0
9194,majid1347bb,1,0,0,0,0,0,0,0,0,1,0,0,0,0
9195,chehiro4,1,0,0,0,0,0,0,0,0,1,0,0,0,0
9196,Noorw2b2,1,0,0,0,0,0,0,0,0,1,0,0,0,0
9197,M47058227Maryam,4,0,0,0,0,0,0,0,0,1,1,1,1,0
9198,Don_soroush,1,0,0,0,0,0,0,0,0,1,0,0,0,0
9199,Starartworks26,1,0,0,0,0,0,0,0,0,1,0,0,0,0
9200,als_dellos,2,0,0,0,0,0,0,0,0,1,0,1,0,0
9201,Ped_ramh,2,0,0,0,0,0,0,0,0,1,0,1,0,0
9202,Ati_in_amsterda,2,0,0,0,0,0,0,0,0,1,0,0,1,0
9203,Faryad8162,3,0,0,0,0,0,0,0,0,1,0,1,0,1
9204,INajafi20158,1,0,0,0,0,0,0,0,0,1,0,0,0,0
9205,FarahIranitabar,1,0,0,0,0,0,0,0,0,1,0,0,0,0
9206,vatandoost1354,1,0,0,0,0,0,0,0,0,1,0,0,0,0
9207,jazdl82,1,0,0,0,0,0,0,0,0,1,0,0,0,0
9208,sajadmiza2021,1,0,0,0,0,0,0,0,0,1,0,0,0,0
9209,shinshin_dan,2,0,0,0,0,0,0,0,0,1,0,0,0,1
9210,Volmo11,4,0,0,0,0,0,0,0,0,1,1,0,1,1
9211,ritchie59784157,1,0,0,0,0,0,0,0,0,1,0,0,0,0
9212,labkhandesaliz,2,0,0,0,0,0,0,0,0,1,0,1,0,0
9213,Scarfac29729262,1,0,0,0,0,0,0,0,0,1,0,0,0,0
9214,pwly_13,1,0,0,0,0,0,0,0,0,1,0,0,0,0
9215,etelaf10,2,0,0,0,0,0,0,0,0,1,0,1,0,0
9216,pequeninbcn,2,0,0,0,0,0,0,0,0,1,0,1,0,0
9217,_my_x_username_,1,0,0,0,0,0,0,0,0,1,0,0,0,0
9218,nayeri_mohammad,3,0,0,0,0,0,0,0,0,1,0,0,1,1
9219,JavidShahsi,3,0,0,0,0,0,0,0,0,1,1,1,0,0
9220,Pouria_SunLion,1,0,0,0,0,0,0,0,0,1,0,0,0,0
9221,Letsgetcrancky,1,0,0,0,0,0,0,0,0,1,0,0,0,0
9222,HOSSEIN19771,2,0,0,0,0,0,0,0,0,1,1,0,0,0
9223,hamid_u90,1,0,0,0,0,0,0,0,0,1,0,0,0,0
9224,SamuelFar888,2,0,0,0,0,0,0,0,0,1,0,1,0,0
9225,M6310000,1,0,0,0,0,0,0,0,0,1,0,0,0,0
9226,taangiro,1,0,0,0,0,0,0,0,0,1,0,0,0,0
9227,kathy98506,1,0,0,0,0,0,0,0,0,1,0,0,0,0
9228,Marmrlady,1,0,0,0,0,0,0,0,0,1,0,0,0,0
9229,hamid_ghavi,3,0,0,0,0,0,0,0,0,1,0,0,1,1
9230,Iran_e_Azaad,2,0,0,0,0,0,0,0,0,1,0,1,0,0
9231,Serenddipitty12,1,0,0,0,0,0,0,0,0,1,0,0,0,0
9232,Pendar_Farda,1,0,0,0,0,0,0,0,0,1,0,0,0,0
9233,iranzaminsrbaaz,1,0,0,0,0,0,0,0,0,1,0,0,0,0
9234,Hannane65074726,2,0,0,0,0,0,0,0,0,1,0,1,0,0
9235,Shahnameh01,1,0,0,0,0,0,0,0,0,1,0,0,0,0
9236,yrnzd2,1,0,0,0,0,0,0,0,0,1,0,0,0,0
9237,alaleh_kh,2,0,0,0,0,0,0,0,0,1,0,0,0,1
9238,ali_gholam34071,1,0,0,0,0,0,0,0,0,1,0,0,0,0
9239,SaharSamirad,1,0,0,0,0,0,0,0,0,1,0,0,0,0
9240,Zohrehghadiani,1,0,0,0,0,0,0,0,0,1,0,0,0,0
9241,Freedom4IranToo,1,0,0,0,0,0,0,0,0,1,0,0,0,0
9242,mshafieipour,1,0,0,0,0,0,0,0,0,1,0,0,0,0
9243,imaginefsnm,1,0,0,0,0,0,0,0,0,1,0,0,0,0
9244,Pourhejazy,3,0,0,0,0,0,0,0,0,1,0,1,1,0
9245,PariaFd72,1,0,0,0,0,0,0,0,0,1,0,0,0,0
9246,MamadM15429,2,0,0,0,0,0,0,0,0,1,0,1,0,0
9247,shahram3359,1,0,0,0,0,0,0,0,0,1,0,0,0,0
9248,javidjavdan004,1,0,0,0,0,0,0,0,0,1,0,0,0,0
9249,baharabbas80566,2,0,0,0,0,0,0,0,0,1,0,0,1,0
9250,Baranbebar83,2,0,0,0,0,0,0,0,0,1,0,0,1,0
9251,gaffneySCButt,1,0,0,0,0,0,0,0,0,1,0,0,0,0
9252,DelaV777,1,0,0,0,0,0,0,0,0,1,0,0,0,0
9253,FaryadIrankohan,1,0,0,0,0,0,0,0,0,1,0,0,0,0
9254,del32132,1,0,0,0,0,0,0,0,0,1,0,0,0,0
9255,swanpeace,1,0,0,0,0,0,0,0,0,1,0,0,0,0
9256,matin_delshad,1,0,0,0,0,0,0,0,0,1,0,0,0,0
9257,SherminKazemkh1,1,0,0,0,0,0,0,0,0,1,0,0,0,0
9258,bobo1682,1,0,0,0,0,0,0,0,0,1,0,0,0,0
9259,abshen_h,1,0,0,0,0,0,0,0,0,1,0,0,0,0
9260,deliver53,1,0,0,0,0,0,0,0,0,1,0,0,0,0
9261,ir_tofann,1,0,0,0,0,0,0,0,0,1,0,0,0,0
9262,behzad750,1,0,0,0,0,0,0,0,0,1,0,0,0,0
9263,Jjmvrrb,3,0,0,0,0,0,0,0,0,1,1,1,0,0
9264,AvaRahemi,1,0,0,0,0,0,0,0,0,1,0,0,0,0
9265,lionofthelight,1,0,0,0,0,0,0,0,0,1,0,0,0,0
9266,aref_af8,2,0,0,0,0,0,0,0,0,1,0,0,1,0
9267,hassanagha89,1,0,0,0,0,0,0,0,0,1,0,0,0,0
9268,iranzad_98,3,0,0,0,0,0,0,0,0,1,1,0,0,1
9269,Damahi_,3,0,0,0,0,0,0,0,0,1,1,1,0,0
9270,HNayijtp,1,0,0,0,0,0,0,0,0,1,0,0,0,0
9271,HomaSpring,2,0,0,0,0,0,0,0,0,1,0,0,0,1
9272,Javad4179526420,3,0,0,0,0,0,0,0,0,1,0,1,1,0
9273,clairmuffy,2,0,0,0,0,0,0,0,0,1,0,0,0,1
9274,Nourozi80,1,0,0,0,0,0,0,0,0,1,0,0,0,0
9275,pesarkhale8233,1,0,0,0,0,0,0,0,0,1,0,0,0,0
9276,yaghoot62,1,0,0,0,0,0,0,0,0,1,0,0,0,0
9277,AbadHeshma86082,1,0,0,0,0,0,0,0,0,1,0,0,0,0
9278,DonDavta,1,0,0,0,0,0,0,0,0,1,0,0,0,0
9279,MazyarGhavidel,1,0,0,0,0,0,0,0,0,1,0,0,0,0
9280,Sam_Mohama,1,0,0,0,0,0,0,0,0,1,0,0,0,0
9281,torkpour_arash,2,0,0,0,0,0,0,0,0,1,1,0,0,0
9282,shapparak,1,0,0,0,0,0,0,0,0,1,0,0,0,0
9283,MaralAzimirad,2,0,0,0,0,0,0,0,0,1,0,1,0,0
9284,IromlooMinoo,1,0,0,0,0,0,0,0,0,1,0,0,0,0
9285,fahhashe2alam,4,0,0,0,0,0,0,0,0,1,0,1,1,1
9286,AssdSassy,3,0,0,0,0,0,0,0,0,1,1,1,0,0
9287,Shaheenchevv,1,0,0,0,0,0,0,0,0,1,0,0,0,0
9288,SaharMosav,1,0,0,0,0,0,0,0,0,1,0,0,0,0
9289,FanoosIran,2,0,0,0,0,0,0,0,0,1,0,1,0,0
9290,Niousha_Iran,1,0,0,0,0,0,0,0,0,1,0,0,0,0
9291,ShayadolKhata,1,0,0,0,0,0,0,0,0,1,0,0,0,0
9292,hope111125,1,0,0,0,0,0,0,0,0,1,0,0,0,0
9293,5kz60X5wDSUTYEJ,1,0,0,0,0,0,0,0,0,1,0,0,0,0
9294,Hamid1989H,1,0,0,0,0,0,0,0,0,1,0,0,0,0
9295,rouzbehba,1,0,0,0,0,0,0,0,0,1,0,0,0,0
9296,Naa_agk,1,0,0,0,0,0,0,0,0,1,0,0,0,0
9297,pahkiyan,1,0,0,0,0,0,0,0,0,1,0,0,0,0
9298,mkmk6485,1,0,0,0,0,0,0,0,0,1,0,0,0,0
9299,andyyyyy54,1,0,0,0,0,0,0,0,0,1,0,0,0,0
9300,Hos315879,1,0,0,0,0,0,0,0,0,1,0,0,0,0
9301,Shoom_x,1,0,0,0,0,0,0,0,0,1,0,0,0,0
9302,ajmaz_,1,0,0,0,0,0,0,0,0,1,0,0,0,0
9303,nkhansari,1,0,0,0,0,0,0,0,0,1,0,0,0,0
9304,RazakPress76,1,0,0,0,0,0,0,0,0,1,0,0,0,0
9305,britasaxon,1,0,0,0,0,0,0,0,0,1,0,0,0,0
9306,jonathan_Rogh,1,0,0,0,0,0,0,0,0,1,0,0,0,0
9307,basijiAhmagh,1,0,0,0,0,0,0,0,0,1,0,0,0,0
9308,FreedomCowboy76,1,0,0,0,0,0,0,0,0,1,0,0,0,0
9309,SayaSadeghi,1,0,0,0,0,0,0,0,0,1,0,0,0,0
9310,elinaexol2001,1,0,0,0,0,0,0,0,0,1,0,0,0,0
9311,Loormard,1,0,0,0,0,0,0,0,0,1,0,0,0,0
9312,Essi010101,1,0,0,0,0,0,0,0,0,1,0,0,0,0
9313,KiumarsiE,1,0,0,0,0,0,0,0,0,1,0,0,0,0
9314,Simbaloew,1,0,0,0,0,0,0,0,0,1,0,0,0,0
9315,MayaMRezaeiL,1,0,0,0,0,0,0,0,0,1,0,0,0,0
9316,4ashniii,1,0,0,0,0,0,0,0,0,1,0,0,0,0
9317,ShiIsHer,1,0,0,0,0,0,0,0,0,1,0,0,0,0
9318,hoas_asadi,1,0,0,0,0,0,0,0,0,1,0,0,0,0
9319,Elilpr86u,1,0,0,0,0,0,0,0,0,1,0,0,0,0
9320,honyf0li45,1,0,0,0,0,0,0,0,0,1,0,0,0,0
9321,Haddock_In_Iran,2,0,0,0,0,0,0,0,0,1,1,0,0,0
9322,ebrahimsal28451,2,0,0,0,0,0,0,0,0,1,0,1,0,0
9323,mortezaali38461,1,0,0,0,0,0,0,0,0,1,0,0,0,0
9324,javid_shah_irn,1,0,0,0,0,0,0,0,0,1,0,0,0,0
9325,MarizeMeyva,2,0,0,0,0,0,0,0,0,1,0,1,0,0
9326,afardokht,1,0,0,0,0,0,0,0,0,1,0,0,0,0
9327,merimir5314,1,0,0,0,0,0,0,0,0,1,0,0,0,0
9328,yrn331024721059,3,0,0,0,0,0,0,0,0,1,1,1,0,0
9329,Lichan90,1,0,0,0,0,0,0,0,0,1,0,0,0,0
9330,sistergoesto,2,0,0,0,0,0,0,0,0,1,1,0,0,0
9331,PersiaVFM,1,0,0,0,0,0,0,0,0,1,0,0,0,0
9332,haj_kas,3,0,0,0,0,0,0,0,0,1,1,0,0,1
9333,MyLad_10,1,0,0,0,0,0,0,0,0,1,0,0,0,0
9334,Avaaa1988,2,0,0,0,0,0,0,0,0,1,0,0,1,0
9335,Johnkooperau8h,1,0,0,0,0,0,0,0,0,1,0,0,0,0
9336,KandooTV,1,0,0,0,0,0,0,0,0,1,0,0,0,0
9337,ClintEastw44961,1,0,0,0,0,0,0,0,0,1,0,0,0,0
9338,Nilsesav78,1,0,0,0,0,0,0,0,0,1,0,0,0,0
9339,HMahnaz73,1,0,0,0,0,0,0,0,0,1,0,0,0,0
9340,payandeh84,1,0,0,0,0,0,0,0,0,1,0,0,0,0
9341,baronessedulac,1,0,0,0,0,0,0,0,0,1,0,0,0,0
9342,ich_bin_frankk,1,0,0,0,0,0,0,0,0,1,0,0,0,0
9343,AliC1361,1,0,0,0,0,0,0,0,0,1,0,0,0,0
9344,hnazari20,1,0,0,0,0,0,0,0,0,1,0,0,0,0
9345,samaaf18,1,0,0,0,0,0,0,0,0,1,0,0,0,0
9346,darbedaramkardi,1,0,0,0,0,0,0,0,0,1,0,0,0,0
9347,Mohamad1557042,2,0,0,0,0,0,0,0,0,1,0,0,0,1
9348,Nanasoor,1,0,0,0,0,0,0,0,0,1,0,0,0,0
9349,ShaniB86723150,1,0,0,0,0,0,0,0,0,1,0,0,0,0
9350,m13rahmani71,1,0,0,0,0,0,0,0,0,1,0,0,0,0
9351,Martian_oreo,1,0,0,0,0,0,0,0,0,1,0,0,0,0
9352,arashkamangir86,2,0,0,0,0,0,0,0,0,1,0,1,0,0
9353,katsuhiroottomo,1,0,0,0,0,0,0,0,0,1,0,0,0,0
9354,PersianMonarc,1,0,0,0,0,0,0,0,0,1,0,0,0,0
9355,vito_sccaletta,2,0,0,0,0,0,0,0,0,1,0,1,0,0
9356,Adagio4030,2,0,0,0,0,0,0,0,0,1,0,0,0,1
9357,Aukrmz,1,0,0,0,0,0,0,0,0,1,0,0,0,0
9358,vatanparasthay,1,0,0,0,0,0,0,0,0,1,0,0,0,0
9359,Maahhhiii,1,0,0,0,0,0,0,0,0,1,0,0,0,0
9360,TheLord97979491,4,0,0,0,0,0,0,0,0,1,1,1,1,0
9361,Moh3enyousefi,2,0,0,0,0,0,0,0,0,1,0,1,0,0
9362,SBaharlou98765,2,0,0,0,0,0,0,0,0,1,1,0,0,0
9363,AlefAlefIran,2,0,0,0,0,0,0,0,0,1,0,0,0,1
9364,pelaritis,1,0,0,0,0,0,0,0,0,1,0,0,0,0
9365,LeilaB30505,1,0,0,0,0,0,0,0,0,1,0,0,0,0
9366,BG235678,1,0,0,0,0,0,0,0,0,1,0,0,0,0
9367,BehkamI_rooni,1,0,0,0,0,0,0,0,0,1,0,0,0,0
9368,ms2003_sa,3,0,0,0,0,0,0,0,0,1,1,1,0,0
9369,djalali1975,2,0,0,0,0,0,0,0,0,1,0,0,1,0
9370,SazeBseda,1,0,0,0,0,0,0,0,0,1,0,0,0,0
9371,ManaBarayeIran,2,0,0,0,0,0,0,0,0,1,0,1,0,0
9372,RadmehrKiann,1,0,0,0,0,0,0,0,0,1,0,0,0,0
9373,Maryam663459603,1,0,0,0,0,0,0,0,0,1,0,0,0,0
9374,sanazptn,1,0,0,0,0,0,0,0,0,1,0,0,0,0
9375,Parthian_Empire,2,0,0,0,0,0,0,0,0,1,0,1,0,0
9376,RoshanSaadi,1,0,0,0,0,0,0,0,0,1,0,0,0,0
9377,Bil40222973,1,0,0,0,0,0,0,0,0,1,0,0,0,0
9378,aslanihabibeh,1,0,0,0,0,0,0,0,0,1,0,0,0,0
9379,elemental200,1,0,0,0,0,0,0,0,0,1,0,0,0,0
9380,NedaBahar2,4,0,0,0,0,0,0,0,0,1,0,1,1,1
9381,FakharianHedieh,1,0,0,0,0,0,0,0,0,1,0,0,0,0
9382,Mahtabkadeh,1,0,0,0,0,0,0,0,0,1,0,0,0,0
9383,ArashBijoo,1,0,0,0,0,0,0,0,0,1,0,0,0,0
9384,kakekokakuki,1,0,0,0,0,0,0,0,0,1,0,0,0,0
9385,patriotberry,1,0,0,0,0,0,0,0,0,1,0,0,0,0
9386,Bb3980123799,1,0,0,0,0,0,0,0,0,1,0,0,0,0
9387,Niki68845796,1,0,0,0,0,0,0,0,0,1,0,0,0,0
9388,SHAHRZA99315496,1,0,0,0,0,0,0,0,0,1,0,0,0,0
9389,a8118k,2,0,0,0,0,0,0,0,0,1,0,1,0,0
9390,KeihaniRoy50734,1,0,0,0,0,0,0,0,0,1,0,0,0,0
9391,siavash44030323,1,0,0,0,0,0,0,0,0,1,0,0,0,0
9392,jj40740568,1,0,0,0,0,0,0,0,0,1,0,0,0,0
9393,HM_afsan,1,0,0,0,0,0,0,0,0,1,0,0,0,0
9394,2024_mh,2,0,0,0,0,0,0,0,0,1,0,0,0,1
9395,RoyaDadfar,3,0,0,0,0,0,0,0,0,1,0,1,1,0
9396,Betoche2026,1,0,0,0,0,0,0,0,0,1,0,0,0,0
9397,ashavans,1,0,0,0,0,0,0,0,0,1,0,0,0,0
9398,persian_lover_d,1,0,0,0,0,0,0,0,0,1,0,0,0,0
9399,mosaferezamaneh,1,0,0,0,0,0,0,0,0,1,0,0,0,0
9400,Ali55106731,1,0,0,0,0,0,0,0,0,1,0,0,0,0
9401,humed3000,1,0,0,0,0,0,0,0,0,1,0,0,0,0
9402,AwarenessVoice,1,0,0,0,0,0,0,0,0,1,0,0,0,0
9403,Mooosh_ali,2,0,0,0,0,0,0,0,0,1,0,0,1,0
9404,fandoghfelfeli,1,0,0,0,0,0,0,0,0,1,0,0,0,0
9405,Hemadnazari,1,0,0,0,0,0,0,0,0,1,0,0,0,0
9406,ZahraGh18966738,1,0,0,0,0,0,0,0,0,1,0,0,0,0
9407,Shi_r_in,1,0,0,0,0,0,0,0,0,1,0,0,0,0
9408,shapurl,1,0,0,0,0,0,0,0,0,1,0,0,0,0
9409,meidiveXC,1,0,0,0,0,0,0,0,0,1,0,0,0,0
9410,Gh0ghn0u5,1,0,0,0,0,0,0,0,0,1,0,0,0,0
9411,theleviiiiii,2,0,0,0,0,0,0,0,0,1,0,1,0,0
9412,christinatabri1,1,0,0,0,0,0,0,0,0,1,0,0,0,0
9413,AmirAarsham,2,0,0,0,0,0,0,0,0,1,0,1,0,0
9414,Faran2023,2,0,0,0,0,0,0,0,0,1,0,1,0,0
9415,Pp2004546192849,2,0,0,0,0,0,0,0,0,1,0,0,0,1
9416,IDokht65418,1,0,0,0,0,0,0,0,0,1,0,0,0,0
9417,khashiiiiiiiiii,3,0,0,0,0,0,0,0,0,1,1,0,0,1
9418,MojMIRANI,1,0,0,0,0,0,0,0,0,1,0,0,0,0
9419,maryamhushang,1,0,0,0,0,0,0,0,0,1,0,0,0,0
9420,dartanyan66,1,0,0,0,0,0,0,0,0,1,0,0,0,0
9421,GoliUchdagh,1,0,0,0,0,0,0,0,0,1,0,0,0,0
9422,Mahsauis,1,0,0,0,0,0,0,0,0,1,0,0,0,0
9423,lpayandh23,1,0,0,0,0,0,0,0,0,1,0,0,0,0
9424,ValiManafi,1,0,0,0,0,0,0,0,0,1,0,0,0,0
9425,im_azade,1,0,0,0,0,0,0,0,0,1,0,0,0,0
9426,ShahrbanooER,1,0,0,0,0,0,0,0,0,1,0,0,0,0
9427,IRoya247,1,0,0,0,0,0,0,0,0,1,0,0,0,0
9428,Mycrowmurders,1,0,0,0,0,0,0,0,0,1,0,0,0,0
9429,SherwinIran,2,0,0,0,0,0,0,0,0,1,1,0,0,0
9430,Daiszylover,1,0,0,0,0,0,0,0,0,1,0,0,0,0
9431,Rezashah26,1,0,0,0,0,0,0,0,0,1,0,0,0,0
9432,the_xanderman,1,0,0,0,0,0,0,0,0,1,0,0,0,0
9433,mamadbataa,1,0,0,0,0,0,0,0,0,1,0,0,0,0
9434,Sharpreason,1,0,0,0,0,0,0,0,0,1,0,0,0,0
9435,Sanaz53p,1,0,0,0,0,0,0,0,0,1,0,0,0,0
9436,AyranJhan56782,2,0,0,0,0,0,0,0,0,1,0,1,0,0
9437,Sindbad43,1,0,0,0,0,0,0,0,0,1,0,0,0,0
9438,freemoze,1,0,0,0,0,0,0,0,0,1,0,0,0,0
9439,GarbageRadar,1,0,0,0,0,0,0,0,0,1,0,0,0,0
9440,Wolf00631971401,1,0,0,0,0,0,0,0,0,1,0,0,0,0
9441,EbrahimMaradi,4,0,0,0,0,0,0,0,0,1,1,1,1,0
9442,imarrgol,1,0,0,0,0,0,0,0,0,1,0,0,0,0
9443,SiminMosh,1,0,0,0,0,0,0,0,0,1,0,0,0,0
9444,wanheda17816328,3,0,0,0,0,0,0,0,0,1,0,1,1,0
9445,SoheilKazemi,1,0,0,0,0,0,0,0,0,1,0,0,0,0
9446,_Miliya_,1,0,0,0,0,0,0,0,0,1,0,0,0,0
9447,Porteghall27728,1,0,0,0,0,0,0,0,0,1,0,0,0,0
9448,Mahasa_M01,2,0,0,0,0,0,0,0,0,1,0,1,0,0
9449,Shahrza26,1,0,0,0,0,0,0,0,0,1,0,0,0,0
9450,Derafsh3000,4,0,0,0,0,0,0,0,0,1,1,1,0,1
9451,freedom140123,1,0,0,0,0,0,0,0,0,1,0,0,0,0
9452,Vartan93560,1,0,0,0,0,0,0,0,0,1,0,0,0,0
9453,Lochairy,1,0,0,0,0,0,0,0,0,1,0,0,0,0
9454,Farzout,1,0,0,0,0,0,0,0,0,1,0,0,0,0
9455,SMNRezvan,1,0,0,0,0,0,0,0,0,1,0,0,0,0
9456,sadsaltanhaei,1,0,0,0,0,0,0,0,0,1,0,0,0,0
9457,CCrash9612,2,0,0,0,0,0,0,0,0,1,1,0,0,0
9458,nikita5658jh,1,0,0,0,0,0,0,0,0,1,0,0,0,0
9459,FunLovingIan,3,0,0,0,0,0,0,0,0,1,1,1,0,0
9460,AvidehM,1,0,0,0,0,0,0,0,0,1,0,0,0,0
9461,AlFrphoenix,2,0,0,0,0,0,0,0,0,1,0,0,1,0
9462,selfwhites,1,0,0,0,0,0,0,0,0,1,0,0,0,0
9463,leilakarimzade,1,0,0,0,0,0,0,0,0,1,0,0,0,0
9464,SaidRahmatu6p,3,0,0,0,0,0,0,0,0,1,0,1,1,0
9465,Sali1IR,2,0,0,0,0,0,0,0,0,1,0,1,0,0
9466,farcrit,1,0,0,0,0,0,0,0,0,1,0,0,0,0
9467,Sabajedi,1,0,0,0,0,0,0,0,0,1,0,0,0,0
9468,HighWay_to0hell,1,0,0,0,0,0,0,0,0,1,0,0,0,0
9469,SerojBoghosyan,1,0,0,0,0,0,0,0,0,1,0,0,0,0
9470,KuDiako,3,0,0,0,0,0,0,0,0,1,0,1,1,0
9471,godfathers447,2,0,0,0,0,0,0,0,0,1,0,0,0,1
9472,ShabnamKeshava2,4,0,0,0,0,0,0,0,0,1,1,0,1,1
9473,pgmsht,1,0,0,0,0,0,0,0,0,1,0,0,0,0
9474,Aminqzbz,1,0,0,0,0,0,0,0,0,1,0,0,0,0
9475,sivash19066776,1,0,0,0,0,0,0,0,0,1,0,0,0,0
9476,MahgolMirkarimi,1,0,0,0,0,0,0,0,0,1,0,0,0,0
9477,AfsharMat,1,0,0,0,0,0,0,0,0,1,0,0,0,0
9478,sol_victoria202,2,0,0,0,0,0,0,0,0,1,0,0,0,1
9479,anis00923039,3,0,0,0,0,0,0,0,0,1,0,1,0,1
9480,tochall,1,0,0,0,0,0,0,0,0,1,0,0,0,0
9481,maria_food4,1,0,0,0,0,0,0,0,0,1,0,0,0,0
9482,Paloma_IIR,1,0,0,0,0,0,0,0,0,1,0,0,0,0
9483,NGhassemi23835,1,0,0,0,0,0,0,0,0,1,0,0,0,0
9484,KingsbryJ,1,0,0,0,0,0,0,0,0,1,0,0,0,0
9485,AtropateneIran,3,0,0,0,0,0,0,0,0,1,1,0,1,0
9486,SuhrenVandad,1,0,0,0,0,0,0,0,0,1,0,0,0,0
9487,malij007,2,0,0,0,0,0,0,0,0,1,1,0,0,0
9488,Azads9ts,1,0,0,0,0,0,0,0,0,1,0,0,0,0
9489,star27635020,1,0,0,0,0,0,0,0,0,1,0,0,0,0
9490,Kamran_Irani,3,0,0,0,0,0,0,0,0,1,0,1,1,0
9491,IndMAGA1976,1,0,0,0,0,0,0,0,0,1,0,0,0,0
9492,melli_a66315,1,0,0,0,0,0,0,0,0,1,0,0,0,0
9493,Mohamma06447992,3,0,0,0,0,0,0,0,0,1,0,1,0,1
9494,Areo11597,1,0,0,0,0,0,0,0,0,1,0,0,0,0
9495,yaghooti_m,1,0,0,0,0,0,0,0,0,1,0,0,0,0
9496,t_____ajr,1,0,0,0,0,0,0,0,0,1,0,0,0,0
9497,Daniele_De_Rosi,2,0,0,0,0,0,0,0,0,1,0,1,0,0
9498,BaharMoh3,1,0,0,0,0,0,0,0,0,1,0,0,0,0
9499,AnafchehFl42189,2,0,0,0,0,0,0,0,0,1,0,0,1,0
9500,daughterOfPars2,1,0,0,0,0,0,0,0,0,1,0,0,0,0
9501,nazalavi,1,0,0,0,0,0,0,0,0,1,0,0,0,0
9502,minoosahrai,1,0,0,0,0,0,0,0,0,1,0,0,0,0
9503,Shahin3Farzaneh,1,0,0,0,0,0,0,0,0,1,0,0,0,0
9504,ShayaRhm,1,0,0,0,0,0,0,0,0,1,0,0,0,0
9505,dariahenriad,2,0,0,0,0,0,0,0,0,1,1,0,0,0
9506,espinozaedj,1,0,0,0,0,0,0,0,0,1,0,0,0,0
9507,ArianpourFatima,1,0,0,0,0,0,0,0,0,1,0,0,0,0
9508,mortadella123,3,0,0,0,0,0,0,0,0,1,1,0,0,1
9509,missysy600,1,0,0,0,0,0,0,0,0,1,0,0,0,0
9510,ZaadAaaa,1,0,0,0,0,0,0,0,0,1,0,0,0,0
9511,Mari688471,4,0,0,0,0,0,0,0,0,1,1,0,1,1
9512,omid_sarmad,1,0,0,0,0,0,0,0,0,1,0,0,0,0
9513,oneofImmortals7,1,0,0,0,0,0,0,0,0,1,0,0,0,0
9514,roz93276666,1,0,0,0,0,0,0,0,0,1,0,0,0,0
9515,synaps369,1,0,0,0,0,0,0,0,0,1,0,0,0,0
9516,TWIcSvrogIGSmL3,1,0,0,0,0,0,0,0,0,1,0,0,0,0
9517,Dolat_Shahnaz,1,0,0,0,0,0,0,0,0,1,0,0,0,0
9518,RSaBox,4,0,0,0,0,0,0,0,0,1,1,1,1,0
9519,_MIGHTY__SHIBA_,1,0,0,0,0,0,0,0,0,1,0,0,0,0
9520,mahnoosh_rahimi,1,0,0,0,0,0,0,0,0,1,0,0,0,0
9521,iWearyLover,1,0,0,0,0,0,0,0,0,1,0,0,0,0
9522,black_swan_1991,1,0,0,0,0,0,0,0,0,1,0,0,0,0
9523,maryamoone,1,0,0,0,0,0,0,0,0,1,0,0,0,0
9524,Armin2096872,3,0,0,0,0,0,0,0,0,1,0,1,0,1
9525,Witchesvalley1,2,0,0,0,0,0,0,0,0,1,1,0,0,0
9526,Bardia_Vahidi,1,0,0,0,0,0,0,0,0,1,0,0,0,0
9527,hjkesler,2,0,0,0,0,0,0,0,0,1,0,0,0,1
9528,farmar13,1,0,0,0,0,0,0,0,0,1,0,0,0,0
9529,parsacin,1,0,0,0,0,0,0,0,0,1,0,0,0,0
9530,PatrishiaMotev1,1,0,0,0,0,0,0,0,0,1,0,0,0,0
9531,sbxd1456,1,0,0,0,0,0,0,0,0,1,0,0,0,0
9532,NowbaharSaeed,1,0,0,0,0,0,0,0,0,1,0,0,0,0
9533,kokopo66745925,1,0,0,0,0,0,0,0,0,1,0,0,0,0
9534,dalghak_darbarr,1,0,0,0,0,0,0,0,0,1,0,0,0,0
9535,migmig_ariaee,1,0,0,0,0,0,0,0,0,1,0,0,0,0
9536,pirates_bride88,1,0,0,0,0,0,0,0,0,1,0,0,0,0
9537,AidaTalebi79,1,0,0,0,0,0,0,0,0,1,0,0,0,0
9538,We_R_D_Street,1,0,0,0,0,0,0,0,0,1,0,0,0,0
9539,bahram_1970,4,0,0,0,0,0,0,0,0,1,0,1,1,1
9540,FFHI26093978,1,0,0,0,0,0,0,0,0,1,0,0,0,0
9541,s7in9a,1,0,0,0,0,0,0,0,0,1,0,0,0,0
9542,IranBleeds,1,0,0,0,0,0,0,0,0,1,0,0,0,0
9543,ALI179610920294,1,0,0,0,0,0,0,0,0,1,0,0,0,0
9544,NassrinTehrani1,1,0,0,0,0,0,0,0,0,1,0,0,0,0
9545,AzMazMazoo,3,0,0,0,0,0,0,0,0,1,1,1,0,0
9546,ElnazBVL,1,0,0,0,0,0,0,0,0,1,0,0,0,0
9547,Sh1401Iran,1,0,0,0,0,0,0,0,0,1,0,0,0,0
9548,Aaartisttt,2,0,0,0,0,0,0,0,0,1,0,1,0,0
9549,inspectorinME,1,0,0,0,0,0,0,0,0,1,0,0,0,0
9550,farvahar_pars89,2,0,0,0,0,0,0,0,0,1,0,0,0,1
9551,kda198000,2,0,0,0,0,0,0,0,0,1,0,1,0,0
9552,HadipourShahnam,1,0,0,0,0,0,0,0,0,1,0,0,0,0
9553,Seyran21554094,1,0,0,0,0,0,0,0,0,1,0,0,0,0
9554,VahidMotamedi32,3,0,0,0,0,0,0,0,0,1,0,0,1,1
9555,EbrahimShirvani,1,0,0,0,0,0,0,0,0,1,0,0,0,0
9556,Mersedeh197m,1,0,0,0,0,0,0,0,0,1,0,0,0,0
9557,payam4397,1,0,0,0,0,0,0,0,0,1,0,0,0,0
9558,Sarzaminjavida1,1,0,0,0,0,0,0,0,0,1,0,0,0,0
9559,lili50636514631,3,0,0,0,0,0,0,0,0,1,1,0,0,1
9560,PlP1hL8GzhBtbSd,4,0,0,0,0,0,0,0,0,1,1,1,1,0
9561,abaeeyan16325,1,0,0,0,0,0,0,0,0,1,0,0,0,0
9562,AlirezaDerz3gm,1,0,0,0,0,0,0,0,0,1,0,0,0,0
9563,ashkan616161,1,0,0,0,0,0,0,0,0,1,0,0,0,0
9564,Seanj1980,1,0,0,0,0,0,0,0,0,1,0,0,0,0
9565,Nasimi82MN,1,0,0,0,0,0,0,0,0,1,0,0,0,0
9566,CassandraSokolo,1,0,0,0,0,0,0,0,0,1,0,0,0,0
9567,shaliakbari,3,0,0,0,0,0,0,0,0,1,1,1,0,0
9568,Saradldt,1,0,0,0,0,0,0,0,0,1,0,0,0,0
9569,Kotletironi,1,0,0,0,0,0,0,0,0,1,0,0,0,0
9570,NeginKH2025,1,0,0,0,0,0,0,0,0,1,0,0,0,0
9571,Peaceinsightout,1,0,0,0,0,0,0,0,0,1,0,0,0,0
9572,Thisisdibabn,1,0,0,0,0,0,0,0,0,1,0,0,0,0
9573,AzadehB4Iran,1,0,0,0,0,0,0,0,0,1,0,0,0,0
9574,thevexin,2,0,0,0,0,0,0,0,0,1,0,0,0,1
9575,elnaz_bk92,2,0,0,0,0,0,0,0,0,1,0,0,0,1
9576,cyrustrade1985,3,0,0,0,0,0,0,0,0,1,0,1,0,1
9577,S267313S,4,0,0,0,0,0,0,0,0,1,1,1,1,0
9578,aryairani588,1,0,0,0,0,0,0,0,0,1,0,0,0,0
9579,parisasattari,1,0,0,0,0,0,0,0,0,1,0,0,0,0
9580,Ariameh74766313,2,0,0,0,0,0,0,0,0,1,0,0,0,1
9581,h735f,1,0,0,0,0,0,0,0,0,1,0,0,0,0
9582,Sepideh_ibuhgay,1,0,0,0,0,0,0,0,0,1,0,0,0,0
9583,its_rozhin,3,0,0,0,0,0,0,0,0,1,1,0,0,1
9584,ZaneParsi2584,2,0,0,0,0,0,0,0,0,1,0,1,0,0
9585,parisapak78,1,0,0,0,0,0,0,0,0,1,0,0,0,0
9586,Farzad_Persian_,1,0,0,0,0,0,0,0,0,1,0,0,0,0
9587,Sandisodoleh,1,0,0,0,0,0,0,0,0,1,0,0,0,0
9588,Fatemeh46936624,2,0,0,0,0,0,0,0,0,1,0,1,0,0
9589,saeed944673761,1,0,0,0,0,0,0,0,0,1,0,0,0,0
9590,persiavata60977,1,0,0,0,0,0,0,0,0,1,0,0,0,0
9591,Mahnazi4,1,0,0,0,0,0,0,0,0,1,0,0,0,0
9592,HRaisianz,1,0,0,0,0,0,0,0,0,1,0,0,0,0
9593,Fenghelii,3,0,0,0,0,0,0,0,0,1,0,1,0,1
9594,blackboye666ch,5,0,0,0,0,0,0,0,0,1,1,1,1,1
9595,Majidw9v,1,0,0,0,0,0,0,0,0,1,0,0,0,0
9596,h78ghh,1,0,0,0,0,0,0,0,0,1,0,0,0,0
9597,wanted1363,2,0,0,0,0,0,0,0,0,1,0,0,1,0
9598,SamSami16825221,3,0,0,0,0,0,0,0,0,1,0,1,0,1
9599,JilaAli2,1,0,0,0,0,0,0,0,0,1,0,0,0,0
9600,Donia55452615,1,0,0,0,0,0,0,0,0,1,0,0,0,0
9601,Zeidabadi_Ahmed,1,0,0,0,0,0,0,0,0,1,0,0,0,0
9602,noqtevirgooled,1,0,0,0,0,0,0,0,0,1,0,0,0,0
9603,monzajer,1,0,0,0,0,0,0,0,0,1,0,0,0,0
9604,Davood_Sabaei,1,0,0,0,0,0,0,0,0,1,0,0,0,0
9605,SAKA_Iran,1,0,0,0,0,0,0,0,0,1,0,0,0,0
9606,HHEDIMAH,4,0,0,0,0,0,0,0,0,1,1,0,1,1
9607,Afshin_44,1,0,0,0,0,0,0,0,0,1,0,0,0,0
9608,lncarmstrong,2,0,0,0,0,0,0,0,0,1,1,0,0,0
9609,FuffguH58255,2,0,0,0,0,0,0,0,0,1,0,0,1,0
9610,lens_poet69442,1,0,0,0,0,0,0,0,0,1,0,0,0,0
9611,PARSArchive,2,0,0,0,0,0,0,0,0,1,0,1,0,0
9612,frzdir,1,0,0,0,0,0,0,0,0,1,0,0,0,0
9613,AzadiBahareh,1,0,0,0,0,0,0,0,0,1,0,0,0,0
9614,Agz_IT,2,0,0,0,0,0,0,0,0,1,0,0,0,1
9615,RasamElly,4,0,0,0,0,0,0,0,0,1,0,1,1,1
9616,galpal_tara,3,0,0,0,0,0,0,0,0,0,1,1,1,0
9617,NBady30197,1,0,0,0,0,0,0,0,0,0,1,0,0,0
9618,thenobelname,1,0,0,0,0,0,0,0,0,0,1,0,0,0
9619,PersianLyricss,1,0,0,0,0,0,0,0,0,0,1,0,0,0
9620,MED_3G,1,0,0,0,0,0,0,0,0,0,1,0,0,0
9621,Amirreza_rf,2,0,0,0,0,0,0,0,0,0,1,0,1,0
9622,shadshatoo,1,0,0,0,0,0,0,0,0,0,1,0,0,0
9623,DrSturgis_,1,0,0,0,0,0,0,0,0,0,1,0,0,0
9624,CredoAzadeh,1,0,0,0,0,0,0,0,0,0,1,0,0,0
9625,_rastakhiz_,2,0,0,0,0,0,0,0,0,0,1,1,0,0
9626,DaveCandy8,2,0,0,0,0,0,0,0,0,0,1,0,1,0
9627,segaro1984,2,0,0,0,0,0,0,0,0,0,1,0,0,1
9628,realfabioEE,1,0,0,0,0,0,0,0,0,0,1,0,0,0
9629,OldRebel88,2,0,0,0,0,0,0,0,0,0,1,1,0,0
9630,myousefnezhad,2,0,0,0,0,0,0,0,0,0,1,0,0,1
9631,NemidonamChiBam,1,0,0,0,0,0,0,0,0,0,1,0,0,0
9632,_sahand,2,0,0,0,0,0,0,0,0,0,1,0,1,0
9633,kav89861,2,0,0,0,0,0,0,0,0,0,1,1,0,0
9634,YOUSHITA_ASTOO,1,0,0,0,0,0,0,0,0,0,1,0,0,0
9635,RedBackpack83,1,0,0,0,0,0,0,0,0,0,1,0,0,0
9636,SaraBarista1,1,0,0,0,0,0,0,0,0,0,1,0,0,0
9637,369saye,1,0,0,0,0,0,0,0,0,0,1,0,0,0
9638,E_Sobhanzadeh,1,0,0,0,0,0,0,0,0,0,1,0,0,0
9639,maziar_a_s,1,0,0,0,0,0,0,0,0,0,1,0,0,0
9640,Morfys1tn,1,0,0,0,0,0,0,0,0,0,1,0,0,0
9641,MthrRda86113,2,0,0,0,0,0,0,0,0,0,1,1,0,0
9642,shyn35978,1,0,0,0,0,0,0,0,0,0,1,0,0,0
9643,BBoosh777,1,0,0,0,0,0,0,0,0,0,1,0,0,0
9644,officer_donny,2,0,0,0,0,0,0,0,0,0,1,1,0,0
9645,SohailaNt5,1,0,0,0,0,0,0,0,0,0,1,0,0,0
9646,Shinjishere,2,0,0,0,0,0,0,0,0,0,1,1,0,0
9647,ImWithMyPeople,1,0,0,0,0,0,0,0,0,0,1,0,0,0
9648,AnoushehE82,1,0,0,0,0,0,0,0,0,0,1,0,0,0
9649,Fattemeh11,1,0,0,0,0,0,0,0,0,0,1,0,0,0
9650,hamekare_hastam,3,0,0,0,0,0,0,0,0,0,1,1,1,0
9651,AtashiMojgan,3,0,0,0,0,0,0,0,0,0,1,1,1,0
9652,FaribaKaze78897,1,0,0,0,0,0,0,0,0,0,1,0,0,0
9653,u1171780,2,0,0,0,0,0,0,0,0,0,1,1,0,0
9654,renegade_FARID,2,0,0,0,0,0,0,0,0,0,1,1,0,0
9655,Shahrokh_Gol,2,0,0,0,0,0,0,0,0,0,1,0,0,1
9656,ghangharia,1,0,0,0,0,0,0,0,0,0,1,0,0,0
9657,Artabdoli,1,0,0,0,0,0,0,0,0,0,1,0,0,0
9658,AhangReza,4,0,0,0,0,0,0,0,0,0,1,1,1,1
9659,InfinitLoveShah,1,0,0,0,0,0,0,0,0,0,1,0,0,0
9660,arnothex,1,0,0,0,0,0,0,0,0,0,1,0,0,0
9661,te_lady,2,0,0,0,0,0,0,0,0,0,1,0,1,0
9662,Mali62aj,1,0,0,0,0,0,0,0,0,0,1,0,0,0
9663,chitsanewsh,3,0,0,0,0,0,0,0,0,0,1,1,1,0
9664,leon41309380,1,0,0,0,0,0,0,0,0,0,1,0,0,0
9665,Nazanin61952820,1,0,0,0,0,0,0,0,0,0,1,0,0,0
9666,Hashtakiran,2,0,0,0,0,0,0,0,0,0,1,1,0,0
9667,Mah10773187,1,0,0,0,0,0,0,0,0,0,1,0,0,0
9668,DelVFN,1,0,0,0,0,0,0,0,0,0,1,0,0,0
9669,waffleBcheese,1,0,0,0,0,0,0,0,0,0,1,0,0,0
9670,AriaHiva,2,0,0,0,0,0,0,0,0,0,1,1,0,0
9671,HormazdFarvadin,3,0,0,0,0,0,0,0,0,0,1,1,1,0
9672,_AhmedQuraishi,1,0,0,0,0,0,0,0,0,0,1,0,0,0
9673,Taitanforge,1,0,0,0,0,0,0,0,0,0,1,0,0,0
9674,mehkho,2,0,0,0,0,0,0,0,0,0,1,1,0,0
9675,Azadehnew,1,0,0,0,0,0,0,0,0,0,1,0,0,0
9676,almashiraz,1,0,0,0,0,0,0,0,0,0,1,0,0,0
9677,mamale15,4,0,0,0,0,0,0,0,0,0,1,1,1,1
9678,Arash_Fattahii,1,0,0,0,0,0,0,0,0,0,1,0,0,0
9679,deebazeeba92,1,0,0,0,0,0,0,0,0,0,1,0,0,0
9680,Chrisineverlan,3,0,0,0,0,0,0,0,0,0,1,1,1,0
9681,pjjitterme,1,0,0,0,0,0,0,0,0,0,1,0,0,0
9682,Garshasp1363,2,0,0,0,0,0,0,0,0,0,1,1,0,0
9683,Danzbell_,1,0,0,0,0,0,0,0,0,0,1,0,0,0
9684,naughtybigboya,1,0,0,0,0,0,0,0,0,0,1,0,0,0
9685,lalehrangi76,1,0,0,0,0,0,0,0,0,0,1,0,0,0
9686,homa31978799822,2,0,0,0,0,0,0,0,0,0,1,1,0,0
9687,Mr_No_Body_94,1,0,0,0,0,0,0,0,0,0,1,0,0,0
9688,bg1381,3,0,0,0,0,0,0,0,0,0,1,1,1,0
9689,urmhr24,3,0,0,0,0,0,0,0,0,0,1,1,0,1
9690,RektGoose1,1,0,0,0,0,0,0,0,0,0,1,0,0,0
9691,Omid1892032,2,0,0,0,0,0,0,0,0,0,1,1,0,0
9692,puyan2500,1,0,0,0,0,0,0,0,0,0,1,0,0,0
9693,MoradAzizi9,2,0,0,0,0,0,0,0,0,0,1,0,1,0
9694,Claudia777K,1,0,0,0,0,0,0,0,0,0,1,0,0,0
9695,Mastan335243,1,0,0,0,0,0,0,0,0,0,1,0,0,0
9696,ashestobeauty8,1,0,0,0,0,0,0,0,0,0,1,0,0,0
9697,Nimax2002,1,0,0,0,0,0,0,0,0,0,1,0,0,0
9698,noordepp,1,0,0,0,0,0,0,0,0,0,1,0,0,0
9699,RevDocGabriel,1,0,0,0,0,0,0,0,0,0,1,0,0,0
9700,Kiya_005,1,0,0,0,0,0,0,0,0,0,1,0,0,0
9701,NMojdeh67462,1,0,0,0,0,0,0,0,0,0,1,0,0,0
9702,WilliamRay5131,1,0,0,0,0,0,0,0,0,0,1,0,0,0
9703,FreedomDrebo69,1,0,0,0,0,0,0,0,0,0,1,0,0,0
9704,mhhrgn,2,0,0,0,0,0,0,0,0,0,1,1,0,0
9705,_4Iran,1,0,0,0,0,0,0,0,0,0,1,0,0,0
9706,RoShana25745504,1,0,0,0,0,0,0,0,0,0,1,0,0,0
9707,AYAyatollahi,1,0,0,0,0,0,0,0,0,0,1,0,0,0
9708,freedom_Azadi_,1,0,0,0,0,0,0,0,0,0,1,0,0,0
9709,MaralGheysari,1,0,0,0,0,0,0,0,0,0,1,0,0,0
9710,Sam49431910,1,0,0,0,0,0,0,0,0,0,1,0,0,0
9711,LTGen81,2,0,0,0,0,0,0,0,0,0,1,0,0,1
9712,bahbahfelfel,1,0,0,0,0,0,0,0,0,0,1,0,0,0
9713,monarchyknight,1,0,0,0,0,0,0,0,0,0,1,0,0,0
9714,sun_mrsun,2,0,0,0,0,0,0,0,0,0,1,1,0,0
9715,sepivmann1,1,0,0,0,0,0,0,0,0,0,1,0,0,0
9716,chenbrain60,1,0,0,0,0,0,0,0,0,0,1,0,0,0
9717,NobelismDr,1,0,0,0,0,0,0,0,0,0,1,0,0,0
9718,eucaliptusglo,2,0,0,0,0,0,0,0,0,0,1,1,0,0
9719,paul_options,1,0,0,0,0,0,0,0,0,0,1,0,0,0
9720,AnahitaSarab,2,0,0,0,0,0,0,0,0,0,1,1,0,0
9721,ShahinS29069,1,0,0,0,0,0,0,0,0,0,1,0,0,0
9722,aria431111,1,0,0,0,0,0,0,0,0,0,1,0,0,0
9723,Addison77866447,4,0,0,0,0,0,0,0,0,0,1,1,1,1
9724,needsepiskey,1,0,0,0,0,0,0,0,0,0,1,0,0,0
9725,Reza7Kamali,3,0,0,0,0,0,0,0,0,0,1,1,1,0
9726,Rickypedian,1,0,0,0,0,0,0,0,0,0,1,0,0,0
9727,sohelav26,1,0,0,0,0,0,0,0,0,0,1,0,0,0
9728,rmn29887,1,0,0,0,0,0,0,0,0,0,1,0,0,0
9729,Me_ovvv,1,0,0,0,0,0,0,0,0,0,1,0,0,0
9730,Ali78829285,1,0,0,0,0,0,0,0,0,0,1,0,0,0
9731,PatriotPersian0,2,0,0,0,0,0,0,0,0,0,1,1,0,0
9732,Maryamazadikhah,2,0,0,0,0,0,0,0,0,0,1,0,0,1
9733,Promise1978_,3,0,0,0,0,0,0,0,0,0,1,1,0,1
9734,arghavan382481,2,0,0,0,0,0,0,0,0,0,1,0,0,1
9735,maaahsaaa89,1,0,0,0,0,0,0,0,0,0,1,0,0,0
9736,vedaf86,1,0,0,0,0,0,0,0,0,0,1,0,0,0
9737,Ehsan_abk,2,0,0,0,0,0,0,0,0,0,1,0,0,1
9738,MashaGh63007,1,0,0,0,0,0,0,0,0,0,1,0,0,0
9739,naghshparvaz,1,0,0,0,0,0,0,0,0,0,1,0,0,0
9740,BahadorBorzoo,1,0,0,0,0,0,0,0,0,0,1,0,0,0
9741,YepremKhann,1,0,0,0,0,0,0,0,0,0,1,0,0,0
9742,DrLecterzc,2,0,0,0,0,0,0,0,0,0,1,0,1,0
9743,bitak220,2,0,0,0,0,0,0,0,0,0,1,1,0,0
9744,yaldachi,2,0,0,0,0,0,0,0,0,0,1,1,0,0
9745,bbbaarraannn,1,0,0,0,0,0,0,0,0,0,1,0,0,0
9746,sahartahvili,1,0,0,0,0,0,0,0,0,0,1,0,0,0
9747,saiedeh10,1,0,0,0,0,0,0,0,0,0,1,0,0,0
9748,bitagh11,2,0,0,0,0,0,0,0,0,0,1,0,0,1
9749,omidfardaha,1,0,0,0,0,0,0,0,0,0,1,0,0,0
9750,Zhina49,2,0,0,0,0,0,0,0,0,0,1,1,0,0
9751,notonsilentmode,1,0,0,0,0,0,0,0,0,0,1,0,0,0
9752,EMasoomy,1,0,0,0,0,0,0,0,0,0,1,0,0,0
9753,EliJavidfar,2,0,0,0,0,0,0,0,0,0,1,0,0,1
9754,___0paz_ll0II,2,0,0,0,0,0,0,0,0,0,1,0,1,0
9755,LoyalistPa,3,0,0,0,0,0,0,0,0,0,1,1,1,0
9756,Zhandarkroar,1,0,0,0,0,0,0,0,0,0,1,0,0,0
9757,aabajiii,3,0,0,0,0,0,0,0,0,0,1,1,1,0
9758,nader_rar,1,0,0,0,0,0,0,0,0,0,1,0,0,0
9759,Azin2025,2,0,0,0,0,0,0,0,0,0,1,0,1,0
9760,AzitaGuzzo,2,0,0,0,0,0,0,0,0,0,1,0,1,0
9761,roya1111111111,3,0,0,0,0,0,0,0,0,0,1,1,0,1
9762,KingFarhad01,1,0,0,0,0,0,0,0,0,0,1,0,0,0
9763,AngelRight888,1,0,0,0,0,0,0,0,0,0,1,0,0,0
9764,sdmh93,1,0,0,0,0,0,0,0,0,0,1,0,0,0
9765,bibi_shahintaj,1,0,0,0,0,0,0,0,0,0,1,0,0,0
9766,Behroozkml,1,0,0,0,0,0,0,0,0,0,1,0,0,0
9767,starofthenightt,4,0,0,0,0,0,0,0,0,0,1,1,1,1
9768,amiiirhosseein,1,0,0,0,0,0,0,0,0,0,1,0,0,0
9769,MosbyyTedd101,1,0,0,0,0,0,0,0,0,0,1,0,0,0
9770,lalehky,1,0,0,0,0,0,0,0,0,0,1,0,0,0
9771,Nima_kh98,2,0,0,0,0,0,0,0,0,0,1,1,0,0
9772,mohsen_bapiri,1,0,0,0,0,0,0,0,0,0,1,0,0,0
9773,spider_Zooo,1,0,0,0,0,0,0,0,0,0,1,0,0,0
9774,Melody777jm,1,0,0,0,0,0,0,0,0,0,1,0,0,0
9775,AHTamizkar,1,0,0,0,0,0,0,0,0,0,1,0,0,0
9776,mostafa__npv,2,0,0,0,0,0,0,0,0,0,1,1,0,0
9777,M40492Mamad,2,0,0,0,0,0,0,0,0,0,1,1,0,0
9778,NeWorldDisordr,1,0,0,0,0,0,0,0,0,0,1,0,0,0
9779,Antiredblack1,1,0,0,0,0,0,0,0,0,0,1,0,0,0
9780,im_hadiseh,1,0,0,0,0,0,0,0,0,0,1,0,0,0
9781,collectible_wat,2,0,0,0,0,0,0,0,0,0,1,0,1,0
9782,brunokei76,1,0,0,0,0,0,0,0,0,0,1,0,0,0
9783,ww3_persia,2,0,0,0,0,0,0,0,0,0,1,0,1,0
9784,ImImperialGuard,1,0,0,0,0,0,0,0,0,0,1,0,0,0
9785,Daryadel6631,1,0,0,0,0,0,0,0,0,0,1,0,0,0
9786,nimafarboodnia,1,0,0,0,0,0,0,0,0,0,1,0,0,0
9787,sh_4_i,2,0,0,0,0,0,0,0,0,0,1,1,0,0
9788,BearNaghez,1,0,0,0,0,0,0,0,0,0,1,0,0,0
9789,Shadrokhpoor,1,0,0,0,0,0,0,0,0,0,1,0,0,0
9790,mahsaraj6,1,0,0,0,0,0,0,0,0,0,1,0,0,0
9791,MariSP84,2,0,0,0,0,0,0,0,0,0,1,0,0,1
9792,pahlavism74,2,0,0,0,0,0,0,0,0,0,1,0,0,1
9793,Freckled_Smudge,1,0,0,0,0,0,0,0,0,0,1,0,0,0
9794,KenMichaels111,3,0,0,0,0,0,0,0,0,0,1,0,1,1
9795,PejmanPharmd,2,0,0,0,0,0,0,0,0,0,1,1,0,0
9796,Nsalemi30,1,0,0,0,0,0,0,0,0,0,1,0,0,0
9797,Jubin39383187,2,0,0,0,0,0,0,0,0,0,1,1,0,0
9798,Kadelaw,1,0,0,0,0,0,0,0,0,0,1,0,0,0
9799,koskhologist,1,0,0,0,0,0,0,0,0,0,1,0,0,0
9800,MyPinkyland,2,0,0,0,0,0,0,0,0,0,1,0,1,0
9801,DragonSamurai13,2,0,0,0,0,0,0,0,0,0,1,0,0,1
9802,AliTRazavi,1,0,0,0,0,0,0,0,0,0,1,0,0,0
9803,S_M1RAX,2,0,0,0,0,0,0,0,0,0,1,0,0,1
9804,Fake_Radical,2,0,0,0,0,0,0,0,0,0,1,0,0,1
9805,khormaloo369,2,0,0,0,0,0,0,0,0,0,1,1,0,0
9806,IranSentinel,1,0,0,0,0,0,0,0,0,0,1,0,0,0
9807,MIGA_LionandSun,2,0,0,0,0,0,0,0,0,0,1,0,0,1
9808,JwadP62192,1,0,0,0,0,0,0,0,0,0,1,0,0,0
9809,SonCyrus3,1,0,0,0,0,0,0,0,0,0,1,0,0,0
9810,LibNationUSA,1,0,0,0,0,0,0,0,0,0,1,0,0,0
9811,lotgodiva,1,0,0,0,0,0,0,0,0,0,1,0,0,0
9812,itsme_meti,4,0,0,0,0,0,0,0,0,0,1,1,1,1
9813,MammadAct,1,0,0,0,0,0,0,0,0,0,1,0,0,0
9814,AminiEllie,1,0,0,0,0,0,0,0,0,0,1,0,0,0
9815,1Irani_dokht,2,0,0,0,0,0,0,0,0,0,1,1,0,0
9816,ELRev22,1,0,0,0,0,0,0,0,0,0,1,0,0,0
9817,AmjadiKoroush,1,0,0,0,0,0,0,0,0,0,1,0,0,0
9818,skyl20277,1,0,0,0,0,0,0,0,0,0,1,0,0,0
9819,IranFullLife,1,0,0,0,0,0,0,0,0,0,1,0,0,0
9820,Iranzadevin,1,0,0,0,0,0,0,0,0,0,1,0,0,0
9821,Khaos_3666,1,0,0,0,0,0,0,0,0,0,1,0,0,0
9822,ItsKouroshKabir,3,0,0,0,0,0,0,0,0,0,1,1,1,0
9823,Mohssen46399,1,0,0,0,0,0,0,0,0,0,1,0,0,0
9824,Vatanam6161916,1,0,0,0,0,0,0,0,0,0,1,0,0,0
9825,MBaharesta65003,4,0,0,0,0,0,0,0,0,0,1,1,1,1
9826,The_Western_sea,1,0,0,0,0,0,0,0,0,0,1,0,0,0
9827,rezasaffar6643,2,0,0,0,0,0,0,0,0,0,1,1,0,0
9828,mehradfar95503,2,0,0,0,0,0,0,0,0,0,1,0,0,1
9829,cindyfsolomon,1,0,0,0,0,0,0,0,0,0,1,0,0,0
9830,DrOmid_Akrami,2,0,0,0,0,0,0,0,0,0,1,0,1,0
9831,Somi9g39,1,0,0,0,0,0,0,0,0,0,1,0,0,0
9832,shashaeh,1,0,0,0,0,0,0,0,0,0,1,0,0,0
9833,majoosnegaregan,3,0,0,0,0,0,0,0,0,0,1,1,1,0
9834,Guilan_QC,1,0,0,0,0,0,0,0,0,0,1,0,0,0
9835,Miraz_yekoob,1,0,0,0,0,0,0,0,0,0,1,0,0,0
9836,JShah2534,1,0,0,0,0,0,0,0,0,0,1,0,0,0
9837,rfa979,1,0,0,0,0,0,0,0,0,0,1,0,0,0
9838,moni_oddy,1,0,0,0,0,0,0,0,0,0,1,0,0,0
9839,Blueeyesangel1,1,0,0,0,0,0,0,0,0,0,1,0,0,0
9840,PK47214321,2,0,0,0,0,0,0,0,0,0,1,1,0,0
9841,Elimj32,1,0,0,0,0,0,0,0,0,0,1,0,0,0
9842,pahlavidokht,1,0,0,0,0,0,0,0,0,0,1,0,0,0
9843,astro2000boy,2,0,0,0,0,0,0,0,0,0,1,0,1,0
9844,pakesh_7,2,0,0,0,0,0,0,0,0,0,1,0,0,1
9845,BeanuKeeves,1,0,0,0,0,0,0,0,0,0,1,0,0,0
9846,berlin_hf,2,0,0,0,0,0,0,0,0,0,1,0,1,0
9847,SBahrami2022,2,0,0,0,0,0,0,0,0,0,1,1,0,0
9848,kashafrood,4,0,0,0,0,0,0,0,0,0,1,1,1,1
9849,arashb1400,1,0,0,0,0,0,0,0,0,0,1,0,0,0
9850,IranGryffindor,3,0,0,0,0,0,0,0,0,0,1,0,1,1
9851,MahNebula,2,0,0,0,0,0,0,0,0,0,1,0,0,1
9852,moloolche,1,0,0,0,0,0,0,0,0,0,1,0,0,0
9853,shireparsi,3,0,0,0,0,0,0,0,0,0,1,1,1,0
9854,bachekocholoo,1,0,0,0,0,0,0,0,0,0,1,0,0,0
9855,skyfree85,3,0,0,0,0,0,0,0,0,0,1,0,1,1
9856,IPDC2026,1,0,0,0,0,0,0,0,0,0,1,0,0,0
9857,Persian_Flame,2,0,0,0,0,0,0,0,0,0,1,0,1,0
9858,nima_n_g,1,0,0,0,0,0,0,0,0,0,0,1,0,0
9859,mahsanikii,2,0,0,0,0,0,0,0,0,0,0,1,1,0
9860,Chetgirl1,1,0,0,0,0,0,0,0,0,0,0,1,0,0
9861,Babak_Farokhzad,1,0,0,0,0,0,0,0,0,0,0,1,0,0
9862,Bita2tt,1,0,0,0,0,0,0,0,0,0,0,1,0,0
9863,AutogptAI,1,0,0,0,0,0,0,0,0,0,0,1,0,0
9864,22Khorshid,2,0,0,0,0,0,0,0,0,0,0,1,1,0
9865,toranj_lived,1,0,0,0,0,0,0,0,0,0,0,1,0,0
9866,Hitman392687461,1,0,0,0,0,0,0,0,0,0,0,1,0,0
9867,ArameshAzizi,1,0,0,0,0,0,0,0,0,0,0,1,0,0
9868,RoozNonas,1,0,0,0,0,0,0,0,0,0,0,1,0,0
9869,SSawansa61044,1,0,0,0,0,0,0,0,0,0,0,1,0,0
9870,Shiro3eSn,2,0,0,0,0,0,0,0,0,0,0,1,0,1
9871,babak62633637,1,0,0,0,0,0,0,0,0,0,0,1,0,0
9872,greenmonsteraaa,2,0,0,0,0,0,0,0,0,0,0,1,0,1
9873,tyfjffgjj,2,0,0,0,0,0,0,0,0,0,0,1,1,0
9874,MoMalek1990,1,0,0,0,0,0,0,0,0,0,0,1,0,0
9875,Ashwpc,1,0,0,0,0,0,0,0,0,0,0,1,0,0
9876,moCubein,1,0,0,0,0,0,0,0,0,0,0,1,0,0
9877,Shahpou54659339,1,0,0,0,0,0,0,0,0,0,0,1,0,0
9878,Noahgudq,1,0,0,0,0,0,0,0,0,0,0,1,0,0
9879,maysa_maysa9119,1,0,0,0,0,0,0,0,0,0,0,1,0,0
9880,shanii_mani,1,0,0,0,0,0,0,0,0,0,0,1,0,0
9881,Shaloomi2581,1,0,0,0,0,0,0,0,0,0,0,1,0,0
9882,spiritualmove,1,0,0,0,0,0,0,0,0,0,0,1,0,0
9883,nehzari,1,0,0,0,0,0,0,0,0,0,0,1,0,0
9884,elinadine1,1,0,0,0,0,0,0,0,0,0,0,1,0,0
9885,NasrinGholami5,2,0,0,0,0,0,0,0,0,0,0,1,1,0
9886,SGeramikho53544,2,0,0,0,0,0,0,0,0,0,0,1,1,0
9887,solaris73693693,2,0,0,0,0,0,0,0,0,0,0,1,1,0
9888,blacklaklak2026,1,0,0,0,0,0,0,0,0,0,0,1,0,0
9889,nomade021,1,0,0,0,0,0,0,0,0,0,0,1,0,0
9890,mahistan,2,0,0,0,0,0,0,0,0,0,0,1,1,0
9891,19083rtv,1,0,0,0,0,0,0,0,0,0,0,1,0,0
9892,Jadoogar135729,1,0,0,0,0,0,0,0,0,0,0,1,0,0
9893,GOTMasih,1,0,0,0,0,0,0,0,0,0,0,1,0,0
9894,AazadIran,1,0,0,0,0,0,0,0,0,0,0,1,0,0
9895,KamyarKami15526,1,0,0,0,0,0,0,0,0,0,0,1,0,0
9896,IranRises,1,0,0,0,0,0,0,0,0,0,0,1,0,0
9897,SamiraA61440947,1,0,0,0,0,0,0,0,0,0,0,1,0,0
9898,ali246644586390,1,0,0,0,0,0,0,0,0,0,0,1,0,0
9899,Falcon__55,2,0,0,0,0,0,0,0,0,0,0,1,1,0
9900,Sherry_Khani,1,0,0,0,0,0,0,0,0,0,0,1,0,0
9901,Sherry898382231,2,0,0,0,0,0,0,0,0,0,0,1,1,0
9902,KPh446523561427,1,0,0,0,0,0,0,0,0,0,0,1,0,0
9903,Mahdie410,1,0,0,0,0,0,0,0,0,0,0,1,0,0
9904,hanalizaa2,1,0,0,0,0,0,0,0,0,0,0,1,0,0
9905,vlad7vlad7,1,0,0,0,0,0,0,0,0,0,0,1,0,0
9906,LEO131326,2,0,0,0,0,0,0,0,0,0,0,1,0,1
9907,SolenCallae854,1,0,0,0,0,0,0,0,0,0,0,1,0,0
9908,soroush_khazaei,1,0,0,0,0,0,0,0,0,0,0,1,0,0
9909,Emad_Officialll,1,0,0,0,0,0,0,0,0,0,0,1,0,0
9910,AronK1408,1,0,0,0,0,0,0,0,0,0,0,1,0,0
9911,irisan_music,1,0,0,0,0,0,0,0,0,0,0,1,0,0
9912,mohammadae0m,1,0,0,0,0,0,0,0,0,0,0,1,0,0
9913,1985returnee,1,0,0,0,0,0,0,0,0,0,0,1,0,0
9914,Sheibahast,1,0,0,0,0,0,0,0,0,0,0,1,0,0
9915,fairghh,2,0,0,0,0,0,0,0,0,0,0,1,1,0
9916,maziyar266160,1,0,0,0,0,0,0,0,0,0,0,1,0,0
9917,HosseiniTina,1,0,0,0,0,0,0,0,0,0,0,1,0,0
9918,AIranmall,1,0,0,0,0,0,0,0,0,0,0,1,0,0
9919,sepipersan,1,0,0,0,0,0,0,0,0,0,0,1,0,0
9920,SKYRIDER4538,2,0,0,0,0,0,0,0,0,0,0,1,1,0
9921,SS34551059,1,0,0,0,0,0,0,0,0,0,0,1,0,0
9922,Rachel53799325,2,0,0,0,0,0,0,0,0,0,0,1,1,0
9923,GOD_609,1,0,0,0,0,0,0,0,0,0,0,1,0,0
9924,RisingL84122,1,0,0,0,0,0,0,0,0,0,0,1,0,0
9925,anatarinmi,1,0,0,0,0,0,0,0,0,0,0,1,0,0
9926,HasaniAkhond,2,0,0,0,0,0,0,0,0,0,0,1,1,0
9927,Poseidon7god,2,0,0,0,0,0,0,0,0,0,0,1,1,0
9928,BabaShah0yl0,2,0,0,0,0,0,0,0,0,0,0,1,1,0
9929,MinaStjern,1,0,0,0,0,0,0,0,0,0,0,1,0,0
9930,SolidarityToAll,1,0,0,0,0,0,0,0,0,0,0,1,0,0
9931,Kamran80IR,1,0,0,0,0,0,0,0,0,0,0,1,0,0
9932,ghzlnaderi,2,0,0,0,0,0,0,0,0,0,0,1,0,1
9933,petrosdevoted97,1,0,0,0,0,0,0,0,0,0,0,1,0,0
9934,EdmundErica,1,0,0,0,0,0,0,0,0,0,0,1,0,0
9935,lady_gestella,1,0,0,0,0,0,0,0,0,0,0,1,0,0
9936,ShamimGoud35674,1,0,0,0,0,0,0,0,0,0,0,1,0,0
9937,AdelSharifi2,1,0,0,0,0,0,0,0,0,0,0,1,0,0
9938,Linda3430359,1,0,0,0,0,0,0,0,0,0,0,1,0,0
9939,xPersiandokhtx,2,0,0,0,0,0,0,0,0,0,0,1,1,0
9940,alikasra51,1,0,0,0,0,0,0,0,0,0,0,1,0,0
9941,ad191800008,1,0,0,0,0,0,0,0,0,0,0,1,0,0
9942,_leyla_gh,3,0,0,0,0,0,0,0,0,0,0,1,1,1
9943,2026iran,1,0,0,0,0,0,0,0,0,0,0,1,0,0
9944,javidshaah,1,0,0,0,0,0,0,0,0,0,0,1,0,0
9945,Barandazmla,1,0,0,0,0,0,0,0,0,0,0,1,0,0
9946,HAMED_B13,1,0,0,0,0,0,0,0,0,0,0,1,0,0
9947,Safreedom2026,1,0,0,0,0,0,0,0,0,0,0,1,0,0
9948,VahidKhosr78639,1,0,0,0,0,0,0,0,0,0,0,1,0,0
9949,SoheilSooudi,1,0,0,0,0,0,0,0,0,0,0,1,0,0
9950,FreeIra36624074,1,0,0,0,0,0,0,0,0,0,0,1,0,0
9951,NRamezani19146,1,0,0,0,0,0,0,0,0,0,0,1,0,0
9952,NikkiSlmD,1,0,0,0,0,0,0,0,0,0,0,1,0,0
9953,BaharehAzadii,1,0,0,0,0,0,0,0,0,0,0,1,0,0
9954,VestasRealm,1,0,0,0,0,0,0,0,0,0,0,1,0,0
9955,yrnym7,1,0,0,0,0,0,0,0,0,0,0,1,0,0
9956,mahiran1193,1,0,0,0,0,0,0,0,0,0,0,1,0,0
9957,Hengame29320511,1,0,0,0,0,0,0,0,0,0,0,1,0,0
9958,SaturnJarnsaxa,1,0,0,0,0,0,0,0,0,0,0,1,0,0
9959,Samsa468647,1,0,0,0,0,0,0,0,0,0,0,1,0,0
9960,HamidSwedn,1,0,0,0,0,0,0,0,0,0,0,1,0,0
9961,Rahamihan,2,0,0,0,0,0,0,0,0,0,0,1,1,0
9962,LibPhan,2,0,0,0,0,0,0,0,0,0,0,1,0,1
9963,FarzadResists,1,0,0,0,0,0,0,0,0,0,0,1,0,0
9964,MirzaRomanovic,2,0,0,0,0,0,0,0,0,0,0,1,0,1
9965,s_staind,1,0,0,0,0,0,0,0,0,0,0,1,0,0
9966,kamran_pahlavi1,1,0,0,0,0,0,0,0,0,0,0,1,0,0
9967,amin1627203,1,0,0,0,0,0,0,0,0,0,0,1,0,0
9968,merry_nour,1,0,0,0,0,0,0,0,0,0,0,1,0,0
9969,fhashemi191411,1,0,0,0,0,0,0,0,0,0,0,1,0,0
9970,CosmicProgram,1,0,0,0,0,0,0,0,0,0,0,1,0,0
9971,freeman65167578,2,0,0,0,0,0,0,0,0,0,0,1,1,0
9972,SoheilMK129680,1,0,0,0,0,0,0,0,0,0,0,1,0,0
9973,AMV1959,1,0,0,0,0,0,0,0,0,0,0,1,0,0
9974,pourdar,1,0,0,0,0,0,0,0,0,0,0,1,0,0
9975,farah_ma00no,1,0,0,0,0,0,0,0,0,0,0,1,0,0
9976,ZaHo40370,1,0,0,0,0,0,0,0,0,0,0,1,0,0
9977,KourushAzadi,1,0,0,0,0,0,0,0,0,0,0,1,0,0
9978,LeilaLzjvm,1,0,0,0,0,0,0,0,0,0,0,1,0,0
9979,Iran_2500_years,2,0,0,0,0,0,0,0,0,0,0,1,1,0
9980,GilasGoz,2,0,0,0,0,0,0,0,0,0,0,1,1,0
9981,freeliizard,1,0,0,0,0,0,0,0,0,0,0,1,0,0
9982,omidfireman1251,1,0,0,0,0,0,0,0,0,0,0,1,0,0
9983,39_Shahedel_63,1,0,0,0,0,0,0,0,0,0,0,1,0,0
9984,SeraElenor,1,0,0,0,0,0,0,0,0,0,0,1,0,0
9985,Persi_Immortals,1,0,0,0,0,0,0,0,0,0,0,1,0,0
9986,Siavashamm,1,0,0,0,0,0,0,0,0,0,0,1,0,0
9987,RichardGH,1,0,0,0,0,0,0,0,0,0,0,1,0,0
9988,vertex_33,1,0,0,0,0,0,0,0,0,0,0,1,0,0
9989,kiano3568,1,0,0,0,0,0,0,0,0,0,0,1,0,0
9990,Javid_Naamaan,1,0,0,0,0,0,0,0,0,0,0,1,0,0
9991,facelesso0,1,0,0,0,0,0,0,0,0,0,0,1,0,0
9992,eshgheelahi,1,0,0,0,0,0,0,0,0,0,0,1,0,0
9993,dashtesta,1,0,0,0,0,0,0,0,0,0,0,1,0,0
9994,mehrazarafra,2,0,0,0,0,0,0,0,0,0,0,1,0,1
9995,Maryam48685795,1,0,0,0,0,0,0,0,0,0,0,1,0,0
9996,SimaZeinali2536,1,0,0,0,0,0,0,0,0,0,0,1,0,0
9997,Tala6Aria,1,0,0,0,0,0,0,0,0,0,0,1,0,0
9998,ThinkerTheSina,1,0,0,0,0,0,0,0,0,0,0,1,0,0
9999,SMB_Manager2023,1,0,0,0,0,0,0,0,0,0,0,1,0,0
10000,NjalSomeoneson,1,0,0,0,0,0,0,0,0,0,0,1,0,0
10001,Shahnam63423,1,0,0,0,0,0,0,0,0,0,0,1,0,0
10002,roxsanarh,1,0,0,0,0,0,0,0,0,0,0,1,0,0
10003,SB78748192,1,0,0,0,0,0,0,0,0,0,0,1,0,0
10004,pejman18279738,1,0,0,0,0,0,0,0,0,0,0,1,0,0
10005,MohsenDarv23417,1,0,0,0,0,0,0,0,0,0,0,1,0,0
10006,nany892865hassa,1,0,0,0,0,0,0,0,0,0,0,1,0,0
10007,persi_Swift,1,0,0,0,0,0,0,0,0,0,0,1,0,0
10008,Iraniraniran67,1,0,0,0,0,0,0,0,0,0,0,1,0,0
10009,kargartanha,2,0,0,0,0,0,0,0,0,0,0,1,1,0
10010,ShayeShode,1,0,0,0,0,0,0,0,0,0,0,1,0,0
10011,amiri167012,1,0,0,0,0,0,0,0,0,0,0,1,0,0
10012,gshtllr,2,0,0,0,0,0,0,0,0,0,0,1,1,0
10013,ba_hooman,1,0,0,0,0,0,0,0,0,0,0,1,0,0
10014,M5460M5460,1,0,0,0,0,0,0,0,0,0,0,1,0,0
10015,king_2025R,2,0,0,0,0,0,0,0,0,0,0,1,0,1
10016,atimvblh,1,0,0,0,0,0,0,0,0,0,0,1,0,0
10017,Lesanolgheybb,1,0,0,0,0,0,0,0,0,0,0,1,0,0
10018,swmraysh4,2,0,0,0,0,0,0,0,0,0,0,1,0,1
10019,PayandeIran16,1,0,0,0,0,0,0,0,0,0,0,1,0,0
10020,Saba84976467292,1,0,0,0,0,0,0,0,0,0,0,1,0,0
10021,roya_marzban,1,0,0,0,0,0,0,0,0,0,0,1,0,0
10022,Hichehichestan,1,0,0,0,0,0,0,0,0,0,0,1,0,0
10023,azadi0660121917,2,0,0,0,0,0,0,0,0,0,0,1,1,0
10024,MHonarmand44,1,0,0,0,0,0,0,0,0,0,0,1,0,0
10025,Marry7554,1,0,0,0,0,0,0,0,0,0,0,1,0,0
10026,Sadman344723,2,0,0,0,0,0,0,0,0,0,0,1,1,0
10027,tirkamoun,1,0,0,0,0,0,0,0,0,0,0,1,0,0
10028,Sadafh2538,1,0,0,0,0,0,0,0,0,0,0,1,0,0
10029,MeisamAsadpour4,3,0,0,0,0,0,0,0,0,0,0,1,1,1
10030,Faribashirazi23,1,0,0,0,0,0,0,0,0,0,0,1,0,0
10031,Shahram0107515,1,0,0,0,0,0,0,0,0,0,0,1,0,0
10032,Mojganhonrable,1,0,0,0,0,0,0,0,0,0,0,1,0,0
10033,_PANSIF_,1,0,0,0,0,0,0,0,0,0,0,1,0,0
10034,yelajbaz,1,0,0,0,0,0,0,0,0,0,0,1,0,0
10035,Nicoleta955,1,0,0,0,0,0,0,0,0,0,0,1,0,0
10036,RezaKho70924723,1,0,0,0,0,0,0,0,0,0,0,1,0,0
10037,iran_freedom404,1,0,0,0,0,0,0,0,0,0,0,1,0,0
10038,FIrani25376,1,0,0,0,0,0,0,0,0,0,0,1,0,0
10039,esmailpour_m,1,0,0,0,0,0,0,0,0,0,0,1,0,0
10040,Pesarpedarshoj,1,0,0,0,0,0,0,0,0,0,0,1,0,0
10041,jesiiip13j,1,0,0,0,0,0,0,0,0,0,0,1,0,0
10042,karimtah,1,0,0,0,0,0,0,0,0,0,0,1,0,0
10043,Anonymous_No_21,1,0,0,0,0,0,0,0,0,0,0,1,0,0
10044,migairan2585,2,0,0,0,0,0,0,0,0,0,0,1,0,1
10045,Brisa1979,2,0,0,0,0,0,0,0,0,0,0,1,0,1
10046,Newz5e,1,0,0,0,0,0,0,0,0,0,0,1,0,0
10047,atha48453816490,1,0,0,0,0,0,0,0,0,0,0,1,0,0
10048,Uquireve7,1,0,0,0,0,0,0,0,0,0,0,1,0,0
10049,Frappuccino998,3,0,0,0,0,0,0,0,0,0,0,1,1,1
10050,Sakai_san7,1,0,0,0,0,0,0,0,0,0,0,1,0,0
10051,MorleyMan007,1,0,0,0,0,0,0,0,0,0,0,1,0,0
10052,tabrizi66,1,0,0,0,0,0,0,0,0,0,0,1,0,0
10053,AhuraEcho,1,0,0,0,0,0,0,0,0,0,0,1,0,0
10054,KafrMhdy68225,1,0,0,0,0,0,0,0,0,0,0,1,0,0
10055,Sisidarsayeh,1,0,0,0,0,0,0,0,0,0,0,1,0,0
10056,RezaG26,1,0,0,0,0,0,0,0,0,0,0,1,0,0
10057,g_alikin7650,1,0,0,0,0,0,0,0,0,0,0,1,0,0
10058,Zizi324319,1,0,0,0,0,0,0,0,0,0,0,1,0,0
10059,WildTommy14,1,0,0,0,0,0,0,0,0,0,0,1,0,0
10060,Raha71539074,1,0,0,0,0,0,0,0,0,0,0,1,0,0
10061,Glorfindel_A,1,0,0,0,0,0,0,0,0,0,0,1,0,0
10062,kagsundaram,1,0,0,0,0,0,0,0,0,0,0,1,0,0
10063,marecopolooo,1,0,0,0,0,0,0,0,0,0,0,1,0,0
10064,mcdhzc,1,0,0,0,0,0,0,0,0,0,0,1,0,0
10065,hamid1401dimah,1,0,0,0,0,0,0,0,0,0,0,1,0,0
10066,metikafar48,1,0,0,0,0,0,0,0,0,0,0,1,0,0
10067,nas_mousavi,1,0,0,0,0,0,0,0,0,0,0,1,0,0
10068,Matt164755,1,0,0,0,0,0,0,0,0,0,0,1,0,0
10069,MrKardarfard,1,0,0,0,0,0,0,0,0,0,0,1,0,0
10070,x_Publictext,1,0,0,0,0,0,0,0,0,0,0,1,0,0
10071,gaurdianofwater,1,0,0,0,0,0,0,0,0,0,0,1,0,0
10072,teymoorkhan,2,0,0,0,0,0,0,0,0,0,0,1,0,1
10073,Angello26530221,1,0,0,0,0,0,0,0,0,0,0,1,0,0
10074,TanBooPat,1,0,0,0,0,0,0,0,0,0,0,1,0,0
10075,trumpgolfiran,2,0,0,0,0,0,0,0,0,0,0,1,1,0
10076,Gianluca1517595,2,0,0,0,0,0,0,0,0,0,0,1,0,1
10077,DerakhshiSima,1,0,0,0,0,0,0,0,0,0,0,1,0,0
10078,DameSobIR,1,0,0,0,0,0,0,0,0,0,0,1,0,0
10079,allekhandr0,2,0,0,0,0,0,0,0,0,0,0,1,1,0
10080,kasiiiiiT69,2,0,0,0,0,0,0,0,0,0,0,1,1,0
10081,Hassank_Wazir,1,0,0,0,0,0,0,0,0,0,0,1,0,0
10082,Derwin_E1,1,0,0,0,0,0,0,0,0,0,0,1,0,0
10083,FGoodarz,2,0,0,0,0,0,0,0,0,0,0,1,0,1
10084,MHRN3159,2,0,0,0,0,0,0,0,0,0,0,1,1,0
10085,DanielB01918260,1,0,0,0,0,0,0,0,0,0,0,1,0,0
10086,Sara81255537076,1,0,0,0,0,0,0,0,0,0,0,1,0,0
10087,kian_nika,1,0,0,0,0,0,0,0,0,0,0,1,0,0
10088,hydy_mqw30753,1,0,0,0,0,0,0,0,0,0,0,1,0,0
10089,Duke16877587,2,0,0,0,0,0,0,0,0,0,0,1,0,1
10090,Pahlavism26,1,0,0,0,0,0,0,0,0,0,0,1,0,0
10091,john01932,2,0,0,0,0,0,0,0,0,0,0,1,0,1
10092,In_Maard,1,0,0,0,0,0,0,0,0,0,0,1,0,0
10093,Zizi456,2,0,0,0,0,0,0,0,0,0,0,1,0,1
10094,IranRoyalists,2,0,0,0,0,0,0,0,0,0,0,1,1,0
10095,FryadeVatan,1,0,0,0,0,0,0,0,0,0,0,1,0,0
10096,Amrbekjh,1,0,0,0,0,0,0,0,0,0,0,1,0,0
10097,jBNo61ZD5QtPW6A,1,0,0,0,0,0,0,0,0,0,0,1,0,0
10098,Shah_parast,1,0,0,0,0,0,0,0,0,0,0,1,0,0
10099,ashemvahoo36354,1,0,0,0,0,0,0,0,0,0,0,1,0,0
10100,sarbazan,1,0,0,0,0,0,0,0,0,0,0,1,0,0
10101,MMMMM1060,1,0,0,0,0,0,0,0,0,0,0,1,0,0
10102,Breeze1367,2,0,0,0,0,0,0,0,0,0,0,1,0,1
10103,sabo19741,1,0,0,0,0,0,0,0,0,0,0,1,0,0
10104,javid696,1,0,0,0,0,0,0,0,0,0,0,1,0,0
10105,hajiology,1,0,0,0,0,0,0,0,0,0,0,1,0,0
10106,Anonymous_maka,2,0,0,0,0,0,0,0,0,0,0,1,1,0
10107,ScienceAndLogi4,1,0,0,0,0,0,0,0,0,0,0,1,0,0
10108,Ghoghnous_irani,2,0,0,0,0,0,0,0,0,0,0,1,1,0
10109,Alipho_o,1,0,0,0,0,0,0,0,0,0,0,1,0,0
10110,shabnamfekr,1,0,0,0,0,0,0,0,0,0,0,1,0,0
10111,nedatajik2,2,0,0,0,0,0,0,0,0,0,0,1,0,1
10112,hellwarrior00,2,0,0,0,0,0,0,0,0,0,0,1,0,1
10113,noobarii,1,0,0,0,0,0,0,0,0,0,0,1,0,0
10114,AramAra87475947,3,0,0,0,0,0,0,0,0,0,0,1,1,1
10115,Josephpahlavi1,1,0,0,0,0,0,0,0,0,0,0,1,0,0
10116,SepehriH,1,0,0,0,0,0,0,0,0,0,0,1,0,0
10117,SaSamani88,2,0,0,0,0,0,0,0,0,0,0,1,0,1
10118,lpvshirazi,1,0,0,0,0,0,0,0,0,0,0,1,0,0
10119,hamhamgg44,1,0,0,0,0,0,0,0,0,0,0,1,0,0
10120,Behrooz41422,1,0,0,0,0,0,0,0,0,0,0,1,0,0
10121,BaramakiBalash,1,0,0,0,0,0,0,0,0,0,0,1,0,0
10122,esthi7396,3,0,0,0,0,0,0,0,0,0,0,1,1,1
10123,mootaareez,3,0,0,0,0,0,0,0,0,0,0,1,1,1
10124,AriaHajiahmadi,1,0,0,0,0,0,0,0,0,0,0,1,0,0
10125,AliEsmaeil82997,2,0,0,0,0,0,0,0,0,0,0,1,1,0
10126,BehravanSa94854,1,0,0,0,0,0,0,0,0,0,0,1,0,0
10127,GasedakA,1,0,0,0,0,0,0,0,0,0,0,1,0,0
10128,julya1351184,1,0,0,0,0,0,0,0,0,0,0,1,0,0
10129,Naser53492668,1,0,0,0,0,0,0,0,0,0,0,1,0,0
10130,Watusa101,1,0,0,0,0,0,0,0,0,0,0,1,0,0
10131,James81540275,2,0,0,0,0,0,0,0,0,0,0,1,1,0
10132,TSeekerforever,1,0,0,0,0,0,0,0,0,0,0,1,0,0
10133,ghofranian,1,0,0,0,0,0,0,0,0,0,0,1,0,0
10134,Bibaksa14b,2,0,0,0,0,0,0,0,0,0,0,1,1,0
10135,Minahita2,1,0,0,0,0,0,0,0,0,0,0,0,1,0
10136,manyrad0,2,0,0,0,0,0,0,0,0,0,0,0,1,1
10137,sunnybird01,1,0,0,0,0,0,0,0,0,0,0,0,1,0
10138,AryaStack_,1,0,0,0,0,0,0,0,0,0,0,0,1,0
10139,Atash1701,2,0,0,0,0,0,0,0,0,0,0,0,1,1
10140,GoVols37872,1,0,0,0,0,0,0,0,0,0,0,0,1,0
10141,AvaRahayp,1,0,0,0,0,0,0,0,0,0,0,0,1,0
10142,eE5kxoTOGzhxLni,1,0,0,0,0,0,0,0,0,0,0,0,1,0
10143,ByHonar,1,0,0,0,0,0,0,0,0,0,0,0,1,0
10144,DownOfHope4,1,0,0,0,0,0,0,0,0,0,0,0,1,0
10145,freeIranzan,1,0,0,0,0,0,0,0,0,0,0,0,1,0
10146,Shimayii,2,0,0,0,0,0,0,0,0,0,0,0,1,1
10147,hovatan4941,1,0,0,0,0,0,0,0,0,0,0,0,1,0
10148,Julian771207,2,0,0,0,0,0,0,0,0,0,0,0,1,1
10149,NooroziMas93316,1,0,0,0,0,0,0,0,0,0,0,0,1,0
10150,Atane_MIS,1,0,0,0,0,0,0,0,0,0,0,0,1,0
10151,SaraJamIrani,1,0,0,0,0,0,0,0,0,0,0,0,1,0
10152,arezoha,1,0,0,0,0,0,0,0,0,0,0,0,1,0
10153,sarbaz02111,1,0,0,0,0,0,0,0,0,0,0,0,1,0
10154,mazanbuu,1,0,0,0,0,0,0,0,0,0,0,0,1,0
10155,NaamIrani,1,0,0,0,0,0,0,0,0,0,0,0,1,0
10156,mah_hmh,1,0,0,0,0,0,0,0,0,0,0,0,1,0
10157,AtypicalAlexia,1,0,0,0,0,0,0,0,0,0,0,0,1,0
10158,eliyoos,1,0,0,0,0,0,0,0,0,0,0,0,1,0
10159,Arsi0098,1,0,0,0,0,0,0,0,0,0,0,0,1,0
10160,kingofdepirates,1,0,0,0,0,0,0,0,0,0,0,0,1,0
10161,Khja56,1,0,0,0,0,0,0,0,0,0,0,0,1,0
10162,Arezoodgt,1,0,0,0,0,0,0,0,0,0,0,0,1,0
10163,DaveLsk8m,1,0,0,0,0,0,0,0,0,0,0,0,1,0
10164,AlfyG78906,1,0,0,0,0,0,0,0,0,0,0,0,1,0
10165,m2t016,1,0,0,0,0,0,0,0,0,0,0,0,1,0
10166,lunathefourth,1,0,0,0,0,0,0,0,0,0,0,0,1,0
10167,bio_ta54_beravi,1,0,0,0,0,0,0,0,0,0,0,0,1,0
10168,Monajhn,1,0,0,0,0,0,0,0,0,0,0,0,1,0
10169,MahyarSakari70,1,0,0,0,0,0,0,0,0,0,0,0,1,0
10170,Dariushfarhang2,1,0,0,0,0,0,0,0,0,0,0,0,1,0
10171,RahbarArts,1,0,0,0,0,0,0,0,0,0,0,0,1,0
10172,pershe82,2,0,0,0,0,0,0,0,0,0,0,0,1,1
10173,mehdi0188272511,1,0,0,0,0,0,0,0,0,0,0,0,1,0
10174,AhiSaji,1,0,0,0,0,0,0,0,0,0,0,0,1,0
10175,hohumvon,1,0,0,0,0,0,0,0,0,0,0,0,1,0
10176,The_mazii,2,0,0,0,0,0,0,0,0,0,0,0,1,1
10177,DeepBlankSpace,1,0,0,0,0,0,0,0,0,0,0,0,1,0
10178,Freedom_IR_2026,1,0,0,0,0,0,0,0,0,0,0,0,1,0
10179,MaghsoudiAli,1,0,0,0,0,0,0,0,0,0,0,0,1,0
10180,Farexb1,2,0,0,0,0,0,0,0,0,0,0,0,1,1
10181,pejmanaryanboy,2,0,0,0,0,0,0,0,0,0,0,0,1,1
10182,JOHNBOEHME3,1,0,0,0,0,0,0,0,0,0,0,0,1,0
10183,kian_irani_rev,1,0,0,0,0,0,0,0,0,0,0,0,1,0
10184,MDMehrdad7dpi,2,0,0,0,0,0,0,0,0,0,0,0,1,1
10185,vista_time,1,0,0,0,0,0,0,0,0,0,0,0,1,0
10186,Alex_bmm,1,0,0,0,0,0,0,0,0,0,0,0,1,0
10187,SM24341207,1,0,0,0,0,0,0,0,0,0,0,0,1,0
10188,BijanRezai,2,0,0,0,0,0,0,0,0,0,0,0,1,1
10189,Farhad386474,2,0,0,0,0,0,0,0,0,0,0,0,1,1
10190,Lili1171897914,1,0,0,0,0,0,0,0,0,0,0,0,1,0
10191,iranianscream,1,0,0,0,0,0,0,0,0,0,0,0,1,0
10192,StablesValerie,1,0,0,0,0,0,0,0,0,0,0,0,1,0
10193,Diri336264,1,0,0,0,0,0,0,0,0,0,0,0,1,0
10194,MehrFreeIran,1,0,0,0,0,0,0,0,0,0,0,0,1,0
10195,VoiceofIRAN3,1,0,0,0,0,0,0,0,0,0,0,0,1,0
10196,kaveahangarha,1,0,0,0,0,0,0,0,0,0,0,0,1,0
10197,Fidelitas331424,1,0,0,0,0,0,0,0,0,0,0,0,1,0
10198,KoroshK22715910,1,0,0,0,0,0,0,0,0,0,0,0,1,0
10199,ThisisMoniii,1,0,0,0,0,0,0,0,0,0,0,0,1,0
10200,ah_shirkhorshid,2,0,0,0,0,0,0,0,0,0,0,0,1,1
10201,pishii2026,1,0,0,0,0,0,0,0,0,0,0,0,1,0
10202,zamanpournahid,1,0,0,0,0,0,0,0,0,0,0,0,1,0
10203,FrancophileJe,1,0,0,0,0,0,0,0,0,0,0,0,1,0
10204,Sepid5475,2,0,0,0,0,0,0,0,0,0,0,0,1,1
10205,Jafanrood123,2,0,0,0,0,0,0,0,0,0,0,0,1,1
10206,SHuARi99,1,0,0,0,0,0,0,0,0,0,0,0,1,0
10207,vianack22,1,0,0,0,0,0,0,0,0,0,0,0,1,0
10208,ahuramazda2582,1,0,0,0,0,0,0,0,0,0,0,0,1,0
10209,yossimoravej,1,0,0,0,0,0,0,0,0,0,0,0,1,0
10210,Shima_freedomm,1,0,0,0,0,0,0,0,0,0,0,0,1,0
10211,sara_s_azad,1,0,0,0,0,0,0,0,0,0,0,0,1,0
10212,isoooyam,1,0,0,0,0,0,0,0,0,0,0,0,1,0
10213,W_L_Freedom,1,0,0,0,0,0,0,0,0,0,0,0,1,0
10214,morocco4044,2,0,0,0,0,0,0,0,0,0,0,0,1,1
10215,pejman2,1,0,0,0,0,0,0,0,0,0,0,0,1,0
10216,IntermodRadar,1,0,0,0,0,0,0,0,0,0,0,0,1,0
10217,HastiIrani64,1,0,0,0,0,0,0,0,0,0,0,0,1,0
10218,MahdiDK1983,1,0,0,0,0,0,0,0,0,0,0,0,1,0
10219,PourrezaeiVahid,1,0,0,0,0,0,0,0,0,0,0,0,1,0
10220,hmgrayy,1,0,0,0,0,0,0,0,0,0,0,0,1,0
10221,ARoohi99291,1,0,0,0,0,0,0,0,0,0,0,0,1,0
10222,Pouranahid,1,0,0,0,0,0,0,0,0,0,0,0,1,0
10223,NfFarazi,1,0,0,0,0,0,0,0,0,0,0,0,1,0
10224,TechGal77,1,0,0,0,0,0,0,0,0,0,0,0,1,0
10225,pirouzprs,1,0,0,0,0,0,0,0,0,0,0,0,1,0
10226,ALX444777,1,0,0,0,0,0,0,0,0,0,0,0,1,0
10227,Brittan14850243,1,0,0,0,0,0,0,0,0,0,0,0,1,0
10228,Farokhrou,1,0,0,0,0,0,0,0,0,0,0,0,1,0
10229,Wishtasb262396,1,0,0,0,0,0,0,0,0,0,0,0,1,0
10230,Danial7733,1,0,0,0,0,0,0,0,0,0,0,0,1,0
10231,Rahayei78,1,0,0,0,0,0,0,0,0,0,0,0,1,0
10232,nzajd48596,1,0,0,0,0,0,0,0,0,0,0,0,1,0
10233,Johnx3n9,1,0,0,0,0,0,0,0,0,0,0,0,1,0
10234,drpegahm,1,0,0,0,0,0,0,0,0,0,0,0,1,0
10235,SELF_DEFFENCE,1,0,0,0,0,0,0,0,0,0,0,0,1,0
10236,Hamitanha2,2,0,0,0,0,0,0,0,0,0,0,0,1,1
10237,samazadi6,1,0,0,0,0,0,0,0,0,0,0,0,1,0
10238,Labeyk_darwin_2,1,0,0,0,0,0,0,0,0,0,0,0,1,0
10239,Teaandtahdig,1,0,0,0,0,0,0,0,0,0,0,0,1,0
10240,SS01959435,1,0,0,0,0,0,0,0,0,0,0,0,1,0
10241,Zarads04,1,0,0,0,0,0,0,0,0,0,0,0,1,0
10242,Shani83268513,1,0,0,0,0,0,0,0,0,0,0,0,1,0
10243,mona_kargar,1,0,0,0,0,0,0,0,0,0,0,0,1,0
10244,MoShad1hz,1,0,0,0,0,0,0,0,0,0,0,0,1,0
10245,RoshinFarahani,1,0,0,0,0,0,0,0,0,0,0,0,1,0
10246,MahdiDahghani,1,0,0,0,0,0,0,0,0,0,0,0,1,0
10247,CeliaGreen3487,1,0,0,0,0,0,0,0,0,0,0,0,1,0
10248,YektaaHoney2,1,0,0,0,0,0,0,0,0,0,0,0,1,0
10249,bernoam,2,0,0,0,0,0,0,0,0,0,0,0,1,1
10250,Hana7ayk,1,0,0,0,0,0,0,0,0,0,0,0,1,0
10251,moeiran,1,0,0,0,0,0,0,0,0,0,0,0,1,0
10252,Roxana__2020,1,0,0,0,0,0,0,0,0,0,0,0,1,0
10253,ParvanehA95607,1,0,0,0,0,0,0,0,0,0,0,0,1,0
10254,shaqayeqla,1,0,0,0,0,0,0,0,0,0,0,0,1,0
10255,VMehrannia,1,0,0,0,0,0,0,0,0,0,0,0,1,0
10256,taji_2583,2,0,0,0,0,0,0,0,0,0,0,0,1,1
10257,Mark_Tw__,1,0,0,0,0,0,0,0,0,0,0,0,1,0
10258,fhieyiued,1,0,0,0,0,0,0,0,0,0,0,0,1,0
10259,omidvan,2,0,0,0,0,0,0,0,0,0,0,0,1,1
10260,AmirforIran2026,1,0,0,0,0,0,0,0,0,0,0,0,1,0
10261,RainbowyDreamy,1,0,0,0,0,0,0,0,0,0,0,0,1,0
10262,DTrumpinPersian,2,0,0,0,0,0,0,0,0,0,0,0,1,1
10263,MarieLo29170803,1,0,0,0,0,0,0,0,0,0,0,0,1,0
10264,Naik_Lala,1,0,0,0,0,0,0,0,0,0,0,0,1,0
10265,Maya_Darya,1,0,0,0,0,0,0,0,0,0,0,0,1,0
10266,mehdi_falaji,2,0,0,0,0,0,0,0,0,0,0,0,1,1
10267,182casablancas,1,0,0,0,0,0,0,0,0,0,0,0,1,0
10268,armanshahriari,1,0,0,0,0,0,0,0,0,0,0,0,1,0
10269,ArmenSafi,1,0,0,0,0,0,0,0,0,0,0,0,1,0
10270,Aydaogx,1,0,0,0,0,0,0,0,0,0,0,0,1,0
10271,Ali19093519,1,0,0,0,0,0,0,0,0,0,0,0,1,0
10272,Dkhtrnghlb1401,1,0,0,0,0,0,0,0,0,0,0,0,1,0
10273,Newhope526,2,0,0,0,0,0,0,0,0,0,0,0,1,1
10274,mingvante,1,0,0,0,0,0,0,0,0,0,0,0,1,0
10275,3dbyraka,1,0,0,0,0,0,0,0,0,0,0,0,1,0
10276,MajidGanji7,1,0,0,0,0,0,0,0,0,0,0,0,1,0
10277,hadaf_azadiii,1,0,0,0,0,0,0,0,0,0,0,0,1,0
10278,antiiimoollaa,1,0,0,0,0,0,0,0,0,0,0,0,1,0
10279,eddi13430135,1,0,0,0,0,0,0,0,0,0,0,0,1,0
10280,nagh_me_,1,0,0,0,0,0,0,0,0,0,0,0,1,0
10281,R_MAVRIK,2,0,0,0,0,0,0,0,0,0,0,0,1,1
10282,KhodaPahl95732,2,0,0,0,0,0,0,0,0,0,0,0,1,1
10283,haana_anya,1,0,0,0,0,0,0,0,0,0,0,0,1,0
10284,MajorAhmadkhan,1,0,0,0,0,0,0,0,0,0,0,0,1,0
10285,142im,1,0,0,0,0,0,0,0,0,0,0,0,1,0
10286,Precise8699,1,0,0,0,0,0,0,0,0,0,0,0,1,0
10287,MrSinAlef,2,0,0,0,0,0,0,0,0,0,0,0,1,1
10288,Iranaryaee8665,1,0,0,0,0,0,0,0,0,0,0,0,1,0
10289,nqbevalla,1,0,0,0,0,0,0,0,0,0,0,0,1,0
10290,Albert_Vla,1,0,0,0,0,0,0,0,0,0,0,0,1,0
10291,MahsaLuna1973,1,0,0,0,0,0,0,0,0,0,0,0,1,0
10292,Niljavidshah,1,0,0,0,0,0,0,0,0,0,0,0,1,0
10293,LionandSunIran,1,0,0,0,0,0,0,0,0,0,0,0,1,0
10294,persiaboy13,1,0,0,0,0,0,0,0,0,0,0,0,1,0
10295,Saman232323,1,0,0,0,0,0,0,0,0,0,0,0,1,0
10296,H_Amirianfar,1,0,0,0,0,0,0,0,0,0,0,0,1,0
10297,psic90o,1,0,0,0,0,0,0,0,0,0,0,0,1,0
10298,UtterEmotion,1,0,0,0,0,0,0,0,0,0,0,0,1,0
10299,Asef23006895,1,0,0,0,0,0,0,0,0,0,0,0,1,0
10300,SardarrSepah,1,0,0,0,0,0,0,0,0,0,0,0,1,0
10301,magpiehj2020,1,0,0,0,0,0,0,0,0,0,0,0,1,0
10302,Niloodxiq,2,0,0,0,0,0,0,0,0,0,0,0,1,1
10303,Sh11638,1,0,0,0,0,0,0,0,0,0,0,0,1,0
10304,sajedesharifi,1,0,0,0,0,0,0,0,0,0,0,0,1,0
10305,melinadelfan,1,0,0,0,0,0,0,0,0,0,0,0,1,0
10306,marrysh8,1,0,0,0,0,0,0,0,0,0,0,0,1,0
10307,rad_sahra,2,0,0,0,0,0,0,0,0,0,0,0,1,1
10308,SpacVader,1,0,0,0,0,0,0,0,0,0,0,0,1,0
10309,Sun99932,1,0,0,0,0,0,0,0,0,0,0,0,1,0
10310,Ella1420722,1,0,0,0,0,0,0,0,0,0,0,0,1,0
10311,Afi40yv,1,0,0,0,0,0,0,0,0,0,0,0,1,0
10312,LeylaShirvani,1,0,0,0,0,0,0,0,0,0,0,0,1,0
10313,136Mojtaba,2,0,0,0,0,0,0,0,0,0,0,0,1,1
10314,Mana202,2,0,0,0,0,0,0,0,0,0,0,0,1,1
10315,CatherinaDoumas,1,0,0,0,0,0,0,0,0,0,0,0,1,0
10316,KV1LB,1,0,0,0,0,0,0,0,0,0,0,0,1,0
10317,scorpionofiran,1,0,0,0,0,0,0,0,0,0,0,0,1,0
10318,pirooz_zagros,1,0,0,0,0,0,0,0,0,0,0,0,1,0
10319,nani_noo1,2,0,0,0,0,0,0,0,0,0,0,0,1,1
10320,26nazinazi,2,0,0,0,0,0,0,0,0,0,0,0,1,1
10321,l_hr77,1,0,0,0,0,0,0,0,0,0,0,0,1,0
10322,Somi759563,1,0,0,0,0,0,0,0,0,0,0,0,1,0
10323,karma280,1,0,0,0,0,0,0,0,0,0,0,0,1,0
10324,AkbrpwrMry65117,1,0,0,0,0,0,0,0,0,0,0,0,1,0
10325,ArdalanHojjat,1,0,0,0,0,0,0,0,0,0,0,0,1,0
10326,iranparastSHAH,2,0,0,0,0,0,0,0,0,0,0,0,1,1
10327,dokhtekourosh,1,0,0,0,0,0,0,0,0,0,0,0,1,0
10328,holaknightyou,1,0,0,0,0,0,0,0,0,0,0,0,1,0
10329,Humban_,2,0,0,0,0,0,0,0,0,0,0,0,1,1
10330,Dianax199088740,1,0,0,0,0,0,0,0,0,0,0,0,0,1
10331,N0tk7,1,0,0,0,0,0,0,0,0,0,0,0,0,1
10332,StellaAzizian,1,0,0,0,0,0,0,0,0,0,0,0,0,1
10333,payandeiran2585,1,0,0,0,0,0,0,0,0,0,0,0,0,1
10334,Pahlavital,1,0,0,0,0,0,0,0,0,0,0,0,0,1
10335,babalashari36,1,0,0,0,0,0,0,0,0,0,0,0,0,1
10336,farshidbabaei18,1,0,0,0,0,0,0,0,0,0,0,0,0,1
10337,Persian_vira,1,0,0,0,0,0,0,0,0,0,0,0,0,1
10338,AlaAbolcqt,1,0,0,0,0,0,0,0,0,0,0,0,0,1
10339,anasar1360,1,0,0,0,0,0,0,0,0,0,0,0,0,1
10340,StupidJalal,1,0,0,0,0,0,0,0,0,0,0,0,0,1
10341,xhjwjdksk,1,0,0,0,0,0,0,0,0,0,0,0,0,1
10342,NegarMD_2026,1,0,0,0,0,0,0,0,0,0,0,0,0,1
10343,irandokht38,1,0,0,0,0,0,0,0,0,0,0,0,0,1
10344,AHeidari38383,1,0,0,0,0,0,0,0,0,0,0,0,0,1
10345,Saman90031827,1,0,0,0,0,0,0,0,0,0,0,0,0,1
10346,omakyl,1,0,0,0,0,0,0,0,0,0,0,0,0,1
10347,sazanist40,1,0,0,0,0,0,0,0,0,0,0,0,0,1
10348,amoumossi,1,0,0,0,0,0,0,0,0,0,0,0,0,1
10349,Arya1111Ar,1,0,0,0,0,0,0,0,0,0,0,0,0,1
10350,Sarbaze_sha2,1,0,0,0,0,0,0,0,0,0,0,0,0,1
10351,ashnaye_door2,1,0,0,0,0,0,0,0,0,0,0,0,0,1
10352,x_kouroshXgreat,1,0,0,0,0,0,0,0,0,0,0,0,0,1
10353,samisanjab,1,0,0,0,0,0,0,0,0,0,0,0,0,1
10354,sarrWings,1,0,0,0,0,0,0,0,0,0,0,0,0,1
10355,ZereChK,1,0,0,0,0,0,0,0,0,0,0,0,0,1
10356,shahram62,1,0,0,0,0,0,0,0,0,0,0,0,0,1
10357,Fakhteh_88,1,0,0,0,0,0,0,0,0,0,0,0,0,1
10358,MbShahnaz,1,0,0,0,0,0,0,0,0,0,0,0,0,1
10359,MiaOrankle,1,0,0,0,0,0,0,0,0,0,0,0,0,1
10360,PanahiMahi62363,1,0,0,0,0,0,0,0,0,0,0,0,0,1
10361,Frankyonepice2,1,0,0,0,0,0,0,0,0,0,0,0,0,1
10362,behaak,1,0,0,0,0,0,0,0,0,0,0,0,0,1
10363,MarianM8888,1,0,0,0,0,0,0,0,0,0,0,0,0,1
10364,WatchMeReborn,1,0,0,0,0,0,0,0,0,0,0,0,0,1
10365,fifii0306,1,0,0,0,0,0,0,0,0,0,0,0,0,1
10366,EssunB,1,0,0,0,0,0,0,0,0,0,0,0,0,1
10367,m16424104,1,0,0,0,0,0,0,0,0,0,0,0,0,1
10368,DHajizadeh72074,1,0,0,0,0,0,0,0,0,0,0,0,0,1
10369,ALotfi6485,1,0,0,0,0,0,0,0,0,0,0,0,0,1
10370,AkramKowsari,1,0,0,0,0,0,0,0,0,0,0,0,0,1
10371,Eva704894322131,1,0,0,0,0,0,0,0,0,0,0,0,0,1
10372,Nastaranelko,1,0,0,0,0,0,0,0,0,0,0,0,0,1
10373,neda96301524,1,0,0,0,0,0,0,0,0,0,0,0,0,1
10374,atefehtabesh,1,0,0,0,0,0,0,0,0,0,0,0,0,1
10375,JohnSmith7lau,1,0,0,0,0,0,0,0,0,0,0,0,0,1
10376,Nasrinrk,1,0,0,0,0,0,0,0,0,0,0,0,0,1
10377,Hoz7376,1,0,0,0,0,0,0,0,0,0,0,0,0,1
10378,peykanian88483,1,0,0,0,0,0,0,0,0,0,0,0,0,1
10379,ShabnamKho10202,1,0,0,0,0,0,0,0,0,0,0,0,0,1
10380,amirtina85,1,0,0,0,0,0,0,0,0,0,0,0,0,1
10381,Asra8860,1,0,0,0,0,0,0,0,0,0,0,0,0,1
10382,AvangardIran,1,0,0,0,0,0,0,0,0,0,0,0,0,1
10383,NoirHomicide,1,0,0,0,0,0,0,0,0,0,0,0,0,1
10384,a_khoda79955,1,0,0,0,0,0,0,0,0,0,0,0,0,1
10385,Rohi71458525,1,0,0,0,0,0,0,0,0,0,0,0,0,1
10386,nasidarya57,1,0,0,0,0,0,0,0,0,0,0,0,0,1
10387,kurdi_Devil,1,0,0,0,0,0,0,0,0,0,0,0,0,1
10388,marziehjavid,1,0,0,0,0,0,0,0,0,0,0,0,0,1
10389,MasoudOmid61396,1,0,0,0,0,0,0,0,0,0,0,0,0,1
10390,A23Abre14288,1,0,0,0,0,0,0,0,0,0,0,0,0,1
10391,rhustyphina01,1,0,0,0,0,0,0,0,0,0,0,0,0,1
10392,FreeExpression8,1,0,0,0,0,0,0,0,0,0,0,0,0,1
10393,dentisthazal,1,0,0,0,0,0,0,0,0,0,0,0,0,1
10394,AriyoShahi4545,1,0,0,0,0,0,0,0,0,0,0,0,0,1
10395,Bahram_chobin3,1,0,0,0,0,0,0,0,0,0,0,0,0,1
10396,2cb_markaz,1,0,0,0,0,0,0,0,0,0,0,0,0,1
10397,SaReH_Saar,1,0,0,0,0,0,0,0,0,0,0,0,0,1
10398,h_shan_89,1,0,0,0,0,0,0,0,0,0,0,0,0,1
10399,lionpatriottt,1,0,0,0,0,0,0,0,0,0,0,0,0,1
10400,fatemeh64310939,1,0,0,0,0,0,0,0,0,0,0,0,0,1
10401,reza1385s,1,0,0,0,0,0,0,0,0,0,0,0,0,1
10402,maia_fff,1,0,0,0,0,0,0,0,0,0,0,0,0,1
10403,sogolisogoliyan,1,0,0,0,0,0,0,0,0,0,0,0,0,1
10404,CharlieRastlin,1,0,0,0,0,0,0,0,0,0,0,0,0,1
10405,Iransoldier83,1,0,0,0,0,0,0,0,0,0,0,0,0,1
10406,Fazaadams,1,0,0,0,0,0,0,0,0,0,0,0,0,1
10407,persikla,1,0,0,0,0,0,0,0,0,0,0,0,0,1
10408,desireeclaryy,1,0,0,0,0,0,0,0,0,0,0,0,0,1
10409,eesaeeeeeeee,1,0,0,0,0,0,0,0,0,0,0,0,0,1
10410,ShapourMojarrad,1,0,0,0,0,0,0,0,0,0,0,0,0,1
10411,trinity1_matrix,1,0,0,0,0,0,0,0,0,0,0,0,0,1
10412,HawksFanat,1,0,0,0,0,0,0,0,0,0,0,0,0,1
10413,Axon102,1,0,0,0,0,0,0,0,0,0,0,0,0,1
10414,ArefiPejman,1,0,0,0,0,0,0,0,0,0,0,0,0,1
10415,TheDude44583863,1,0,0,0,0,0,0,0,0,0,0,0,0,1
10416,moments_tourism,1,0,0,0,0,0,0,0,0,0,0,0,0,1
10417,CognizantCarbon,1,0,0,0,0,0,0,0,0,0,0,0,0,1
10418,KaziAlii,1,0,0,0,0,0,0,0,0,0,0,0,0,1
10419,AlphaEagle_X,1,0,0,0,0,0,0,0,0,0,0,0,0,1
10420,KianPesareIran,1,0,0,0,0,0,0,0,0,0,0,0,0,1
10421,zz7908,1,0,0,0,0,0,0,0,0,0,0,0,0,1
10422,Buddy70727620,1,0,0,0,0,0,0,0,0,0,0,0,0,1
10423,AlianzArt,1,0,0,0,0,0,0,0,0,0,0,0,0,1
10424,khabolooo,1,0,0,0,0,0,0,0,0,0,0,0,0,1
10425,Miapinkzone,1,0,0,0,0,0,0,0,0,0,0,0,0,1
10426,kambiz134,1,0,0,0,0,0,0,0,0,0,0,0,0,1
10427,srngwn1,1,0,0,0,0,0,0,0,0,0,0,0,0,1
10428,ZhrhK41047,1,0,0,0,0,0,0,0,0,0,0,0,0,1
10429,farshid_irani,1,0,0,0,0,0,0,0,0,0,0,0,0,1
10430,Attithn,1,0,0,0,0,0,0,0,0,0,0,0,0,1
10431,KH0696569866795,1,0,0,0,0,0,0,0,0,0,0,0,0,1
10432,isheyshy,1,0,0,0,0,0,0,0,0,0,0,0,0,1
10433,null9007,1,0,0,0,0,0,0,0,0,0,0,0,0,1
10434,Sara01294797332,1,0,0,0,0,0,0,0,0,0,0,0,0,1
10435,maybeanahitia,1,0,0,0,0,0,0,0,0,0,0,0,0,1
10436,shakilaghasemi,1,0,0,0,0,0,0,0,0,0,0,0,0,1
10437,robiolle,1,0,0,0,0,0,0,0,0,0,0,0,0,1
10438,AghaNima17,1,0,0,0,0,0,0,0,0,0,0,0,0,1
10439,maryameee4023,1,0,0,0,0,0,0,0,0,0,0,0,0,1
10440,APnahy77132,1,0,0,0,0,0,0,0,0,0,0,0,0,1
10441,Ghostofpowerr,1,0,0,0,0,0,0,0,0,0,0,0,0,1
10442,Lara19870,1,0,0,0,0,0,0,0,0,0,0,0,0,1
10443,Ariana_elf,1,0,0,0,0,0,0,0,0,0,0,0,0,1
10444,PrimeMOIran,1,0,0,0,0,0,0,0,0,0,0,0,0,1
10445,iran26523054494,1,0,0,0,0,0,0,0,0,0,0,0,0,1
10446,DokhtarIrann270,1,0,0,0,0,0,0,0,0,0,0,0,0,1
10447,Y_s_s_m_2020,1,0,0,0,0,0,0,0,0,0,0,0,0,1
10448,AliJozi3,1,0,0,0,0,0,0,0,0,0,0,0,0,1
10449,mahdiehgh,1,0,0,0,0,0,0,0,0,0,0,0,0,1
10450,Shadi72308118,1,0,0,0,0,0,0,0,0,0,0,0,0,1
10451,Persia2222,1,0,0,0,0,0,0,0,0,0,0,0,0,1
10452,ns777333,1,0,0,0,0,0,0,0,0,0,0,0,0,1
10453,MandanaMohajeri,1,0,0,0,0,0,0,0,0,0,0,0,0,1
10454,Free_Iranian_,1,0,0,0,0,0,0,0,0,0,0,0,0,1
10455,varchiii,1,0,0,0,0,0,0,0,0,0,0,0,0,1
10456,Mahdi49421625,1,0,0,0,0,0,0,0,0,0,0,0,0,1
10457,Aryamehrshahsha,1,0,0,0,0,0,0,0,0,0,0,0,0,1
10458,bache_timsar,1,0,0,0,0,0,0,0,0,0,0,0,0,1
10459,Utopia_up_2u,1,0,0,0,0,0,0,0,0,0,0,0,0,1
10460,256bitdo,1,0,0,0,0,0,0,0,0,0,0,0,0,1
10461,beyg2026,1,0,0,0,0,0,0,0,0,0,0,0,0,1
10462,mod_iran_16,1,0,0,0,0,0,0,0,0,0,0,0,0,1
10463,abbastorabi60,1,0,0,0,0,0,0,0,0,0,0,0,0,1
10464,Amoooomonkey,1,0,0,0,0,0,0,0,0,0,0,0,0,1
10465,surena_iran_,1,0,0,0,0,0,0,0,0,0,0,0,0,1
10466,AsheghEXO,1,0,0,0,0,0,0,0,0,0,0,0,0,1
10467,s_azd,1,0,0,0,0,0,0,0,0,0,0,0,0,1
10468,remediosism,1,0,0,0,0,0,0,0,0,0,0,0,0,1
10469,Parham9373,1,0,0,0,0,0,0,0,0,0,0,0,0,1
10470,Meshgi1,1,0,0,0,0,0,0,0,0,0,0,0,0,1
10471,SaeidKhaj,1,0,0,0,0,0,0,0,0,0,0,0,0,1
10472,shaddodemon,1,0,0,0,0,0,0,0,0,0,0,0,0,1
10473,my_illusions_00,1,0,0,0,0,0,0,0,0,0,0,0,0,1
10474,KopoloPanda,1,0,0,0,0,0,0,0,0,0,0,0,0,1
10475,SuzyQ4344,1,0,0,0,0,0,0,0,0,0,0,0,0,1
10476,NistiyoDelaroo,1,0,0,0,0,0,0,0,0,0,0,0,0,1
10477,shahrokhpersia,1,0,0,0,0,0,0,0,0,0,0,0,0,1
10478,PrincesofIran,1,0,0,0,0,0,0,0,0,0,0,0,0,1
10479,redthunderrrrr,1,0,0,0,0,0,0,0,0,0,0,0,0,1
10480,bahar140157,1,0,0,0,0,0,0,0,0,0,0,0,0,1
10481,Ghalamatthew,1,0,0,0,0,0,0,0,0,0,0,0,0,1
10482,pk20333999,1,0,0,0,0,0,0,0,0,0,0,0,0,1
10483,zadoriaria,1,0,0,0,0,0,0,0,0,0,0,0,0,1
10484,AfsanehYousefi1,1,0,0,0,0,0,0,0,0,0,0,0,0,1
10485,Ev0Lvi9G,1,0,0,0,0,0,0,0,0,0,0,0,0,1
10486,LoveIran19,1,0,0,0,0,0,0,0,0,0,0,0,0,1
10487,hoomayounj,1,0,0,0,0,0,0,0,0,0,0,0,0,1
10488,Bita92539826,1,0,0,0,0,0,0,0,0,0,0,0,0,1
10489,Yavargd,1,0,0,0,0,0,0,0,0,0,0,0,0,1
10490,Sama222526513,1,0,0,0,0,0,0,0,0,0,0,0,0,1
10491,Amirs59054649,1,0,0,0,0,0,0,0,0,0,0,0,0,1
10492,Marjan2234,1,0,0,0,0,0,0,0,0,0,0,0,0,1
10493,kavehsaraj1,1,0,0,0,0,0,0,0,0,0,0,0,0,1
10494,icemili,1,0,0,0,0,0,0,0,0,0,0,0,0,1
10495,barnett_da78182,1,0,0,0,0,0,0,0,0,0,0,0,0,1
10496,Daryaahmaddokht,1,0,0,0,0,0,0,0,0,0,0,0,0,1
10497,ElhamMo61918725,1,0,0,0,0,0,0,0,0,0,0,0,0,1
10498,HOoMaN6837,1,0,0,0,0,0,0,0,0,0,0,0,0,1
10499,SarbazeShah007,1,0,0,0,0,0,0,0,0,0,0,0,0,1
10500,hadii_darknight,1,0,0,0,0,0,0,0,0,0,0,0,0,1
10501,ahura_a,1,0,0,0,0,0,0,0,0,0,0,0,0,1
10502,parigol9,1,0,0,0,0,0,0,0,0,0,0,0,0,1
10503,FarahJalali,1,0,0,0,0,0,0,0,0,0,0,0,0,1
10504,faridaa444,1,0,0,0,0,0,0,0,0,0,0,0,0,1
10505,Universe749,1,0,0,0,0,0,0,0,0,0,0,0,0,1
10506,brunofernanj_,1,0,0,0,0,0,0,0,0,0,0,0,0,1
10507,IranianSunGuar,1,0,0,0,0,0,0,0,0,0,0,0,0,1
10508,Le__beta,1,0,0,0,0,0,0,0,0,0,0,0,0,1
10509,Solider_Pahlavi,1,0,0,0,0,0,0,0,0,0,0,0,0,1
10510,Amirhv7,1,0,0,0,0,0,0,0,0,0,0,0,0,1
10511,dan1i412,1,0,0,0,0,0,0,0,0,0,0,0,0,1
10512,bloodyphonix,1,0,0,0,0,0,0,0,0,0,0,0,0,1
10513,Niloufar__Azar,1,0,0,0,0,0,0,0,0,0,0,0,0,1
10514,mx_ghasemi,1,0,0,0,0,0,0,0,0,0,0,0,0,1
10515,vahidrahimnia,1,0,0,0,0,0,0,0,0,0,0,0,0,1
10516,Iranmntz,1,0,0,0,0,0,0,0,0,0,0,0,0,1
10517,Emilian52710653,1,0,0,0,0,0,0,0,0,0,0,0,0,1
10518,PahlaviWarRoom,1,0,0,0,0,0,0,0,0,0,0,0,0,1
10519,Datishahroudi,1,0,0,0,0,0,0,0,0,0,0,0,0,1
10520,Azadi1781074,1,0,0,0,0,0,0,0,0,0,0,0,0,1
10521,RBalouchzadeh,1,0,0,0,0,0,0,0,0,0,0,0,0,1
10522,JavidShahKingRP,1,0,0,0,0,0,0,0,0,0,0,0,0,1
10523,dr_irman,1,0,0,0,0,0,0,0,0,0,0,0,0,1
10524,Gillerikaa,1,0,0,0,0,0,0,0,0,0,0,0,0,1
10525,Bitshaatt,1,0,0,0,0,0,0,0,0,0,0,0,0,1
10526,sepiadragon,1,0,0,0,0,0,0,0,0,0,0,0,0,1
10527,AzrosmariAz,1,0,0,0,0,0,0,0,0,0,0,0,0,1
10528,Niceworld_86,1,0,0,0,0,0,0,0,0,0,0,0,0,1
10529,BellaNotes_,1,0,0,0,0,0,0,0,0,0,0,0,0,1
10530,Marymarsstrong,1,0,0,0,0,0,0,0,0,0,0,0,0,1
10531,JackSon0261,1,0,0,0,0,0,0,0,0,0,0,0,0,1
10532,niiiiikan,1,0,0,0,0,0,0,0,0,0,0,0,0,1
10533,MdlHallo44,1,0,0,0,0,0,0,0,0,0,0,0,0,1
10534,MeForIran,1,0,0,0,0,0,0,0,0,0,0,0,0,1
10535,DeltaDeltakaran,1,0,0,0,0,0,0,0,0,0,0,0,0,1
10536,Sara1082185,1,0,0,0,0,0,0,0,0,0,0,0,0,1
10537,afikoman18,1,0,0,0,0,0,0,0,0,0,0,0,0,1
10538,Ctm2chVayo7166,1,0,0,0,0,0,0,0,0,0,0,0,0,1
10539,Akhundslyer,1,0,0,0,0,0,0,0,0,0,0,0,0,1
10540,elishaaad,1,0,0,0,0,0,0,0,0,0,0,0,0,1
10541,Abbasi2918,1,0,0,0,0,0,0,0,0,0,0,0,0,1
10542,Sokil26846125,1,0,0,0,0,0,0,0,0,0,0,0,0,1
10543,hosei91049,1,0,0,0,0,0,0,0,0,0,0,0,0,1
10544,Gileh_Zan,1,0,0,0,0,0,0,0,0,0,0,0,0,1
10545,JavidShah20266,1,0,0,0,0,0,0,0,0,0,0,0,0,1
10546,xtremosaurus,1,0,0,0,0,0,0,0,0,0,0,0,0,1
10547,Hasan27947843,1,0,0,0,0,0,0,0,0,0,0,0,0,1
10548,longlive_shah,1,0,0,0,0,0,0,0,0,0,0,0,0,1
10549,Taksavark80y,1,0,0,0,0,0,0,0,0,0,0,0,0,1
10550,megabiz_2,1,0,0,0,0,0,0,0,0,0,0,0,0,1
10551,diidebann,1,0,0,0,0,0,0,0,0,0,0,0,0,1
10552,capitalist9776,1,0,0,0,0,0,0,0,0,0,0,0,0,1
10553,Zohre1663283,1,0,0,0,0,0,0,0,0,0,0,0,0,1
10554,nakisasamadi,1,0,0,0,0,0,0,0,0,0,0,0,0,1
10555,bitbosss,1,0,0,0,0,0,0,0,0,0,0,0,0,1
10556,AzarForoutan,1,0,0,0,0,0,0,0,0,0,0,0,0,1
10557,Alef_181370,1,0,0,0,0,0,0,0,0,0,0,0,0,1
10558,Shahab1348,1,0,0,0,0,0,0,0,0,0,0,0,0,1
10559,Ali_cooper70,1,0,0,0,0,0,0,0,0,0,0,0,0,1
10560,HamidShahrouei,1,0,0,0,0,0,0,0,0,0,0,0,0,1
10561,Zigiu123,1,0,0,0,0,0,0,0,0,0,0,0,0,1
10562,HR4868,1,0,0,0,0,0,0,0,0,0,0,0,0,1
10563,persianLiongirl,1,0,0,0,0,0,0,0,0,0,0,0,0,1
10564,RhmAlex38875,1,0,0,0,0,0,0,0,0,0,0,0,0,1
10565,staywme_e,1,0,0,0,0,0,0,0,0,0,0,0,0,1
10566,Naz39964350,1,0,0,0,0,0,0,0,0,0,0,0,0,1
10567,Fruhlingsfrau,1,0,0,0,0,0,0,0,0,0,0,0,0,1
10568,MarkSarkosh,1,0,0,0,0,0,0,0,0,0,0,0,0,1
10569,ArashRebel53830,1,0,0,0,0,0,0,0,0,0,0,0,0,1
10570,EmmanuellaNico2,1,0,0,0,0,0,0,0,0,0,0,0,0,1
10571,Baheeeem,1,0,0,0,0,0,0,0,0,0,0,0,0,1
10572,RoksanaRazavi,1,0,0,0,0,0,0,0,0,0,0,0,0,1
10573,madamkooriirani,1,0,0,0,0,0,0,0,0,0,0,0,0,1
10574,666macbes,1,0,0,0,0,0,0,0,0,0,0,0,0,1
10575,yekkhastee,1,0,0,0,0,0,0,0,0,0,0,0,0,1
10576,Iran_Farda1,1,0,0,0,0,0,0,0,0,0,0,0,0,1
10577,mahsamgh_,1,0,0,0,0,0,0,0,0,0,0,0,0,1
10578,Alildov,1,0,0,0,0,0,0,0,0,0,0,0,0,1
10579,k2tog26010,1,0,0,0,0,0,0,0,0,0,0,0,0,1
10580,Are2o_O,1,0,0,0,0,0,0,0,0,0,0,0,0,1
10581,rastegar_s12506,1,0,0,0,0,0,0,0,0,0,0,0,0,1
10582,ShahryarIran,1,0,0,0,0,0,0,0,0,0,0,0,0,1
10583,Tehran93657,1,0,0,0,0,0,0,0,0,0,0,0,0,1
10584,Xboxgameriran,1,0,0,0,0,0,0,0,0,0,0,0,0,1
10585,asgharpalto,1,0,0,0,0,0,0,0,0,0,0,0,0,1
10586,FarimahMHB,1,0,0,0,0,0,0,0,0,0,0,0,0,1
10587,KN86190530,1,0,0,0,0,0,0,0,0,0,0,0,0,1
10588,ft292718,1,0,0,0,0,0,0,0,0,0,0,0,0,1
10589,Dokhtarenader,1,0,0,0,0,0,0,0,0,0,0,0,0,1
10590,EbiMehdi17776,1,0,0,0,0,0,0,0,0,0,0,0,0,1
10591,Ariobarzan_WLF,1,0,0,0,0,0,0,0,0,0,0,0,0,1
10592,pofakashimashi,1,0,0,0,0,0,0,0,0,0,0,0,0,1
10593,CaptainPho93954,1,0,0,0,0,0,0,0,0,0,0,0,0,1
10594,kevinajdiamond,1,0,0,0,0,0,0,0,0,0,0,0,0,1
10595,Farhad61595028,1,0,0,0,0,0,0,0,0,0,0,0,0,1
10596,Sahar30349722,1,0,0,0,0,0,0,0,0,0,0,0,0,1
10597,Ben400146681042,1,0,0,0,0,0,0,0,0,0,0,0,0,1
10598,mdisani1991,1,0,0,0,0,0,0,0,0,0,0,0,0,1
10599,pa202014,1,0,0,0,0,0,0,0,0,0,0,0,0,1
10600,JavidShahIranam,1,0,0,0,0,0,0,0,0,0,0,0,0,1
10601,cherrybxp247,1,0,0,0,0,0,0,0,0,0,0,0,0,1
10602,Farhad2537a,1,0,0,0,0,0,0,0,0,0,0,0,0,1
10603,Kujirakaito,1,0,0,0,0,0,0,0,0,0,0,0,0,1
10604,loris2020,1,0,0,0,0,0,0,0,0,0,0,0,0,1
10605,LeilaShabany,1,0,0,0,0,0,0,0,0,0,0,0,0,1
10606,Pooriya75886114,1,0,0,0,0,0,0,0,0,0,0,0,0,1
10607,dokhtarmobarz,1,0,0,0,0,0,0,0,0,0,0,0,0,1
10608,Caucasus_Mtn,1,0,0,0,0,0,0,0,0,0,0,0,0,1
10609,DariusGreat123,1,0,0,0,0,0,0,0,0,0,0,0,0,1
10610,Armin80120,1,0,0,0,0,0,0,0,0,0,0,0,0,1
10611,GreenDragon2584,1,0,0,0,0,0,0,0,0,0,0,0,0,1
10612,ESLH403,1,0,0,0,0,0,0,0,0,0,0,0,0,1
10613,captan0073,1,0,0,0,0,0,0,0,0,0,0,0,0,1
10614,ShAghyeGh_,1,0,0,0,0,0,0,0,0,0,0,0,0,1
10615,delaraam28,1,0,0,0,0,0,0,0,0,0,0,0,0,1
10616,LotusAHope,1,0,0,0,0,0,0,0,0,0,0,0,0,1
10617,zzaaggrroooss,1,0,0,0,0,0,0,0,0,0,0,0,0,1
10618,kinglordx,1,0,0,0,0,0,0,0,0,0,0,0,0,1
10619,jinayouneverdie,1,0,0,0,0,0,0,0,0,0,0,0,0,1
10620,mery5576,1,0,0,0,0,0,0,0,0,0,0,0,0,1
10621,Sarbazemihan3,1,0,0,0,0,0,0,0,0,0,0,0,0,1
10622,sadnazanin,1,0,0,0,0,0,0,0,0,0,0,0,0,1
10623,payrow96,1,0,0,0,0,0,0,0,0,0,0,0,0,1
10624,cameron_king26,1,0,0,0,0,0,0,0,0,0,0,0,0,1
10625,Lida28211,1,0,0,0,0,0,0,0,0,0,0,0,0,1
10626,drholiday1299,1,0,0,0,0,0,0,0,0,0,0,0,0,1
10627,Amir_5980,1,0,0,0,0,0,0,0,0,0,0,0,0,1
10628,Malakehiy94,1,0,0,0,0,0,0,0,0,0,0,0,0,1
10629,victorejustice,1,0,0,0,0,0,0,0,0,0,0,0,0,1
10630,HAfsardel,1,0,0,0,0,0,0,0,0,0,0,0,0,1
10631,lamtobee,1,0,0,0,0,0,0,0,0,0,0,0,0,1
10632,FryadTw60868,1,0,0,0,0,0,0,0,0,0,0,0,0,1
10633,Dandelion1287,1,0,0,0,0,0,0,0,0,0,0,0,0,1
10634,3Smileybear,1,0,0,0,0,0,0,0,0,0,0,0,0,1
10635,Cyrus2585IR,1,0,0,0,0,0,0,0,0,0,0,0,0,1
10636,WarAtHumanity,1,0,0,0,0,0,0,0,0,0,0,0,0,1
10637,__soora___,1,0,0,0,0,0,0,0,0,0,0,0,0,1
10638,SNezamfar,1,0,0,0,0,0,0,0,0,0,0,0,0,1
10639,John29094792,1,0,0,0,0,0,0,0,0,0,0,0,0,1
10640,Omid186426,1,0,0,0,0,0,0,0,0,0,0,0,0,1
10641,WinstonAtheist,1,0,0,0,0,0,0,0,0,0,0,0,0,1
10642,TikiTiQue,1,0,0,0,0,0,0,0,0,0,0,0,0,1
10643,Sahel9962,1,0,0,0,0,0,0,0,0,0,0,0,0,1
10644,partizan622615,1,0,0,0,0,0,0,0,0,0,0,0,0,1
10645,NavidAfkari16,1,0,0,0,0,0,0,0,0,0,0,0,0,1
10646,SibiiilXYZ,1,0,0,0,0,0,0,0,0,0,0,0,0,1
10647,HBAK17,1,0,0,0,0,0,0,0,0,0,0,0,0,1
10648,T1982R,1,0,0,0,0,0,0,0,0,0,0,0,0,1
10649,balabarzz,1,0,0,0,0,0,0,0,0,0,0,0,0,1
10650,samiramiss_2,1,0,0,0,0,0,0,0,0,0,0,0,0,1
10651,K1Kave,1,0,0,0,0,0,0,0,0,0,0,0,0,1
10652,justiran01,1,0,0,0,0,0,0,0,0,0,0,0,0,1
10653,Daniel_gh86,1,0,0,0,0,0,0,0,0,0,0,0,0,1
10654,M_Freedom1401,1,0,0,0,0,0,0,0,0,0,0,0,0,1
10655,Alirez8783,1,0,0,0,0,0,0,0,0,0,0,0,0,1
10656,Mania_whalien52,1,0,0,0,0,0,0,0,0,0,0,0,0,1
10657,manouch20367313,1,0,0,0,0,0,0,0,0,0,0,0,0,1
10658,DrAdieuk,1,0,0,0,0,0,0,0,0,0,0,0,0,1
10659,Thatgodgood,1,0,0,0,0,0,0,0,0,0,0,0,0,1
10660,zeytoonwithlimo,1,0,0,0,0,0,0,0,0,0,0,0,0,1
10661,seroj327502,1,0,0,0,0,0,0,0,0,0,0,0,0,1
10662,frnzdamla,1,0,0,0,0,0,0,0,0,0,0,0,0,1
10663,space7070,1,0,0,0,0,0,0,0,0,0,0,0,0,1
10664,savak_lover,1,0,0,0,0,0,0,0,0,0,0,0,0,1
10665,cyruspersia90,1,0,0,0,0,0,0,0,0,0,0,0,0,1
10666,kavianVatan,1,0,0,0,0,0,0,0,0,0,0,0,0,1
10667,ATavassoti,1,0,0,0,0,0,0,0,0,0,0,0,0,1
10668,ParsMonitor,1,0,0,0,0,0,0,0,0,0,0,0,0,1
10669,mantrahgz,1,0,0,0,0,0,0,0,0,0,0,0,0,1
10670,Mohseng71749773,1,0,0,0,0,0,0,0,0,0,0,0,0,1
10671,Ali_Parsi_old,1,0,0,0,0,0,0,0,0,0,0,0,0,1
10672,FarbotEnigma,1,0,0,0,0,0,0,0,0,0,0,0,0,1
10673,Beloounn,1,0,0,0,0,0,0,0,0,0,0,0,0,1
10674,MasudL89,1,0,0,0,0,0,0,0,0,0,0,0,0,1
10675,yohoo2020,1,0,0,0,0,0,0,0,0,0,0,0,0,1
10676,ArioBarzanpah,1,0,0,0,0,0,0,0,0,0,0,0,0,1
10677,KINGIRANRP,1,0,0,0,0,0,0,0,0,0,0,0,0,1
10678,farhad46940964,1,0,0,0,0,0,0,0,0,0,0,0,0,1
10679,Zeluoswxnm,1,0,0,0,0,0,0,0,0,0,0,0,0,1
10680,sara73769367,1,0,0,0,0,0,0,0,0,0,0,0,0,1
10681,ElAlam_Vnz,1,0,0,0,0,0,0,0,0,0,0,0,0,1
10682,AJMougin,1,0,0,0,0,0,0,0,0,0,0,0,0,1
10683,MehrnoushG87,1,0,0,0,0,0,0,0,0,0,0,0,0,1
10684,Joubinparsapour,1,0,0,0,0,0,0,0,0,0,0,0,0,1